









Frequency of observations in the selected location(s).:
Number of taxa: 	666

	Jan				Feb				Mar				Apr				May				Jun				Jul				Aug				Sep				Oct				Nov				Dec				
Sample Size:	10227.0	7803.0	7883.0	9074.0	5930.0	7651.0	11660.0	5799.0	5460.0	5334.0	5611.0	8451.0	6498.0	6858.0	7117.0	9348.0	9039.0	9474.0	8051.0	10043.0	6260.0	5577.0	5108.0	6313.0	5507.0	5023.0	4789.0	6773.0	5125.0	5017.0	5139.0	8175.0	6565.0	5688.0	5446.0	6560.0	5606.0	6100.0	5416.0	7583.0	5249.0	4975.0	4549.0	7173.0	4810.0	4550.0	6229.0	10579.0	

Black-bellied Whistling-Duck	0.0	0.0	0.0	0.0	0.0	0.0	0.0	0.0	0.0	0.0	0.0	0.0	0.0	0.0	0.0	0.0	0.0	0.0015	0.0015	0.0	0.0	0.0041241	3.915E-4	0.0118802	0.0029054	0.002389	6.264E-4	0.0	0.0	0.0	0.0	0.0	0.0	0.0	0.0	0.0	0.0	0.0	0.0	2.637E-4	0.0	0.0	0.0	0.0	0.0	0.0	0.0	0.0	
Snow Goose	0.0176982	0.0256312	0.019282	0.0185144	0.0146712	0.0111097	0.0066895	0.013623	0.0111722	0.0080615	0.009624	0.0067448	0.0035396	0.0018956	0.0012646	9.628E-4	0.0011063	5.278E-4	8.695E-4	3.983E-4	4.792E-4	1.793E-4	5.873E-4	3.168E-4	0.0015	7.963E-4	2.088E-4	5.906E-4	0.0011707	0.0015	1.946E-4	0.0015	6.093E-4	1.758E-4	3.672E-4	4.573E-4	0.0016054	0.005082	0.0053545	0.0047475	0.0053343	0.0086432	0.0081337	0.0135229	0.0162162	0.0191209	0.0147696	0.0109651	
Ross's Goose	0.0025423	0.005767	0.0043131	0.0024245	0.0064081	0.0014377	3.431E-4	6.898E-4	0.003663	0.0018748	0.0	0.0	0.0	0.0	0.0	0.0	0.0	0.0	0.0	0.0	0.0	0.0	0.0	0.0	0.0	0.0	0.0	0.0	0.0	0.0	0.0	0.0	0.0	0.0	0.0	0.0	0.0	0.0	0.0	0.0	0.0	2.01E-4	0.0015	8.365E-4	0.0095634	0.0046154	0.0072243	0.0067114	
Snow x Ross's Goose (hybrid)	0.0	0.0015	1.269E-4	1.102E-4	0.0	0.0	0.0	0.0	0.0	0.0	0.0	0.0	0.0	0.0	0.0	0.0	0.0	0.0	0.0	0.0	0.0	0.0	0.0	0.0	0.0	0.0	0.0	0.0	0.0	0.0	0.0	0.0	0.0	0.0	0.0	0.0	0.0	0.0	0.0	0.0	0.0	0.0	0.0	0.0	0.0	0.0	0.0	0.0	
Graylag Goose	0.0021512	0.0035884	0.0050742	0.0022041	0.0033727	0.0018298	8.576E-4	0.0017244	0.002381	0.0024372	0.0012475	7.1E-4	0.001385	0.0010207	0.0015456	0.0011767	0.0015488	2.111E-4	7.452E-4	0.0011949	0.0011182	5.379E-4	7.831E-4	3.168E-4	0.0018159	0.0019908	0.0010441	0.0017717	0.001561	9.966E-4	0.0019459	0.0018349	0.0033511	0.0033404	0.0025707	9.146E-4	0.0019622	0.0032787	0.0035081	0.0038243	0.0038102	0.0024121	0.0024181	5.576E-4	0.0035343	0.0010989	0.0016054	0.0015124	
Swan Goose	9.78E-5	1.282E-4	6.343E-4	0.0	5.059E-4	3.921E-4	6.003E-4	1.724E-4	1.832E-4	0.0	5.347E-4	3.55E-4	4.617E-4	1.458E-4	1.405E-4	1.07E-4	1.106E-4	0.0	1.242E-4	9.96E-5	0.0	1.793E-4	1.958E-4	3.168E-4	3.632E-4	3.982E-4	0.0	0.0015	1.951E-4	1.993E-4	0.0015	2.446E-4	0.0	7.032E-4	1.836E-4	0.0	3.568E-4	0.0	0.0015	0.0	0.0	2.01E-4	4.397E-4	0.0	0.0	2.198E-4	1.605E-4	9.45E-5	
Greater White-fronted Goose	0.0093869	0.0185826	0.010529	0.0117919	0.0084317	0.003529	0.0064322	0.0063804	0.0064103	0.0037495	7.129E-4	5.916E-4	0.0	0.0	0.0015	0.0	1.106E-4	1.056E-4	0.0	0.0	0.0	0.0	0.0	0.0	0.0	0.0	0.0	0.0	0.0	0.0	0.0	0.0	0.0	0.0	1.836E-4	1.524E-4	0.0	6.557E-4	3.693E-4	6.594E-4	0.0011431	0.0078392	0.0065949	0.0119894	0.006237	0.0061538	0.0064216	0.0049154	
Lesser White-fronted Goose	0.0	0.0	1.269E-4	0.0	0.0	0.0	0.0	0.0	0.0	0.0	0.0	0.0	0.0	0.0	0.0	0.0	0.0	0.0	0.0	0.0	0.0	0.0	0.0	0.0	0.0	0.0	0.0	0.0	0.0	0.0	0.0	0.0	0.0	0.0	0.0	0.0	0.0	0.0	0.0	0.0	0.0	0.0	0.0	0.0	0.0	0.0	0.0	0.0	
Pink-footed Goose	0.0082136	0.0108932	0.0041862	0.0076041	0.0067454	0.0050974	0.0016295	0.0060355	0.0056777	0.0013123	7.129E-4	0.0	0.0	0.0	0.0	0.0	0.0	0.0	0.0	0.0	0.0	0.0	0.0	0.0	0.0	0.0	0.0	0.0	0.0	0.0	0.0	0.0	0.0	0.0	0.0	0.0	0.0	0.0	0.0	0.0060662	0.0015	8.04E-4	0.0010991	0.0041824	0.0072765	6.593E-4	6.422E-4	0.0026468	
Domestic goose sp. (Domestic type)	1.956E-4	0.0011534	0.0016491	7.714E-4	0.001855	7.842E-4	5.146E-4	8.622E-4	3.663E-4	5.624E-4	7.129E-4	3.55E-4	1.539E-4	2.916E-4	2.81E-4	5.349E-4	3.319E-4	2.111E-4	2.484E-4	1.991E-4	1.597E-4	1.793E-4	0.0015	1.584E-4	0.0	7.963E-4	0.0	0.0015	7.805E-4	3.986E-4	0.0	1.223E-4	3.046E-4	1.758E-4	0.0015	1.524E-4	1.784E-4	4.918E-4	5.539E-4	3.956E-4	3.81E-4	2.01E-4	4.397E-4	5.576E-4	8.316E-4	0.0013187	3.211E-4	1.891E-4	
Brant	0.0713797	0.0727925	0.0643156	0.074719	0.0794266	0.0616913	0.0519726	0.0872564	0.0862637	0.0813648	0.0896453	0.0920601	0.0824869	0.079615	0.0831811	0.0746684	0.0630601	0.0458096	0.0301826	0.0079657	0.0028754	0.002331	7.831E-4	7.92E-4	0.0034502	7.963E-4	0.0012529	0.0013288	0.0011707	0.0013953	0.0	1.223E-4	7.616E-4	3.516E-4	5.509E-4	0.0012195	0.0053514	0.0132787	0.0332349	0.0555189	0.076586	0.078392	0.0661684	0.06873	0.0632017	0.0676923	0.063092	0.071935	
Barnacle Goose	0.0050846	0.0171729	0.0074845	0.0057307	0.0028668	0.0016991	0.001801	0.0013795	0.0016484	0.0020622	1.782E-4	0.0	0.0	0.0	0.0	0.0	0.0	0.0	0.0	0.0	0.0	0.0	0.0	0.0	0.0	0.0	0.0	0.0	0.0	0.0	0.0	0.0	0.0	0.0	0.0	0.0	5.351E-4	1.639E-4	0.0015	1.319E-4	9.526E-4	0.001809	0.0021983	0.0069706	0.0054054	0.0048352	0.0049767	0.003592	
Cackling Goose	0.008018	0.0142253	0.0077382	0.0082654	0.0080944	0.0043132	0.0016295	0.0050009	0.0056777	0.0024372	8.911E-4	1.183E-4	0.0	0.0	0.0	0.0	0.0	0.0	0.0	5.974E-4	0.0	0.0	0.0	0.0	0.0	0.0	0.0	0.0	0.0	0.0	0.0	0.0	0.0	0.0	0.0	0.0	0.0	6.557E-4	3.693E-4	0.0054068	0.0011431	0.0062312	0.0032974	0.0097588	0.0128898	0.0081319	0.008027	0.0046318	
Barnacle x Cackling Goose (hybrid)	0.0	0.0	0.0	0.0	0.0	0.0	0.0	0.0	0.0	0.0	0.0	0.0	0.0	0.0	0.0	0.0	0.0	0.0	0.0	0.0	0.0	0.0	0.0	0.0	0.0	0.0	0.0	0.0	0.0	0.0	0.0	0.0	0.0	0.0	0.0	0.0	0.0	0.0	0.0	0.0	0.0	0.0	0.0	0.0	0.0	0.0	0.0	0.0015	
Canada Goose	0.3622763	0.4002307	0.362806	0.37635	0.3659359	0.2922494	0.2436535	0.3867908	0.3948718	0.3862017	0.3860274	0.3784168	0.3750385	0.4021581	0.4074751	0.3894951	0.3550171	0.3299557	0.307291	0.2544061	0.2199681	0.1800251	0.1527016	0.1427214	0.1525331	0.1668326	0.1923157	0.2134948	0.1851707	0.1967311	0.1975092	0.2078287	0.219802	0.2457806	0.2350349	0.2452744	0.2543703	0.2719672	0.2788035	0.3048925	0.2992951	0.3139698	0.312816	0.3273386	0.3480249	0.3617582	0.3663509	0.344456	
Swan x Canada Goose (hybrid)	9.78E-5	1.282E-4	0.0	1.102E-4	1.686E-4	2.614E-4	0.0	1.724E-4	0.0	1.875E-4	1.782E-4	1.183E-4	1.539E-4	0.0	0.0	2.139E-4	1.106E-4	2.111E-4	0.0	9.96E-5	4.792E-4	0.0	0.0	0.0	0.0	0.0	0.0	0.0	0.0	0.0	0.0	2.446E-4	3.046E-4	0.0	0.0	0.0	1.784E-4	3.279E-4	3.693E-4	0.0	3.81E-4	0.0	0.0015	1.394E-4	2.079E-4	2.198E-4	0.0	0.0	
Greater White-fronted x Canada Goose (hybrid)	1.956E-4	0.0	0.0	2.204E-4	0.0015177	1.307E-4	8.58E-5	5.173E-4	0.0	0.0	0.0	0.0	0.0	0.0	0.0	0.0	0.0	0.0	0.0	0.0	0.0	0.0	0.0	0.0	0.0	0.0	0.0	0.0	0.0	0.0	0.0	0.0	0.0	0.0	0.0	0.0	0.0	0.0	0.0	0.0	0.0	0.0	0.0	0.0	4.158E-4	0.0	0.0	0.0	
Graylag x Canada Goose (hybrid)	3.911E-4	0.0010252	8.88E-4	4.408E-4	5.059E-4	0.0010456	1.715E-4	5.173E-4	7.326E-4	5.624E-4	1.782E-4	2.367E-4	1.539E-4	4.374E-4	0.0	3.209E-4	3.319E-4	3.167E-4	2.484E-4	1.991E-4	0.0	0.0	1.958E-4	1.584E-4	0.0	0.0	0.0	0.0	1.951E-4	5.98E-4	3.892E-4	0.0	3.046E-4	0.0	0.0012853	0.0	7.135E-4	1.639E-4	1.846E-4	6.594E-4	9.526E-4	0.0020101	0.0010991	0.0011153	0.0018711	8.791E-4	0.0011238	2.836E-4	
Domestic goose sp. x Canada Goose (hybrid)	0.0	0.0	0.0	1.102E-4	1.686E-4	2.614E-4	0.0	0.0	1.832E-4	0.0	0.0	0.0	0.0	0.0	0.0	0.0	0.0	1.056E-4	0.0	0.0	0.0	0.0	0.0	0.0	0.0	0.0	0.0	1.476E-4	0.0	0.0	0.0	0.0	0.0	0.0	0.0	0.0	0.0	0.0	0.0	0.0	0.0	0.0	0.0	1.394E-4	0.0	2.198E-4	1.605E-4	0.0	
Snow x Canada Goose (hybrid)	9.78E-5	1.282E-4	3.806E-4	5.51E-4	8.432E-4	1.307E-4	0.0	3.449E-4	7.326E-4	0.0	0.0	0.0	0.0	0.0	0.0	0.0	0.0	0.0	0.0	0.0	0.0	0.0	0.0	0.0	0.0	0.0	0.0	0.0	0.0	0.0	0.0	0.0	0.0	0.0	0.0	0.0	0.0	0.0	0.0	2.637E-4	0.0	4.02E-4	0.0	0.0	4.158E-4	0.0	1.605E-4	3.781E-4	
Cackling/Canada Goose	8.8E-4	0.001666	0.0010148	0.0015429	0.0013491	0.0010456	9.434E-4	0.0013795	3.663E-4	5.624E-4	3.564E-4	3.55E-4	0.0	0.0	0.0	0.0	0.0	0.0	0.0	0.0	0.0	0.0	0.0	0.0	0.0	0.0	0.0	0.0	0.0	0.0	0.0	0.0	0.0	0.0	0.0	0.0	1.784E-4	3.279E-4	7.386E-4	3.956E-4	5.715E-4	8.04E-4	8.793E-4	8.365E-4	0.0027027	4.396E-4	0.0011238	5.672E-4	
Branta sp.	0.0	0.0	0.0	0.0	0.0	0.0	0.0	0.0	0.0	0.0	0.0	0.0	0.0	0.0	0.0	0.0	0.0	0.0	0.0	0.0	0.0	0.0	0.0	0.0	0.0	0.0	0.0	0.0	0.0	0.0	0.0	0.0	0.0	0.0	0.0	0.0	0.0	0.0	0.0	0.0	0.0	0.0	0.0	0.0	0.0	0.0015	0.0	0.0	
Mute Swan	0.2197125	0.2235038	0.202461	0.2135773	0.2055649	0.1533133	0.1389365	0.2238317	0.214652	0.2229096	0.2086972	0.2029346	0.2159126	0.2360747	0.2180694	0.2123449	0.1786702	0.1651889	0.1607254	0.1371104	0.1421725	0.1538462	0.130971	0.1317915	0.1365535	0.118256	0.1069117	0.1284512	0.1244878	0.1353398	0.1346565	0.1415291	0.1380046	0.1439873	0.141939	0.1384146	0.1403853	0.1445902	0.157127	0.140182	0.1619356	0.1720603	0.1883931	0.1964311	0.2070686	0.2024176	0.19345	0.2005861	
Black Swan	0.0	0.0	1.269E-4	0.0	0.0	0.0	0.0	0.0	0.0	0.0	0.0	0.0	0.0	0.0	1.405E-4	0.0	0.0	0.0	0.0	0.0	0.0	0.0	0.0	0.0	1.816E-4	0.0	4.176E-4	0.0	0.0	0.0	0.0	0.0	0.0	0.0	0.0	0.0	0.0	0.0	0.0	0.0	0.0	0.0	0.0	0.0	0.0	0.0	0.0	0.0	
Black-necked Swan	0.0	0.0	0.0	0.0	0.0	0.0	0.0	0.0	0.0	0.0	0.0	0.0	0.0	0.0	0.0	0.0	0.0	0.0	0.0	0.0	0.0	0.0	0.0	0.0	0.0	0.0	0.0	0.0	0.0	0.0	0.0	0.0	0.0	0.0	0.0	0.0015	0.0	0.0	0.0	0.0	0.0	0.0	0.0	0.0	0.0	0.0	0.0	0.0	
Trumpeter Swan	0.0034223	6.408E-4	0.0016491	0.0029755	0.0020236	0.0023526	0.0012864	6.898E-4	3.663E-4	1.875E-4	0.0	0.0	0.0	0.0	0.0	0.0	0.0	0.0	0.0	0.0	0.0	0.0	0.0	0.0	0.0	0.0	0.0	0.0	0.0	0.0	0.0	0.0	0.0	0.0	0.0	0.0	0.0	0.0	0.0	0.0	0.0	0.0	0.0	0.0	0.0015	2.198E-4	0.0036924	0.0019851	
Tundra Swan	0.0053779	0.004101	0.0073576	0.0027551	0.0033727	0.001307	0.0046312	0.0068977	0.0029304	0.0026247	7.129E-4	1.183E-4	3.078E-4	0.0	0.0	0.0	1.106E-4	0.0	0.0	0.0	0.0	0.0	0.0	0.0	0.0	0.0	0.0	0.0	0.0	0.0	0.0	0.0	0.0	0.0	0.0	0.0	0.0	0.0	0.0	0.0	1.905E-4	0.0020101	0.0021983	0.0044612	0.0035343	0.0037363	0.0014449	0.0022686	
Trumpeter/Tundra Swan	0.0	0.0	0.0	0.0	0.0	0.0	0.0	1.724E-4	0.0	0.0	0.0	0.0	0.0	0.0	0.0	0.0	0.0	0.0	0.0	0.0	0.0	0.0	0.0	0.0	0.0	0.0	0.0	0.0	0.0	0.0	0.0	0.0	0.0	0.0	0.0	0.0	0.0	0.0	0.0	0.0	0.0	0.0	0.0	0.0	2.079E-4	2.198E-4	0.0	0.0	
Whooper Swan	0.0	0.0	0.0	0.0015	0.0	0.0	0.0	0.0	0.0	0.0015	0.0	0.0	0.0	0.0	0.0	0.0	0.0	0.0	0.0	0.0	0.0	0.0	0.0	0.0	0.0	0.0	0.0	0.0	0.0	0.0	0.0	0.0	0.0	0.0	0.0	0.0	0.0	0.0	0.0	0.0	0.0	0.0	0.0	0.0	0.0	0.0	0.0	0.0	
swan sp.	1.956E-4	3.845E-4	1.269E-4	4.408E-4	1.686E-4	2.614E-4	0.0012007	3.449E-4	3.663E-4	1.875E-4	1.782E-4	0.0	0.0	0.0	0.0	0.0	0.0	0.0	0.0	0.0	0.0	0.0	0.0	0.0	0.0	0.0	2.088E-4	0.0	0.0	0.0	0.0	0.0	0.0	0.0	0.0	0.0	0.0	0.0	0.0	1.319E-4	0.0	0.0	0.0	2.788E-4	2.079E-4	0.0015	1.605E-4	1.891E-4	
goose sp.	4.889E-4	7.689E-4	1.269E-4	4.408E-4	5.059E-4	1.307E-4	6.861E-4	0.0	9.158E-4	3.75E-4	1.782E-4	2.367E-4	0.0	1.458E-4	2.81E-4	3.209E-4	1.106E-4	0.0015	0.0	9.96E-5	0.0015	0.0	1.958E-4	0.0	1.816E-4	3.982E-4	2.088E-4	0.0015	0.0	0.0	1.946E-4	1.223E-4	0.0015	0.0	1.836E-4	0.0015	0.0	1.639E-4	1.846E-4	2.637E-4	1.905E-4	4.02E-4	2.198E-4	2.788E-4	0.0010395	4.396E-4	4.816E-4	1.891E-4	
Egyptian Goose	0.0	0.0	2.537E-4	0.0	0.0	0.0	0.0	0.0	0.0	0.0	0.0	0.0	0.0	0.0	0.0	0.0015	0.0	0.0015	0.0015	0.0	0.0	0.0	0.0	1.584E-4	7.263E-4	0.0	0.0	0.0	0.0	0.0	0.0	0.0	0.0	0.0	0.0	0.0	0.0	0.0	0.0	0.0	0.0	0.0	0.0	0.0	0.0	0.0	0.0	0.0	
Ruddy Shelduck	0.0	0.0	0.0	0.0	0.0	0.0	0.0	0.0	0.0	0.0	0.0	0.0	0.0	0.0	0.0	0.0	0.0	0.0	0.0	0.0	0.0	0.0	0.0	0.0	0.0	0.0	0.0	0.0	0.0	0.0	0.0	0.0	0.0	0.0	0.0	0.0	0.0	0.0	0.0	0.0	0.0	0.0	0.0	0.0	0.0	2.198E-4	0.0	0.0	
South African Shelduck	0.0015	0.0	0.0	1.102E-4	0.0015	0.0015	0.0	0.0	0.0015	0.0015	0.0	0.0	0.0	0.0	0.0	0.0	0.0	0.0	0.0	9.96E-5	0.0	0.0	0.0	0.0	0.0	0.0	0.0	0.0015	0.0	0.0	0.0	0.0	0.0	0.0	0.0	0.0	0.0	0.0	0.0	0.0	3.81E-4	0.0	0.0	0.0	0.0015	0.0	0.0	0.0015	
Muscovy Duck	0.0020534	0.002435	0.0015223	0.0012123	0.0026981	0.0010456	4.288E-4	8.622E-4	0.0012821	7.499E-4	0.0010693	4.733E-4	4.617E-4	4.374E-4	1.405E-4	0.0011767	1.106E-4	0.0	2.484E-4	3.983E-4	3.195E-4	7.172E-4	1.958E-4	3.168E-4	0.0016343	0.0	0.0015	2.953E-4	1.951E-4	3.986E-4	0.0	1.223E-4	1.523E-4	1.758E-4	1.836E-4	4.573E-4	3.568E-4	1.639E-4	0.0018464	0.0015825	0.0015241	0.001206	0.0017586	0.0012547	0.0016632	0.0010989	9.632E-4	0.0010398	
Wood Duck	0.0118314	0.0133282	0.0119244	0.0083756	0.0089376	0.0065351	0.009777	0.0208657	0.0278388	0.0388076	0.0374265	0.0456751	0.0575562	0.0686789	0.0637909	0.0697475	0.0623963	0.0574203	0.0396224	0.0232998	0.0220447	0.0281513	0.0209475	0.0313639	0.0241511	0.0254828	0.0194195	0.027019	0.0341463	0.0382699	0.0352209	0.0474618	0.0523991	0.0604782	0.0611458	0.0564024	0.0569033	0.0557377	0.0526219	0.0489252	0.0424843	0.0377889	0.0268191	0.0195176	0.0153846	0.0158242	0.0117194	0.0082238	
Mandarin Duck	0.0015	0.0	2.537E-4	3.306E-4	0.0	0.0	0.0	1.724E-4	0.0	1.875E-4	0.0	0.0	0.0	0.0	0.0	0.0	0.0	0.0	0.0	0.0	0.0	0.0	0.0	0.0	0.0	0.0	0.0	0.0	0.0	0.0	0.0	0.0	0.0	0.0	0.0	0.0	0.0	0.0	0.0	0.0	0.0	0.0	0.0	0.00237	0.004158	2.198E-4	0.0	1.891E-4	
Blue-winged Teal	0.0067468	0.0047418	0.0024102	0.0034164	0.0037099	0.0011763	3.431E-4	0.0018969	0.002381	0.0028121	0.0014258	0.0039049	0.0123115	0.0137066	0.0188282	0.0145486	0.0025445	0.0015833	0.0016147	5.974E-4	9.585E-4	7.172E-4	0.0	9.504E-4	3.632E-4	0.0	4.176E-4	7.382E-4	5.854E-4	3.986E-4	0.0015567	0.0044037	0.0102056	0.0058017	0.0062431	0.0067073	0.0073136	0.0060656	0.0048006	0.0044837	0.00743	0.0038191	0.0021983	4.182E-4	8.316E-4	8.791E-4	1.605E-4	1.891E-4	
Northern Shoveler	0.0408722	0.0447264	0.0327287	0.0357064	0.0269815	0.0143772	0.011235	0.0236248	0.0173993	0.0273716	0.0222777	0.0162111	0.0190828	0.0151648	0.0116622	0.0013907	9.957E-4	4.222E-4	4.968E-4	1.991E-4	0.0015	0.0	0.0	1.584E-4	0.0	0.0	2.088E-4	0.0015	0.0	0.0	0.0	3.67E-4	0.0016756	8.79E-4	5.509E-4	0.0015244	0.0044595	0.007541	0.0083087	0.0102862	0.01486	0.0233166	0.0189053	0.0294159	0.0295218	0.0305495	0.0269706	0.0201342	
Blue-winged Teal x Northern Shoveler (hybrid)	0.0	0.0	0.0	0.0	0.0	0.0	0.0	0.0	1.832E-4	1.875E-4	0.0	0.0	0.0	0.0	0.0	0.0	0.0	0.0	0.0	0.0	0.0	0.0	0.0	0.0	0.0	0.0	0.0	0.0	0.0	0.0	0.0	0.0	0.0	0.0	0.0	0.0	0.0	0.0	0.0	0.0	0.0	0.0	0.0	0.0	0.0	0.0	0.0	0.0	
Gadwall	0.1285812	0.1353326	0.1085881	0.1163765	0.0905565	0.0603843	0.0463979	0.0805311	0.0815018	0.0928009	0.0753876	0.0764407	0.0771006	0.0736366	0.0658986	0.046641	0.0255559	0.0217437	0.0191281	0.0155332	0.0191693	0.0172136	0.0138998	0.0137811	0.0058108	0.0057734	0.0054291	0.0036911	0.0037073	0.0027905	0.0027243	0.0044037	0.0074638	0.0063291	0.0077121	0.0131098	0.0208705	0.0308197	0.0363737	0.0419359	0.0603925	0.0771859	0.0839745	0.0946605	0.0956341	0.0967033	0.0818751	0.0756215	
Eurasian Wigeon	0.0108536	0.0125593	0.0111633	0.0074939	0.0052277	0.0024833	0.0019726	0.0029315	0.003663	0.0044994	0.0042773	9.466E-4	0.0015	0.0015	0.0	1.07E-4	0.0	0.0015	0.0	0.0	0.0	0.0	0.0	0.0	0.0	0.0	0.0	0.0	0.0	0.0	0.0	0.0	0.0	0.0	0.0	0.0	5.351E-4	0.0016393	0.0024003	0.0055387	0.0057154	0.0164824	0.0123104	0.0107347	0.0058212	0.0074725	0.0043346	0.0021741	
American Wigeon	0.087709	0.0776624	0.0681213	0.0613842	0.0580101	0.0402562	0.0287307	0.0541473	0.0521978	0.0463067	0.0272679	0.0169211	0.0135426	0.0110819	0.0051988	0.004065	0.0023233	0.0022166	9.937E-4	5.974E-4	0.0014377	0.0	0.0	0.0	3.632E-4	1.991E-4	2.088E-4	5.906E-4	1.951E-4	0.0	0.0	2.446E-4	9.139E-4	0.0035162	0.0055086	0.007622	0.0212273	0.0340984	0.034712	0.0379797	0.0552486	0.0697487	0.07694	0.0784888	0.0654886	0.0595604	0.0480013	0.0515172	
Gadwall x American Wigeon (hybrid)	0.0	0.0	0.0	0.0	0.0	0.0	0.0	1.724E-4	1.832E-4	0.0	0.0	0.0	0.0	0.0	0.0	0.0	0.0	0.0	0.0	0.0	0.0	0.0	0.0	0.0	0.0	0.0	0.0	0.0	0.0	0.0	0.0	0.0	0.0	0.0	0.0	0.0	0.0	0.0	0.0	0.0	0.0	0.0	0.0	0.0	0.0	0.0	0.0	0.0	
Eurasian x American Wigeon (hybrid)	9.78E-5	0.0	0.0	1.102E-4	0.0	1.307E-4	0.0	0.0	0.0015	0.0	0.0	0.0	0.0	0.0	0.0	0.0	0.0	0.0	0.0	0.0	0.0	0.0	0.0	0.0	0.0	0.0	0.0	0.0	0.0	0.0	0.0	0.0	0.0	0.0	0.0	0.0	1.784E-4	0.0	0.0	3.956E-4	1.905E-4	0.0	4.397E-4	1.394E-4	0.0	2.198E-4	0.0	0.0	
Eurasian/American Wigeon	0.0	0.0	0.0	0.0	0.0	0.0	0.0	0.0	0.0	0.0	1.782E-4	0.0	0.0	0.0	0.0	0.0	0.0	0.0	0.0	0.0	0.0	0.0	0.0	0.0	0.0	0.0	0.0	0.0	0.0	0.0	0.0	0.0	0.0	0.0	0.0	0.0	0.0	0.0	0.0	0.0	0.0	0.0	0.0	0.0	0.0	0.0	0.0	0.0	
Mallard	0.3038037	0.3216712	0.2918939	0.2817941	0.2752108	0.1989282	0.1784734	0.2800483	0.2891941	0.3063367	0.290679	0.2974796	0.3070175	0.3279382	0.3183926	0.3160034	0.2706052	0.2505805	0.2461806	0.2110923	0.2207668	0.2153488	0.1801096	0.1596705	0.1421827	0.1202469	0.1100439	0.116049	0.1166829	0.1291609	0.1198677	0.1289297	0.1271896	0.1529536	0.1491003	0.1603659	0.1691045	0.17	0.1909158	0.2136358	0.2495713	0.2617085	0.2848978	0.2930434	0.2923077	0.2945055	0.2774121	0.2595708	
Muscovy Duck x Mallard (hybrid)	9.78E-5	0.0	0.0	1.102E-4	0.0	0.0	0.0	1.724E-4	0.0	0.0	0.0	0.0	0.0	0.0	1.405E-4	0.0	0.0	0.0	0.0	0.0	0.0	0.0	0.0	0.0	0.0	1.991E-4	0.0	0.0	0.0	0.0	0.0	0.0	0.0	0.0	0.0	0.0	0.0	0.0	1.846E-4	1.319E-4	1.905E-4	0.0	0.0	1.394E-4	0.0	0.0	0.0	9.45E-5	
Gadwall x Mallard (hybrid)	0.0	0.0	0.0	0.0	0.0	0.0	0.0	0.0	0.0	1.875E-4	0.0	0.0	0.0	1.458E-4	0.0	0.0	0.0	0.0	0.0	0.0	0.0	0.0	0.0	0.0	0.0	0.0	0.0	0.0	0.0	0.0	0.0	0.0	0.0	0.0	0.0	0.0	0.0	0.0	0.0	0.0	0.0	0.0	0.0	0.0	0.0	0.0	0.0	0.0	
American Wigeon x Mallard (hybrid)	0.0	0.0	0.0	0.0	0.0	0.0	0.0	0.0	1.832E-4	0.0	0.0	0.0	0.0	0.0	0.0	0.0	0.0	0.0	0.0	0.0	0.0	0.0	0.0	0.0	0.0	0.0	0.0	0.0	0.0	0.0	0.0	0.0	0.0	0.0	0.0	0.0	0.0	0.0	0.0	0.0	0.0	0.0	0.0	0.0	0.0	0.0	0.0	0.0	
American Black Duck	0.2086633	0.2188902	0.2200939	0.2153405	0.2197302	0.1550124	0.1247856	0.216934	0.2071429	0.211661	0.2040634	0.1671991	0.1494306	0.1294838	0.0994801	0.0724219	0.0415975	0.0315601	0.0319215	0.0274818	0.0255591	0.0191859	0.0160532	0.0131475	0.0138006	0.0111487	0.0190019	0.0194891	0.0199024	0.0189356	0.0249076	0.026422	0.0246763	0.0342827	0.0409475	0.0478659	0.061898	0.0847541	0.101551	0.1235659	0.1647933	0.1768844	0.1996043	0.1950369	0.2068607	0.2215385	0.2318189	0.2100388	
Mallard x American Black Duck (hybrid)	0.0059646	0.0073049	0.0071039	0.0074939	0.0057336	0.0064044	0.0053173	0.0055182	0.0086081	0.0080615	0.0071289	0.0044965	0.0024623	0.0034996	0.0019671	0.0016046	9.957E-4	6.333E-4	4.968E-4	8.961E-4	4.792E-4	8.965E-4	0.0011746	4.752E-4	1.816E-4	1.991E-4	0.0010441	0.0013288	7.805E-4	7.973E-4	0.0013621	9.786E-4	4.57E-4	0.0010549	0.0011017	6.098E-4	0.0010703	6.557E-4	9.232E-4	0.0019781	0.0030482	0.0024121	0.0046164	0.0051582	0.0054054	0.0081319	0.0075454	0.0060497	
Mallard/American Black Duck	7.822E-4	0.0010252	7.611E-4	7.714E-4	6.745E-4	7.842E-4	0.001801	5.173E-4	0.0018315	0.0022497	0.0010693	0.0013016	0.001385	0.0013123	1.405E-4	6.418E-4	0.0	2.111E-4	0.0	9.96E-5	3.195E-4	0.0	0.0	0.0	3.632E-4	3.982E-4	0.0010441	0.0014765	0.0013659	3.986E-4	9.73E-4	7.339E-4	9.139E-4	5.274E-4	0.0018362	0.0012195	8.919E-4	1.639E-4	7.386E-4	0.0011869	7.62E-4	0.001407	0.001319	0.0013941	0.0014553	0.0013187	0.0011238	0.0015124	
Mottled Duck	0.0	0.0	0.0	0.0	0.0	0.0	0.0	0.0	0.0	0.0	0.0106933	0.0021299	0.0021545	0.0081656	0.0036532	5.349E-4	0.0	0.0	1.242E-4	0.0	0.0	0.0	0.0	0.0	0.0	0.0	0.0	0.0	0.0	0.0	0.0	0.0	0.0	0.0	0.0	0.0	0.0	0.0	0.0016617	6.594E-4	1.905E-4	0.001809	2.198E-4	0.0	0.0	0.0	0.0	0.0	
Mallard/Mottled Duck	0.0	0.0	0.0	0.0	0.0	0.0	0.0	0.0	0.0	0.0	1.782E-4	0.0	0.0	0.0	0.0	0.0	0.0	0.0	0.0	0.0	0.0	0.0	0.0	0.0	0.0	0.0	0.0	0.0	0.0	0.0	0.0	0.0	0.0	0.0	0.0	0.0	0.0	0.0	0.0	0.0	0.0	0.0	0.0	0.0	0.0	0.0	0.0	0.0	
Northern Pintail	0.0496724	0.0480584	0.0361537	0.0404452	0.03086	0.023657	0.0180103	0.0270736	0.024359	0.0176228	0.0117626	0.0065081	0.0044629	0.0021872	5.62E-4	8.558E-4	2.213E-4	0.0	0.0	0.0	0.0	1.793E-4	0.0	0.0	0.0	0.0	0.0	0.0	0.0	1.993E-4	0.0	1.223E-4	1.523E-4	0.0014065	5.509E-4	0.0036585	0.0064217	0.0078689	0.014771	0.0143743	0.0266717	0.0229146	0.0268191	0.0274641	0.0313929	0.0303297	0.0240809	0.0217412	
Mallard x Northern Pintail (hybrid)	0.0	1.282E-4	0.0	0.0	0.0	0.0	0.0	0.0	0.0	0.0	0.0	0.0	0.0	0.0	0.0	0.0	0.0	0.0	0.0	0.0	0.0	0.0	0.0	0.0	0.0	0.0	0.0	0.0	0.0	0.0	0.0	0.0	0.0	0.0	0.0	0.0	0.0	0.0	0.0	0.0	0.0	0.0	0.0	0.0	0.0	0.0	0.0	0.0	
Green-winged Teal	0.0506502	0.0525439	0.0370417	0.0444126	0.0370995	0.0247027	0.0189537	0.0419038	0.0397436	0.0491189	0.0409909	0.0495799	0.0543244	0.0524934	0.0396234	0.021074	0.0068592	0.0017944	0.0013663	4.979E-4	7.987E-4	0.0014345	3.915E-4	1.584E-4	7.263E-4	5.973E-4	2.088E-4	0.0016241	0.0013659	0.0017939	0.0027243	0.0058716	0.0108149	0.0126582	0.0185457	0.0207317	0.0306814	0.0342623	0.038774	0.0545958	0.0622976	0.0735678	0.0668279	0.0570194	0.0538462	0.0452747	0.0409376	0.0310993	
Anas sp.	0.0	0.0	0.0	0.0	0.0	0.0	0.0	0.0	0.0	0.0	0.0	0.0	0.0	0.0	0.0	0.0	0.0	0.0	0.0	0.0	0.0	0.0	0.0	0.0	0.0	0.0	0.0	0.0	0.0	0.0	0.0	0.0	0.0	0.0	0.0	1.524E-4	0.0	0.0	0.0	0.0	0.0	0.0	0.0	0.0	0.0	0.0	0.0	0.0	
teal sp.	0.0	0.0	0.0	0.0	0.0	0.0	0.0	0.0	0.0	0.0	0.0	0.0	0.0	0.0	0.0	0.0	0.0	0.0	0.0	0.0	0.0	0.0	0.0	0.0	0.0	0.0	0.0	0.0	0.0	0.0	0.0	0.0	1.523E-4	1.758E-4	0.0	1.524E-4	0.0	1.639E-4	0.0	0.0	0.0	0.0	0.0	0.0	0.0	0.0	1.605E-4	0.0	
dabbling duck sp.	0.0	1.282E-4	0.0	2.204E-4	0.0	1.307E-4	4.288E-4	0.0	0.0	1.875E-4	3.564E-4	1.183E-4	0.0	1.458E-4	0.0	1.07E-4	0.0	0.0	0.0	0.0	0.0	0.0	1.958E-4	3.168E-4	3.632E-4	0.0	0.0	2.953E-4	1.951E-4	1.993E-4	1.946E-4	2.446E-4	3.046E-4	0.0	0.0	4.573E-4	1.784E-4	8.197E-4	5.539E-4	7.912E-4	1.905E-4	6.03E-4	0.0	2.788E-4	2.079E-4	4.396E-4	0.0	0.0	
Red-crested Pochard	0.0	0.0	0.0	1.102E-4	0.0	0.0	0.0	0.0	0.0	0.0	0.0	0.0	0.0	0.0	0.0	0.0	0.0	0.0	0.0	0.0	0.0	0.0	0.0	0.0	0.0	0.0	0.0	0.0	0.0	0.0	0.0	0.0	0.0	0.0	0.0	0.0	0.0	0.0	0.0	0.0	0.0	0.0	0.0	0.0	0.0	0.0	0.0	0.0	
Canvasback	0.04273	0.0396002	0.0351389	0.0386819	0.0360877	0.021043	0.0153516	0.0286256	0.0234432	0.0133108	0.0112279	0.0042599	0.0046168	0.0036454	5.62E-4	2.139E-4	0.0	0.0	0.0	0.0	0.0	0.0	0.0	0.0	0.0	0.0	0.0	0.0	0.0	0.0	0.0	1.223E-4	0.0	0.0	0.0	0.0	0.0	4.918E-4	1.846E-4	1.319E-4	7.62E-4	0.0072362	0.0109914	0.0139412	0.0178794	0.0162637	0.0144485	0.0190944	
Redhead	0.0384277	0.0328079	0.0225802	0.0256778	0.0244519	0.0150307	0.0109777	0.0184515	0.021978	0.0136858	0.0146142	0.0036682	0.0018467	7.291E-4	1.405E-4	2.139E-4	0.0	1.056E-4	0.0	0.0	0.0	0.0	0.0	0.0	0.0	0.0	0.0	0.0	0.0	0.0	0.0	0.0	0.0	0.0	0.0	0.0	0.0	0.0015	9.232E-4	5.275E-4	0.0013336	0.0034171	0.0061552	0.0112923	0.0185031	0.0224176	0.016375	0.0118159	
Ring-necked Duck	0.087709	0.087146	0.0718001	0.071523	0.0720067	0.0470527	0.0392796	0.0775996	0.0769231	0.071991	0.0625557	0.0566797	0.0460142	0.0296005	0.0196712	0.0073813	0.0016595	0.0013722	2.484E-4	1.991E-4	0.0	0.0	0.0	1.584E-4	1.816E-4	7.963E-4	0.0010441	0.0017717	0.0011707	5.98E-4	5.838E-4	0.0	3.046E-4	1.758E-4	0.0015	0.0018293	0.0026757	0.0065574	0.0072009	0.0160886	0.0268623	0.0472362	0.0490218	0.0550676	0.0650728	0.0545055	0.0483224	0.0501938	
Redhead x Ring-necked Duck (hybrid)	9.78E-5	1.282E-4	0.0	0.0	3.373E-4	9.149E-4	2.573E-4	6.898E-4	9.158E-4	0.0	3.564E-4	4.733E-4	1.539E-4	0.0	0.0	0.0	0.0	0.0	0.0	0.0	0.0	0.0	0.0	0.0	0.0	0.0	0.0	0.0	0.0	0.0	0.0	0.0	0.0	0.0	0.0	0.0	0.0	0.0	0.0	0.0	0.0	0.0	0.0	0.0	0.0	0.0	0.0	0.0	
Tufted Duck	0.0066491	0.0015	3.806E-4	5.51E-4	0.001855	0.001307	3.431E-4	0.0013795	0.0062271	0.0016873	1.782E-4	4.733E-4	6.156E-4	0.0015	0.0	0.0031023	1.106E-4	0.0	0.0	0.0	0.0	0.0	0.0	0.0	0.0	0.0	0.0	0.0	0.0	0.0	0.0	0.0	0.0	0.0	0.0	0.0	0.0	0.0	0.0	0.0015	0.0	0.0	0.0	0.0	0.0037422	0.0052747	0.0112378	0.0046318	
Greater Scaup	0.0637528	0.0594643	0.0641888	0.0705312	0.0726813	0.045615	0.0366209	0.0765649	0.0858974	0.0532433	0.0461593	0.0302923	0.02016	0.0137066	0.0060419	0.0036371	0.0018807	0.0013722	0.0012421	0.0012944	0.0011182	0.0016138	9.789E-4	3.168E-4	0.0012711	0.0013936	2.088E-4	4.429E-4	1.951E-4	0.0015	1.946E-4	4.893E-4	7.616E-4	1.758E-4	7.345E-4	9.146E-4	0.0019622	0.0022951	0.0027696	0.0060662	0.0089541	0.0142714	0.0162673	0.0246759	0.0288981	0.04	0.0643763	0.0622932	
Ring-necked Duck x Greater Scaup (hybrid)	0.0	0.0	0.0	0.0	0.0	1.307E-4	0.0	0.0	1.832E-4	1.875E-4	0.0	0.0	0.0	0.0	0.0	0.0	0.0	0.0	0.0	0.0	0.0	0.0	0.0	0.0	0.0	0.0	0.0	0.0	0.0	0.0	0.0	0.0	0.0	0.0	0.0	0.0	0.0	0.0	0.0	0.0	0.0	0.0	0.0	0.0	0.0	0.0	0.0	0.0	
Lesser Scaup	0.0553437	0.0488274	0.0452873	0.04838	0.0475548	0.0274474	0.0219554	0.0469046	0.0503663	0.0423697	0.0338621	0.0275707	0.021699	0.0132692	0.008571	0.004386	0.0016595	5.278E-4	1.242E-4	2.987E-4	7.987E-4	5.379E-4	3.915E-4	1.584E-4	1.816E-4	0.0	0.0	1.476E-4	0.0	0.0015	1.946E-4	1.223E-4	0.0	3.516E-4	1.836E-4	7.622E-4	7.135E-4	0.0019672	0.0025849	0.005275	0.0085731	0.0158794	0.015388	0.0186812	0.024948	0.0307692	0.0358003	0.0302486	
Ring-necked Duck x Lesser Scaup (hybrid)	0.0	0.0	0.0	0.0	0.0	0.0	0.0	0.0	0.0	0.0	0.0	0.0	1.539E-4	0.0	0.0	0.0	0.0	0.0	0.0	0.0	0.0	0.0	0.0	0.0	0.0	0.0	0.0	0.0	0.0	0.0	0.0	0.0	0.0	0.0	0.0	0.0	0.0	0.0	0.0	0.0	0.0	0.0	0.0	0.0	0.0	0.0	0.0	0.0	
Ring-necked Duck x scaup sp. (hybrid)	9.78E-5	0.0	0.0	1.102E-4	0.0	3.921E-4	8.58E-5	3.449E-4	0.0	3.75E-4	3.564E-4	1.183E-4	1.539E-4	0.0	0.0	0.0	0.0	0.0	0.0	0.0	0.0	0.0	0.0	0.0	0.0	0.0	0.0	0.0	0.0	0.0	0.0	0.0	0.0	0.0	0.0	0.0	0.0	0.0	0.0	0.0	0.0	0.0	0.0	0.0	0.0	0.0	0.0	7.562E-4	
Tufted Duck x scaup sp. (hybrid)	0.0	1.282E-4	0.0	0.0	0.0015	0.0	0.0	0.0	0.0	0.0	0.0	0.0	0.0	0.0	0.0	0.0	0.0	0.0	0.0	0.0	0.0	0.0	0.0	0.0	0.0	0.0	0.0	0.0	0.0	0.0	0.0	0.0	0.0	0.0	0.0	0.0	0.0	0.0	0.0	0.0	0.0	0.0	0.0	0.0	0.0	0.0	0.0	9.45E-5	
Greater/Lesser Scaup	0.0141782	0.0128156	0.0156032	0.0146573	0.0160202	0.0121553	0.0119211	0.0234523	0.0192308	0.0179978	0.0149706	0.0125429	0.0096953	0.0072908	0.0035127	0.0024604	3.319E-4	5.278E-4	2.484E-4	2.987E-4	3.195E-4	1.793E-4	0.0	0.0	1.816E-4	1.991E-4	2.088E-4	0.0	1.951E-4	0.0015	0.0	0.0	0.0	0.0	1.836E-4	0.0	0.001427	0.0011475	7.386E-4	0.0035606	0.0032387	0.0054271	0.006375	0.0068312	0.0089397	0.0112088	0.0118799	0.014179	
Aythya sp.	3.911E-4	3.845E-4	2.537E-4	0.0	1.686E-4	0.0	5.146E-4	8.622E-4	0.0	3.75E-4	1.782E-4	1.183E-4	0.0	1.458E-4	0.0	0.0	0.0	0.0	0.0	0.0	0.0	0.0	0.0	0.0	0.0	0.0	0.0	0.0	0.0	0.0	0.0	0.0	0.0	0.0	0.0	0.0	0.0	0.0015	0.0	2.637E-4	0.0015	0.0015	2.198E-4	2.788E-4	0.0015	0.0015	4.816E-4	2.836E-4	
King Eider	0.0084091	0.0107651	0.0119244	0.0117919	0.0121417	0.0062737	0.0046312	0.0048284	0.0040293	0.0033746	0.0033862	0.00142	9.234E-4	0.0010207	5.62E-4	8.558E-4	6.638E-4	3.167E-4	2.484E-4	9.96E-5	3.195E-4	0.0	1.958E-4	6.336E-4	0.0012711	3.982E-4	8.352E-4	4.429E-4	1.951E-4	0.0	1.946E-4	0.0015	3.046E-4	0.0	3.672E-4	6.098E-4	0.0023189	9.836E-4	0.0	2.637E-4	0.0013336	0.001206	0.001319	0.0018124	0.0047817	0.0043956	0.006261	0.0048209	
Common Eider	0.0967048	0.0932974	0.1003425	0.10216	0.0915683	0.0722781	0.0603774	0.0717365	0.0505495	0.0418073	0.0399216	0.0278074	0.0190828	0.0138524	0.0151749	0.0097347	0.0116163	0.0108719	0.0161471	0.0177238	0.0151757	0.02331	0.0244714	0.0259781	0.0223352	0.018913	0.0206724	0.0159457	0.0263415	0.0171417	0.0140105	0.0211621	0.0175171	0.0149437	0.0163423	0.0176829	0.016411	0.017377	0.0199409	0.0263748	0.0411507	0.0506533	0.0600132	0.0786282	0.0918919	0.0931868	0.1000161	0.1050194	
King/Common Eider	0.0	0.0	0.0	0.0	0.0	0.0	0.0	0.0	0.0	0.0	1.782E-4	0.0	0.0	0.0	0.0	0.0	0.0	0.0	0.0	0.0	0.0	0.0	0.0	0.0	0.0	0.0	0.0	0.0	0.0	0.0	0.0	0.0	0.0	0.0	0.0	0.0	0.0	0.0	0.0	0.0	0.0	0.0	0.0	0.0	0.0	0.0	0.0	0.0	
eider sp.	0.0	0.0	0.0	0.0	0.0	0.0	0.0	0.0	1.832E-4	0.0	0.0	0.0	0.0	0.0015	0.0	0.0	0.0	0.0	0.0	0.0	0.0	0.0	0.0	0.0	0.0	0.0	0.0	0.0	0.0	0.0	0.0	0.0	0.0	0.0	0.0	0.0	0.0	0.0	0.0	0.0	0.0	0.0	0.0	0.0	0.0	0.0	0.0	9.45E-5	
Harlequin Duck	0.009778	0.0106369	0.0100216	0.0052898	0.0052277	0.0031368	0.0025729	0.0048284	0.0047619	0.003937	0.0046338	0.0017749	0.0024623	0.0017498	0.0016861	0.0010697	7.744E-4	0.0010555	1.242E-4	1.991E-4	1.597E-4	0.0	0.0	0.0	0.0	1.991E-4	0.0	1.476E-4	1.951E-4	0.0	0.0	0.0	1.523E-4	0.0	0.0015	0.0	0.0	0.0	7.386E-4	6.594E-4	0.0032387	0.0034171	0.001319	0.00237	0.0045738	0.0050549	0.008027	0.0062388	
Surf Scoter	0.0866334	0.0840702	0.0903209	0.093564	0.0784148	0.0686185	0.0563465	0.0722538	0.060989	0.0453693	0.0417038	0.0418885	0.0338566	0.0275591	0.0212168	0.0164741	0.012612	0.0107663	0.0113029	0.0074679	0.00623	0.0048413	0.0062647	0.0068113	0.0029054	0.0041808	0.0020881	0.0032482	0.0023415	0.0019932	0.0021405	0.0022018	0.0030465	0.0019339	0.0023871	0.0077744	0.0196218	0.0278689	0.0297267	0.0556508	0.069156	0.0729648	0.0703451	0.0932664	0.0862786	0.0843956	0.113983	0.1074771	
White-winged Scoter	0.1162609	0.114315	0.1221616	0.1186908	0.1062395	0.0887466	0.0653516	0.0955337	0.0723443	0.0596175	0.0559615	0.04674	0.0412435	0.0306212	0.0250105	0.0197903	0.0163735	0.0134051	0.0124208	0.007667	0.0041534	0.0039448	0.0033281	0.0036433	0.0023606	0.0017918	0.0035498	0.0031005	0.0027317	0.0021925	0.0021405	0.0019572	0.0038081	0.0038678	0.006794	0.0115854	0.0212273	0.0355738	0.0413589	0.0783331	0.1057344	0.1073367	0.1151902	0.1417817	0.1355509	0.1257143	0.1533151	0.1716608	
Velvet/White-winged/Stejneger's Scoter	0.0	0.0	0.0	0.0	0.0	0.0	0.0	0.0	0.0	0.0	0.0	0.0	0.0	0.0	0.0	0.0	0.0	0.0	0.0	0.0	0.0	0.0	0.0	0.0	0.0	0.0	0.0	0.0	0.0	0.0	0.0	0.0	0.0	0.0	0.0	0.0	0.0	0.0	0.0	0.0	0.0	0.0	0.0	0.0015	0.0	0.0	0.0	0.0	
Black Scoter	0.0813533	0.0784314	0.0846125	0.0908089	0.0726813	0.0646974	0.0524014	0.0677703	0.0496337	0.0433071	0.0372483	0.0332505	0.0301631	0.0237679	0.0205143	0.0148695	0.0139396	0.0132996	0.0160229	0.0167281	0.0161342	0.0143446	0.0140955	0.0139395	0.0069003	0.0091579	0.0119023	0.0050199	0.0058537	0.0059797	0.0071998	0.004526	0.0036558	0.0038678	0.0062431	0.0108232	0.0212273	0.0314754	0.0306499	0.0567058	0.075824	0.078191	0.0784788	0.0850411	0.0941788	0.0872527	0.1114144	0.0982134	
Surf/Black Scoter	0.0028356	0.0035884	0.0034251	0.0025347	0.0020236	0.0024833	0.0022298	0.0027591	0.0029304	0.0018748	0.0021387	0.0041415	0.0032318	0.0033537	0.0035127	0.0017116	0.0011063	0.0010555	0.0011179	5.974E-4	0.0011182	0.0016138	1.958E-4	1.584E-4	3.632E-4	5.973E-4	4.176E-4	0.0015	1.951E-4	1.993E-4	0.0	2.446E-4	6.093E-4	3.516E-4	1.836E-4	0.0010671	0.0041027	0.005082	0.0051699	0.0121324	0.0123833	0.0088442	0.0081337	0.0101771	0.0066528	0.0059341	0.0072243	0.0057661	
scoter sp.	0.0095825	0.0085864	0.0084993	0.0088164	0.0082631	0.0070579	0.0068611	0.0082773	0.0047619	0.0061867	0.0046338	0.0072181	0.0075408	0.005541	0.0040748	0.0052418	0.0028764	0.0031666	0.0017389	0.0011949	7.987E-4	8.965E-4	9.789E-4	7.92E-4	7.263E-4	1.991E-4	2.088E-4	5.906E-4	9.756E-4	1.993E-4	0.0	0.0	3.046E-4	1.758E-4	5.509E-4	0.0022866	0.0044595	0.007377	0.0090473	0.012528	0.0169556	0.0180905	0.0131897	0.0175659	0.0133056	0.0134066	0.0146091	0.0140845	
Long-tailed Duck	0.1887161	0.194925	0.2122288	0.2068547	0.1838111	0.1539668	0.1168954	0.1724435	0.1417582	0.1209224	0.1176261	0.1012898	0.0834103	0.0554097	0.0341436	0.012623	0.0064166	0.0042221	0.0031052	0.0033854	0.0041534	0.0034068	0.0039154	0.0025345	0.003087	0.0033844	0.0027146	0.0028053	9.756E-4	1.993E-4	1.946E-4	1.223E-4	0.0	0.0015	1.836E-4	4.573E-4	1.784E-4	1.639E-4	0.0025849	0.0149018	0.0581063	0.078191	0.1094746	0.1557228	0.1848233	0.18	0.225879	0.2514415	
Bufflehead	0.2068055	0.1969755	0.2195865	0.2058629	0.1897133	0.1304405	0.1143225	0.1686498	0.1730769	0.1580427	0.1479237	0.1196308	0.1072638	0.0714494	0.0453843	0.0221438	0.0057528	0.0018999	0.0011179	5.974E-4	0.0	7.172E-4	3.915E-4	0.0015	0.0	1.991E-4	2.088E-4	1.476E-4	0.0	0.0	0.0	0.0	0.0	0.0	0.0	0.0	0.0	1.639E-4	0.0038774	0.0333641	0.0975424	0.1354774	0.1721257	0.1827687	0.2006237	0.1828571	0.2133569	0.2212875	
Common Goldeneye	0.089958	0.0947072	0.1101104	0.1056866	0.1020236	0.0795974	0.0650086	0.1070874	0.096337	0.0667417	0.0488327	0.0263874	0.0130809	0.0045203	0.0011241	5.349E-4	4.425E-4	0.0	1.242E-4	0.0015	0.0	1.793E-4	0.0	0.0	0.0	0.0	0.0	0.0	0.0	0.0	0.0	0.0	0.0	0.0	0.0	0.0	0.0	1.639E-4	0.0	2.637E-4	0.0026672	0.0020101	0.0074742	0.0185418	0.0367983	0.047033	0.0907048	0.1172133	
Barrow's Goldeneye	0.0093869	0.0056389	0.0049474	0.0062817	0.006914	0.0014377	0.00506	0.009312	0.0032967	0.0013123	1.782E-4	1.183E-4	0.0	0.0	0.0	0.0	0.0	0.0	0.0	0.0	0.0	0.0	0.0	0.0	0.0	0.0	0.0	0.0	0.0	0.0	0.0	0.0	0.0	0.0	0.0	0.0	0.0	0.0	0.0	0.0	0.0	0.0	0.0	0.0037641	0.0066528	6.593E-4	0.0038529	0.0075622	
Common x Barrow's Goldeneye (hybrid)	0.0	0.0	3.806E-4	2.204E-4	5.059E-4	0.0	0.0	0.0	0.0	0.0	0.0	0.0	0.0	0.0	0.0	0.0	0.0	0.0	0.0	0.0	0.0	0.0	0.0	0.0	0.0	0.0	0.0	0.0	0.0	0.0	0.0	0.0	0.0	0.0	0.0	0.0	0.0	0.0	0.0	0.0	0.0	0.0	0.0	0.0	0.0	0.0	1.605E-4	2.836E-4	
Common/Barrow's Goldeneye	2.933E-4	0.0	1.269E-4	2.204E-4	1.686E-4	2.614E-4	8.58E-5	0.0	3.663E-4	0.0	0.0	0.0	0.0	0.0	0.0	0.0	0.0	0.0	0.0	0.0	0.0	0.0	0.0	0.0	0.0	0.0	0.0	0.0	0.0	0.0	0.0	0.0	0.0	0.0	0.0	0.0	0.0	0.0	0.0	0.0	0.0	0.0	0.0	4.182E-4	6.237E-4	0.0	3.211E-4	9.45E-5	
Hooded Merganser	0.1668133	0.1785211	0.1661804	0.1632136	0.1340641	0.0980264	0.0818182	0.1345059	0.1230769	0.0978628	0.0664766	0.0495799	0.0326254	0.0266842	0.0134888	0.0064185	0.0035402	0.0025332	0.0021115	0.0016927	0.0015974	0.0014345	0.0011746	9.504E-4	0.0014527	7.963E-4	2.088E-4	8.859E-4	0.0013659	7.973E-4	0.0023351	9.786E-4	0.0012186	0.0010549	0.0022035	9.146E-4	0.0019622	0.002459	0.0035081	0.0142424	0.0520099	0.0838191	0.1059574	0.1236582	0.1401247	0.1520879	0.161021	0.1355516	
Common Merganser	0.0319742	0.0417788	0.0466827	0.0480494	0.0458685	0.0360737	0.0337907	0.0558717	0.0373626	0.0363705	0.018535	0.0141995	0.0073869	0.0051035	0.0025292	0.0016046	0.0019914	0.0010555	0.0016147	0.0011949	0.0014377	3.586E-4	9.789E-4	6.336E-4	3.632E-4	3.982E-4	6.264E-4	5.906E-4	1.951E-4	7.973E-4	3.892E-4	9.786E-4	4.57E-4	7.032E-4	3.672E-4	4.573E-4	3.568E-4	3.279E-4	1.846E-4	9.231E-4	7.62E-4	0.0024121	0.0054957	0.0055765	0.0118503	0.0164835	0.0195858	0.0240098	
Red-breasted Merganser	0.2161924	0.2149173	0.2529494	0.2525898	0.2397976	0.2044177	0.1636364	0.2574582	0.2289377	0.212036	0.2058457	0.1867235	0.16759	0.1463984	0.1095967	0.0633291	0.0344065	0.0194216	0.0113029	0.0077666	0.0044728	0.0053792	0.0039154	0.0033265	0.0032686	0.0027872	0.0018793	0.0036911	0.0050732	0.0027905	0.003308	0.0030581	0.0025895	7.032E-4	0.0033052	0.0010671	0.0021406	0.004918	0.0084934	0.0243967	0.0468661	0.0759799	0.0991427	0.1338352	0.1636175	0.1734066	0.2348692	0.2650534	
Common/Red-breasted Merganser	1.956E-4	3.845E-4	1.269E-4	3.306E-4	0.0	5.228E-4	9.434E-4	5.173E-4	0.0015	7.499E-4	1.782E-4	3.55E-4	1.539E-4	1.458E-4	0.0	1.07E-4	1.106E-4	1.056E-4	0.0015	0.0	4.792E-4	0.0	0.0	0.0015	0.0	0.0	0.0	0.0	0.0	0.0	0.0	0.0	0.0	0.0	0.0	0.0	1.784E-4	0.0	0.0	0.0	1.905E-4	2.01E-4	2.198E-4	2.788E-4	6.237E-4	2.198E-4	4.816E-4	5.672E-4	
merganser sp.	9.78E-5	0.0	0.0	0.0	0.0	0.0	0.0	0.0	0.0	0.0	0.0	0.0	0.0	0.0	0.0	0.0	0.0	0.0	0.0	0.0	0.0	0.0	0.0	0.0	0.0	0.0	0.0	0.0	0.0	0.0	0.0	0.0	0.0	0.0	0.0	0.0	0.0	0.0	0.0	0.0	0.0	0.0	0.0	1.394E-4	0.0	0.0	0.0	0.0	
Ruddy Duck	0.0704997	0.0733051	0.0608905	0.0585188	0.0546374	0.0264018	0.0264151	0.0356958	0.0401099	0.0384327	0.0340403	0.0242575	0.0210834	0.0148731	0.008571	0.0037441	0.0037615	0.0024277	0.00236	0.0010953	0.0014377	0.0012552	5.873E-4	3.168E-4	3.632E-4	3.982E-4	0.0	4.429E-4	1.951E-4	0.0	1.946E-4	4.893E-4	1.523E-4	3.516E-4	9.181E-4	0.0018293	0.0042811	0.0080328	0.0158789	0.0279573	0.0346733	0.0590955	0.0466036	0.0540917	0.0600832	0.0593407	0.0619682	0.045751	
duck sp.	0.0037157	0.0053825	0.006977	0.0057307	0.0045531	0.006143	0.00506	0.0074151	0.0058608	0.0080615	0.0073071	0.0060348	0.0040012	0.0058326	0.0051988	0.004065	0.0030977	0.0020055	0.0019873	0.0015931	0.0023962	0.0039448	9.789E-4	0.0034849	0.0025422	0.0031853	0.0027146	0.002067	0.0025366	0.0025912	0.003308	0.0026911	0.0039604	0.0029887	0.0055086	0.0053354	0.0049946	0.0057377	0.0073855	0.0077806	0.00743	0.0086432	0.0087931	0.0083647	0.0068607	0.0098901	0.0072243	0.0075622	
waterfowl sp.	0.0	1.282E-4	0.0	0.0	1.686E-4	0.0	0.0	0.0	0.0	0.0	0.0	0.0	0.0	0.0	1.405E-4	0.0	0.0	0.0	0.0	0.0	0.0	0.0	0.0	0.0	0.0	0.0	0.0	0.0	0.0	0.0	0.0	0.0	0.0	0.0	0.0	0.0	0.0	0.0	0.0	0.0	0.0	0.0	0.0	0.0	0.0	0.0	0.0	0.0	
Helmeted Guineafowl	5.867E-4	2.563E-4	0.0011417	4.408E-4	3.373E-4	6.535E-4	6.003E-4	0.0018969	0.0012821	0.0013123	3.564E-4	4.733E-4	4.617E-4	4.374E-4	9.836E-4	2.139E-4	5.532E-4	5.278E-4	9.937E-4	5.974E-4	9.585E-4	8.965E-4	3.915E-4	6.336E-4	7.263E-4	1.991E-4	6.264E-4	2.953E-4	1.951E-4	5.98E-4	5.838E-4	3.67E-4	3.046E-4	0.0015	1.836E-4	1.524E-4	7.135E-4	8.197E-4	7.386E-4	2.637E-4	3.81E-4	2.01E-4	6.595E-4	2.788E-4	0.0010395	0.0	1.605E-4	8.507E-4	
Northern Bobwhite	0.0010756	1.282E-4	6.343E-4	4.408E-4	3.373E-4	0.0	2.573E-4	3.449E-4	5.495E-4	1.875E-4	5.347E-4	0.0013016	0.001385	5.833E-4	0.0011241	0.0020325	0.0014382	0.0035888	0.0028568	0.0025889	0.0023962	0.0043034	0.0045027	0.0045937	0.0036317	0.0039817	0.0027146	0.002067	0.001561	0.0029898	0.0021405	0.0018349	0.0016756	0.0021097	0.0012853	0.0019817	0.0026757	9.836E-4	0.0011078	0.0011869	7.62E-4	2.01E-4	6.595E-4	5.576E-4	0.0012474	8.791E-4	0.0016054	0.0022686	
Wild Turkey	0.015156	0.015635	0.0133198	0.0125634	0.0112985	0.0172526	0.0179245	0.0162097	0.0199634	0.0254968	0.0267332	0.028044	0.0406279	0.0508895	0.0650555	0.0734917	0.0715787	0.0725142	0.0709229	0.0601414	0.0594249	0.0441097	0.038567	0.0441945	0.0381333	0.0320526	0.0327835	0.0299719	0.0310244	0.0316922	0.0326912	0.0325382	0.0324448	0.0360408	0.0326845	0.0306402	0.0292544	0.027377	0.028065	0.0233417	0.0198133	0.0176884	0.0160475	0.0149171	0.0170478	0.0189011	0.0207096	0.0228755	
Ruffed Grouse	0.0	0.0	0.0	0.0	0.0	0.0	0.0	0.0	0.0	0.0	0.0	0.0	0.0	0.0	0.0	0.0	1.106E-4	0.0	0.0	9.96E-5	0.0	1.793E-4	0.0	0.0	0.0	1.991E-4	0.0	1.476E-4	0.0	0.0	0.0	0.0	0.0	0.0	0.0015	0.0015	0.0	0.0	0.0	0.0	0.0	0.0	0.0	0.0	0.0	2.198E-4	0.0	9.453E-4	
Golden Pheasant	0.0	0.0	0.0	0.0	0.0	0.0	0.0	0.0	3.663E-4	1.875E-4	0.0	0.0	0.0	1.458E-4	0.0	0.0	0.0	0.0	0.0	0.0	0.0	0.0	0.0	0.0	0.0	0.0	0.0	0.0015	0.0	0.0	0.0	0.0	0.0	0.0	0.0	0.0015	0.0	0.0	0.0	0.0	0.0	0.0	0.0	0.0	0.0	0.0	0.0	0.0	
Ring-necked Pheasant	0.0077247	0.0055107	0.0050742	0.0050694	0.0035413	0.004836	0.0040309	0.0058631	0.0078755	0.008249	0.0071289	0.0055615	0.0066174	0.0048119	0.0043558	0.004386	0.0047572	0.0054887	0.0058378	0.004182	0.0036741	0.0037655	0.0023493	0.002376	9.079E-4	0.0019908	0.0029234	0.002067	0.001561	0.0027905	0.0015567	0.0018349	0.0027418	0.0026371	0.0020198	0.0044207	0.0033892	0.0021311	0.0022157	0.0047475	0.0034292	0.0096482	0.006375	0.0076676	0.0076923	0.0083516	0.0048162	0.010587	
Green Pheasant	0.0	0.0	0.0	0.0	0.0	0.0	0.0	0.0	0.0	0.0	0.0	0.0	0.0	0.0	0.0	0.0	0.0	0.0	0.0	0.0	0.0	0.0	0.0	0.0	0.0	0.0	0.0	0.0	0.0	0.0	0.0	0.0	0.0	0.0	0.0	0.0	0.0	0.0	0.0	0.0	0.0	0.0	0.0	1.394E-4	0.0	0.0	0.0	0.0	
Ring-necked/Green Pheasant	0.0	0.0	0.0	0.0	0.0	0.0	0.0	0.0	1.832E-4	0.0	0.0	0.0	0.0	0.0	0.0	0.0015	0.0	0.0	0.0	0.0	0.0	0.0	0.0	0.0	0.0	0.0	0.0	0.0	0.0	0.0	0.0	0.0	0.0	0.0	0.0	0.0	0.0	0.0	0.0	0.0	0.0	0.0	0.0	0.0	0.0	0.0	0.0	0.0	
Silver Pheasant	0.0	0.0	0.0	0.0	0.0	0.0	0.0	0.0	0.0	0.0	0.0	0.0	0.0	0.0	0.0	0.0	0.0	0.0	0.0	0.0015	0.0	0.0	0.0	0.0	1.816E-4	0.0	0.0	0.0	0.0	0.0	0.0	0.0015	0.0	0.0	0.0	0.0	0.0	0.0	0.0	0.0	0.0	0.0	0.0	0.0	0.0	0.0	0.0	0.0	
Indian Peafowl	0.0	0.0015	0.0	1.102E-4	0.0	2.614E-4	4.288E-4	1.724E-4	3.663E-4	1.875E-4	0.0012475	7.1E-4	7.695E-4	4.374E-4	9.836E-4	0.0014976	0.002102	0.0022166	0.0027326	0.0018919	0.001278	8.965E-4	9.789E-4	0.0014256	0.0014527	9.954E-4	8.352E-4	8.859E-4	0.0	5.98E-4	0.0011675	3.67E-4	1.523E-4	1.758E-4	3.672E-4	4.573E-4	0.0	3.279E-4	5.539E-4	0.0015	1.905E-4	0.0	0.0	4.182E-4	2.079E-4	0.0	0.0	9.45E-5	
Red Junglefowl	0.0	0.0	0.0	0.0	0.0	0.0	0.0	1.724E-4	0.0	0.0	0.0	0.0	0.0	0.0	0.0	0.0	0.0	0.0	0.0	0.0	0.0	0.0	0.0	1.584E-4	1.816E-4	0.0	0.0	0.0	0.0	0.0	0.0	0.0	0.0	0.0	0.0	0.0015	0.0	0.0	0.0015	0.0	0.0	0.0	0.0	0.0	0.0	0.0	0.0	9.45E-5	
Chukar	0.0	0.0015	0.0	0.0	0.0	0.0	8.58E-5	3.449E-4	0.0	1.875E-4	0.0015	0.0015	1.539E-4	0.0	0.0	0.0	0.0	0.0	6.21E-4	9.96E-5	1.597E-4	1.793E-4	0.0	0.0	0.0	5.973E-4	0.0	2.953E-4	0.0	0.0	0.0	0.0	0.0	0.0	1.836E-4	0.0015	0.0	0.0	0.0015	0.0	0.0	0.0015	0.0	0.0	0.0	2.198E-4	1.605E-4	9.45E-5	
Rock Pigeon	0.0669796	0.0533128	0.0606368	0.0597311	0.0581788	0.0545027	0.0468268	0.0588032	0.0589744	0.0588676	0.0561397	0.0562064	0.0604801	0.0584719	0.0581706	0.0522037	0.0538776	0.0538315	0.0540306	0.0493876	0.0546326	0.0659853	0.0583399	0.067163	0.0650082	0.0666932	0.0737106	0.0701314	0.0811707	0.0886984	0.0741389	0.0866055	0.0795126	0.0729606	0.0659199	0.0652439	0.0709954	0.0627869	0.0757016	0.0821575	0.0853496	0.0876382	0.0751814	0.0755611	0.0702703	0.0701099	0.0802697	0.0564326	
Band-tailed Pigeon	0.0	0.0	0.0	0.0	0.0	0.0	0.0	0.0	0.0	0.0	0.0	0.0	0.0	0.0	0.0	0.0	0.0	0.0	0.0	0.0	0.0	0.0	0.0	0.0	0.0	0.0	0.0	0.0	0.0	0.0	0.0	0.0	0.0	0.0	0.0	0.0	0.0	0.0	0.0	0.0	0.0	0.0015	0.0	0.0	0.0	0.0015	0.0	0.0	
Eurasian Collared-Dove	0.0	0.0	0.0	0.0	0.0	0.0	0.0	0.0	0.0	0.0	0.0	0.0	0.0	0.0	0.0	0.0	0.0	0.0	0.0	0.0	1.597E-4	0.0	0.0	0.0	0.0	0.0	0.0	0.0	0.0	0.0	0.0	0.0	0.0	0.0	0.0	0.0	0.0	0.0	0.0	0.0	0.0	0.0	0.0	0.0	0.0	0.0	0.0	0.0	
African Collared-Dove	0.0	0.0	0.0	0.0	0.0	0.0	0.0	0.0	0.0	0.0	0.0	0.0	0.0	0.0	0.0	0.0	0.0	0.0	0.0	0.0	0.0	0.0015	0.0	0.0	0.0	0.0	0.0	0.0	0.0	0.0	0.0	0.0	0.0	1.758E-4	0.0	0.0	0.0	0.0	0.0	0.0	0.0	0.0	0.0	1.394E-4	0.0	0.0	0.0	0.0	
Common Ground Dove	0.0	0.0	0.0	0.0	0.0	0.0	0.0	0.0	0.0	0.0	0.0	0.0	0.0	0.0	0.0	0.0	0.0	0.0	0.0	0.0	0.0	0.0	0.0	0.0	0.0	0.0	0.0	0.0	0.0	0.0	0.0	0.0	0.0	0.0	0.0	0.0	0.0	0.0	0.0	7.912E-4	0.0026672	8.04E-4	0.001319	0.0015	0.0	0.0	0.0	0.0	
White-winged Dove	0.0	0.0	0.0	0.0	0.0	0.0	0.0	0.0	0.0	0.0	0.0	0.0	0.0	1.458E-4	0.0	0.0	0.0	0.0	0.0	0.0015	0.0	1.793E-4	0.0	1.584E-4	0.0014527	0.0	0.0	1.476E-4	0.0	0.0	0.0	0.0015	0.0015	0.0	0.0	0.0	0.0	0.0	0.0	0.0	0.0	0.0	4.397E-4	1.394E-4	0.0	0.0	0.0015	0.0	
Mourning Dove	0.1783514	0.1481481	0.1538754	0.1776504	0.1947723	0.2721213	0.3433962	0.2622866	0.2664835	0.296213	0.310818	0.305881	0.3110188	0.3394576	0.3453702	0.373021	0.3962828	0.3820984	0.3729971	0.3361545	0.3504792	0.3622019	0.3465153	0.3679709	0.3608135	0.3605415	0.3533097	0.3809243	0.3691707	0.3807056	0.3868457	0.3976758	0.3590251	0.3772855	0.3420859	0.3275915	0.3019979	0.2939344	0.2878508	0.2894633	0.2735759	0.2763819	0.2664322	0.2323993	0.2428274	0.2463736	0.2525285	0.2203422	
pigeon/dove sp.	0.0	0.0	0.0	0.0	0.0	0.0	0.0	1.724E-4	0.0	0.0015	0.0	0.0	0.0	0.0	0.0	0.0	0.0	0.0	0.0	0.0	0.0	0.0	1.958E-4	1.584E-4	0.0	0.0	0.0	0.0	0.0	0.0	0.0	0.0	0.0	0.0	0.0	0.0	0.0	0.0	0.0	0.0	0.0	0.0	0.0	0.0	0.0	0.0	0.0	0.0	
Yellow-billed Cuckoo	0.0	0.0	0.0	0.0	0.0	0.0	0.0	0.0	0.0	0.0	0.0	1.183E-4	1.539E-4	0.0	0.0015	4.279E-4	0.0046465	0.0164661	0.034033	0.0452056	0.035623	0.025641	0.0197729	0.0256613	0.02288	0.0161258	0.0121111	0.0131404	0.0107317	0.0133546	0.0140105	0.0088073	0.0085301	0.011955	0.012119	0.0118902	0.0096325	0.0077049	0.0070162	0.00422	0.0011431	0.0015	0.0	0.0	0.0	0.0	0.0	0.0	
Black-billed Cuckoo	0.0	0.0	0.0	0.0	0.0	0.0	0.0	0.0	0.0	0.0	0.0	0.0	0.0	0.0	0.0	2.139E-4	0.0023233	0.007072	0.0127934	0.0082645	0.0047923	0.0057379	0.0052858	0.0064945	0.0041765	0.0013936	0.0020881	0.0019194	0.0011707	9.966E-4	0.0017513	0.0019572	0.0013709	0.0017581	0.0012853	0.0030488	0.0033892	0.0019672	0.0011078	2.637E-4	0.0	0.0	0.0	0.0	0.0	0.0	0.0	0.0	
Yellow-billed/Black-billed Cuckoo	0.0	0.0	0.0	0.0	0.0	0.0	0.0	0.0	0.0	0.0	0.0	0.0	0.0	0.0	0.0	0.0	1.106E-4	2.111E-4	8.695E-4	8.961E-4	3.195E-4	1.793E-4	1.958E-4	7.92E-4	5.448E-4	9.954E-4	2.088E-4	2.953E-4	5.854E-4	3.986E-4	1.946E-4	6.116E-4	1.523E-4	0.0	0.0	0.0	1.784E-4	1.639E-4	0.0	1.319E-4	1.905E-4	0.0	0.0	0.0	0.0	0.0	0.0	0.0	
Common Cuckoo	0.0	0.0	0.0	0.0	0.0	0.0	0.0	0.0	0.0	0.0	0.0	0.0	0.0	0.0	0.0	0.0	0.0	0.0	0.0	0.0	0.0	0.0	0.0	0.0	0.0	0.0	0.0	0.0	0.0	0.0	0.0	0.0	0.0	0.0	0.0	0.0	0.0	0.0	0.0	0.0203086	0.0	0.0	0.0	0.0	0.0	0.0	0.0	0.0	
cuckoo sp. (Cuculidae sp.)	0.0	0.0	0.0	0.0	0.0	0.0	0.0	0.0	0.0	0.0	0.0	0.0	0.0	0.0	0.0	0.0	0.0	0.0	2.484E-4	9.96E-5	4.792E-4	0.0	3.915E-4	0.0	0.0	1.991E-4	2.088E-4	2.953E-4	0.0	0.0	0.0	0.0	0.0	0.0	0.0	1.524E-4	0.0	0.0	0.0	0.0	0.0	0.0	0.0	0.0	0.0	0.0	0.0	0.0	
Common Nighthawk	0.0	0.0	0.0	0.0	0.0	0.0	0.0	0.0	0.0	0.0	0.0	0.0	0.0	0.0	0.0	3.209E-4	3.319E-4	0.0018999	0.0027326	0.0029872	0.0023962	5.379E-4	0.0015	1.584E-4	3.632E-4	1.991E-4	4.176E-4	1.476E-4	0.0013659	0.0017939	0.0052539	0.0308257	0.0353389	0.0416667	0.0385604	0.0243902	0.0222975	0.007377	0.0027696	2.637E-4	0.0	0.0	0.0	0.0	0.0	0.0	0.0	0.0	
Chuck-will's-widow	0.0	0.0	0.0	0.0	0.0	0.0	0.0	0.0	0.0	0.0	0.0	0.0	0.0	0.0	1.405E-4	5.349E-4	8.851E-4	0.0025332	0.0072041	0.0078662	0.0067093	0.0080689	0.0064605	0.0052273	0.0019975	0.0017918	4.176E-4	1.476E-4	1.951E-4	0.0	1.946E-4	0.0015	0.0	0.0	0.0	0.0	0.0	0.0	0.0	0.0	0.0	0.0	0.0	0.0	0.0	0.0	0.0	0.0	
Eastern Whip-poor-will	0.0	0.0	0.0	0.0	0.0	0.0	0.0	0.0	0.0	0.0	0.0	0.0	0.0	2.916E-4	0.0012646	0.0028883	0.0044253	0.0054887	0.0104335	0.0113512	0.0124601	0.0100412	0.0133125	0.0085538	0.0029054	0.0025881	0.0020881	0.0022147	7.805E-4	9.966E-4	5.838E-4	1.223E-4	4.57E-4	7.032E-4	5.509E-4	3.049E-4	0.0	0.0	0.0015	0.0	0.0	0.0	0.0	0.0	0.0	0.0	0.0	0.0	
Chimney Swift	0.0	0.0	0.0	0.0	0.0	0.0	0.0	0.0	0.0	0.0	0.0	0.0	4.617E-4	5.833E-4	0.0029507	0.0244972	0.0772209	0.1111463	0.1279344	0.1087325	0.1180511	0.1126053	0.1023884	0.0932995	0.0835301	0.0680868	0.0628524	0.0677691	0.0690732	0.0741479	0.0616852	0.0746177	0.0456969	0.0407876	0.0238707	0.0146341	0.0048163	0.0018033	0.0012925	0.0	1.905E-4	0.0	0.0	0.0	0.0	0.0	0.0	0.0	
Chimney/Vaux's Swift	0.0	0.0	0.0	0.0	0.0	0.0	0.0	0.0	0.0	0.0	0.0	0.0	0.0	0.0	0.0	0.0	0.0	0.0	0.0	0.0	0.0	0.0	0.0	0.0	0.0	0.0	0.0	0.0	0.0	0.0	0.0	0.0	0.0	0.0	0.0	0.0	0.0	0.0	0.0	1.319E-4	0.0	0.0	0.0	0.0	0.0	0.0	0.0	0.0	
swift sp.	0.0	0.0	0.0	0.0	0.0	0.0	0.0	0.0	0.0	0.0	0.0	0.0	0.0	0.0	0.0	0.0	0.0	0.0	0.0	0.0	0.0	0.0	0.0	0.0	0.0	0.0	0.0	0.0	0.0	0.0	0.0	1.223E-4	0.0	0.0	0.0	0.0	0.0	0.0	0.0	0.0	0.0	0.0	0.0	0.0	0.0	0.0	0.0	0.0	
Ruby-throated Hummingbird	0.0	0.0	0.0	0.0	0.0	0.0	0.0	0.0	0.0	0.0	0.0	0.0	0.0	1.458E-4	8.431E-4	0.0197903	0.0626175	0.0654423	0.0772575	0.0443095	0.0410543	0.041958	0.0371966	0.0364328	0.0350463	0.0386223	0.0425976	0.0504946	0.065561	0.0801276	0.0945709	0.107156	0.0930693	0.1028481	0.091076	0.0440549	0.0156975	0.0022951	9.232E-4	2.637E-4	0.0015	0.001005	2.198E-4	0.0015	0.0015	0.0	0.0	0.0	
Calliope Hummingbird	0.0	0.0	0.0	0.0	0.0	0.0	0.0	0.0	0.0	0.0	0.0	0.0	0.0	0.0	0.0	0.0	0.0	0.0	0.0	0.0	0.0	0.0	0.0	0.0	0.0	0.0	0.0	0.0	0.0	0.0	0.0	0.0	0.0	0.0	0.0	0.0	0.0	0.0	0.0	0.0	0.0087636	0.0150754	0.0057155	6.971E-4	0.0	0.0	0.0	0.0	
Rufous Hummingbird	0.004009	0.0015379	0.0012686	5.51E-4	0.0	0.0	4.288E-4	0.0	7.326E-4	0.0	0.0	0.0	1.539E-4	0.0	0.0	0.0	0.0	0.0	0.0	0.0	0.0	0.0	0.0	0.0	0.0	0.0	0.0	0.0	1.951E-4	0.0	1.946E-4	2.446E-4	0.0015	0.0	1.836E-4	0.0	1.784E-4	4.918E-4	3.693E-4	0.0026375	0.0133359	0.0076382	0.0039569	0.0052976	0.0039501	0.0050549	0.002087	0.0019851	
Allen's Hummingbird	1.956E-4	2.563E-4	1.269E-4	0.0	1.686E-4	6.535E-4	0.0	1.724E-4	5.495E-4	0.0	0.0	0.0	0.0	0.0	0.0	0.0	0.0	0.0	0.0	0.0	0.0	0.0	0.0	0.0	0.0	0.0	0.0	0.0	0.0	0.0	0.0	0.0	0.0	0.0	0.0	0.0	0.0	0.0	1.846E-4	0.00211	0.0013336	0.001407	0.0015388	6.971E-4	2.079E-4	2.198E-4	1.605E-4	1.891E-4	
Rufous/Allen's Hummingbird	0.0	0.0015	1.269E-4	0.0	0.0	0.0	0.0	0.0	0.0	0.0	0.0	0.0	0.0	0.0	0.0	0.0	0.0	0.0	0.0	0.0	0.0	0.0	0.0	0.0	0.0	0.0	0.0	0.0	0.0	0.0	0.0	6.116E-4	0.0	0.0	0.0	0.0015	0.0	0.0	0.0	1.319E-4	1.905E-4	0.0	2.198E-4	2.788E-4	0.0	0.0	1.605E-4	0.0	
Selasphorus sp.	0.0	0.0	0.0	0.0	0.0	0.0	0.0	0.0	0.0	0.0	0.0	0.0	0.0	0.0	0.0	0.0	0.0	0.0	0.0	0.0	0.0	0.0	0.0	0.0	0.0	0.0	0.0	0.0	0.0	0.0	0.0	0.0	0.0	0.0	0.0	0.0	0.0	0.0	0.0	0.0	0.0	0.0	2.198E-4	0.0	0.0	0.0	0.0015	0.0	
hummingbird sp.	0.0	0.0	0.0	0.0	0.0	0.0	0.0	0.0	0.0	0.0	0.0	0.0	0.0	0.0	0.0	0.0	0.0	0.0	0.0	0.0	0.0	0.0	0.0	0.0	0.0	0.0	0.0	0.0	0.0	0.0	0.0	1.223E-4	1.523E-4	0.0	0.0	0.0	0.0	0.0	0.0	1.319E-4	0.0	0.0	0.0	0.0	0.0015	0.0	0.0	0.0	
King Rail	0.0	0.0	0.0	0.0	0.0	0.0	0.0	0.0	0.0	0.0	0.0	0.0	0.0	0.0	1.405E-4	1.07E-4	1.106E-4	1.056E-4	0.0013663	0.002091	0.0020767	0.0010758	0.0	9.504E-4	0.002179	9.954E-4	8.352E-4	1.476E-4	0.0	0.0	0.0	0.0	0.0	0.0	0.0	0.0	0.0	1.639E-4	0.0	0.0	0.0	0.0	0.0	0.0	0.0	0.0	0.0	0.0	
Clapper Rail	3.911E-4	0.001666	0.0013954	0.0020939	0.0010118	0.0015	1.715E-4	5.173E-4	5.495E-4	0.0015	0.0010693	3.55E-4	0.001385	0.0020414	0.008009	0.0116602	0.0170373	0.0192105	0.0313005	0.0348501	0.0396166	0.0405236	0.036805	0.0359575	0.0354095	0.0292654	0.0319482	0.034106	0.0298537	0.029699	0.0301615	0.0207951	0.0137091	0.0089662	0.0047741	0.0057927	0.008919	0.0072131	0.0016617	0.0029012	9.526E-4	0.001206	8.793E-4	6.971E-4	2.079E-4	2.198E-4	0.0014449	0.0013234	
King x Clapper Rail (hybrid)	0.0	0.0	0.0	0.0	0.0	0.0	0.0	0.0	0.0	0.0	0.0	0.0	0.0	0.0	0.0	0.0	0.0	0.0	0.0015	0.0	0.0	5.379E-4	1.958E-4	3.168E-4	7.263E-4	9.954E-4	2.088E-4	0.0	0.0	0.0	0.0	0.0	0.0	0.0	0.0	0.0	0.0	0.0	0.0	0.0	0.0	0.0	0.0	0.0	0.0	0.0	0.0	0.0	
King/Clapper Rail	0.0	0.0	0.0	0.0	0.0	0.0	0.0	0.0	0.0	0.0	0.0	0.0	0.0	0.0	0.0	0.0	0.0	0.0	0.0	0.0	0.0	3.586E-4	1.958E-4	1.584E-4	0.0	0.0	0.0	0.0	0.0	0.0	1.946E-4	1.223E-4	3.046E-4	0.0	0.0	0.0	0.0	0.0	0.0	0.0	0.0	0.0015	0.0	0.0	0.0	0.0	0.0	0.0	
large rail sp.	0.0	0.0	0.0	0.0	0.0	0.0	0.0	0.0	0.0	0.0	1.782E-4	0.0	0.0	0.0	0.0	0.0	0.0	2.111E-4	1.242E-4	9.96E-5	0.0	1.793E-4	1.958E-4	0.0	0.0	0.0	0.0	0.0	1.951E-4	0.0	0.0	1.223E-4	0.0	1.758E-4	0.0	0.0	0.0	0.0	0.0	0.0	0.0	0.0	0.0	0.0	0.0	0.0	0.0	0.0	
Virginia Rail	0.0023467	0.0046136	0.0039325	0.0026449	0.0038786	0.001307	6.003E-4	0.0012071	0.0025641	0.0024372	0.0023169	0.0029582	0.0041551	0.0067075	0.0053393	0.0059906	0.007523	0.0052776	0.0055894	0.0050782	0.0044728	0.0080689	0.0041112	0.0036433	0.0032686	0.0041808	0.004385	0.0017717	0.0033171	9.966E-4	9.73E-4	0.0011009	9.139E-4	7.032E-4	7.345E-4	6.098E-4	0.0012487	0.0016393	0.002031	0.0015825	0.0011431	8.04E-4	0.001319	0.0015335	0.0018711	0.0032967	0.0086691	0.0034975	
Rallus sp.	0.0	0.0	0.0	0.0	0.0	0.0	0.0	0.0	0.0	0.0	0.0	0.0	0.0	0.0	0.0	0.0	0.0	0.0	0.0	0.0	0.0	0.0	0.0	0.0	0.0	0.0	0.0	0.0	0.0	0.0	0.0	0.0	0.0	0.0	1.836E-4	0.0	3.568E-4	0.0	0.0	0.0	0.0	0.0	0.0	0.0	0.0	0.0	0.0	0.0	
Corn Crake	0.0	0.0	0.0	0.0	0.0	0.0	0.0	0.0	0.0	0.0	0.0	0.0	0.0	0.0	0.0	0.0	0.0	0.0	0.0	0.0	0.0	0.0	0.0	0.0	0.0	0.0	0.0	0.0	0.0	0.0	0.0	0.0	0.0	0.0	0.0	0.0	0.0	0.0	0.0	0.0	0.007049	0.0140704	0.0	0.0	0.0	0.0	0.0	0.0	
Sora	0.0044979	0.0	2.537E-4	2.204E-4	1.686E-4	0.0	0.0	0.0	0.0	0.0	0.0	1.183E-4	0.0	1.458E-4	0.0	1.07E-4	1.106E-4	4.222E-4	2.484E-4	9.96E-5	0.0015	1.793E-4	3.915E-4	0.0	1.816E-4	0.0	0.0	1.476E-4	0.0015	1.993E-4	3.892E-4	4.893E-4	0.0025895	0.0010549	0.0016526	9.146E-4	0.0012487	8.197E-4	5.539E-4	1.319E-4	0.0015	2.01E-4	0.0	0.0	0.0	0.0	0.0	7.562E-4	
Common Gallinule	3.911E-4	2.563E-4	0.001776	0.0014327	0.0	0.0	0.0	0.0	0.0	0.0	0.0	0.0	0.0	0.0	8.431E-4	2.139E-4	0.0	0.0	1.242E-4	0.0	1.597E-4	0.0	0.0015	0.0	0.0	0.0	0.0	0.0	0.0	0.0	5.838E-4	0.0	0.0	0.0021097	5.509E-4	0.0010671	7.135E-4	0.0029508	7.386E-4	0.0	0.0015	2.01E-4	2.198E-4	0.0037641	4.158E-4	4.396E-4	0.0011238	0.0	
American Coot	0.0620905	0.0595925	0.0476976	0.0436412	0.0369309	0.0222193	0.0194683	0.0312123	0.0269231	0.0326209	0.020139	0.0198793	0.0175439	0.0141441	0.0101166	0.0039581	0.0011063	4.222E-4	0.0015	2.987E-4	6.39E-4	0.0	0.0	0.0	1.816E-4	0.0	2.088E-4	0.0	0.0	0.0015	1.946E-4	1.223E-4	0.0015	0.0	5.509E-4	0.001372	0.0024973	0.0068852	0.0099705	0.0143743	0.023433	0.0367839	0.0340734	0.0383382	0.0488565	0.0437363	0.042864	0.0304377	
Purple Gallinule	0.0	0.0	0.0	0.0	0.0	0.0	0.0	0.0	0.0	0.0	0.0	0.0	0.0015	0.0	0.0	0.0	0.0	0.0015	0.0015	0.0	0.0	0.0	0.0	0.0011088	0.0	0.0	0.0	0.0	0.0	0.0	0.0	0.0	0.0	0.0	0.0	0.0	0.0	0.0	0.0014771	0.0	0.0024767	0.001809	0.0	0.0	0.0	0.0	0.0	0.0	
Azure Gallinule	0.0	0.0	0.0	0.0	0.0	0.0	0.0	0.0	0.0	0.0	0.0	0.0	0.0	0.0	0.0	0.0	0.0	0.0	0.0	0.0	0.0	0.0	0.0	0.0	0.0	0.0	0.0	0.0	0.0	0.0	0.0	0.0	0.0	0.0	0.0	0.0	0.0	0.0	0.0	0.0	0.0	0.0	0.0	0.0	0.0	0.0015	0.0	0.0	
Yellow Rail	0.0	0.0	0.0	0.0	0.0	0.0	0.0	0.0	0.0	0.0	0.0	0.0	0.0	0.0	0.0	0.0	0.0	0.0	0.0	0.0	0.0	0.0	0.0	0.0	0.0	0.0	0.0	0.0	0.0	0.0	0.0	0.0	0.0	0.0	0.0	0.0	0.0015	0.0015	0.0015	0.0015	0.0	0.0	0.0	0.0	0.0	0.0	0.0	0.0	
Black Rail	0.0	0.0	0.0	0.0	0.0	0.0	0.0	0.0	0.0	0.0	0.0	0.0	0.0	0.0	0.0	0.0	0.0	0.0	0.0015	2.987E-4	1.597E-4	3.586E-4	0.0	0.0	0.0	0.0015	0.0	0.0	0.0	0.0	0.0	0.0	0.0	0.0	0.0	0.0	0.0	0.0	0.0015	0.0	0.0	0.0	0.0	0.0	0.0	0.0	1.605E-4	0.0	
rail/crake sp.	9.78E-5	0.0	0.0	0.0	0.0	0.0	0.0	0.0	0.0	0.0	0.0	0.0	0.0	0.0	0.0	0.0	0.0	0.0	0.0	0.0	0.0	0.0	0.0	0.0	0.0	0.0	0.0	1.476E-4	0.0	0.0	0.0	0.0	0.0	0.0	0.0	0.0	3.568E-4	0.0	0.0	0.0	0.0	0.0015	0.0	0.0	0.0	0.0	0.0	0.0	
Sandhill Crane	3.911E-4	0.0015379	0.0016491	7.714E-4	0.003204	3.921E-4	0.0041166	0.0012071	7.326E-4	1.875E-4	0.0015	3.55E-4	0.0010773	0.0017498	2.81E-4	2.139E-4	0.0	0.0	2.484E-4	6.97E-4	0.0019169	5.379E-4	7.831E-4	0.0011088	7.263E-4	5.973E-4	0.0	0.0	0.0	0.0	0.0015	0.0	0.0	0.0	0.0	0.0015	0.0	0.0	3.693E-4	0.0	0.0	2.01E-4	0.0015	1.394E-4	0.0	0.0	0.0015	0.0015	
Black-necked Stilt	0.0	0.0	0.0	0.0	0.0	0.0	0.0	0.0	0.0	0.0015	0.0	0.0	0.0	0.0	0.0	0.0020325	2.213E-4	1.056E-4	0.00236	0.0019914	0.0119808	0.0015	1.958E-4	4.752E-4	0.0	0.0	0.0014617	0.0	0.0	0.0	0.0	0.0	0.0	0.0	0.0	0.0	0.0	0.0	0.0	0.0	0.0	0.0	0.0	0.0	0.0	0.0	0.0	0.0	
American Avocet	0.0	0.0	0.0	0.0	0.0	0.0	0.0	0.0	0.0	0.0	0.0	0.0	0.0	0.0	0.0	0.0	0.0	0.0	0.0	0.0	0.0	0.0	3.915E-4	1.584E-4	0.0	0.0	6.264E-4	0.0023623	0.0037073	1.993E-4	0.0044756	0.0078287	0.0033511	0.004571	0.0011017	3.049E-4	7.135E-4	1.639E-4	0.0015	0.0	0.0011431	0.0	0.001319	0.0	0.0	0.0	0.0	0.0	
American Oystercatcher	8.8E-4	2.563E-4	2.537E-4	3.306E-4	0.0	1.307E-4	4.288E-4	0.0029315	0.0062271	0.0148106	0.0422385	0.056443	0.0580179	0.0606591	0.0653365	0.0661104	0.0589667	0.0613257	0.0799901	0.1077367	0.1204473	0.122288	0.1311668	0.1348012	0.1445433	0.1365718	0.150971	0.1399675	0.1172683	0.103249	0.1000195	0.0776758	0.0520944	0.0362166	0.0269923	0.0239329	0.0132001	0.0113115	0.0121861	0.0098905	0.0102877	0.0084422	0.0037371	0.0054371	0.0039501	0.001978	0.0016054	0.0010398	
Black-bellied Plover	0.0138848	0.0107651	0.0093873	0.0103593	0.010118	0.0081035	0.0051458	0.0082773	0.0076923	0.0050619	0.0092675	0.0087564	0.0106187	0.0135608	0.0238865	0.0312366	0.0373935	0.0548871	0.0895541	0.1069402	0.0694888	0.0410615	0.0379796	0.0324727	0.0401307	0.0320526	0.0444769	0.0664403	0.088	0.1142117	0.1399105	0.1252599	0.1162224	0.0752461	0.0672053	0.0884146	0.0720656	0.0816393	0.0736706	0.0887512	0.0904934	0.0711558	0.0483623	0.0354106	0.0278586	0.0202198	0.0260074	0.0160696	
American Golden-Plover	0.0	0.0	0.0	0.0	0.0	0.0	0.0	0.0	0.0	0.0	0.0	0.0	0.0	5.833E-4	2.81E-4	4.279E-4	2.213E-4	1.056E-4	0.0	0.0015	0.0015974	0.0	0.0	0.0015	0.0	0.0015	0.0	0.0	0.0	9.966E-4	0.0048648	0.0174924	0.0432597	0.0283052	0.0244216	0.0152439	0.0078487	0.0090164	0.0044313	0.0067256	0.0080015	0.0030151	0.0028578	2.788E-4	2.079E-4	0.0013187	1.605E-4	0.0	
Pacific Golden-Plover	0.0	0.0	0.0	0.0	0.0	0.0	0.0	0.0	0.0	0.0	0.0	0.0	0.0	0.0	0.0	0.0	0.0	0.0	0.0	0.0	0.0	0.0	0.0	0.0	0.0	0.0	0.0	0.0	0.0	0.0	0.0	0.0	0.0015	0.0	0.0	0.0	0.0	0.0	0.0	0.0	0.0	0.0	0.0	0.0	0.0	0.0	0.0	0.0	
American/Pacific Golden-Plover (Lesser Golden-Plover)	0.0	0.0	0.0	0.0	0.0	0.0	0.0	0.0	0.0	0.0	0.0	0.0	0.0	0.0	0.0	0.0	0.0	0.0	0.0	0.0	0.0	0.0	0.0	0.0	0.0	0.0	0.0	0.0	0.0	0.0	0.0	0.0	0.0	0.0	1.836E-4	0.0	0.0	0.0	0.0	0.0	0.0	0.0	0.0	0.0	0.0	0.0	0.0	0.0	
Black-bellied Plover/golden-plover sp.	0.0	0.0	0.0	0.0	0.0	0.0	0.0	0.0	0.0	0.0	0.0	0.0	0.0	0.0	0.0	0.0	0.0	0.0	0.0	0.0	0.0	0.0	0.0	0.0	0.0	0.0	0.0	0.0	0.0	0.0	0.0	1.223E-4	0.0	1.758E-4	0.0	1.524E-4	0.0	0.0	0.0	1.319E-4	0.0	0.0	0.0	0.0	0.0	0.0	0.0	0.0	
Killdeer	0.0136893	0.0125593	0.0111633	0.0247961	0.0139966	0.0164684	0.0175815	0.0444904	0.0727106	0.0853018	0.0962395	0.0830671	0.0774084	0.0734908	0.0733455	0.0735986	0.0737913	0.073042	0.0794932	0.0815493	0.1102236	0.0928815	0.094166	0.0920323	0.0993281	0.0935696	0.1000209	0.1036468	0.0950244	0.0954754	0.080755	0.1144954	0.1375476	0.0931786	0.0633492	0.064939	0.0585087	0.0563934	0.0614845	0.0662007	0.0556296	0.04	0.0331941	0.0218876	0.0191268	0.0206593	0.020549	0.0162586	
Common Ringed Plover	0.0	0.0	0.0	0.0	0.0	0.0	0.0	0.0	0.0	0.0	0.0	0.0	0.0	0.0	0.0	0.0	0.0	0.0	0.0	0.0	0.0	0.0	0.0	0.0	0.0	0.0	0.0	0.0	0.0	0.0	5.838E-4	0.0066055	0.0031988	7.032E-4	0.0	0.0	0.0	0.0	0.0	0.0	0.0	0.0	0.0	0.0	0.0	0.0	0.0	0.0	
Semipalmated Plover	9.78E-5	0.0	0.0	1.102E-4	1.686E-4	0.0	0.0	0.0	0.0	1.875E-4	1.782E-4	1.183E-4	4.617E-4	7.291E-4	2.81E-4	0.0034232	0.0133864	0.0337767	0.0633462	0.0697003	0.0527157	0.0276134	0.0150744	0.0120387	0.0237879	0.0422059	0.0960535	0.1759929	0.2130732	0.2188559	0.2265032	0.2097859	0.1925362	0.1179677	0.081895	0.0713415	0.052087	0.0411475	0.0302806	0.0213636	0.0116213	0.0050251	0.0041767	0.0030671	6.237E-4	2.198E-4	4.816E-4	9.45E-5	
Common Ringed/Semipalmated Plover	0.0	0.0	0.0	0.0	0.0	0.0	0.0	0.0	0.0	0.0	0.0	0.0	0.0	0.0	0.0	0.0	0.0	0.0	0.0	0.0	0.0	0.0	0.0	0.0	0.0	0.0	0.0	0.0	0.0	1.993E-4	0.0	0.0	0.0	0.0	0.0	0.0	0.0	0.0	0.0	0.0	0.0	0.0	0.0	0.0	0.0	0.0	0.0	0.0	
Piping Plover	0.0	0.0	0.0	0.0	1.686E-4	0.0	0.0	1.724E-4	0.0012821	0.0028121	0.0121191	0.0260324	0.0264697	0.0278507	0.0269777	0.0375481	0.0350703	0.044543	0.0589989	0.0924027	0.1007987	0.0975435	0.1076742	0.0990021	0.098057	0.1136771	0.113176	0.1173778	0.0920976	0.066773	0.0616852	0.0459939	0.0289414	0.0126582	0.0084466	0.0059451	0.0019622	0.0018033	0.002031	9.231E-4	5.715E-4	0.0	0.0	1.394E-4	2.079E-4	0.0	1.605E-4	2.836E-4	
Northern Lapwing	0.0	0.0	0.0	0.0105797	0.003204	0.003529	0.0028302	0.0043111	0.0021978	0.0015	1.782E-4	0.0	0.0	0.0	0.0	0.0	0.0	0.0	0.0	0.0	0.0	0.0	0.0	0.0	0.0	0.0	0.0	0.0	0.0	0.0	0.0	0.0	0.0	0.0	0.0	0.0	0.0	0.0	0.0	0.0	0.0	0.0040201	0.0	0.0	0.0	0.0	0.0040135	0.0	
Wilson's Plover	0.0	0.0	0.0	0.0	0.0	0.0	0.0	0.0	0.0	0.0	0.0015	0.0015	0.0	0.0	0.0	2.139E-4	2.213E-4	1.056E-4	0.0045957	9.96E-5	0.0015	0.0015	1.958E-4	0.0	0.0	0.0	0.0	0.0	0.0	0.0	0.0	0.0	0.0	0.0	0.0	0.0	0.0	0.0	0.0	0.0	0.0	0.0	0.0	0.0	0.0	0.0	0.0	0.0	
small plover sp.	0.0	0.0	0.0	0.0	0.0	0.0	0.0	0.0	0.0	0.0	0.0	0.0	0.0	0.0	0.0	0.0	0.0	0.0	0.0	0.0	0.0	0.0	0.0	0.0	0.0	0.0	0.0	0.0	0.0	0.0	0.0	0.0015	0.0	0.0	0.0	0.0	0.0	0.0	0.0	1.319E-4	0.0	0.0	0.0	0.0	0.0	0.0	0.0	0.0	
plover sp.	0.0	0.0	0.0	0.0	0.0	0.0	0.0	0.0	0.0	0.0	0.0	0.0	0.0	0.0	0.0	0.0	0.0	0.0	0.0	0.0	0.0	0.0	0.0	1.584E-4	0.0	0.0	0.0	0.0	0.0	0.0	0.0	0.0	1.523E-4	0.0	0.0	0.0	0.0	0.0	0.0	0.0	0.0	0.0	0.0	0.0	0.0	0.0	0.0	0.0	
Upland Sandpiper	0.0	0.0	0.0	0.0	0.0	0.0	0.0	0.0	0.0	0.0	0.0	0.0015	0.0047707	0.002333	4.215E-4	1.07E-4	0.0015	1.056E-4	2.484E-4	2.987E-4	0.0015	0.0	1.958E-4	0.0015	1.816E-4	0.0015	0.0	5.906E-4	3.902E-4	0.0011959	0.0013621	7.339E-4	0.0059406	0.0015	9.181E-4	3.049E-4	0.0	0.0	0.0	0.0	0.0	0.0	0.0	0.0	0.0	0.0	0.0	0.0	
Hudsonian Whimbrel	0.0	0.0	0.0	0.0	0.0	0.0	0.0	0.0	0.0	0.0	0.0	0.0	1.539E-4	0.0011665	4.215E-4	0.0028883	0.0011063	0.0013722	0.0017389	0.0029872	0.0017572	0.0010758	7.831E-4	7.92E-4	0.0045397	0.0139359	0.0302777	0.0468035	0.0302439	0.0324895	0.0336641	0.0285015	0.0246763	0.0154712	0.0124862	0.0088415	0.0042811	0.0016393	3.693E-4	0.0	1.905E-4	0.0	0.0015	0.0	0.0015	0.0	0.0	0.0	
Long-billed Curlew	0.0	0.0	0.0	0.0	0.0	0.0	0.0	0.0	0.0	0.0	0.0	0.0	0.0	0.0	0.0	0.0	0.0	0.0	0.0	0.0	0.0	0.0	0.0	0.0	0.0	0.0	0.0	0.0	0.0	0.0	0.0	0.0	0.0	0.0	0.0	0.0015	0.0	0.0	0.0	0.0	0.0	0.0	0.0	0.0	0.0	0.0	0.0	0.0	
Bar-tailed Godwit	0.0	0.0	0.0	0.0	0.0	0.0	0.0	0.0	0.0	0.0	0.0	0.0	0.0	0.0	0.0	0.0	0.0	0.0	0.0	1.991E-4	0.0	0.0	0.0	0.0	0.0	0.0	0.0064732	0.0131404	0.0056585	0.0013953	3.892E-4	0.0	0.0	0.0	0.0	0.0	0.0	0.0	7.386E-4	0.0	0.0	0.0	0.0	0.0	0.0	0.0	0.0	0.0	
Black-tailed Godwit	0.0	0.0	0.0	0.0	0.0	0.0	0.0	0.0	0.0	0.0	0.0	0.0	7.695E-4	4.374E-4	0.0015	0.0	0.0	0.0	0.0	0.0	0.0	0.0	0.0	0.0	0.0	0.0	0.0	0.0	0.0	0.0	0.0	0.0	0.0	0.0	0.0	0.0	0.0	0.0	0.0	0.0	0.0	0.0	0.0	0.0	0.0	0.0	0.0	0.0	
Hudsonian Godwit	0.0	0.0	0.0	0.0	0.0	0.0	0.0	0.0	0.0	0.0	0.0	0.0	0.0	0.0	0.0	0.0	0.0	0.0015	0.0	0.0	1.597E-4	0.0	0.0	0.0	1.816E-4	9.954E-4	8.352E-4	4.429E-4	0.0011707	1.993E-4	7.784E-4	0.0070948	0.0077685	0.0019339	0.0022035	0.003811	0.0060649	0.0021311	3.693E-4	2.637E-4	0.0127643	0.0078392	0.0015388	6.971E-4	0.0	0.0	0.0	0.0	
Marbled Godwit	0.0	0.0	0.0	0.0	0.0	0.0	0.0	0.0	0.0	0.0	0.0	0.0	1.539E-4	0.0	0.0	0.0	0.0	0.0	0.0	9.96E-5	3.195E-4	0.0	1.958E-4	4.752E-4	0.0	3.982E-4	4.176E-4	0.0022147	0.0115122	0.0145505	0.0180969	0.0216514	0.0167555	0.0056259	0.0023871	0.0028963	7.135E-4	4.918E-4	0.0	2.637E-4	1.905E-4	0.0	2.198E-4	0.0	2.079E-4	0.0	0.0	0.0	
godwit sp.	0.0	0.0	0.0	0.0	0.0	0.0	0.0	0.0	0.0	0.0	0.0	0.0	0.0	0.0	0.0	0.0	0.0	0.0	0.0	0.0	0.0	0.0	0.0	0.0	0.0	0.0	0.0	0.0	0.0	0.0	0.0	1.223E-4	0.0	1.758E-4	0.0	0.0	0.0	0.0	0.0	0.0	0.0	0.0	0.0	0.0	0.0	0.0	0.0	0.0	
Short-billed Dowitcher	0.0	1.282E-4	0.0	0.0	0.0	0.0	0.0	1.724E-4	1.832E-4	5.624E-4	1.782E-4	0.0	0.0015	5.833E-4	0.0043558	0.0035302	0.009625	0.0180494	0.0305552	0.0357463	0.0238019	0.0204411	0.0221222	0.0261365	0.0680952	0.1045192	0.1344748	0.1321423	0.1127805	0.0956747	0.0949601	0.075107	0.0594059	0.0263713	0.0168931	0.0160061	0.0080271	0.0060656	0.0053545	0.0023737	0.0022861	2.01E-4	2.198E-4	1.394E-4	2.079E-4	4.396E-4	0.0016054	9.45E-5	
Long-billed Dowitcher	0.0026401	0.0011534	0.0011417	0.0013225	8.432E-4	0.0015	4.288E-4	0.0015	1.832E-4	0.0	5.347E-4	0.0	0.0015	0.0	2.81E-4	0.0	0.0	0.0	1.242E-4	0.0	0.0015	0.0	3.915E-4	3.168E-4	0.0015	1.991E-4	0.0018793	1.476E-4	9.756E-4	1.993E-4	0.0013621	4.893E-4	0.0050267	0.004571	0.005325	0.0056402	0.0026757	0.0016393	0.0027696	0.0044837	0.0104782	0.0092462	0.0061552	0.0019518	0.0016632	0.0013187	0.0051373	0.0012288	
Short-billed/Long-billed Dowitcher	0.0	0.0	1.269E-4	0.0	0.0	0.0	0.0	0.0	0.0	1.875E-4	0.0	0.0	1.539E-4	2.916E-4	0.0018266	6.418E-4	0.0011063	4.222E-4	4.968E-4	4.979E-4	0.0015974	5.379E-4	1.958E-4	4.752E-4	5.448E-4	0.0013936	0.0031322	0.0033958	0.0037073	0.0019932	0.0021405	7.339E-4	0.0030465	8.79E-4	0.0016526	0.0022866	0.0021406	9.836E-4	0.0016617	0.0022419	0.0038102	0.001608	0.0017586	2.788E-4	2.079E-4	2.198E-4	0.0015	0.0	
American Woodcock	9.778E-4	0.0014097	0.0015223	0.0018735	0.0021922	0.0033982	0.0035163	0.0117262	0.0230769	0.0307462	0.0226341	0.0102946	0.0080025	0.0027705	0.0012646	0.0018186	0.0017701	0.0014777	0.0039747	0.0021906	9.585E-4	0.0014345	0.0023493	0.0022176	0.0016343	0.0013936	0.0022969	0.0015	0.0011707	3.986E-4	3.892E-4	9.786E-4	1.523E-4	0.0015	5.509E-4	7.622E-4	8.919E-4	8.197E-4	0.0014771	0.0019781	9.526E-4	6.03E-4	0.0024181	0.0015335	0.0014553	0.0013187	0.0044951	0.0025522	
Wilson's Snipe	0.0035201	0.0116622	0.0088799	0.0106899	0.0091062	0.0056202	0.0049743	0.0060355	0.0045788	0.0058118	0.004812	0.0076914	0.0109264	0.0077282	0.007728	0.0059906	0.0023233	8.444E-4	1.242E-4	0.0	0.0	0.0	0.0	0.0	0.0015	0.0	2.088E-4	2.953E-4	0.0	1.993E-4	3.892E-4	0.0017125	0.0015232	1.758E-4	0.0020198	0.0035061	0.0019622	0.0042623	0.0053545	0.0064618	0.0064774	0.0056281	0.0054957	0.0036247	0.0024948	0.003956	0.0057794	0.0036865	
Common/Wilson's Snipe	0.0	0.0	0.0	0.0	0.0	0.0	0.0	0.0	0.0	0.0	0.0	0.0	0.0	1.458E-4	0.0	0.0	0.0	0.0	0.0	0.0	0.0	0.0	0.0	0.0	0.0	0.0	0.0	0.0	0.0	0.0	0.0	0.0	0.0	0.0	0.0	0.0	0.0	0.0	0.0	0.0	0.0	0.0	0.0	0.0	0.0	0.0	0.0	0.0	
Wilson's Phalarope	0.0	0.0	0.0	0.0	0.0	0.0	0.0	0.0	0.0	0.0	0.0	0.0	0.0	0.0	0.0	0.0	0.0	1.056E-4	4.968E-4	0.0012944	0.00623	0.0017931	0.0	0.0	0.0	0.0	0.0014617	1.476E-4	7.805E-4	0.0021925	0.0015567	0.0020795	7.616E-4	0.0015823	1.836E-4	1.524E-4	0.0	0.0	0.0	0.0	0.0	0.0	0.0	0.0	0.0	0.0	0.0	0.0	
Red Phalarope	0.0	0.0	1.269E-4	0.0	0.0	0.0	0.0	0.0	0.0	0.0	0.0015	0.0	1.539E-4	0.0015	0.0	0.0	0.0	4.222E-4	2.484E-4	0.0032859	0.0015	0.0015	0.0	0.0	0.0	0.0	0.0	2.953E-4	0.0	1.993E-4	0.0	0.0	0.0	1.758E-4	0.0	0.0	1.784E-4	0.0	0.0015	0.0	1.905E-4	0.0	0.0	0.0	0.0014553	0.0	3.211E-4	0.0	
Red-necked Phalarope	0.0	0.0	0.0	0.0	0.0	0.0	0.0	0.0	0.0	0.0	0.0	0.0	0.0	0.0	5.62E-4	6.418E-4	0.0	3.167E-4	6.21E-4	0.0024893	0.0084665	0.0010758	3.915E-4	9.504E-4	1.816E-4	0.0	0.0	2.953E-4	1.951E-4	0.0023919	0.0029189	0.0028135	0.0024372	0.0010549	0.0022035	1.524E-4	1.784E-4	1.639E-4	0.0	1.319E-4	0.0	0.0	0.0	0.0	0.0	0.0	0.0	0.0	
Red/Red-necked Phalarope	0.0	0.0	0.0	0.0	0.0	0.0	0.0	0.0	0.0	0.0	0.0	0.0	1.539E-4	0.0	0.0	0.0	0.0	2.111E-4	0.0	0.0	1.597E-4	0.0	0.0	0.0	0.0	0.0	0.0	1.476E-4	0.0	1.993E-4	1.946E-4	0.0	1.523E-4	0.0	0.0	0.0	0.0	0.0	0.0	0.0	1.905E-4	0.0	0.0	0.0	0.0	0.0	0.0	0.0	
phalarope sp.	0.0	0.0	0.0	0.0	0.0	0.0	0.0	0.0	0.0	0.0	0.0	0.0	0.0	0.0	0.0	0.0	0.0	1.056E-4	0.0	9.96E-5	0.0	0.0015	0.0	0.0	0.0	0.0	0.0	0.0	1.951E-4	0.0	3.892E-4	0.0	1.523E-4	0.0015	0.0	0.0	0.0	0.0	0.0	0.0	0.0	0.0	0.0	0.0	0.0	0.0	0.0	0.0	
Spotted Sandpiper	1.956E-4	1.282E-4	2.537E-4	0.0015	3.373E-4	2.614E-4	1.715E-4	0.0015	0.0015	0.0015	0.0	3.55E-4	3.078E-4	4.374E-4	0.0011241	0.0072743	0.026441	0.0382098	0.0511738	0.0302698	0.0180511	0.0215169	0.0221222	0.0250277	0.0461231	0.0694804	0.1016914	0.1256459	0.1389268	0.1377317	0.1360187	0.1093578	0.07738	0.0518636	0.0290121	0.0193598	0.0117731	0.0031148	0.0042467	0.0014506	5.715E-4	8.04E-4	0.0015	2.788E-4	0.0	2.198E-4	1.605E-4	2.836E-4	
Solitary Sandpiper	0.0	0.0	0.0	0.0	0.0	0.0	0.0	0.0	0.0	0.0	0.0	0.0	0.0	0.0	7.025E-4	0.0057766	0.0183649	0.0227992	0.0111787	0.0019914	0.0	0.0	0.0	0.0	7.263E-4	0.0017918	0.0064732	0.0165362	0.0206829	0.0259119	0.0256859	0.0286239	0.0330541	0.0302391	0.0194638	0.0160061	0.0124866	0.0077049	0.0044313	0.0013187	1.905E-4	0.0	0.0	0.0	0.0	0.0	0.0	0.0	
Wood Sandpiper	0.0	0.0	0.0	0.0	0.0	0.0	0.0	0.0	0.0	0.0	0.0	0.0	0.0	0.0	0.0036532	0.0	0.0	0.0	0.0	0.0	0.0	0.0	0.0	0.0	0.0	0.0	0.0	0.0	0.0	0.0	0.0	0.0	0.0	0.0	0.0	0.0	0.0	0.0	0.0	0.0	0.0	0.0	0.0	0.0	0.0	0.0	0.0	0.0	
Lesser Yellowlegs	9.78E-5	0.0	0.0	2.204E-4	0.0	0.0	0.0	1.724E-4	0.0	0.0	0.0015	0.0011833	0.0036934	0.0129775	0.0373753	0.037976	0.0384998	0.0324045	0.0171407	0.0058747	0.0044728	0.0014345	0.0023493	0.0058609	0.021972	0.0400159	0.0655669	0.0711649	0.0721951	0.0825194	0.0863981	0.0765749	0.07738	0.0409634	0.0229526	0.0245427	0.0149839	0.0167213	0.0090473	0.0080443	0.0085731	0.001809	0.0019785	8.365E-4	2.079E-4	0.0	1.605E-4	9.45E-5	
Willet	0.0	1.282E-4	1.269E-4	1.102E-4	0.0	0.0	0.0	1.724E-4	0.0	0.0015	0.0	4.733E-4	3.078E-4	0.001604	0.0212168	0.0800171	0.0878416	0.0944691	0.1280586	0.1612068	0.1857827	0.1644253	0.1701253	0.1612546	0.1781369	0.1550866	0.157653	0.1498597	0.1170732	0.1056408	0.097879	0.0725382	0.0421935	0.020218	0.0141388	0.0057927	0.0021406	0.0022951	7.386E-4	1.319E-4	0.0	0.0	0.0	1.394E-4	0.0	0.0	0.0	1.891E-4	
Spotted Redshank	0.0	0.0	0.0	0.0	0.0	0.0	0.0	0.0	0.0	0.0	0.0	0.0	0.0	0.0	0.0	0.0	0.0	0.0	0.0	0.0	0.0	0.0	0.0	0.0	0.0	0.0	0.0015	0.0	0.0	0.0	0.0	0.0	0.0	0.0	0.0	0.0	0.0	0.0	0.0	0.0	0.0	0.0	0.0	0.0	0.0	0.0	0.0	0.0	
Common Greenshank	0.0	0.0	0.0	0.0	0.0	0.0	0.0	0.0	0.0	0.0	0.0	0.0	0.0	0.0	0.0	0.0	0.0046465	0.0	0.0	0.0	0.0	0.0	0.0	0.0	0.0	0.0	0.0	0.0	0.0	0.0	0.0	0.0	0.0	0.0	0.0	0.0	0.0	0.0	0.0	0.0	0.0	0.0	0.0	0.0	0.0	0.0	0.0	0.0	
Greater Yellowlegs	0.0053779	0.0070486	0.0072307	0.0125634	0.0062395	0.0062737	0.0023156	0.004656	0.0064103	0.0071241	0.0142577	0.0216542	0.0543244	0.0857393	0.1361529	0.1444159	0.1151676	0.0838083	0.0601168	0.0345514	0.0300319	0.0170342	0.0115505	0.020434	0.0470311	0.0649015	0.1044059	0.1254983	0.1283902	0.1245764	0.1397159	0.1217125	0.1204874	0.0903657	0.0716122	0.0800305	0.0824117	0.0778689	0.0786558	0.0896743	0.0891598	0.0590955	0.0459442	0.0225847	0.0114345	0.0134066	0.0170172	0.0127611	
Lesser/Greater Yellowlegs	0.0	0.0	0.0	1.102E-4	0.0	0.0	0.0	0.0	0.0	1.875E-4	0.0	2.367E-4	9.234E-4	0.002333	0.0040748	0.0044929	0.0040934	0.002111	0.0024842	0.001394	4.792E-4	8.965E-4	7.831E-4	3.168E-4	0.0019975	0.0035835	0.003341	0.0039864	0.004878	0.0057803	0.0054485	0.004159	0.0039604	0.0019339	0.0031216	0.0021341	0.001427	0.0018033	9.232E-4	0.0013187	0.0019051	6.03E-4	0.0	0.0	0.0	0.0	0.0	0.0	
Tringa sp.	0.0	0.0	0.0	0.0	0.0	0.0	0.0	0.0	0.0	0.0	0.0	0.0	0.0	0.0	0.0015	0.0	0.0	0.0	0.0	0.0	0.0	0.0	0.0	0.0	0.0	0.0	2.088E-4	0.0	0.0	0.0	0.0	0.0	1.523E-4	0.0	0.0	1.524E-4	0.0	0.0	0.0	0.0	0.0	0.0	0.0	0.0	0.0	0.0	0.0	0.0	
Ruddy Turnstone	0.0060624	0.0042291	0.0049474	0.004849	0.0055649	0.0036597	0.0024014	0.0036213	0.0042125	0.0026247	0.0051684	0.0050882	0.0033857	0.0032079	0.0063229	0.008451	0.0179223	0.039582	0.0888088	0.1165986	0.0814696	0.0324547	0.0303446	0.0259781	0.0305066	0.0232929	0.0501148	0.1200354	0.156878	0.1389276	0.1404943	0.1055657	0.0808835	0.0497539	0.0372751	0.0317073	0.0219408	0.0170492	0.0219719	0.0225504	0.0186702	0.0106533	0.0101121	0.0082253	0.0114345	0.0123077	0.0125221	0.0081293	
Red Knot	0.0010756	0.0015379	0.0034251	0.001102	0.0020236	3.921E-4	1.715E-4	8.622E-4	5.495E-4	7.499E-4	1.782E-4	5.916E-4	0.0015	7.291E-4	8.431E-4	0.0021395	0.0024339	0.0048554	0.0147808	0.0264861	0.0277955	0.0175722	0.0166406	0.0153651	0.0185219	0.0123432	0.0217164	0.0314484	0.0241951	0.0229221	0.0293831	0.0281346	0.0225438	0.0075598	0.0071612	0.0070122	0.0032108	0.002459	0.0027696	0.0022419	0.0011431	6.03E-4	8.793E-4	5.576E-4	4.158E-4	0.0015385	4.816E-4	9.453E-4	
Ruff	0.0	0.0	0.0	0.0	0.0	0.0	0.0	0.0	0.0	0.0	0.0	0.0	1.539E-4	0.0029163	0.0022481	0.0014976	1.106E-4	1.056E-4	1.242E-4	0.0040824	0.0	0.0015	0.0	0.0	0.0	0.0	0.0	1.476E-4	0.0	0.0	0.0	0.0015	0.0	0.0	0.0	0.0015	0.0	0.0	0.0	0.0	0.0	0.0	0.0	0.0	0.0	0.0	0.0	0.0	
Curlew Sandpiper	0.0	0.0	0.0	0.0	0.0	0.0	0.0	0.0	0.0	0.0	0.0	0.0	0.0	0.0	0.0	0.0	0.0	0.0	0.0	0.0	0.0	1.793E-4	0.0045027	3.168E-4	7.263E-4	0.0	0.0	1.476E-4	0.0	0.0	0.0021405	4.893E-4	0.0	0.0	0.0	0.0	0.0	0.0	0.0	0.0	0.0	0.0	0.0	0.0	0.0	0.0	0.0015	0.0	
Stilt Sandpiper	0.0	0.0	0.0	0.0	0.0	0.0	0.0	0.0	0.0	0.0	0.0	1.183E-4	0.0016928	1.458E-4	0.0019671	5.349E-4	8.851E-4	0.0018999	0.0013663	3.983E-4	0.0	8.965E-4	0.0	0.0	9.079E-4	0.0031853	0.0089789	0.0079728	0.0120976	0.0083715	0.0083674	0.0064832	0.0134044	0.0054501	0.0020198	0.0022866	5.351E-4	0.0014754	7.386E-4	2.637E-4	0.0	0.0	0.0	0.0	0.0	0.0	0.0	0.0	
Red-necked Stint	0.0	0.0	0.0	0.0	0.0	0.0	0.0	0.0	0.0	0.0	0.0	0.0	0.0	0.0	0.0	0.0	0.0	0.0	0.0	0.0	0.0	0.0	0.0	0.001584	0.0043581	0.0015	8.352E-4	0.0	0.0	1.993E-4	0.0	1.223E-4	0.0	0.0	0.0	0.0	0.0	0.0	0.0	0.0	0.0	0.0	0.0	0.0	0.0	0.0	0.0	0.0	
Buff-breasted Sandpiper	0.0	0.0	0.0	0.0	0.0	0.0	0.0	0.0	0.0	0.0	0.0	0.0	0.0	0.0	0.0	0.0	0.0	0.0	0.0	0.0	0.0	0.0	0.0	0.0	0.0	0.0	0.0	0.0	1.951E-4	0.0017939	0.0021405	0.0194495	0.0405179	0.0189873	0.0045905	0.0051829	7.135E-4	0.0015	0.0	0.0	0.0	0.0	0.0	0.0	0.0	0.0	0.0	0.0	
Sanderling	0.0440012	0.0479303	0.0564506	0.0558739	0.0519393	0.0355509	0.0266724	0.0322469	0.0289377	0.0247469	0.0208519	0.0212993	0.0196984	0.0186643	0.0216383	0.0240693	0.0282111	0.0393709	0.0593715	0.0787613	0.05	0.0270755	0.0229052	0.0133059	0.0154349	0.0254828	0.0793485	0.1268271	0.1346341	0.1166035	0.1340728	0.1273394	0.1160701	0.0813994	0.0587587	0.054878	0.0428113	0.0570492	0.0537297	0.0615851	0.0702991	0.0528643	0.0501209	0.05214	0.0507277	0.0408791	0.0637341	0.0544475	
Dunlin	0.0308986	0.0306292	0.0261322	0.0267798	0.0259696	0.0189518	0.0123499	0.0191412	0.0195971	0.0116235	0.0149706	0.0173944	0.0198523	0.0220181	0.0362512	0.0357296	0.0334108	0.0419042	0.0606136	0.0621328	0.0300319	0.0125516	0.0115505	0.0112466	0.0170692	0.0125423	0.0141992	0.0124022	0.008	0.0105641	0.0138159	0.0111315	0.0074638	0.0054501	0.0110173	0.0248476	0.0322868	0.0434426	0.0398818	0.0528814	0.0579158	0.0448241	0.0400088	0.0388959	0.0376299	0.0334066	0.0414192	0.035164	
Purple Sandpiper	0.0119292	0.0114059	0.0115438	0.0133348	0.0094435	0.0056202	0.0051458	0.006208	0.0051282	0.0029996	0.0023169	0.0026032	0.0016928	0.0020414	0.0028102	0.0024604	0.0015488	0.003061	0.0045957	0.0018919	0.0	0.0015	0.0	0.0	0.0	0.0	0.0	0.0	0.0	0.0	0.0	0.0	0.0	0.0	0.0	0.0	0.0	0.0	0.0015	0.0019781	0.0026672	0.0044221	0.007694	0.0115712	0.0081081	0.0123077	0.0130037	0.0155969	
Baird's Sandpiper	0.0	0.0	0.0	0.0	0.0	0.0	0.0	0.0	0.0	0.0	0.0	0.0	0.0	0.0	0.0	0.0	0.0	0.0	0.0	0.0	0.0015	0.0	0.0	0.0	0.0	9.954E-4	0.003341	0.0010335	9.756E-4	0.0017939	0.0050594	0.0148012	0.0277228	0.0103727	0.0045905	0.0028963	0.0016054	0.0	5.539E-4	1.319E-4	0.0	0.0	0.0	0.0	0.0	0.0	0.0	0.0	
Little Stint	0.0	0.0	0.0	0.0	0.0	0.0	0.0	0.0	0.0	0.0	0.0	0.0	0.0	0.0	0.0	0.0	0.0	0.0	0.0	0.0	0.0	0.0	0.0	0.0	0.0	0.0	4.176E-4	0.0	0.0	0.0	0.0	0.0	0.0	0.0	0.0	0.0	0.0	0.0	0.0	0.0	0.0	0.0	0.0	0.0	0.0	0.0	0.0	0.0	
Red-necked/Little Stint	0.0	0.0	0.0	0.0	0.0	0.0	0.0	0.0	0.0	0.0	0.0	0.0	0.0	0.0	0.0	0.0	0.0	0.0	0.0	0.0	0.0	0.0	0.0	0.0	0.0	0.0	0.0	0.0	0.0	0.0	0.0	0.0015	0.0	0.0	0.0	0.0	0.0	0.0	0.0	0.0	0.0	0.0	0.0	0.0	0.0	0.0	0.0	0.0	
White-rumped Sandpiper	0.0	0.0	0.0	0.0	0.0	0.0	0.0	0.0	0.0	0.0	0.0	0.0	0.0	0.0	0.0021076	3.209E-4	0.0016595	0.0036943	0.0085704	0.0167281	0.0273163	0.0191859	0.0092013	0.0063361	0.0058108	0.0069679	0.0035498	0.006644	0.0081951	0.0155471	0.0278264	0.0314373	0.0353389	0.0188115	0.0126698	0.0085366	0.0066001	0.012623	0.0088626	0.0071212	0.0055249	0.0026131	0.0	5.576E-4	0.0	0.0	0.0	0.0	
Dunlin x White-rumped Sandpiper (hybrid)	0.0	0.0	0.0	0.0	0.0	0.0	0.0	0.0	0.0	0.0	0.0	0.0	0.0	0.0	0.0	0.0	0.0	0.0	0.0	0.0	0.0015	0.0	0.0	0.0	0.0019975	5.973E-4	0.0	0.0	0.0	0.0	0.0	0.0	0.0	0.0	0.0	0.0	0.0	0.0	0.0	0.0	0.0	0.0	0.0	0.0	0.0	0.0	0.0	0.0	
Least Sandpiper	0.0	0.0	0.0	0.0	0.0	0.0	0.0	0.0	0.0	0.0	0.0	0.0015	3.078E-4	0.0040828	0.008571	0.021074	0.0471291	0.082225	0.1102969	0.0523748	0.0159744	0.0075309	0.0031323	0.0128307	0.070819	0.1413498	0.2109	0.211723	0.1882927	0.1881603	0.2025686	0.1963303	0.1716679	0.0922996	0.045538	0.0268293	0.0133785	0.007377	0.0057238	0.0013187	0.0013336	6.03E-4	6.595E-4	5.576E-4	0.0	0.0	0.0	0.0	
Pectoral Sandpiper	0.0	0.0	0.0	0.0	0.0	0.0	0.0	0.0	0.0	0.0	0.004812	0.0033132	0.0060018	0.003937	0.0068849	0.0049208	0.0026552	0.0012666	0.0014905	0.0	0.0	1.793E-4	0.0	1.584E-4	3.632E-4	0.002389	0.0108582	0.0168315	0.0161951	0.0165438	0.0225725	0.0286239	0.0362529	0.0195148	0.0097319	0.0192073	0.0087406	0.0077049	0.0060931	0.0085718	0.0099066	6.03E-4	2.198E-4	0.0	0.0	0.0	1.605E-4	0.0	
Western Sandpiper	0.0	0.0	0.0	0.0	0.0	0.0	0.0	0.0	0.0	0.0	0.0	0.0	0.0	0.0	0.0	1.07E-4	0.0	0.0015	0.0015	5.974E-4	0.0	1.793E-4	3.915E-4	9.504E-4	3.632E-4	0.0029863	0.0075172	0.0042817	0.001561	0.0019932	0.0062269	0.0144343	0.0164509	0.0052743	0.0029379	0.0018293	7.135E-4	6.557E-4	1.846E-4	2.637E-4	1.905E-4	4.02E-4	0.0	0.0	0.0	0.0	0.0	9.45E-5	
Semipalmated Sandpiper	0.0	0.0	0.0	0.0	0.0	0.0	0.0	0.0	0.0	0.0	0.0015	0.0	0.0	0.0	0.0	0.0028883	0.0106206	0.0288157	0.067445	0.1037539	0.1011182	0.0537924	0.0340642	0.0240773	0.0355911	0.0674895	0.1380246	0.1926768	0.1978537	0.1933426	0.193812	0.1799388	0.1571973	0.0930028	0.0501285	0.0396341	0.020157	0.0214754	0.008678	0.0072531	0.0043818	4.02E-4	4.397E-4	0.0	0.0	0.0	0.0	0.0	
Western/Semipalmated Sandpiper	0.0	0.0	1.269E-4	0.0	0.0	0.0	0.0	0.0	0.0	0.0	0.0	0.0	0.0	0.0	0.0	0.0	0.0	0.0	0.0	0.0	0.0	0.0	0.0	1.584E-4	0.0	0.0	2.088E-4	1.476E-4	0.0	0.0	0.0	1.223E-4	1.523E-4	0.0	1.836E-4	0.0	0.0	0.0015	0.0	0.0	0.0	0.0	0.0	0.0	0.0	0.0	0.0	0.0	
peep sp.	0.0	1.282E-4	0.0	1.102E-4	3.373E-4	1.307E-4	1.715E-4	0.0	0.0	3.75E-4	0.0	0.0	3.078E-4	7.291E-4	5.62E-4	0.0022465	0.0056422	0.0068609	0.0115514	0.0112516	0.0100639	0.0053792	0.0033281	0.002376	0.0070819	0.0173203	0.0231781	0.0292337	0.0286829	0.0213275	0.0251022	0.0223853	0.0187357	0.0126582	0.0084466	0.0059451	0.0039244	0.0032787	0.0022157	0.0022419	3.81E-4	0.0	0.0	4.182E-4	2.079E-4	2.198E-4	0.0	9.45E-5	
Calidris sp.	0.0	0.0	0.0	0.0015	0.0	0.0	0.0	0.0	0.0	0.0	0.0	0.0	0.0	0.0	0.0	0.0	0.0	0.0	0.0	0.0	0.0	0.0	0.0	0.0	0.0	0.0	0.0	4.429E-4	0.0	1.993E-4	0.0	0.0	0.0	1.758E-4	0.0	1.524E-4	0.0	0.0	0.0	0.0	0.0	2.01E-4	0.0	0.0	0.0	0.0	0.0	9.45E-5	
Scolopacidae sp.	0.0	0.0	0.0	0.0	0.0	0.0	0.0	0.0	0.0	0.0	0.0	0.0	1.539E-4	0.0	0.0	0.0	0.0	1.056E-4	1.242E-4	0.0	0.0	0.0	0.0	0.0	0.0	0.0	0.0	1.476E-4	0.0	0.0	0.0	1.223E-4	0.0	0.0	1.836E-4	0.0	0.0	0.0	0.0	0.0	0.0	0.0	0.0	0.0	0.0	0.0	0.0	0.0	
large shorebird sp.	0.0	0.0	0.0	0.0	0.0	0.0	0.0	0.0	0.0	0.0	0.0	0.0	0.0	0.0	0.0	0.0	0.0	0.0	0.0	0.0	0.0	0.0	0.0	0.0	0.0	0.0	0.0	0.0	0.0	0.0	0.0	0.0	1.523E-4	0.0	0.0	0.0	0.0	0.0	0.0015	0.0015	0.0	0.0	0.0	0.0	0.0	0.0	0.0	0.0	
shorebird sp.	9.778E-4	0.0011534	0.0013954	0.0015429	8.432E-4	0.0015684	0.0012007	0.0010347	0.0018315	0.0013123	0.0012475	9.466E-4	0.0018467	0.0014582	0.0028102	0.0036371	0.0039827	0.0050665	0.0062104	0.0038833	0.0043131	0.0019724	0.0019577	0.0012672	0.0041765	0.0061716	0.010023	0.0100399	0.0093659	0.0101654	0.0079782	0.0077064	0.0073115	0.007384	0.0034888	0.004878	0.0024973	0.0040984	0.0033235	0.0063299	0.0032387	0.0028141	0.0019785	0.0039035	0.002079	0.0021978	0.0016054	0.0021741	
Long-tailed Jaeger	0.0	0.0	0.0	0.0	0.0	0.0	0.0	0.0	0.0	0.0	0.0	0.0	0.0	0.0	0.0	0.0	0.0	0.0	0.0	2.987E-4	7.987E-4	3.586E-4	0.0	1.584E-4	1.816E-4	5.973E-4	0.0	0.0	0.0	0.0	1.946E-4	8.563E-4	0.0010663	0.0014065	0.0011017	0.0	0.0	0.0	0.0	3.956E-4	0.0	0.0	0.0	0.0	0.0	0.0	0.0	0.0	
Parasitic Jaeger	0.0	0.0	0.0	0.0	0.0	0.0	0.0	0.0	0.0	0.0015	0.0	0.0	0.0	0.0	0.0	4.279E-4	7.744E-4	9.5E-4	0.00236	0.0056756	0.0060703	0.0028689	0.0066562	0.0060193	0.0018159	0.0013936	0.0029234	0.0056105	0.0037073	0.0051824	0.0062269	0.0072171	0.0105103	0.0038678	0.0064267	0.0071646	0.0108812	0.0118033	0.0070162	0.0101543	0.0066679	0.0082412	0.0043966	0.0027882	0.0010395	0.0	1.605E-4	0.0	
Long-tailed/Parasitic Jaeger	0.0	0.0	0.0	0.0	0.0	0.0	0.0	0.0	0.0	0.0	0.0	0.0	0.0	0.0	0.0	0.0	0.0	0.0	0.0	9.96E-5	1.597E-4	0.0	0.0	0.0	0.0	0.0	0.0	0.0	0.0	0.0	0.0	0.0	1.523E-4	0.0	0.0	1.524E-4	0.0	0.0	0.0	0.0	0.0	0.0	0.0	0.0	0.0	0.0	0.0	0.0	
Pomarine Jaeger	0.0	0.0	0.0	0.0	0.0	0.0	0.0	0.0	0.0	0.0	0.0	0.0	0.0	0.0	0.0	0.0	0.0	0.0	0.0	5.974E-4	4.792E-4	0.0015	9.789E-4	3.168E-4	0.0	1.991E-4	0.0015	0.0016241	0.0035122	3.986E-4	5.838E-4	6.116E-4	0.0012186	0.0010549	0.0018362	6.098E-4	0.0	4.918E-4	5.539E-4	0.001055	5.715E-4	2.01E-4	0.0	0.0	4.158E-4	0.0015	0.0	0.0	
Parasitic/Pomarine Jaeger	0.0	0.0	0.0	0.0	0.0	0.0	0.0	0.0	0.0	0.0	0.0	0.0	0.0	0.0	0.0	0.0	0.0	0.0	0.0	0.0	0.0	0.0	0.0	0.0	0.0	3.982E-4	0.0	0.0	0.0	0.0	0.0	0.0	0.0	0.0	0.0	0.0	0.0	1.639E-4	0.0	3.956E-4	0.0	0.0	4.397E-4	0.0	0.0	0.0	0.0	0.0	
Great Skua	0.0	0.0	0.0	0.0	0.0	0.0	0.0	0.0	3.663E-4	0.0	0.0015	0.0	0.0	0.0	0.0	0.0	0.0	0.0	0.0	0.0	0.0	0.0	0.0	0.0	0.0	0.0	0.0	0.0	0.0	0.0	0.0	1.223E-4	0.0	0.0	0.0	0.0	0.0	0.0	0.0	0.0	0.0	0.0	0.0	0.0	2.079E-4	0.0015	0.0	0.0	
South Polar Skua	0.0	0.0	0.0	0.0	0.0	0.0	0.0	0.0	0.0	0.0	0.0	0.0	0.0	0.0	0.0	0.0	0.0	0.0	0.0	3.983E-4	7.987E-4	0.0	3.915E-4	0.0015	3.632E-4	5.973E-4	2.088E-4	1.476E-4	0.0015	0.0	1.946E-4	0.0015	0.0	0.0	0.0	0.0	0.0	0.0	0.0	0.0	0.0	0.0	0.0	0.0	0.0	0.0	0.0	0.0	
jaeger sp.	0.0	0.0	0.0	0.0	0.0	0.0	0.0	0.0	0.0	0.0	0.0	0.0	0.0	0.0015	0.0	1.07E-4	0.0	1.056E-4	0.0	3.983E-4	1.597E-4	0.0015	3.915E-4	3.168E-4	0.0015	0.0	0.0	1.476E-4	0.0	3.986E-4	7.784E-4	7.339E-4	9.139E-4	8.79E-4	7.345E-4	7.622E-4	5.351E-4	4.918E-4	3.693E-4	7.912E-4	0.0	2.01E-4	2.198E-4	4.182E-4	2.079E-4	0.0	0.0	0.0	
skua sp.	0.0	0.0	0.0	0.0	1.686E-4	0.0	0.0	0.0	0.0	0.0	0.0	0.0	0.0	0.0	0.0	0.0	0.0	0.0	0.0	0.0	3.195E-4	0.0	0.0	0.0	0.0	0.0	0.0	0.0	0.0	0.0	0.0	0.0	0.0	0.0	0.0	0.0	0.0	0.0	0.0	0.0	0.0	0.0	0.0	0.0	0.0	0.0	0.0	0.0	
jaeger/skua sp.	0.0	0.0	0.0	0.0	0.0	0.0	0.0	0.0	0.0	0.0	0.0	0.0	0.0	0.0	0.0	0.0	0.0	0.0	0.0	0.0	1.597E-4	0.0	0.0	1.584E-4	0.0	0.0	0.0	0.0	0.0	0.0	0.0	0.0	0.0	0.0	0.0015	0.0	0.0	0.0	0.0	0.0	0.0	0.0	0.0	0.0	0.0	0.0	0.0	0.0	
Atlantic Puffin	0.0	7.689E-4	1.269E-4	7.714E-4	5.059E-4	9.149E-4	8.58E-5	6.898E-4	3.663E-4	0.0	0.0015	0.0	1.539E-4	0.0	0.0015	0.0	0.0	4.222E-4	7.452E-4	5.974E-4	4.792E-4	0.0	0.0	0.0	0.0	0.0	0.0	0.0	0.0	0.0	0.0	0.0	0.0	0.0	0.0	0.0	0.0	0.0	0.0	0.0	0.0	0.0	0.0	0.0	0.0014553	0.0015	1.605E-4	9.45E-5	
Black Guillemot	0.0030312	2.563E-4	6.343E-4	1.102E-4	0.0	0.0056202	0.0024871	1.724E-4	0.0015	1.875E-4	0.0	0.0	0.0	0.0	0.0	0.0	0.0	0.0	0.0	0.0	0.0	0.0	0.0	0.0	0.0	0.0	0.0	0.0	0.0	0.0	0.0	0.0	0.0	0.0	0.0	0.0	0.0	0.0	0.0	0.0	0.0	0.0	0.0	0.0044612	0.0015	4.396E-4	1.605E-4	0.0025522	
Razorbill	0.0437078	0.0369089	0.0359	0.0436412	0.0205734	0.0209123	0.011578	0.0148301	0.0086081	0.0048744	0.0028515	0.0023666	0.0012311	0.0013123	0.0018266	2.139E-4	3.319E-4	0.0	2.484E-4	0.0	0.0	1.793E-4	0.0	0.0	1.816E-4	0.0	0.0	0.0	0.0	0.0	0.0	0.0	0.0	0.0	0.0	0.0	0.0	0.0	0.0	2.637E-4	7.62E-4	0.001206	0.0043966	0.0082253	0.0232848	0.0331868	0.0436667	0.042348	
Dovekie	0.005769	0.0064078	0.0054548	0.0126736	0.0037099	0.0028754	0.0010292	0.0010347	0.0012821	5.624E-4	0.0015	1.183E-4	1.539E-4	0.0	0.0	0.0	0.0	6.333E-4	3.726E-4	2.987E-4	7.987E-4	1.793E-4	0.0	1.584E-4	0.0	0.0	0.0	0.0	0.0	0.0	0.0	0.0	0.0	0.0	0.0	0.0	0.0	0.0	0.0	0.0015	0.0015	0.0	4.397E-4	6.971E-4	0.0018711	0.0013187	0.0049767	0.0054826	
Thick-billed Murre	0.0050846	0.0039728	0.0043131	0.0072735	0.0028668	0.0032675	0.0028302	0.0039662	0.0021978	0.0	1.782E-4	2.367E-4	0.0	0.0	0.0	0.0	0.0	0.0	0.0	0.0	1.597E-4	0.0	0.0	0.0	0.0	0.0	0.0	0.0	0.0	0.0	0.0	0.0	0.0	0.0	0.0	0.0	0.0	0.0	0.0	0.0	0.0	0.0	0.0	0.0015	0.0	2.198E-4	4.816E-4	0.0017015	
Common Murre	6.845E-4	0.0046136	0.0022834	0.0033061	0.0011804	0.0015684	3.431E-4	1.724E-4	0.0012821	9.374E-4	0.0015	0.0	1.539E-4	2.916E-4	0.0	0.0	0.0	1.056E-4	0.0	0.0	0.0015	0.0	0.0	0.0	0.0	0.0	0.0	0.0	0.0	0.0	0.0	0.0	0.0	0.0	0.0	0.0	0.0	0.0	0.0	0.0	0.0	0.0	0.0	0.0	2.079E-4	4.396E-4	8.027E-4	7.562E-4	
Thick-billed/Common Murre	0.0	1.282E-4	0.0	0.0	0.0	2.614E-4	0.0	0.0	3.663E-4	0.0	0.0	0.0	0.0	0.0	0.0	0.0	0.0	0.0	0.0	0.0	0.0	0.0	0.0	0.0	0.0	0.0	0.0	0.0	0.0	0.0	0.0	0.0	0.0	0.0	0.0	0.0	0.0	0.0	0.0	0.0	0.0	0.0	0.0	0.0	0.0	0.0	0.0	0.0	
large alcid sp.	3.911E-4	0.001666	1.269E-4	7.714E-4	8.432E-4	3.921E-4	8.58E-5	3.449E-4	7.326E-4	5.624E-4	0.0	0.0	0.0	1.458E-4	0.0	0.0	1.106E-4	0.0	0.0	0.0	0.0	0.0	0.0	0.0	0.0	0.0	0.0	0.0	0.0	0.0	0.0	0.0	0.0	0.0	0.0	0.0	0.0	0.0	0.0	0.0	0.0	0.0	4.397E-4	0.0	6.237E-4	6.593E-4	9.632E-4	6.617E-4	
alcid sp.	3.911E-4	6.408E-4	8.88E-4	7.714E-4	3.373E-4	2.614E-4	1.715E-4	3.449E-4	1.832E-4	0.0	0.0	0.0	0.0	0.0	1.405E-4	0.0	0.0	1.056E-4	1.242E-4	0.0	0.0	0.0	0.0	0.0	0.0	0.0	0.0	0.0	0.0	0.0	0.0	0.0	0.0	0.0	0.0	0.0	0.0	0.0	0.0	0.0	1.905E-4	2.01E-4	0.0	0.0	2.079E-4	0.0	1.605E-4	2.836E-4	
Little Gull	0.0	0.0	2.537E-4	2.204E-4	0.001855	0.0022219	0.0010292	0.0010347	1.832E-4	0.0	1.782E-4	1.183E-4	1.539E-4	0.0	1.405E-4	0.0	0.0015	0.0015	0.0	9.96E-5	0.0	0.0	0.0	0.0	0.0	0.0	0.0015	0.0015	0.0	0.0	0.0	6.116E-4	0.0	0.0	0.0	0.0	0.0	0.0	0.0	0.0015	0.0	2.01E-4	4.397E-4	4.182E-4	6.237E-4	0.0015	0.0015	2.836E-4	
Ross's Gull	0.0	0.0	0.0	0.0	0.0	0.0	0.0	0.0	0.0	0.0	0.0	0.0	0.0	0.0	1.405E-4	0.0	0.0	0.0	0.0	0.0	0.0	0.0	0.0	0.0	0.0	0.0	0.0	0.0	0.0	0.0	0.0	0.0	0.0	0.0	0.0	0.0	0.0	0.0	0.0	0.0	0.0	0.0	0.0	0.0	0.0	0.0015	0.0	0.0	
Black-legged Kittiwake	0.0033245	0.0101243	0.0068502	0.0089266	0.0026981	0.0045746	0.0020583	0.0018969	0.0010989	5.624E-4	0.0015	0.0015	0.0	0.0	2.81E-4	1.07E-4	0.0	4.222E-4	2.484E-4	0.0015	0.0	1.793E-4	0.0	0.0	0.0	0.0	0.0	0.0	0.0	0.0015	3.892E-4	0.0	1.523E-4	0.0	5.509E-4	4.573E-4	8.919E-4	6.557E-4	5.539E-4	0.0032968	0.0024767	0.0032161	0.0050561	0.0076676	0.0072765	0.0072527	0.0131642	0.0061442	
Ivory Gull	0.0	0.0	0.0	0.0	0.0	0.0015	0.0	0.0	0.0	0.0	0.0	0.0	0.0	0.0	0.0	0.0	0.0	0.0	0.0	0.0	0.0	0.0	0.0	0.0	0.0	0.0	0.0	0.0	0.0	0.0	0.0	0.0	0.0	0.0	0.0	0.0	0.0	0.0	0.0	0.0	0.0	0.0	0.0	0.0	0.0	0.0	0.0	0.0	
Sabine's Gull	0.0	0.0	0.0	0.0	0.0	0.0	0.0	0.0	0.0	0.0	0.0	0.0	0.0	0.0	0.0	0.0	0.0	0.0	0.0	0.0	0.0	0.0	0.0	0.0	0.0	0.0	0.0	0.0	0.0	0.0	0.0	0.0	3.046E-4	1.758E-4	0.0	0.0	0.0	0.0015	0.0	0.0	0.0	0.0	0.0	0.0015	2.079E-4	0.0	0.0	0.0	
Bonaparte's Gull	0.0323653	0.0329361	0.0414817	0.0470575	0.0310287	0.0228728	0.0190395	0.0205208	0.0122711	0.0069366	0.0062377	0.0040232	0.0063096	0.0072908	0.0050583	0.0031023	0.0044253	0.0056998	0.009564	0.0043812	0.0025559	0.0019724	9.789E-4	0.0014256	0.0019975	0.0029863	0.0025057	0.0041341	0.0035122	0.0049831	0.0046702	0.0059939	0.0012186	0.0035162	0.0029379	0.0027439	0.0030325	0.0059016	0.0072009	0.0171436	0.0215279	0.0325628	0.0367114	0.0418235	0.0388773	0.0316484	0.0481618	0.0431043	
Black-headed Gull	0.0043023	0.0014097	0.0029177	0.0068327	0.005059	0.0018298	0.0025729	0.0037938	0.0021978	0.0026247	0.0010693	7.1E-4	4.617E-4	1.458E-4	2.81E-4	0.0012837	0.0015	0.0	1.242E-4	9.96E-5	0.0	0.0	0.0	0.0	0.0	1.991E-4	0.0	0.0	0.0	1.993E-4	0.0029189	1.223E-4	0.0015	1.758E-4	1.836E-4	0.0	0.0	0.0015	0.0015	2.637E-4	3.81E-4	0.001206	0.0010991	0.0011153	0.0014553	0.003956	0.0011238	0.0036865	
Laughing Gull	7.822E-4	2.563E-4	0.0	0.0	0.0	0.0	0.0	0.0	0.0012821	0.0035621	0.0110497	0.0185777	0.0432441	0.0679498	0.0955459	0.0919983	0.1021131	0.0955246	0.1166315	0.13024	0.172524	0.1744666	0.1945967	0.2035482	0.2037407	0.2195899	0.2474421	0.2654658	0.2696585	0.2918079	0.303561	0.2912538	0.2686976	0.2382208	0.2207124	0.2330793	0.2140564	0.2045902	0.1630355	0.1589081	0.1329777	0.1079397	0.0793581	0.0499094	0.0191268	0.0061538	0.0043346	0.0024577	
Franklin's Gull	0.0015	0.0	0.0	0.0	0.0	0.0	0.0	0.0	0.0	0.0	0.0	0.0	0.0	0.0	0.0	0.0	0.0	0.0	0.0	0.0	0.0	0.0	1.958E-4	0.0	0.0	0.0	0.0	0.0	0.0	3.986E-4	0.0015	0.0	0.0015	0.0	1.836E-4	1.524E-4	0.0	0.0	0.0	6.594E-4	0.0	0.0024121	0.0015	0.0015	0.0015	0.0015	0.0015	1.891E-4	
Common Gull	0.0	0.0	0.0	0.0015	1.686E-4	0.0015	0.0	0.0015	1.832E-4	3.75E-4	0.0015	0.0	0.0	0.0	0.0	0.0	0.0	0.0	0.0	0.0	0.0	0.0	0.0	0.0	0.0	0.0	0.0	0.0	0.0	0.0	0.0	0.0	0.0	0.0	0.0	0.0	0.0	0.0	0.0	0.0	0.0	0.0	0.0	0.0	0.0	0.0	0.0	0.0	
Common/Short-billed Gull	0.0	0.0	0.0	0.0	0.0	1.307E-4	0.0	0.0	0.0	0.0	0.0	0.0	0.0	0.0	0.0	0.0	0.0	0.0	0.0	0.0	0.0	0.0	0.0	0.0	0.0	0.0	0.0	0.0	0.0	0.0	0.0	0.0	0.0	0.0	0.0	0.0	0.0	0.0	0.0	0.0	0.0	0.0	0.0	0.0	0.0	0.0	0.0	0.0	
Ring-billed Gull	0.3337245	0.3260285	0.314601	0.3295129	0.3129848	0.2380081	0.1984563	0.3153992	0.2798535	0.2701537	0.2569952	0.2234055	0.1991382	0.1634587	0.1524519	0.1178862	0.0994579	0.0863416	0.0860763	0.0740814	0.0744409	0.0663439	0.0728269	0.0918739	0.0996913	0.1313956	0.1774901	0.2289975	0.219122	0.2140722	0.2333139	0.2549235	0.2412795	0.2183544	0.2005141	0.208689	0.2145915	0.2401639	0.2263663	0.2580773	0.2928177	0.3250251	0.3339195	0.3658163	0.3284823	0.3463736	0.3554343	0.341053	
Western Gull	0.0	0.0	0.0	0.0	0.0	2.614E-4	0.0	0.0	0.0	0.0	0.0	0.0	0.0	0.0	0.0	0.0	0.0	0.0	0.0	0.0	0.0	0.0	0.0	0.0	0.0	0.0	0.0	0.0	0.0	0.0	0.0	0.0	0.0	0.0	0.0	0.0	0.0	0.0	0.0	0.0	0.0	0.0	0.0	0.0	0.0	0.0	0.0	0.0	
American Herring Gull	0.4430429	0.427656	0.424204	0.4322239	0.4286678	0.3400863	0.29494	0.4242111	0.3946886	0.3873266	0.3844235	0.3650456	0.3618036	0.3534558	0.350288	0.3310869	0.2909614	0.2798185	0.3070426	0.3124564	0.3522364	0.3670432	0.3694205	0.3922066	0.4082077	0.4095162	0.4418459	0.4544515	0.4380488	0.4347219	0.4637089	0.4434251	0.4108149	0.3691983	0.3665075	0.3762195	0.3788798	0.3890164	0.3774003	0.3982593	0.4277005	0.4448241	0.4258079	0.4576886	0.431185	0.4536264	0.5023278	0.4946592	
Great Black-backed Gull	0.2789674	0.268102	0.2722314	0.2729777	0.2581788	0.2063783	0.164494	0.2571133	0.2309524	0.2232846	0.2343611	0.2250621	0.2408433	0.2213473	0.2141352	0.1935173	0.168824	0.1646612	0.1986089	0.2389724	0.270607	0.2904788	0.3054033	0.3149058	0.3157799	0.3266972	0.3579035	0.3646833	0.3453659	0.318517	0.3243822	0.3009174	0.2709825	0.2436709	0.2153874	0.2333841	0.2195862	0.2414754	0.217873	0.2359225	0.2667175	0.279598	0.2662124	0.3058692	0.2839917	0.2863736	0.3244502	0.3032423	
American Herring x Great Black-backed Gull (hybrid)	0.0	0.0	0.0	1.102E-4	0.0	0.0	0.0	0.0	1.832E-4	0.0	0.0	0.0	0.0	0.0	0.0	0.0	0.0	0.0	0.0	0.0	0.0	0.0	0.0	0.0	0.0	0.0	0.0	0.0	0.0	0.0	0.0	0.0	0.0	0.0	0.0	0.0	0.0	0.0	0.0	0.0	0.0	0.0	0.0	0.0	0.0	0.0	0.0	9.45E-5	
Glaucous Gull	0.0076269	0.0060233	0.0106558	0.0066123	0.0052277	0.0027447	0.0027444	0.0072426	0.0065934	0.0020622	0.0033862	4.733E-4	4.617E-4	0.0013123	4.215E-4	3.209E-4	4.425E-4	4.222E-4	1.242E-4	5.974E-4	3.195E-4	0.0015	7.831E-4	3.168E-4	0.0015	5.973E-4	0.0015	5.906E-4	1.951E-4	1.993E-4	0.0	1.223E-4	1.523E-4	1.758E-4	0.0	1.524E-4	8.919E-4	1.639E-4	0.0	2.637E-4	1.905E-4	2.01E-4	2.198E-4	8.365E-4	0.0022869	0.0050549	0.0046556	0.0037811	
American Herring x Glaucous Gull (hybrid)	9.78E-5	1.282E-4	1.269E-4	0.0	0.0	1.307E-4	0.0	0.0	0.0	0.0	0.0	0.0	0.0	0.0	2.81E-4	1.07E-4	0.0	0.0	0.0	0.0	0.0	0.0	0.0	0.0	0.0	0.0	0.0	0.0	0.0	0.0	0.0	0.0	0.0	0.0	0.0	0.0	0.0	0.0	0.0	0.0	0.0	0.0	0.0015	0.0	0.0	2.198E-4	1.605E-4	6.617E-4	
Lesser Black-backed Gull	0.012027	0.0134564	0.0111633	0.0136654	0.0111298	0.0088877	0.0071184	0.0131057	0.0128205	0.0097488	0.0117626	0.0126612	0.01739	0.0169146	0.0147534	0.0141207	0.0129439	0.012244	0.0124208	0.0194165	0.0269968	0.0322754	0.0348473	0.0308886	0.0355911	0.0312562	0.0361245	0.0369113	0.0419512	0.0378712	0.0461179	0.0523547	0.0517898	0.0485232	0.0444363	0.053811	0.0458437	0.0521311	0.0365583	0.0383753	0.0289579	0.0265327	0.0235217	0.0276035	0.0126819	0.0096703	0.0162145	0.0095472	
American Herring x Lesser Black-backed Gull (hybrid)	0.0	0.0	0.0	0.0	1.686E-4	1.307E-4	0.0	0.0	0.0	0.0	0.0	1.183E-4	0.0	1.458E-4	0.0	0.0	0.0	0.0	0.0	0.0	0.0	0.0	0.0	0.0	0.0	0.0	0.0	0.0	0.0	0.0	0.0	0.0	0.0	0.0	0.0	0.0015	0.0	0.0015	0.0	0.0	0.0	0.0	0.0	2.788E-4	0.0	0.0	1.605E-4	3.781E-4	
Iceland Gull	0.0112447	0.0176855	0.0223265	0.0224818	0.0180438	0.0132009	0.0102058	0.0170719	0.0135531	0.0063742	0.0037426	0.0047332	0.002924	0.0029163	0.0032317	0.0022465	0.0014382	0.0020055	0.0011179	0.0010953	6.39E-4	0.0034068	0.0023493	1.584E-4	0.0015	0.0	0.0	0.0	0.0	0.0	0.0	0.0	1.523E-4	0.0015	1.836E-4	0.0	1.784E-4	1.639E-4	0.0015	9.231E-4	1.905E-4	0.001206	0.0026379	0.0057159	0.0079002	0.0072527	0.0125221	0.0080348	
white-winged gull sp.	0.0	0.0	1.269E-4	1.102E-4	0.0	0.0	0.0	0.0	0.0	0.0	0.0	0.0	0.0	0.0	0.0	0.0	0.0	0.0	0.0	9.96E-5	0.0	0.0	0.0	0.0	0.0	0.0	0.0	0.0	0.0	0.0	0.0	0.0	0.0	0.0	0.0	0.0	0.0	0.0	0.0	0.0	0.0	0.0	0.0	0.0	0.0	0.0	0.0	0.0	
Larus sp.	0.0029334	0.001666	0.0032982	0.003747	0.0016863	0.0031368	0.0036878	0.012071	0.0086081	0.0046869	0.0051684	0.0046148	0.0020006	0.0048119	0.0023886	0.0022465	0.0018807	0.0015833	0.0016147	0.0025889	0.0022364	0.0030482	0.0023493	0.001584	0.0038133	0.002389	0.0045939	0.0042817	0.004878	0.0029898	0.0017513	0.0039144	0.0013709	0.0024613	0.0016526	0.0039634	0.0016054	0.0019672	0.0025849	0.003165	0.0051438	0.0022111	0.0041767	0.0082253	0.0033264	0.0048352	0.0032108	0.0048209	
gull sp.	0.0167204	0.015635	0.0172523	0.0227022	0.0185497	0.0243105	0.0288165	0.0231074	0.0210623	0.0247469	0.0256639	0.0247308	0.01739	0.0214348	0.0223409	0.0193624	0.0163735	0.0154106	0.0147808	0.0126456	0.0172524	0.0138067	0.0113547	0.0155235	0.0143454	0.0173203	0.0156609	0.0178651	0.0202927	0.017341	0.0180969	0.0178593	0.0167555	0.0221519	0.0302975	0.023628	0.0244381	0.027541	0.0267725	0.0243967	0.0280053	0.0217085	0.0281381	0.0245365	0.0266112	0.0235165	0.0168566	0.0216467	
Black Skimmer	0.0	0.0	0.0	0.0	0.0	0.0	0.0	0.0	0.0	0.0	0.0	0.0	0.0	0.0	0.0	7.488E-4	0.0026552	0.0053832	0.0096882	0.0212088	0.0284345	0.032634	0.0387627	0.0437193	0.0533866	0.0412104	0.0413447	0.0308578	0.020878	0.0155471	0.0235454	0.0190826	0.01508	0.0105485	0.0062431	0.0073171	0.0039244	0.0016393	0.0018464	0.0019781	0.0026672	0.0038191	0.0032974	2.788E-4	0.0	0.0	0.0	0.0	
Sooty Tern	0.0	0.0	0.0	0.0	0.0	0.0	0.0	0.0	0.0	0.0	0.0	0.0	0.0	0.0	0.0	0.0	0.0	0.0	0.0	0.0	0.0	0.0	0.0	0.0	0.0	0.0	0.0	0.0	1.951E-4	0.0	1.946E-4	7.339E-4	4.57E-4	1.758E-4	0.0015	0.0	0.0	0.0	0.0	0.0	0.0	0.0	0.0	0.0	0.0	0.0	0.0	0.0	
Bridled Tern	0.0	0.0	0.0	0.0	0.0	0.0	0.0	0.0	0.0	0.0	0.0	0.0	0.0	0.0	0.0	0.0	0.0	0.0	0.0	0.0	0.0	7.172E-4	1.958E-4	6.336E-4	1.816E-4	9.954E-4	4.176E-4	2.953E-4	0.001561	0.0035878	0.0025297	0.0014679	0.0010663	3.516E-4	0.0015	0.0	0.0	0.0	0.0	0.0	0.0	0.0	0.0	0.0	0.0	0.0	0.0	0.0	
Sooty/Bridled Tern	0.0	0.0	0.0	0.0	0.0	0.0	0.0	0.0	0.0	0.0	0.0	0.0	0.0	0.0	0.0	0.0	0.0	0.0	0.0	0.0	0.0	0.0	0.0	0.0	0.0	0.0	0.0	0.0	0.0	0.0	0.0015	1.223E-4	0.0015	0.0	0.0	0.0	0.0	0.0	0.0	0.0	0.0	0.0	0.0	0.0	0.0	0.0	0.0	0.0	
Least Tern	0.0	0.0	0.0	0.0	0.0	0.0	0.0	0.0	0.0	0.0	0.0	0.0	0.0	0.0	2.81E-4	0.0023534	0.0316407	0.0891915	0.1507887	0.1828139	0.1915335	0.1755424	0.2061472	0.2141613	0.230434	0.2460681	0.2407601	0.2281116	0.1814634	0.1341439	0.1153921	0.0785321	0.0417365	0.0172293	0.0062431	0.0012195	1.784E-4	0.0	0.0	0.0	0.0	0.0	0.0	0.0	0.0	0.0	0.0	0.0	
Gull-billed Tern	0.0	0.0	0.0	0.0	0.0	0.0	0.0	0.0	0.0	0.0	0.0	0.0	0.0	0.0	0.0	2.139E-4	0.0	1.056E-4	4.968E-4	0.0015	4.792E-4	7.172E-4	5.873E-4	9.504E-4	5.448E-4	5.973E-4	0.0010441	4.429E-4	1.951E-4	0.0	1.946E-4	2.446E-4	7.616E-4	1.758E-4	1.836E-4	0.0015	0.0	0.0	0.0	0.0	0.0	0.0	0.0	0.0	0.0	0.0	0.0	0.0	
Caspian Tern	0.0	0.0	0.0	0.0	0.0	0.0	0.0	0.0	0.0	0.0	0.0	0.0	1.539E-4	0.001604	0.0021076	0.0058836	0.002102	0.0010555	9.937E-4	7.966E-4	0.0014377	0.0016138	9.789E-4	7.92E-4	1.816E-4	5.973E-4	2.088E-4	0.0017717	9.756E-4	0.0013953	0.0021405	0.0092966	0.0170602	0.0149437	0.0148733	0.0108232	0.0080271	0.0104918	0.0038774	7.912E-4	1.905E-4	0.0	0.0	0.0	0.0	0.0	0.0	0.0	
Black Tern	0.0	0.0	0.0	0.0	0.0	0.0	0.0	0.0	0.0	0.0	0.0	0.0	0.0	0.0	0.0	0.0015	1.106E-4	8.444E-4	0.0016147	0.001394	0.0044728	0.0051999	0.0092013	0.0121971	0.0208825	0.0113478	0.0106494	0.0155027	0.012878	0.01176	0.024713	0.030581	0.0231531	0.0091421	0.0047741	7.622E-4	7.135E-4	3.279E-4	3.693E-4	3.956E-4	0.0	0.0	0.0	0.0	0.0	0.0	0.0	0.0	
White-winged Tern	0.0	0.0	0.0	0.0	0.0	0.0	0.0	0.0	0.0	0.0	0.0	0.0	0.0	0.0	0.0	0.0	0.0	0.0015	0.0	0.0	0.0	0.0	0.0	0.0	0.0	0.0	0.0	0.0	0.0	0.0	0.0	0.0	0.0	0.0	0.0	0.0	0.0	0.0	0.0	0.0	0.0	0.0	0.0	0.0	0.0	0.0	0.0	0.0	
Forster's Tern	0.0	0.0	1.269E-4	0.0	0.0	0.0	0.0	0.0	0.0015	0.0	0.0	1.183E-4	0.0035396	0.0182269	0.0526907	0.0663243	0.0649408	0.0560481	0.0623525	0.0631285	0.0720447	0.0600681	0.0712608	0.0822113	0.0931542	0.0925742	0.1077469	0.1225454	0.0907317	0.0827188	0.0834793	0.0702141	0.067936	0.044128	0.0354389	0.0384146	0.0401356	0.0380328	0.0256647	0.0232098	0.01486	0.0150754	0.006375	0.0018124	6.237E-4	0.0	3.211E-4	0.0	
Arctic Tern	0.0	0.0	0.0	0.0	0.0	0.0	0.0	0.0	0.0	0.0	0.0	0.0	0.0	0.0	0.0	0.0	1.106E-4	2.111E-4	3.726E-4	0.0022902	0.0033546	0.0041241	0.0078309	0.0064945	0.0092609	0.0043799	2.088E-4	2.953E-4	0.0	0.0015	0.0	3.67E-4	3.046E-4	3.516E-4	0.0	0.0	0.0	0.0	0.0	0.0	0.0	0.0	0.0	0.0	0.0	0.0	0.0	0.0	
Common Tern	0.0	0.0	0.0	0.0	0.0	0.0	0.0	0.0	0.0	0.0	0.0	0.0	0.0	1.458E-4	5.62E-4	0.0066324	0.0498949	0.0888748	0.1355111	0.1633974	0.177476	0.1785906	0.2208301	0.2475843	0.2718358	0.2854868	0.3084151	0.3233427	0.3059512	0.2567271	0.2342868	0.1783486	0.131607	0.0803446	0.0580242	0.0367378	0.0231894	0.0186885	0.0096012	0.0072531	0.0034292	0.0034171	0.001319	8.365E-4	0.0	4.396E-4	0.0	0.0	
Forster's/Common Tern	0.0	0.0	0.0	0.0	0.0	0.0	0.0	0.0	0.0	0.0	0.0	0.0	0.0	0.0	8.431E-4	9.628E-4	0.0014382	0.0018999	0.0031052	0.0037837	0.0027157	0.0030482	0.0027408	0.0036433	0.0036317	0.0031853	0.0041762	0.0042817	0.0042927	0.0057803	0.0040864	0.0029358	0.0025895	0.0026371	0.0027543	0.0032012	1.784E-4	6.557E-4	3.693E-4	5.275E-4	5.715E-4	0.0	0.0	0.0	0.0	0.0	0.0	0.0	
Common/Arctic Tern	0.0	0.0	0.0	0.0	0.0	0.0	0.0	0.0	0.0	0.0	0.0	0.0	0.0	0.0	0.0	0.0	0.0	0.0	2.484E-4	2.987E-4	1.597E-4	1.793E-4	0.0	0.0	1.816E-4	0.0	0.0	0.0	0.0	1.993E-4	0.0	0.0	0.0	0.0	0.0	1.524E-4	0.0	0.0	0.0	0.0	0.0	0.0	0.0	0.0	0.0	0.0	0.0	0.0	
Roseate Tern	0.0	0.0	0.0	0.0	0.0	0.0	0.0	0.0	0.0	0.0	0.0	0.0	0.0	0.0	0.0	2.139E-4	0.004204	0.0072831	0.0130419	0.0185204	0.0244409	0.0367581	0.0493344	0.0641533	0.0595606	0.0410113	0.0348716	0.0234756	0.0243902	0.0253139	0.0256859	0.0300917	0.0175171	0.0058017	0.0016526	3.049E-4	0.0	0.0	0.0015	0.0	0.0	0.0	0.0	0.0	0.0	0.0	0.0	0.0	
Sterna sp.	0.0	0.0	0.0	0.0	0.0	0.0	0.0	0.0	0.0	0.0	0.0	0.0	0.0	0.0	0.0	2.139E-4	0.0034296	0.0042221	0.0043473	0.0065717	0.0076677	0.0087861	0.0078309	0.0076034	0.0056292	0.0075652	0.0096053	0.0062011	0.0093659	0.0045844	0.0062269	0.0059939	0.004722	0.003692	0.0018362	0.0022866	0.0028541	0.0032787	0.0012925	5.275E-4	7.62E-4	8.04E-4	0.0	0.0	0.0	0.0	0.0	0.0	
Sandwich Tern	0.0	0.0	0.0	0.0	0.0	0.0	0.0	0.0	0.0	0.0	0.0	0.0	0.0	0.0	0.0	0.0	0.0	0.0	0.0	0.0015	0.0015	0.0014345	0.0	0.0028513	0.003087	5.973E-4	0.0012529	1.476E-4	1.951E-4	1.993E-4	0.0048648	0.0019572	0.0010663	7.032E-4	0.0015	3.049E-4	0.0	0.0	0.0	0.0	0.0	0.0	0.0	0.0	0.0	0.0	0.0	0.0	
Elegant Tern	0.0	0.0	0.0	0.0	0.0	0.0	0.0	0.0	0.0	0.0	0.0	0.0	0.0	0.0	0.0	0.0	0.0	0.0	0.0	0.0	0.0	0.0	0.0	0.0015	0.0025422	0.0	0.0	0.0	0.0	0.0	0.0	0.0	0.0	0.0	0.0	0.0	0.0	0.0	0.0	0.0	0.0	0.0	0.0	0.0	0.0	0.0	0.0	0.0	
Royal Tern	0.0	0.0	0.0	0.0	0.0	0.0	0.0	0.0	0.0	0.0	0.0	0.0	0.0	2.916E-4	0.0	0.0015	2.213E-4	0.0	1.242E-4	0.0016927	0.0052716	0.0066344	0.016249	0.0191668	0.0243327	0.0203066	0.0346628	0.0618633	0.0677073	0.0813235	0.0873711	0.0974924	0.0845392	0.0817511	0.0699596	0.0823171	0.078309	0.0745902	0.0576071	0.0503758	0.0329587	0.0184925	0.0079138	6.971E-4	2.079E-4	0.0	0.0	0.0	
Thalasseus sp.	0.0	0.0	0.0	0.0	0.0	0.0	0.0	0.0	0.0	0.0	0.0	0.0	0.0	0.0	0.0	0.0	0.0	0.0	0.0	0.0	0.0	0.0	1.958E-4	0.0	0.0	0.0	0.0	0.0	0.0	0.0	0.0	0.0	0.0	0.0	0.0	0.0	0.0	0.0	0.0	0.0	0.0	0.0	0.0	0.0	0.0	0.0	0.0	0.0	
large tern sp.	0.0	0.0	0.0	0.0	0.0	0.0	0.0	0.0	0.0	0.0	0.0	0.0	0.0	0.0	0.0	0.0	0.0	0.0	0.0	0.0	0.0	0.0	1.958E-4	1.584E-4	0.0	0.0	0.0	0.0	0.0	0.0	0.0	0.0	0.0	0.0	0.0	0.0	1.784E-4	1.639E-4	0.0	0.0	0.0	0.0	0.0	0.0	0.0	0.0	0.0	0.0	
tern sp.	0.0	0.0	0.0	0.0	0.0	0.0	0.0	0.0	0.0	0.0	0.0	1.183E-4	0.0	0.0	5.62E-4	0.0011767	0.0018807	0.0029555	0.0031052	0.0039829	0.0033546	0.0035862	0.0052858	0.0063361	0.006174	0.0067689	0.0098142	0.0124022	0.006439	0.005581	0.0046702	0.0064832	0.004265	0.003692	0.0029379	0.0018293	8.919E-4	6.557E-4	0.0011078	2.637E-4	5.715E-4	0.0	4.397E-4	0.0	2.079E-4	0.0	0.0	0.0	
gull/tern sp.	0.0	0.0	0.0	0.0	0.0	0.0	0.0	0.0	0.0	0.0	0.0	0.0	0.0	0.0	0.0	0.0	0.0	0.0	0.0	0.0	0.0	0.0	1.958E-4	0.0	0.0	1.991E-4	0.0	0.0	0.0	0.0	0.0	0.0	0.0	0.0	0.0	0.0	0.0	0.0	0.0	0.0	0.0	0.0	0.0	0.0	0.0	0.0	0.0	0.0	
Chilean Flamingo	0.0	0.0	0.0	0.0	0.0	0.0	0.0	0.0	0.0	0.0	0.0	0.0	0.0	0.0	0.0	0.0	0.0	0.0	0.0	0.0	0.0	0.0	0.0	0.0	0.0	0.0	0.0	0.0	0.0	0.0015	0.0	0.0015	0.0	0.0	0.0	0.0	0.0	0.0	0.0	0.0	0.0	0.0	0.0	0.0	0.0	0.0	0.0	0.0	
American Flamingo	0.0	0.0	0.0	0.0	0.0	0.0	0.0	0.0	0.0	0.0	0.0	0.0	0.0	0.0	0.0	0.0	0.0	0.0	0.0	0.0012944	0.0111821	0.0075309	0.0140955	0.0055441	9.079E-4	0.0011945	0.0	0.0	0.0	0.0	0.0	0.0	0.0	0.0	0.0	0.0	0.0	0.0	0.0	0.0	0.0	0.0	0.0	0.0	0.0	0.0	0.0	0.0	
American/Greater Flamingo	0.0	0.0	0.0	0.0	0.0	0.0	0.0	0.0	0.0	0.0	0.0	0.0	0.0	0.0	0.0	0.0	0.0	0.0	0.0	0.0	1.597E-4	0.0	0.0	0.0	0.0	0.0	0.0	0.0	0.0	0.0	0.0	0.0	0.0	0.0	0.0	0.0	0.0	0.0	0.0	0.0	0.0	0.0	0.0	0.0	0.0	0.0	0.0	0.0	
Pied-billed Grebe	0.0333431	0.0330642	0.0286693	0.0294247	0.020742	0.0103254	0.0119211	0.018279	0.0159341	0.0202475	0.0162181	0.0144362	0.0153894	0.015748	0.0056203	0.0013907	0.0014382	6.333E-4	3.726E-4	5.974E-4	1.597E-4	5.379E-4	3.915E-4	7.92E-4	3.632E-4	3.982E-4	6.264E-4	4.429E-4	5.854E-4	9.966E-4	0.0015567	0.0011009	0.0028941	0.0054501	0.0055086	0.007622	0.014092	0.0185246	0.0204948	0.0269023	0.0306725	0.04	0.0345131	0.0366653	0.0438669	0.0331868	0.0314657	0.0217412	
Horned Grebe	0.0469346	0.0443419	0.0565774	0.0606127	0.0522766	0.0424781	0.034048	0.0501811	0.0538462	0.0382452	0.0377829	0.0305289	0.0297014	0.0239137	0.0177041	0.0055627	0.0014382	4.222E-4	0.0015	2.987E-4	1.597E-4	3.586E-4	3.915E-4	4.752E-4	5.448E-4	3.982E-4	8.352E-4	2.953E-4	0.0	0.0	1.946E-4	0.0	0.0	1.758E-4	0.0	0.0	0.0	3.279E-4	3.693E-4	9.231E-4	0.0059059	0.0138693	0.0211035	0.0344347	0.0378378	0.0408791	0.0613261	0.0623877	
Red-necked Grebe	0.0108536	0.0078175	0.0060891	0.0071633	0.0059022	0.0039211	0.0037736	0.006208	0.0062271	0.0086239	0.0069506	0.0023666	0.0032318	0.001604	0.0012646	6.418E-4	2.213E-4	1.056E-4	0.0	1.991E-4	0.0	0.0	0.0	0.0	0.0	1.991E-4	0.0	7.382E-4	3.902E-4	0.0	1.946E-4	1.223E-4	4.57E-4	3.516E-4	3.672E-4	4.573E-4	1.784E-4	1.639E-4	3.693E-4	3.956E-4	5.715E-4	0.001206	0.0021983	0.0050188	0.0054054	0.0048352	0.0113983	0.0060497	
Eared Grebe	0.0	2.563E-4	3.806E-4	0.0014327	0.0023609	2.614E-4	0.001801	0.0020693	0.0016484	0.0014998	7.129E-4	3.55E-4	3.078E-4	0.0	0.0	0.0015	0.0	0.0	0.0	0.0	0.0	0.0	0.0	0.0	0.0	0.0	0.0	0.0	0.0	0.0	0.0	0.0	0.0	0.0	0.0	0.0	0.0	1.639E-4	0.0	0.0	0.0	0.0	2.198E-4	8.365E-4	6.237E-4	2.198E-4	9.632E-4	9.45E-5	
Western Grebe	0.0	0.0012816	2.537E-4	0.0	0.0	0.0	0.0	0.0	0.0	0.0	0.0	0.0	0.0	0.0	0.0	0.0	0.0	0.0	0.0	0.0	0.0	0.0	0.0	0.0	0.0	0.0	0.0	0.0	0.0	0.0	0.0	0.0	0.0	0.0	0.0	0.0	0.0	0.0	0.0	0.0	0.0	0.0	0.0	0.0	0.0015	0.0	0.0	0.0	
grebe sp.	0.0	0.0	1.269E-4	0.0	0.0	0.0	8.58E-5	0.0	0.0	0.0	0.0	1.183E-4	0.0	0.0	0.0	0.0	0.0	0.0	0.0	0.0	0.0	0.0	0.0	0.0	0.0	0.0	0.0	0.0	0.0	0.0	0.0	0.0	0.0	0.0	0.0	0.0	0.0	0.0	0.0	0.0	0.0	0.0	2.198E-4	1.394E-4	0.0	0.0	1.605E-4	2.836E-4	
White-tailed Tropicbird	0.0	0.0	0.0	0.0	0.0	0.0	0.0	0.0	0.0	0.0	0.0	0.0	0.0	0.0	0.0	0.0	0.0	0.0	0.0	0.0	0.0	0.0	0.0	0.0	0.0	0.0	0.0	0.0	0.0	0.0	1.946E-4	0.0	0.0	0.0	0.0	0.0	0.0	0.0	0.0	0.0	0.0	0.0	0.0	0.0	0.0	0.0	0.0	0.0	
Red-throated Loon	0.0897624	0.081379	0.0856273	0.0857395	0.0522766	0.0484904	0.0342196	0.059493	0.0514652	0.0410574	0.038674	0.0390486	0.0358572	0.0329542	0.0234649	0.0161532	0.0152672	0.0104497	0.0109303	0.0094593	0.0054313	0.0021517	0.0031323	0.001584	0.0012711	1.991E-4	0.0014617	4.429E-4	0.0	1.993E-4	1.946E-4	0.0	1.523E-4	5.274E-4	3.672E-4	9.146E-4	0.0032108	0.0062295	0.0077548	0.0234736	0.0432463	0.0617085	0.0740822	0.1165482	0.1195426	0.1030769	0.1419168	0.1112582	
Pacific Loon	9.78E-5	0.0015	1.269E-4	2.204E-4	0.0	0.0	8.58E-5	0.0	1.832E-4	1.875E-4	1.782E-4	1.183E-4	0.0	0.0	0.0	1.07E-4	2.213E-4	0.0	0.0015	5.974E-4	0.0	0.0	1.958E-4	0.0	0.0	0.0	0.0	0.0	0.0	0.0	0.0	0.0	0.0	0.0	0.0	0.0	0.0	0.0	0.0	0.0	0.0	0.0	0.0	6.971E-4	0.0014553	0.0015	3.211E-4	2.836E-4	
Arctic/Pacific Loon	0.0	0.0	0.0	0.0	0.0	0.0	0.0	0.0	0.0	0.0	0.0	0.0	0.0	0.0	0.0	0.0	0.0	0.0	0.0	0.0	0.0	0.0	0.0	0.0	0.0	0.0	0.0	0.0	0.0	0.0	0.0	0.0	0.0	0.0	0.0	0.0	0.0	0.0	0.0	0.0	0.0	0.0	0.0	0.0	0.0	0.0015	0.0	0.0	
Common Loon	0.169649	0.1642958	0.1754408	0.1813974	0.1607083	0.138544	0.1109777	0.1638213	0.1456044	0.1171729	0.1178043	0.112886	0.1143429	0.1130067	0.1070676	0.0921053	0.08231	0.062909	0.0568873	0.0506821	0.0474441	0.0333513	0.0289742	0.0255029	0.0161612	0.011746	0.0158697	0.0098922	0.0134634	0.0143512	0.0136213	0.0088073	0.0126428	0.0089662	0.0141388	0.0196646	0.0351409	0.0467213	0.0625923	0.1008836	0.1526005	0.161608	0.1677292	0.2018681	0.1962578	0.1773626	0.2197785	0.2193969	
loon sp.	0.0011734	0.002435	0.0022834	0.0016531	0.0013491	0.001307	0.0018868	6.898E-4	0.0014652	0.0013123	8.911E-4	0.00142	6.156E-4	0.001604	0.0014051	0.0010697	0.0019914	0.0013722	0.0011179	0.0021906	0.001278	3.586E-4	3.915E-4	3.168E-4	0.0	0.0	0.0	1.476E-4	0.0	0.0	0.0	0.0	0.0	1.758E-4	1.836E-4	1.524E-4	3.568E-4	6.557E-4	7.386E-4	0.0026375	0.0032387	0.0030151	0.0037371	0.0058553	0.0029106	0.0043956	0.0044951	0.0029303	
Atlantic Yellow-nosed Albatross	0.0	0.0	0.0	0.0	0.0	0.0	0.0	0.0	0.0	0.0	0.0	0.0	0.0	0.0	0.0	0.0	2.213E-4	0.0	0.0	0.0	0.0	0.0	0.0	0.0	0.0	0.0	0.0	0.0	0.0	0.0	0.0	0.0	0.0	0.0	0.0	0.0	0.0	0.0	0.0	0.0	0.0	0.0	0.0	0.0	0.0	0.0	0.0	0.0	
small albatross sp.	0.0	0.0	0.0	0.0	0.0	0.0	0.0	0.0	0.0	0.0	0.0	0.0	0.0	0.0	0.0	0.0	0.0	0.0	0.0	0.0015	0.0	0.0	0.0	0.0	0.0	0.0	0.0	0.0	0.0	0.0	0.0	0.0	0.0	0.0	0.0	0.0	0.0	0.0	0.0	0.0	0.0	0.0	0.0	0.0	0.0	0.0	0.0	0.0	
Wilson's Storm-Petrel	0.0	0.0	0.0	0.0	0.0	0.0	0.0	0.0	0.0	0.0	0.0	0.0	1.539E-4	0.0	0.0	1.07E-4	3.319E-4	0.0016888	0.0019873	0.0078662	0.0210863	0.0125516	0.0232968	0.0229685	0.0141638	0.0187139	0.0187931	0.0191939	0.0156098	0.0207295	0.020432	0.0124771	0.0077685	0.0035162	0.0056923	0.0033537	0.0015	0.0014754	0.0011078	6.594E-4	3.81E-4	2.01E-4	2.198E-4	1.394E-4	0.0	0.0	0.0	0.0	
White-faced Storm-Petrel	0.0	0.0	0.0	0.0	0.0	0.0	0.0	0.0	0.0	0.0	0.0	0.0	0.0	0.0	0.0	0.0	0.0	0.0	0.0	0.0	0.0	0.0015	0.0	0.0	0.0	0.0	2.088E-4	0.0	3.902E-4	9.966E-4	0.0021405	6.116E-4	4.57E-4	1.758E-4	1.836E-4	0.0015	0.0	0.0	1.846E-4	0.0	0.0	0.0	0.0	0.0	0.0	0.0	0.0	0.0	
Leach's Storm-Petrel	0.0	0.0	0.0	0.0	0.0	0.0	0.0	0.0	0.0	0.0	0.0	0.0	0.0	0.0	0.0	1.07E-4	0.0	2.111E-4	0.0015	7.966E-4	0.0020767	1.793E-4	1.958E-4	0.0020592	9.079E-4	0.002389	0.0	0.0011812	0.0011707	0.0019932	0.004281	0.0013456	6.093E-4	1.758E-4	5.509E-4	1.524E-4	1.784E-4	0.0	1.846E-4	3.956E-4	0.0	0.0	0.0	0.0	0.0	0.0	0.0	0.0	
Band-rumped Storm-Petrel	0.0	0.0	0.0	0.0	0.0	0.0	0.0	0.0	0.0	0.0	0.0	0.0	0.0	0.0	0.0	0.0	0.0	0.0	0.0	0.0	0.0	0.0	0.0	7.92E-4	0.0015	0.0015	0.0	8.859E-4	7.805E-4	0.0027905	0.003308	0.0018349	0.0010663	0.0	0.0	0.0	0.0	0.0	0.0	0.0	0.0	0.0	0.0	0.0	0.0	0.0	0.0	0.0	
Hydrobates sp.	0.0	0.0	0.0	0.0	0.0	0.0	0.0	0.0	0.0	0.0	0.0	0.0	0.0	0.0	0.0	0.0	0.0	0.0	0.0	0.0	3.195E-4	0.0	0.0	0.0	0.0	0.0	0.0	4.429E-4	0.0	0.0011959	0.0021405	2.446E-4	0.0	0.0	0.0	0.0	0.0	0.0	0.0	0.0	0.0	0.0	0.0	0.0	0.0	0.0	0.0	0.0	
storm-petrel sp. (white-rumped)	0.0	0.0	0.0	0.0	0.0	0.0	0.0	0.0	0.0	0.0	0.0	0.0	0.0	0.0	0.0	0.0	0.0	0.0	0.0	0.0	0.0	0.0	0.0	0.0	0.0	0.0	0.0	0.0	1.951E-4	0.0	5.838E-4	0.0	0.0	0.0	0.0	0.0	0.0	0.0	0.0	0.0	0.0	0.0	0.0	0.0	0.0	0.0	0.0	0.0	
storm-petrel sp.	0.0	0.0	0.0	0.0	0.0	0.0	8.58E-5	0.0	0.0	0.0	0.0	0.0	0.0	0.0	0.0	0.0	0.0	4.222E-4	1.242E-4	0.0	1.597E-4	0.0	1.958E-4	0.0014256	0.0	3.982E-4	2.088E-4	0.0010335	5.854E-4	0.0011959	0.0011675	4.893E-4	9.139E-4	0.0015	0.0	1.524E-4	0.0	0.0	0.0	1.319E-4	3.81E-4	0.0	0.0	0.0	0.0	0.0	0.0	0.0	
Northern Fulmar	0.0	0.0011534	0.0	1.102E-4	3.373E-4	0.0	0.0	0.0	5.495E-4	1.875E-4	0.0015	0.0	1.539E-4	1.458E-4	0.0	1.07E-4	0.0	5.278E-4	4.968E-4	5.974E-4	9.585E-4	1.793E-4	1.958E-4	0.0	0.0	0.0	0.0	0.0	0.0	0.0	0.0	0.0	0.0	0.0015	0.0	9.146E-4	0.0	6.557E-4	0.0015	5.275E-4	1.905E-4	0.0	2.198E-4	5.576E-4	0.0014553	2.198E-4	3.211E-4	2.836E-4	
Trindade Petrel	0.0	0.0	0.0	0.0	0.0	0.0	0.0	0.0	0.0	0.0	0.0	0.0	0.0	0.0	0.0	0.0	0.0	0.0	0.0	0.0	0.0	0.0	0.0	0.0	0.0	0.0	0.0	0.0	1.951E-4	0.0	1.946E-4	0.0	0.0	0.0	0.0	0.0	0.0	0.0	0.0	0.0	0.0	0.0	0.0	0.0	0.0	0.0	0.0	0.0	
Desertas Petrel	0.0	0.0	0.0	0.0	0.0	0.0	0.0	0.0	0.0	0.0	0.0	0.0	0.0	0.0	0.0	0.0	0.0	0.0	0.0	0.0	0.0	0.0	1.958E-4	0.0	0.0	0.0	0.0	0.0	0.0	3.986E-4	0.0015	0.0	0.0	0.0	0.0	0.0	0.0	0.0	0.0	0.0	0.0	0.0	0.0	0.0	0.0	0.0	0.0	0.0	
Zino's/Cape Verde/Desertas Petrel	0.0	0.0	0.0	0.0	0.0	0.0	0.0	0.0	0.0	0.0	0.0	0.0	0.0	0.0	0.0	0.0	0.0	0.0	0.0	0.0	0.0	0.0	0.0015	0.0	0.0	0.0	0.0	0.0	0.0	0.0	0.0	0.0	0.0	0.0	0.0	0.0	0.0	0.0	0.0	0.0	0.0	0.0	0.0	0.0	0.0	0.0	0.0	0.0	
Bermuda Petrel	0.0	0.0	0.0	0.0	0.0	0.0	0.0	0.0	0.0	0.0	0.0	0.0	0.0	0.0	0.0	0.0	0.0	0.0	0.0	0.0	0.0	0.0	0.0	0.0	0.0	0.0	0.0	0.0	0.0	0.0	0.0	0.0	0.0	0.0	0.0	0.0	0.0	0.0	1.846E-4	0.0	0.0	0.0	0.0	0.0	0.0	0.0	0.0	0.0	
Black-capped Petrel	0.0	0.0	0.0	0.0	0.0	0.0	0.0	0.0	0.0	0.0	0.0	0.0	0.0	0.0	0.0	0.0	0.0	1.056E-4	0.0	9.96E-5	0.0	0.0	0.0	0.0	1.816E-4	0.0	0.0	2.953E-4	1.951E-4	0.0	0.0023351	0.0014679	6.093E-4	0.0015	0.0	0.0	0.0	0.0	9.232E-4	2.637E-4	0.0	0.0	0.0	0.0	0.0	0.0	0.0	0.0	
Pterodroma sp.	0.0	0.0	0.0	0.0	0.0	0.0	0.0	0.0	0.0	0.0	0.0	0.0	0.0	0.0	0.0	0.0	0.0	0.0	0.0	0.0	0.0	0.0	0.0	0.0	0.0	0.0	0.0	0.0	1.951E-4	0.0	1.946E-4	0.0	0.0	0.0	0.0	0.0	0.0	0.0	0.0	1.319E-4	0.0	0.0	0.0	0.0	0.0	0.0	0.0	0.0	
Cory's Shearwater	0.0	0.0	0.0	0.0	0.0	0.0	0.0	0.0	0.0	0.0	0.0	0.0	0.0	0.0	0.0	0.0	0.0	0.0	0.0	1.991E-4	0.0025559	7.172E-4	0.0050901	0.0068113	0.0049029	0.0057734	0.0073084	0.0060534	0.0050732	0.0059797	0.0077836	0.0074618	0.0083778	0.0035162	0.0033052	0.0028963	0.0010703	0.0027869	0.0014771	0.0022419	0.0017146	0.001407	0.001319	2.788E-4	0.0	0.0	0.0	0.0	
Scopoli's Shearwater	0.0	0.0	0.0	0.0	0.0	0.0	0.0	0.0	0.0	0.0	0.0	0.0	0.0	0.0	0.0	0.0	0.0	0.0	0.0	0.0	0.0	0.0	0.0	0.0014256	7.263E-4	7.963E-4	0.0014617	0.0013288	3.902E-4	0.0019932	5.838E-4	8.563E-4	0.0016756	7.032E-4	0.0	3.049E-4	1.784E-4	0.0	0.0	0.0	0.0	2.01E-4	0.0	0.0	0.0	0.0	0.0	0.0	
Cory's/Scopoli's Shearwater	0.0	0.0	0.0	0.0	0.0	0.0	0.0	0.0	0.0	0.0	0.0	0.0	0.0	0.0	0.0	0.0	1.106E-4	0.0	0.0	0.0018919	0.006869	0.0130895	0.0229052	0.0299382	0.0172508	0.02608	0.0206724	0.0284955	0.0185366	0.0189356	0.0223779	0.0150459	0.0231531	0.011955	0.0134043	0.0128049	0.0098109	0.0059016	0.0059084	0.005275	0.0017146	0.001206	4.397E-4	1.394E-4	2.079E-4	0.0	0.0	0.0	
Cory's/Scopoli's/Cape Verde Shearwater	0.0	0.0	0.0	0.0	0.0	0.0	0.0	0.0	0.0	0.0	0.0	0.0	0.0	0.0	0.0	0.0	0.0	0.0	0.0	0.0	0.0	0.0	0.0	1.584E-4	0.0	0.0	0.0	0.0	0.0	0.0	0.0	0.0	0.0	0.0	0.0	0.0	0.0	0.0	0.0	0.0	0.0	0.0	0.0	0.0	0.0	0.0	0.0	0.0	
Great Shearwater	0.0	0.0	0.0	0.0	0.0	0.0	0.0	0.0	0.0	0.0	0.0	0.0	1.539E-4	0.0	0.0	0.0	0.0	2.111E-4	1.242E-4	0.0017923	0.0065495	0.0053792	0.0221222	0.027879	0.0217904	0.0218993	0.0217164	0.0240661	0.0185366	0.0189356	0.0214049	0.0156575	0.0127951	0.0063291	0.0077121	0.007622	0.0033892	0.0040984	0.0057238	0.0032968	0.0032387	0.0036181	0.0019785	0.0022306	0.0012474	0.0	0.0	0.0	
Cory's/Scopoli's/Great Shearwater	0.0	0.0	0.0	0.0	0.0	0.0	0.0	0.0	0.0	0.0	0.0	0.0	0.0	0.0	0.0	0.0	0.0	0.0	1.242E-4	9.96E-5	4.792E-4	0.0025103	0.0074393	0.0050689	0.0067187	0.0053753	0.0022969	0.0039864	0.0019512	0.0019932	5.838E-4	0.0022018	0.0038081	0.0015823	5.509E-4	9.146E-4	7.135E-4	0.0011475	0.0014771	9.231E-4	1.905E-4	2.01E-4	0.0	0.0	0.0	0.0	1.605E-4	0.0	
Sooty Shearwater	0.0	0.0	0.0	0.0	0.0	0.0	0.0	0.0	0.0	0.0	0.0	0.0	1.539E-4	2.916E-4	1.405E-4	1.07E-4	1.106E-4	0.0010555	0.0050925	0.0213084	0.021246	0.0102205	0.011159	0.0069697	0.0056292	0.0059725	0.0050115	0.0084158	0.0037073	0.0021925	0.0025297	0.0014679	0.0019802	7.032E-4	5.509E-4	6.098E-4	1.784E-4	6.557E-4	0.0	1.319E-4	5.715E-4	0.001005	8.793E-4	2.788E-4	4.158E-4	2.198E-4	1.605E-4	0.0	
Sooty/Short-tailed Shearwater	0.0	0.0	0.0	0.0	0.0	0.0	0.0	0.0	0.0	0.0	0.0	0.0	0.0	0.0	0.0	0.0	0.0	0.0	0.0	0.0	0.0	0.0	0.0	0.0	0.0	0.0	0.0	0.0	0.0	0.0	0.0	0.0	0.0	1.758E-4	0.0	0.0	0.0	0.0	0.0	0.0	0.0	0.0	0.0	0.0	0.0	0.0	0.0	0.0	
Manx Shearwater	0.0	1.282E-4	0.0	0.0	0.0	0.0	0.0	0.0	0.0	0.0	0.0015	0.0	0.0	0.0	0.0	2.139E-4	5.532E-4	3.167E-4	0.0014905	0.0012944	0.0028754	0.0014345	0.0054816	0.0088706	0.0049029	0.0065698	0.0048027	0.007087	0.0046829	0.0033885	0.0027243	0.0035474	0.0036558	8.79E-4	0.0011017	0.002439	8.919E-4	9.836E-4	0.0012925	0.0011869	0.0015241	6.03E-4	4.397E-4	1.394E-4	0.002079	0.0	0.0	0.0	
Sargasso Shearwater	0.0	0.0	0.0	0.0	0.0	0.0	0.0	0.0	0.0	0.0	0.0	0.0	0.0	0.0	0.0	0.0	0.0	0.0	0.0	0.0	9.585E-4	0.0	1.958E-4	9.504E-4	0.0	0.0	0.0	8.859E-4	0.0011707	0.0035878	0.004281	0.0036697	0.0021325	8.79E-4	0.0016526	7.622E-4	0.0	6.557E-4	1.846E-4	0.0	0.0	0.0	0.0	0.0	0.0	0.0	0.0	0.0	
small shearwater sp.	0.0	0.0	0.0	0.0	0.0	0.0	0.0	0.0	0.0	0.0	0.0	0.0	0.0	0.0	0.0	0.0	0.0	0.0	0.0	1.991E-4	1.597E-4	0.0	0.0	4.752E-4	0.0	3.982E-4	0.0	0.0	1.951E-4	3.986E-4	5.838E-4	2.446E-4	3.046E-4	0.0	0.0	3.049E-4	0.0	1.639E-4	0.0	0.0	0.0	0.0	0.0	0.0	0.0	0.0	0.0	0.0	
shearwater sp.	0.0	2.563E-4	0.0	0.0	0.0	0.0	0.0	0.0	1.832E-4	1.875E-4	0.0	0.0	0.0	0.0	0.0	0.0	0.0	0.0	3.726E-4	9.957E-4	0.0035144	0.0019724	0.006852	0.0066529	0.0069003	0.0051762	0.004385	0.0075299	0.0044878	0.0043851	0.0040864	0.0067278	0.0048743	0.0015823	0.0033052	0.0016768	0.0012487	0.0016393	0.0018464	0.0011869	3.81E-4	4.02E-4	4.397E-4	4.182E-4	0.0	0.0	0.0	0.0	
procellariid sp.	0.0	0.0	0.0	0.0	0.0	0.0	0.0	0.0	0.0	0.0	0.0	0.0	0.0	0.0	0.0	0.0	0.0	0.0	0.0	0.0	0.0	0.0	0.0	1.584E-4	0.0	0.0	0.0	1.476E-4	0.0	0.0	5.838E-4	0.0	0.0	0.0	0.0	0.0	0.0	0.0	0.0	0.0	0.0	0.0	0.0	0.0	0.0	0.0	0.0	0.0	
Wood Stork	0.0	0.0	0.0	0.0	0.0	0.0	0.0	0.0	0.0	0.0	0.0	0.0	0.0	0.0	0.0	0.0	0.0049784	0.0041165	1.242E-4	0.0	0.0	0.0	0.0	0.0	0.0	0.0	0.0	0.0	0.0	0.0	0.0	0.0	0.0	0.0	0.0	0.0	0.0	0.0	0.0	0.0	0.0	0.0	0.0	0.0	0.0	0.0	0.0	0.0	
Magnificent Frigatebird	0.0	0.0	0.0	0.0	0.0	0.0	0.0	0.0	0.0	0.0015	0.0	0.0	0.0	0.0	0.0	0.0	0.0	0.0	0.0	7.966E-4	1.597E-4	0.0015	0.0	0.0	0.0	0.0	0.0	0.0	0.0	0.0	0.0015	1.223E-4	7.616E-4	0.0	0.0	0.0	0.0015	0.0	0.0	0.0	0.0015	0.0	0.0	0.0	0.0	0.0	3.211E-4	0.0015	
Northern Gannet	0.0453701	0.0342176	0.0265127	0.025788	0.0161889	0.0155535	0.0099485	0.016727	0.0161172	0.0178103	0.0295847	0.0530115	0.0689443	0.058326	0.0394829	0.0227856	0.0214626	0.019316	0.0248416	0.033257	0.0322684	0.0267169	0.0277995	0.0201172	0.0116216	0.0109496	0.0096053	0.0106304	0.0066341	0.006777	0.0081728	0.0096636	0.0138614	0.0103727	0.0128535	0.017378	0.0249732	0.0293443	0.0348966	0.062772	0.0813488	0.0946734	0.0929875	0.112087	0.097921	0.0769231	0.0831594	0.0542584	
Brown Booby	0.0	0.0	0.0	0.0	0.0	0.0	0.0	0.0	0.0	0.0	0.0	0.0	0.0	0.0	0.0	0.0	2.213E-4	0.0	1.242E-4	1.991E-4	0.0	0.0	0.0	0.0	7.263E-4	0.0015	4.176E-4	2.953E-4	1.951E-4	3.986E-4	1.946E-4	3.67E-4	6.093E-4	1.758E-4	1.836E-4	0.0042683	0.0087406	0.0021311	0.0014771	0.0025056	7.62E-4	0.0	0.0	1.394E-4	0.0	0.0	0.0	0.0	
sulid sp.	0.0	0.0	0.0	0.0	0.0	0.0	0.0	0.0	0.0	0.0	0.0	0.0	0.0	0.0	0.0	0.0	0.0	0.0	0.0	0.0	0.0	0.0	0.0	0.0	0.0	0.0	0.0	0.0	0.0	1.993E-4	0.0	1.223E-4	0.0	0.0	0.0	1.524E-4	1.784E-4	0.0	1.846E-4	0.0	0.0	0.0	0.0	0.0015	0.0	0.0	0.0	0.0	
Great Cormorant	0.0327564	0.027938	0.0322212	0.0383513	0.0315346	0.0252255	0.0253002	0.0455251	0.0331502	0.0271841	0.0212083	0.0159744	0.0127732	0.0093322	0.007447	0.0045999	0.0039827	0.0042221	0.006583	0.0032859	0.0043131	0.0037655	0.0039154	0.0047521	0.0047213	0.0029863	0.0037586	0.0051676	0.0070244	0.0057803	0.0054485	0.0070948	0.0097487	0.0050985	0.0119354	0.0147866	0.0142704	0.012623	0.0138479	0.0164842	0.0209564	0.0186935	0.023082	0.0232818	0.0355509	0.0259341	0.0314657	0.0321391	
Double-crested Cormorant	0.0513347	0.0461361	0.0397057	0.0385717	0.0320405	0.023657	0.0173242	0.0324194	0.0369963	0.0406824	0.0538228	0.1118211	0.1925208	0.2674249	0.3106646	0.2982456	0.2606483	0.2463585	0.2640666	0.270935	0.3118211	0.3171956	0.32361	0.3302709	0.3506446	0.3444157	0.3689706	0.38934	0.3923902	0.3665537	0.3860673	0.3743119	0.3482102	0.3445851	0.3369445	0.3484756	0.3630039	0.38	0.3594904	0.3354873	0.327872	0.2832161	0.2090569	0.1745434	0.122869	0.0832967	0.0852464	0.0542584	
Great/Double-crested Cormorant	9.78E-5	0.0	0.0	0.0	0.0	0.0	0.0	0.0	0.0	0.0	0.0	1.183E-4	0.0	0.0	1.405E-4	0.0	0.0	0.0	0.0	0.0	0.0	0.0	0.0	0.0	0.0	0.0	0.0	0.0	0.0	0.0	0.0	0.0	0.0	0.0	0.0	0.0	0.0	0.0	0.0	0.0	0.0	0.0	2.198E-4	0.0	0.0	0.0	0.0	0.0	
cormorant sp.	8.8E-4	0.0017942	0.0016491	0.0014327	0.0015177	0.0010456	0.0015437	0.0020693	9.158E-4	0.0011249	0.0014258	0.00142	9.234E-4	0.001604	8.431E-4	0.0016046	4.425E-4	9.5E-4	4.968E-4	0.0010953	0.0014377	0.0012552	0.0017619	0.001584	7.263E-4	0.0015927	0.0014617	7.382E-4	0.0023415	3.986E-4	9.73E-4	6.116E-4	0.0012186	0.0015823	0.0011017	4.573E-4	5.351E-4	0.0019672	0.002031	0.0018462	0.0019051	8.04E-4	0.0019785	0.0034853	0.0029106	0.0035165	0.0014449	0.0025522	
White Ibis	0.0	0.0	0.0	0.0	0.0	0.0	0.0	0.0	0.0	0.0	0.0	0.0015	0.0	0.0	0.0	0.0	0.0	0.0	0.0	0.0	0.0	0.0	0.0	0.0	0.0	0.0	0.0015	0.0015	0.0015	5.98E-4	0.0068107	8.563E-4	9.139E-4	1.758E-4	1.836E-4	1.524E-4	0.0	0.0	0.0	0.0	0.0	0.0	0.0	0.0	0.0	0.0	0.0	0.0	
Glossy Ibis	0.0	0.0	0.0	0.0	0.0	0.0	0.0	0.0	0.0	0.0	1.782E-4	0.0016566	0.0107725	0.0234762	0.048616	0.0541292	0.0435889	0.042643	0.060862	0.0756746	0.1063898	0.096109	0.0963195	0.095834	0.0942437	0.0764483	0.088745	0.0618633	0.0372683	0.0263105	0.0225725	0.0092966	0.0079208	0.0050985	0.0012853	0.0015244	8.919E-4	4.918E-4	0.0	0.0	0.0	0.0	0.0	0.0	0.0	0.0	0.0	0.0015	
White-faced Ibis	0.0	0.0	0.0	0.0	0.0	0.0	0.0	0.0	0.0	0.0	0.0	0.0	4.617E-4	0.0	0.0022481	9.628E-4	0.0013276	0.0010555	0.0042231	5.974E-4	3.195E-4	0.0012552	0.0039154	0.0019008	7.263E-4	0.0019908	0.0	0.0	0.0	0.0	0.0	0.0	0.0	0.0	0.0	0.0	0.0	0.0	0.0	0.0	0.0	0.0	0.0	0.0	0.0	0.0	0.0	0.0	
Glossy x White-faced Ibis (hybrid)	0.0	0.0	0.0	0.0	0.0	0.0	0.0	0.0	0.0	0.0	0.0	0.0	0.0	0.0	0.0	0.0	0.0	1.056E-4	0.0	0.0	0.0	0.0	0.0	0.0	0.0	0.0	0.0	0.0	0.0	0.0	0.0	0.0	0.0	0.0	0.0	0.0	0.0	0.0	0.0	0.0	0.0	0.0	0.0	0.0	0.0	0.0	0.0	0.0	
Glossy/White-faced Ibis	0.0	0.0	0.0	0.0	0.0	0.0	0.0	0.0	0.0	0.0	0.0	0.0	0.0	0.0	1.405E-4	1.07E-4	1.106E-4	0.0015	0.0	9.96E-5	1.597E-4	1.793E-4	3.915E-4	0.0015	0.0015	1.991E-4	0.0	2.953E-4	0.0	0.0	0.0	2.446E-4	0.0	0.0	0.0	0.0	0.0	0.0	0.0	0.0	0.0	0.0	0.0	0.0	0.0	0.0	0.0	0.0	
Roseate Spoonbill	0.0	0.0	0.0	0.0	0.0	0.0	0.0	0.0	0.0	0.0	0.0	0.0	0.0	0.0	0.0	0.0	0.0	0.0	0.0	0.0	0.0	0.0	0.0	0.0	0.0	0.0	0.0	0.0081205	0.0011707	0.0	0.0	0.0	0.0	0.0	0.0	0.0	0.0	0.0015	0.0	0.0	0.0	0.0	0.0	0.0	0.0	0.0	0.0	0.0	
American Bittern	0.0042046	0.0052544	0.0095141	0.0065021	0.0064081	0.003529	0.001801	0.0051733	0.0042125	0.0026247	0.0014258	0.0011833	7.695E-4	7.291E-4	7.025E-4	5.349E-4	6.638E-4	6.333E-4	1.242E-4	0.0	4.792E-4	3.586E-4	1.958E-4	1.584E-4	7.263E-4	3.982E-4	6.264E-4	2.953E-4	7.805E-4	0.0015	7.784E-4	0.0017125	0.0022848	0.0028129	0.0016526	0.0035061	0.0035676	0.0036066	0.0042467	0.0040881	0.0040008	0.0030151	0.0028578	0.00237	0.0056133	0.0035165	0.0022476	0.0024577	
Least Bittern	0.0	0.0	0.0	0.0	0.0	0.0	0.0	0.0	0.0	0.0	0.0	0.0	0.0	0.0	0.0	1.07E-4	4.425E-4	2.111E-4	6.21E-4	0.0015931	0.0027157	0.002331	0.0021535	0.0047521	0.0047213	0.0041808	0.0016705	0.0017717	0.0029268	0.0015946	3.892E-4	2.446E-4	3.046E-4	7.032E-4	1.836E-4	1.524E-4	0.0	1.639E-4	0.0	0.0	0.0	0.0	0.0	0.0	0.0	0.0	0.0	0.0	
Yellow-crowned Night Heron	2.933E-4	0.0	0.0	2.204E-4	0.0	0.0	0.0	0.0	0.0	0.0	0.0015	1.183E-4	0.001385	0.0011665	0.0018266	0.0032092	0.0034296	0.0036943	0.0047199	0.0040824	0.0084665	0.006993	0.0088097	0.0115634	0.0076267	0.0097551	0.0104406	0.0118116	0.0122927	0.0161451	0.0200428	0.0163914	0.0076161	0.0087904	0.0051414	0.004878	0.0017838	0.0014754	7.386E-4	3.956E-4	0.0015	2.01E-4	0.0	0.0	0.0	2.198E-4	1.605E-4	1.891E-4	
Black-crowned Night Heron	0.0128092	0.0129437	0.0126855	0.013445	0.0096121	0.00745	0.0048885	0.0075875	0.0071429	0.0073116	0.0065942	0.010058	0.0124654	0.0262467	0.0214978	0.0205392	0.0215732	0.0260714	0.0290647	0.0330579	0.0432907	0.0568406	0.0563821	0.0674798	0.0550209	0.0547482	0.0540823	0.0519711	0.0485854	0.0380706	0.0371668	0.0298471	0.0239147	0.024789	0.0200147	0.0195122	0.0158758	0.0129508	0.0092319	0.0081762	0.0095256	0.0086432	0.0105518	0.0090618	0.0089397	0.0096703	0.0088297	0.0095472	
Yellow-crowned/Black-crowned Night Heron	0.0	0.0	0.0	0.0	0.0	0.0	0.0	0.0	0.0	0.0	0.0	1.183E-4	0.0	0.0	0.0	0.0	0.0	1.056E-4	0.0	9.96E-5	0.0	0.0	0.0	0.0	0.0	0.0	0.0	0.0	0.0	0.0	5.838E-4	0.0	0.0	0.0	0.0	0.0	1.784E-4	0.0	0.0	0.0	0.0	0.0	0.0	0.0	0.0	0.0	0.0	0.0	
Little Blue Heron	0.0	0.0	0.0	0.0	0.0	0.0	0.0	0.0	0.0	1.875E-4	1.782E-4	4.733E-4	0.0033857	0.0099154	0.0179851	0.0143346	0.0087399	0.0074942	0.0069557	0.009061	0.0230032	0.0147032	0.0164448	0.0240773	0.0254222	0.0228947	0.0231781	0.0242138	0.0195122	0.0225234	0.0260751	0.013578	0.0111196	0.0079114	0.0082629	0.0039634	0.0042811	0.0032787	0.0014771	2.637E-4	0.0	0.0	2.198E-4	2.788E-4	2.079E-4	0.0015	0.0015	0.0	
Tricolored Heron	1.956E-4	0.0	0.0	0.0	0.0	0.0	0.0	0.0	0.0	0.0	0.0	0.0	0.0024623	0.0040828	0.0078685	0.0069534	0.0051997	0.0037999	0.0040989	0.0086628	0.0060703	0.0109378	0.0078309	0.0080786	0.0059924	0.0041808	0.0050115	0.00251	0.0019512	0.0013953	0.0021405	0.0024465	0.0039604	0.0015823	0.0018362	6.098E-4	0.0010703	3.279E-4	0.0015	1.319E-4	0.0	0.0	0.0015	0.0	0.0	0.0	0.0	9.45E-5	
Snowy Egret	0.0012711	6.408E-4	7.611E-4	0.0	1.686E-4	5.228E-4	1.715E-4	3.449E-4	1.832E-4	0.0	8.911E-4	0.0078097	0.033241	0.0730534	0.0951244	0.0985237	0.0809824	0.0787418	0.0939014	0.1076372	0.1322684	0.1305361	0.1290133	0.1403453	0.143817	0.1423452	0.1561913	0.1652148	0.1500488	0.1496911	0.1558669	0.1297859	0.1095202	0.0963432	0.081895	0.0759146	0.0583304	0.044918	0.0291728	0.0129236	0.0062869	0.0034171	0.0010991	6.971E-4	4.158E-4	4.396E-4	4.816E-4	0.0012288	
Little Egret	0.0	0.0	0.0	0.0	0.0	0.0	0.0	0.0	0.0	0.0	0.0	0.0	0.0	0.0	0.0	0.0	0.0	0.0	0.0027326	0.0015	0.0	0.0	0.0	0.0	0.0	0.0	0.0	0.0	0.0	0.0	0.0	0.0	0.0	0.0	0.0	0.0	0.0	0.0	0.0	0.0	0.0	0.0	0.0	0.0	0.0	0.0	0.0	0.0	
Egretta sp.	0.0	0.0	0.0	0.0	0.0	0.0	0.0	0.0	0.0	0.0	0.0	0.0	0.0	0.0	0.0	0.0	0.0	0.0	0.0	0.0	0.0	0.0	0.0	1.584E-4	0.0	0.0	0.0	0.0	0.0	0.0	0.0	0.0	0.0	0.0	0.0	0.0	0.0	0.0	0.0	0.0	0.0	0.0	0.0	0.0	0.0	0.0	0.0	0.0	
Green Heron	0.0	0.0	0.0	0.0	0.0	0.0	0.0	0.0	0.0	0.0	0.0	0.0	7.695E-4	0.0024789	0.0053393	0.0186136	0.028543	0.0293435	0.0378835	0.0319626	0.0410543	0.0433925	0.0401331	0.0419769	0.0481206	0.0593271	0.0605554	0.066145	0.0727805	0.0773371	0.061296	0.0557798	0.0581874	0.0471167	0.0312156	0.0175305	0.0083839	0.0045902	0.0011078	9.231E-4	1.905E-4	0.0	0.0015	1.394E-4	4.158E-4	0.0	1.605E-4	2.836E-4	
Western Cattle-Egret	0.0	0.0	0.0	0.0	0.0	0.0	0.0	0.0	0.0	0.0	0.0	1.183E-4	3.078E-4	1.458E-4	0.0029507	0.004065	0.0012169	6.333E-4	4.968E-4	1.991E-4	7.987E-4	0.0	0.0023493	0.0	0.0	0.0015	0.0	0.0	0.0	0.0	0.0	0.0	0.0	0.0015	0.0	0.0	5.351E-4	0.0	0.0015	0.0054068	0.0095256	0.0024121	8.793E-4	6.971E-4	0.0015	0.0015	0.0015	0.0015	
Great Egret	0.0162315	0.0155069	0.0107827	0.0116817	0.010118	0.0069272	0.0073756	0.0108639	0.0130037	0.016123	0.0349314	0.106023	0.1732841	0.2214931	0.2464522	0.2489303	0.2118597	0.2006544	0.2296609	0.2387733	0.2707668	0.2768514	0.274863	0.2814827	0.3023425	0.2946446	0.309668	0.3255574	0.2856585	0.2784533	0.2619187	0.2217737	0.1964966	0.1947961	0.1843555	0.1931402	0.20264	0.1808197	0.1523264	0.1054991	0.0737283	0.0436181	0.0347329	0.02607	0.0174636	0.0213187	0.020549	0.0174875	
Great Blue Heron	0.1472573	0.1409714	0.1377648	0.1584748	0.1421585	0.0887466	0.0741852	0.1172616	0.1040293	0.1016123	0.0873285	0.0954917	0.1046476	0.1019248	0.0733455	0.0632221	0.0456909	0.0412708	0.0409887	0.0305686	0.034345	0.0407029	0.0350431	0.0527483	0.0886145	0.1055146	0.127584	0.1712683	0.1566829	0.168826	0.1836933	0.1798165	0.165575	0.1858298	0.1856408	0.1842988	0.1871209	0.1881967	0.1715288	0.1616774	0.1708897	0.158392	0.176962	0.1646452	0.1715177	0.1775824	0.1953765	0.1666509	
heron sp.	9.78E-5	0.0	0.0	0.0	0.0	0.0	0.0	0.0	0.0	0.0	0.0	0.0	0.0	1.458E-4	0.0	0.0	1.106E-4	1.056E-4	0.0	0.0	1.597E-4	1.793E-4	1.958E-4	3.168E-4	1.816E-4	0.0	0.0	2.953E-4	0.0	1.993E-4	7.784E-4	1.223E-4	0.0	0.0	0.0	0.0	0.0	0.0	0.0	0.0	0.0	0.0	0.0	0.0	0.0	0.0	0.0	0.0	
white egret sp.	0.0	0.0	0.0	0.0	0.0	0.0	0.0	0.0	0.0	0.0	0.0	1.183E-4	0.0015	0.0	2.81E-4	0.0	3.319E-4	0.0	1.242E-4	9.96E-5	0.0	1.793E-4	1.958E-4	1.584E-4	0.0	1.991E-4	8.352E-4	2.953E-4	0.0	0.0	0.0	2.446E-4	1.523E-4	0.0	0.0	0.0	0.0	0.0	0.0	1.319E-4	1.905E-4	0.0	0.0	0.0	0.0	0.0	0.0	0.0	
American White Pelican	0.0	0.0037165	7.611E-4	0.0034164	0.0	0.0	0.0	0.0	0.0	0.0	0.0	0.0	0.0	0.0	0.0	0.0	0.0	0.0	0.0	0.0	0.0036741	0.0019724	3.915E-4	0.0015	3.632E-4	0.0	0.0	0.0	0.0	0.0	0.0	0.0	0.0	0.0	0.0	0.0	3.568E-4	0.0	0.0012925	0.0	1.905E-4	0.0	0.0	0.0	0.0	0.0015	1.605E-4	9.45E-5	
Brown Pelican	0.0	7.689E-4	0.0	0.0	0.0	0.0	0.0	0.0	0.0	0.0	0.0	0.0	0.0	0.0	0.0015	0.0	0.0	3.167E-4	0.0015	1.991E-4	7.987E-4	7.172E-4	5.873E-4	0.0017424	0.0085346	0.0097551	0.0058467	0.0051676	1.951E-4	9.966E-4	3.892E-4	6.116E-4	0.0013709	0.0015	5.509E-4	1.524E-4	8.919E-4	3.279E-4	0.0015	5.275E-4	0.0013336	0.001809	4.397E-4	0.0013941	0.002079	6.593E-4	0.0	0.0	
Black Vulture	0.0024445	0.0044855	0.0046936	0.0023143	0.0028668	0.0023526	0.0012007	8.622E-4	9.158E-4	0.0013123	0.0010693	9.466E-4	7.695E-4	0.0017498	0.0014051	0.0013907	8.851E-4	0.0012666	0.0012421	1.991E-4	0.0011182	5.379E-4	3.915E-4	4.752E-4	7.263E-4	7.963E-4	0.0015	1.476E-4	0.0015	0.0015	0.0015	0.0012232	1.523E-4	1.758E-4	1.836E-4	3.049E-4	5.351E-4	1.639E-4	1.846E-4	3.956E-4	3.81E-4	4.02E-4	4.397E-4	0.0019518	6.237E-4	0.0013187	8.027E-4	0.0014179	
Turkey Vulture	0.0144715	0.0244778	0.0181403	0.0178532	0.0281619	0.0262711	0.0246998	0.0329367	0.0393773	0.0491189	0.0447336	0.0515915	0.0543244	0.0608049	0.0585921	0.050706	0.0521075	0.056787	0.051919	0.0510804	0.0415335	0.037296	0.0371966	0.036908	0.0305066	0.0256819	0.0185843	0.0194891	0.0206829	0.0211282	0.0214049	0.0292355	0.0377761	0.0314698	0.0325009	0.0289634	0.0256868	0.0309836	0.0278804	0.0308585	0.0293389	0.0291457	0.0202242	0.0182629	0.0185031	0.0149451	0.0173383	0.0143681	
new world vulture sp.	0.0	0.0	0.0	0.0	0.0	0.0	0.0	0.0	0.0	1.875E-4	0.0	0.0	0.0	0.0	1.405E-4	0.0	1.106E-4	0.0	1.242E-4	0.0	0.0	0.0	0.0	0.0	0.0	0.0	0.0	0.0	0.0	0.0	0.0	0.0	0.0	0.0	0.0	0.0	0.0	0.0	0.0	0.0	0.0	0.0	0.0	0.0	0.0	0.0	0.0	0.0	
Osprey	9.78E-5	0.0	0.0	0.0015	0.0	0.0015	8.58E-5	1.724E-4	0.0021978	0.0114361	0.0976653	0.2894332	0.4082795	0.4531934	0.4451314	0.4229782	0.3751521	0.3571881	0.3667867	0.3876332	0.4420128	0.4102564	0.4191464	0.4085221	0.4352642	0.4324109	0.460639	0.4701019	0.4474146	0.4411003	0.445612	0.4276453	0.3619193	0.322609	0.2701065	0.2106707	0.1500178	0.1090164	0.0710857	0.0431228	0.0188607	0.0078392	0.0032974	0.00237	8.316E-4	2.198E-4	1.605E-4	2.836E-4	
Swallow-tailed Kite	0.0	0.0	0.0	0.0	0.0	0.0	0.0	0.0	0.0	0.0015	1.782E-4	0.0	0.0	1.458E-4	0.0015	0.0	0.0015	0.0	1.242E-4	0.0	0.0015	0.0	0.0	0.0	0.0	0.0	0.0	0.0	0.0	0.0	0.0	0.0	0.0	0.0	0.0	0.0	0.0	0.0	0.0	0.0	0.0	0.0	0.0	0.0	0.0	0.0	0.0	0.0	
Golden Eagle	9.78E-5	0.0	0.0	0.0	0.0	0.0	0.0	0.0	0.0	0.0015	0.0	0.0015	1.539E-4	2.916E-4	0.0	1.07E-4	0.0	1.056E-4	0.0	0.0	0.0	0.0	0.0	0.0	0.0	0.0	0.0	0.0	0.0	0.0	0.0	0.0	0.0	0.0	0.0	1.524E-4	0.0	1.639E-4	1.846E-4	1.319E-4	1.905E-4	6.03E-4	2.198E-4	0.0015	2.079E-4	0.0	3.211E-4	0.0	
Sharp-shinned Hawk	0.0193605	0.0202486	0.0177597	0.0174124	0.0180438	0.0215658	0.0182676	0.0146577	0.0120879	0.0151856	0.0147924	0.0136079	0.0170822	0.0164771	0.015737	0.0071673	0.0036508	0.0010555	7.452E-4	9.96E-5	3.195E-4	1.793E-4	0.0	9.504E-4	3.632E-4	1.991E-4	0.0	1.476E-4	1.951E-4	7.973E-4	3.892E-4	0.0011009	0.0077685	0.0232068	0.0431509	0.0477134	0.0522654	0.0627869	0.0733013	0.0639589	0.0649648	0.0564824	0.047483	0.0329012	0.0259875	0.0281319	0.0383689	0.0257113	
Cooper's Hawk	0.0327564	0.0307574	0.0276544	0.0321799	0.0328836	0.0350281	0.0319897	0.0293154	0.0287546	0.0348706	0.0340403	0.0398769	0.0352416	0.0476815	0.0466489	0.0411853	0.0389424	0.0290268	0.0217364	0.0168276	0.0161342	0.0191859	0.0189898	0.0166323	0.0172508	0.0137368	0.0148256	0.0126975	0.016	0.0269085	0.0359992	0.0489297	0.0499619	0.0610056	0.0732648	0.082622	0.0843739	0.0980328	0.0936115	0.0933667	0.0763955	0.0743719	0.0650692	0.0464241	0.039501	0.050989	0.0613261	0.0490595	
Sharp-shinned/Cooper's Hawk	7.822E-4	0.0011534	0.0020297	0.0019837	0.0021922	0.0015684	0.0024871	0.001552	7.326E-4	9.374E-4	0.0017822	0.0013016	0.0021545	0.0018956	0.0021076	0.0023534	0.0024339	0.0015833	8.695E-4	0.0010953	6.39E-4	7.172E-4	0.0013704	3.168E-4	0.0	3.982E-4	2.088E-4	5.906E-4	1.951E-4	5.98E-4	7.784E-4	0.0011009	0.0015232	0.0021097	0.0027543	0.0030488	0.0026757	0.0027869	0.0025849	0.0044837	0.0032387	0.0034171	0.0037371	0.0032065	0.0037422	0.0028571	0.0022476	0.001796	
American Goshawk	9.78E-5	2.563E-4	0.0012686	4.408E-4	5.059E-4	2.614E-4	1.715E-4	3.449E-4	1.832E-4	3.75E-4	0.0015	1.183E-4	0.0015	0.0015	1.405E-4	1.07E-4	0.0	0.0	0.0	0.0015	1.597E-4	0.0	0.0	0.0	0.0	0.0	0.0	0.0	0.0015	0.0	0.0	0.0015	1.523E-4	0.0	0.0	0.0	0.0015	0.0	0.0015	1.319E-4	0.0015241	0.001005	0.0010991	1.394E-4	4.158E-4	2.198E-4	8.027E-4	1.891E-4	
Cooper's Hawk/American Goshawk	0.0	0.0	0.0	0.0	0.0	0.0	0.0	0.0	0.0	0.0	0.0	0.0	0.0	0.0	0.0	0.0	0.0	0.0	0.0	0.0	0.0	0.0	0.0	0.0	0.0	0.0	0.0	0.0	0.0	0.0	0.0	0.0	0.0	0.0	0.0	0.0	0.0	0.0	0.0	0.0	1.905E-4	2.01E-4	0.0	0.0	0.0	0.0	0.0	0.0	
Accipitrine hawk sp. (former Accipiter sp.)	8.8E-4	0.0014097	7.611E-4	0.0015429	0.0010118	0.0011763	0.0012864	3.449E-4	0.0012821	0.0013123	8.911E-4	9.466E-4	0.0015389	0.0020414	0.0019671	0.0011767	7.744E-4	0.0010555	7.452E-4	8.961E-4	4.792E-4	1.793E-4	7.831E-4	1.584E-4	3.632E-4	1.991E-4	4.176E-4	1.476E-4	5.854E-4	0.0	7.784E-4	4.893E-4	0.0013709	0.0014065	0.0018362	0.0018293	0.0023189	0.0021311	0.0022157	0.0026375	0.0040008	0.0020101	0.0028578	0.00237	0.0016632	8.791E-4	0.0019265	0.0017015	
Northern Harrier	0.0612105	0.0640779	0.0681213	0.0614944	0.0716695	0.0601229	0.0403945	0.057941	0.0586081	0.0421822	0.0443771	0.0359721	0.0307787	0.0263925	0.0206548	0.0149765	0.0106206	0.0069664	0.0083219	0.0038833	0.0028754	0.002331	0.0015662	0.0028513	0.003087	0.0027872	0.0045939	0.0041341	0.0066341	0.0075742	0.0103133	0.0170031	0.0255903	0.041315	0.0627984	0.0675305	0.0709954	0.0744262	0.0810561	0.0809706	0.0819204	0.0826131	0.0815564	0.06636	0.0632017	0.0703297	0.0847648	0.0656017	
Bald Eagle	0.0328542	0.0389594	0.0378029	0.0427595	0.0480607	0.0381649	0.0279588	0.0463873	0.0437729	0.0434946	0.0365354	0.039167	0.0367805	0.0435987	0.0462273	0.0360505	0.0224582	0.0251214	0.0193765	0.0184208	0.0207668	0.013986	0.013704	0.0142563	0.013619	0.0129405	0.011067	0.0165362	0.0158049	0.0125573	0.0124538	0.0172477	0.0219345	0.0327004	0.029563	0.0355183	0.0356761	0.0393443	0.0487445	0.0433865	0.0445799	0.0470352	0.05122	0.0388959	0.0359667	0.0441758	0.0555466	0.0442386	
Mississippi Kite	0.0	0.0	0.0	0.0	0.0	0.0	0.0	0.0	0.0	0.0	0.0	0.0	0.0	0.0	0.0	0.0	0.0	0.0015	0.0015	9.96E-5	1.597E-4	0.0	0.0015	0.0	0.0	0.0	0.0	0.0015	1.951E-4	0.0	0.0	0.0	0.0	0.0	0.0	0.0	0.0	0.0	0.0	0.0	0.0	0.0	0.0	0.0	0.0	0.0	0.0	0.0	
Broad-winged Hawk	0.0	0.0	0.0	0.0	0.0	0.0	0.0	0.0	0.0	0.0	0.0	0.0	1.539E-4	1.458E-4	0.0014051	0.0013907	0.0015488	0.0010555	7.452E-4	5.974E-4	0.0015	1.793E-4	9.789E-4	3.168E-4	1.816E-4	3.982E-4	0.0	0.0	1.951E-4	3.986E-4	0.0015	3.67E-4	3.046E-4	3.516E-4	1.836E-4	1.524E-4	5.351E-4	1.639E-4	7.386E-4	1.319E-4	0.0	0.0	0.0	0.0	0.0	0.0	0.0	0.0	
Red-shouldered Hawk	6.845E-4	0.0020505	0.0020297	0.0023143	0.0026981	0.0016991	0.0012007	0.0022418	0.0038462	0.0020622	0.001604	0.0016566	0.0015389	8.749E-4	0.0011241	0.0010697	5.532E-4	0.0013722	0.0013663	0.0014936	0.0027157	0.002331	0.0011746	6.336E-4	0.0015	1.991E-4	0.0	0.0	0.0015	3.986E-4	1.946E-4	3.67E-4	1.523E-4	5.274E-4	0.0012853	3.049E-4	5.351E-4	9.836E-4	0.0011078	3.956E-4	0.0013336	6.03E-4	0.001319	4.182E-4	0.0022869	0.0026374	0.0011238	4.726E-4	
Swainson's Hawk	0.0	0.0	0.0	0.0	0.0	0.0	0.0	0.0	0.0	0.0	0.0	0.0	0.0	0.0	0.0	0.0	0.0	0.0	0.0	0.0	0.0	0.0	0.0	0.0	0.0	0.0	0.0	0.0	0.0	0.0	0.0	0.0	0.0	0.0	0.0015	0.0	0.0	0.0	0.0	0.0	0.0	0.0	0.0	0.0	0.0	0.0	0.0	0.0	
Red-tailed Hawk	0.0873179	0.0907343	0.0889255	0.0987437	0.1121417	0.099072	0.0881647	0.1157096	0.1164835	0.1325459	0.110319	0.1166726	0.1131117	0.1248177	0.1239286	0.1250535	0.1325368	0.1437619	0.1356353	0.1098277	0.0883387	0.0828402	0.0814409	0.0719151	0.0675504	0.0611189	0.0538735	0.0578769	0.0630244	0.0633845	0.0719984	0.084893	0.0814928	0.1005626	0.1006243	0.0960366	0.0929361	0.1157377	0.1288774	0.125544	0.136788	0.1318593	0.1255221	0.1186393	0.1253638	0.1169231	0.1371007	0.1295018	
Red-shouldered x Red-tailed Hawk (hybrid)	0.0	0.0	0.0015	1.102E-4	1.686E-4	0.0	0.0	0.0	0.0	0.0	0.0	0.0	0.0	0.0	0.0	0.0	0.0	0.0	0.0	0.0	0.0	0.0	0.0	0.0	0.0	0.0	0.0	0.0	0.0	0.0	0.0	0.0	0.0	0.0	0.0	0.0	0.0	0.0	0.0	0.0	0.0	0.0	0.0	0.0	0.0	0.0	0.0	0.0	
Rough-legged Hawk	0.0034223	0.0029476	0.0053279	0.0034164	0.0030354	0.0062737	0.0039451	0.0056906	0.0029304	0.0026247	0.0033862	0.0039049	7.695E-4	5.833E-4	7.025E-4	1.07E-4	0.0	0.0	0.0	0.0015	0.0	0.0	0.0	0.0	0.0	0.0	0.0	0.0	0.0	0.0	0.0	0.0	0.0	0.0	0.0	0.0	0.0	1.639E-4	0.0015	6.594E-4	0.0011431	0.001809	0.0010991	8.365E-4	0.0018711	0.001978	0.0048162	0.0024577	
Buteo sp.	4.889E-4	3.845E-4	2.537E-4	8.816E-4	3.373E-4	0.0010456	5.146E-4	0.0010347	9.158E-4	9.374E-4	0.0010693	5.916E-4	0.0012311	0.001604	7.025E-4	5.349E-4	4.425E-4	7.389E-4	9.937E-4	4.979E-4	1.597E-4	7.172E-4	3.915E-4	3.168E-4	5.448E-4	3.982E-4	6.264E-4	0.0015	5.854E-4	3.986E-4	5.838E-4	1.223E-4	4.57E-4	5.274E-4	1.836E-4	3.049E-4	7.135E-4	4.918E-4	0.0012925	7.912E-4	3.81E-4	6.03E-4	2.198E-4	2.788E-4	6.237E-4	4.396E-4	1.605E-4	4.726E-4	
hawk sp.	0.0013689	0.0011534	0.0010148	0.0017633	0.0016863	0.0019605	0.0042024	0.001552	0.0018315	0.0024372	0.001604	0.0022483	0.0010773	0.0014582	0.0019671	0.0011767	9.957E-4	0.0010555	0.0013663	0.001394	0.001278	7.172E-4	3.915E-4	3.168E-4	9.079E-4	0.0011945	6.264E-4	8.859E-4	1.951E-4	3.986E-4	9.73E-4	8.563E-4	6.093E-4	0.0010549	0.0025707	0.0018293	0.0017838	0.0018033	0.0014771	0.0025056	0.0015241	0.001407	0.0026379	0.0018124	0.002079	0.001978	0.0011238	0.0013234	
American Barn Owl	0.0	0.0015	0.0	0.0015	0.0	0.0015	0.0015	0.0	0.0015	0.0	0.0015	0.0	0.0	0.0	0.0	0.0	0.0	0.0	1.242E-4	0.0015	0.0	1.793E-4	1.958E-4	1.584E-4	0.0	0.0	0.0015	0.0	0.0015	0.0	0.0	0.0	0.0	1.758E-4	0.0	0.0	0.0	0.0	0.0	0.0015	0.0	0.0015	2.198E-4	0.0	4.158E-4	0.0	6.422E-4	9.45E-5	
Eastern Screech-Owl	0.0092891	0.007433	0.0067233	0.0100287	0.0059022	0.0066658	0.0035163	0.0055182	0.0051282	0.0054368	0.0073071	0.0037865	0.0046168	0.0056868	0.0063229	0.0068464	0.0066379	0.0047498	0.0047199	0.0039829	0.0041534	0.0059172	0.0027408	0.0011088	0.0010895	0.0013936	0.0020881	0.0038388	0.0052683	0.0057803	0.0060323	0.0055046	0.0088347	0.0103727	0.0089974	0.0094512	0.0055298	0.0062295	0.0053545	0.0059343	0.0057154	0.0042211	0.0052759	0.0059947	0.004158	0.012967	0.0367635	0.026373	
Snowy Owl	0.0150582	0.0157632	0.0140809	0.0112409	0.0096121	0.0099333	0.0053173	0.0082773	0.0043956	0.0037495	0.0026733	0.0013016	0.0012311	7.291E-4	2.81E-4	8.558E-4	0.0	0.0	0.0015	9.96E-5	0.0	0.0	0.0	0.0	0.0	0.0	0.0	0.0	0.0	0.0	0.0	0.0	0.0	0.0	0.0	0.0	0.0	0.0	0.0015	0.0015	0.0024767	0.0024121	0.0061552	0.0125471	0.014553	0.0145055	0.0141275	0.0130447	
Great Horned Owl	0.0149604	0.0117903	0.0091336	0.0138858	0.0143339	0.0120246	0.0098628	0.0146577	0.018315	0.0155606	0.0167528	0.0158561	0.0133887	0.0126859	0.0170015	0.0179718	0.0171479	0.0156217	0.0157744	0.0105546	0.0097444	0.0103999	0.0074393	0.0066529	0.0065371	0.0063707	0.0056379	0.0062011	0.0060488	0.0077736	0.008562	0.0106422	0.009901	0.0133615	0.0163423	0.0208841	0.0190867	0.0157377	0.0177253	0.0141105	0.0169556	0.0126633	0.0162673	0.0146382	0.0149688	0.0195604	0.03275	0.0324227	
Burrowing Owl	0.0	0.0	0.0	0.0	0.0	0.0	0.0	0.0	0.0	0.0	0.0	0.0	0.0	0.0	0.0	0.0	0.0	0.0	0.0	0.0	0.0	0.0	0.0	0.0	0.0	0.0	0.0	0.0	0.0	0.0	0.0	0.0	0.0	0.0	0.0	0.0	0.0	0.0	0.0	0.0015	0.0	0.0	0.0	0.0	0.0	0.0	0.0	0.0015	
Barred Owl	9.78E-5	0.0	2.537E-4	0.0	1.686E-4	1.307E-4	0.0	6.898E-4	7.326E-4	0.0026247	0.0024951	0.0016566	3.078E-4	7.291E-4	0.0011241	0.0012837	0.0013276	0.0016888	0.0013663	2.987E-4	4.792E-4	7.172E-4	1.958E-4	7.92E-4	0.0018159	0.0011945	8.352E-4	2.953E-4	5.854E-4	7.973E-4	1.946E-4	2.446E-4	6.093E-4	5.274E-4	1.836E-4	7.622E-4	5.351E-4	3.279E-4	5.539E-4	2.637E-4	3.81E-4	0.0	0.0015	2.788E-4	4.158E-4	0.0	1.605E-4	1.891E-4	
Great Gray Owl	0.0	0.0015	2.537E-4	2.204E-4	1.686E-4	0.0015	0.0	0.0015	0.0	0.0	0.0	0.0	0.0	0.0	0.0	0.0	0.0	0.0	0.0	0.0	0.0	0.0	0.0	0.0	0.0	0.0	0.0	0.0	0.0	0.0	0.0	0.0	0.0	0.0	0.0	0.0	0.0	0.0	0.0	0.0	0.0	0.0	0.0	0.0	0.0	0.0	0.0	0.0	
Long-eared Owl	1.956E-4	5.126E-4	1.269E-4	3.306E-4	3.373E-4	2.614E-4	1.715E-4	3.449E-4	0.0015	0.0	0.0015	0.0015	0.0	2.916E-4	0.0	0.0	0.0	0.0	0.0	0.0	0.0	0.0	0.0	0.0	0.0	0.0	0.0	1.476E-4	0.0	0.0	0.0	0.0	0.0	0.0	0.0	0.0	0.0	0.0	0.0015	1.319E-4	0.0	4.02E-4	0.0015	1.394E-4	2.079E-4	6.593E-4	3.211E-4	2.836E-4	
Short-eared Owl	0.0036179	0.0042291	0.0084993	0.0054	0.0048904	0.0023526	0.0023156	0.0024142	0.006044	0.0050619	0.003208	9.466E-4	7.695E-4	2.916E-4	4.215E-4	2.139E-4	0.0	0.0	0.0	0.0	0.0	1.793E-4	0.0	0.0	0.0	0.0	0.0	0.0	0.0	0.0	0.0	0.0	0.0	0.0	0.0	0.0	5.351E-4	4.918E-4	0.0024003	0.0017144	9.526E-4	0.001206	8.793E-4	0.0011153	2.079E-4	0.0015385	0.0033713	0.0019851	
Boreal Owl	0.0	0.0	1.269E-4	0.0	0.0	0.0	0.0	0.0	0.0	0.0	0.0	0.0	0.0	0.0	0.0	0.0	0.0	0.0	0.0	0.0	0.0	0.0	0.0	0.0	0.0	0.0	0.0	0.0	0.0	0.0	0.0	0.0	0.0	0.0	0.0	0.0	0.0	0.0	0.0	0.0	0.0	0.0	0.0	0.0	0.0	0.0	0.0	0.0	
Northern Saw-whet Owl	0.0015645	6.408E-4	0.0010148	0.0019837	0.0053963	6.535E-4	3.431E-4	0.0017244	0.0018315	5.624E-4	0.0010693	3.55E-4	3.078E-4	0.0	7.025E-4	0.0	1.106E-4	0.0	0.0	0.0	0.0015	5.379E-4	0.0	0.0	0.0015	0.0	0.0015	1.476E-4	0.0	0.0	0.0	0.0	1.523E-4	0.0	1.836E-4	1.524E-4	0.0015	0.0	5.539E-4	0.0013187	0.0024767	0.001206	0.0024181	0.0015335	0.0014553	0.003956	0.0125221	0.0055771	
owl sp.	0.0015	1.282E-4	2.537E-4	4.408E-4	0.0	1.307E-4	2.573E-4	0.0	0.0015	0.0	1.782E-4	5.916E-4	1.539E-4	1.458E-4	2.81E-4	2.139E-4	1.106E-4	0.0	1.242E-4	3.983E-4	0.0	0.0	3.915E-4	1.584E-4	1.816E-4	0.0	0.0	0.0	0.0	0.0	1.946E-4	0.0	0.0	1.758E-4	1.836E-4	0.0	1.784E-4	0.0015	0.0	3.956E-4	3.81E-4	0.0	2.198E-4	1.394E-4	0.0	4.396E-4	3.211E-4	7.562E-4	
Belted Kingfisher	0.0837	0.0761246	0.0757326	0.079568	0.0698145	0.0480983	0.0334477	0.0681152	0.0639194	0.0699288	0.0581002	0.0683943	0.0874115	0.0950714	0.0963889	0.0732777	0.0557584	0.0398987	0.0335362	0.0253908	0.0236422	0.0297651	0.0313234	0.036908	0.0321409	0.0366315	0.0392566	0.0496087	0.0604878	0.072952	0.0819226	0.0924771	0.1009901	0.1279887	0.1485494	0.154878	0.1523368	0.1380328	0.129062	0.1023342	0.1089731	0.1021106	0.1037591	0.0971699	0.0964657	0.0989011	0.1013004	0.108895	
Williamson's Sapsucker	0.0	0.0	0.0	0.0	0.0	0.0	0.0	0.0	0.0	0.0	0.0	0.0	0.0	0.0	0.0	0.0	0.0	0.0	0.0	0.0	0.0	0.0	0.0	0.0015	0.0	0.0	0.0	0.0	0.0	0.0	0.0	0.0	0.0	0.0	0.0	0.0	0.0	0.0	0.0	0.0	0.0	0.0	0.0	0.0	0.0	0.0	0.0	0.0	
Yellow-bellied Sapsucker	0.0208272	0.0205049	0.0156032	0.0191757	0.0146712	0.0143772	0.0144082	0.0137955	0.0144689	0.0206224	0.0235252	0.0222459	0.0267775	0.0240595	0.0179851	0.004386	7.744E-4	2.111E-4	3.726E-4	9.96E-5	1.597E-4	1.793E-4	0.0	0.0	0.0	0.0015	0.0	0.0	0.0	3.986E-4	0.0	0.0	3.046E-4	1.758E-4	0.003856	0.0271341	0.0692116	0.092459	0.0769941	0.0441778	0.038674	0.0434171	0.0378105	0.0301129	0.0399168	0.0430769	0.0539412	0.0432933	
Red-headed Woodpecker	0.0074313	0.0046136	0.0019028	0.0024245	0.0026981	0.0010456	9.434E-4	0.0013795	0.0032967	0.0031871	0.003208	0.0030766	0.0023084	0.0029163	0.0022481	0.0035302	0.0038721	0.006122	0.0043473	0.0089615	0.0039936	0.0035862	0.0046985	0.0064945	0.0049029	0.0033844	0.0020881	0.0023623	0.0023415	7.973E-4	9.73E-4	0.0020795	0.0035034	0.0040436	0.0047741	0.002439	0.0049946	0.0044262	0.0051699	0.0026375	0.0022861	0.001608	0.0024181	0.0025094	0.0027027	0.0037363	0.0017659	0.0026468	
Red-bellied Woodpecker	0.1659333	0.1540433	0.1460104	0.1683932	0.1713322	0.2312116	0.2681818	0.1933092	0.2	0.220285	0.2208163	0.2335818	0.2466913	0.285506	0.3009695	0.3534446	0.383892	0.3627824	0.327537	0.2384746	0.2051118	0.1986731	0.1875489	0.1604625	0.1478119	0.1315947	0.1282105	0.1349476	0.1453659	0.1461032	0.1517805	0.1677064	0.1832445	0.2696906	0.3119721	0.3214939	0.3403496	0.3195082	0.3425037	0.2869577	0.282911	0.2538693	0.2591778	0.2195734	0.2266112	0.2342857	0.228287	0.2434067	
Downy Woodpecker	0.181676	0.1617327	0.1566662	0.1880097	0.1971332	0.2504248	0.2983705	0.2081393	0.2111722	0.2150356	0.2183212	0.229677	0.245614	0.2841936	0.2763805	0.3158964	0.3297931	0.2750686	0.2135138	0.1324305	0.1391374	0.1719562	0.1942052	0.1843814	0.1932086	0.1925144	0.1810399	0.2068507	0.1959024	0.2005182	0.1932283	0.2114985	0.2054836	0.2642405	0.2978333	0.2862805	0.2891545	0.2811475	0.2885894	0.2619016	0.2707182	0.2598995	0.266652	0.2344905	0.2438669	0.2608791	0.2700273	0.2465261	
Hairy Woodpecker	0.0541703	0.0553633	0.0457947	0.0559841	0.0615514	0.0691413	0.0787307	0.0689774	0.060989	0.0665542	0.062021	0.0741924	0.0791013	0.0882181	0.0845862	0.0971331	0.1049895	0.1017522	0.0934045	0.0667131	0.0624601	0.058813	0.0614722	0.0584508	0.0573815	0.0477802	0.0425976	0.0442935	0.0509268	0.0468407	0.0601284	0.0680122	0.0651942	0.0930028	0.0958502	0.0952744	0.0932929	0.0906557	0.092873	0.0780694	0.0817299	0.0749749	0.0817762	0.0660811	0.0777547	0.0861538	0.0897415	0.0889498	
Downy/Hairy Woodpecker	0.0014667	5.126E-4	6.343E-4	7.714E-4	0.001855	0.0103254	0.0120926	0.001552	0.002381	0.0022497	0.0017822	0.0021299	0.0023084	0.0020414	0.0015456	0.0020325	0.0027658	0.0027444	0.0014905	0.0018919	0.0015974	8.965E-4	7.831E-4	0.0012672	0.0010895	0.0017918	8.352E-4	0.0014765	0.0013659	0.0023919	0.0015567	0.0014679	0.0015232	0.0010549	0.0023871	0.002439	0.001427	0.0013115	0.0018464	0.0015825	0.0017146	6.03E-4	0.0021983	0.0022306	0.0018711	0.0010989	0.0016054	0.0022686	
Pileated Woodpecker	0.0015	0.0	0.0	0.0	0.0010118	1.307E-4	8.58E-5	1.724E-4	0.0	0.0	0.0	0.0	0.0	0.0	0.0	0.0	1.106E-4	1.056E-4	0.0	9.96E-5	0.0	0.0	0.0	0.0	0.0	0.0	0.0	0.0	0.0	1.993E-4	0.0	0.0	1.523E-4	0.0	0.0	0.0	1.784E-4	0.0	0.0	0.0	1.905E-4	0.0	0.0	0.0	0.0	0.0	0.0	9.45E-5	
Northern Flicker	0.0825266	0.0750993	0.0710389	0.0763721	0.0816189	0.0879624	0.0917667	0.079324	0.0791209	0.0826772	0.0928533	0.1277955	0.1926747	0.2518227	0.2218631	0.2079589	0.1872995	0.1603335	0.1387405	0.1057453	0.1052716	0.1095571	0.0990603	0.1007445	0.0973307	0.0881943	0.1027354	0.1026133	0.1004878	0.1056408	0.1062464	0.1262385	0.1349581	0.2088608	0.305729	0.325	0.3401712	0.3204918	0.3074225	0.2546486	0.2246142	0.1957789	0.1763025	0.1472187	0.1357588	0.1410989	0.1716166	0.1485017	
woodpecker sp.	5.867E-4	1.282E-4	7.611E-4	0.001102	0.0010118	0.0014377	0.0035163	6.898E-4	5.495E-4	0.0013123	5.347E-4	0.0015383	0.0024623	0.0021872	0.0015456	0.0020325	0.0018807	0.0026388	0.0022357	8.961E-4	0.0015974	8.965E-4	0.0013704	9.504E-4	7.263E-4	9.954E-4	8.352E-4	7.382E-4	3.902E-4	5.98E-4	3.892E-4	9.786E-4	0.0010663	0.0014065	0.0011017	0.0015244	7.135E-4	0.0014754	0.0014771	9.231E-4	1.905E-4	4.02E-4	2.198E-4	2.788E-4	6.237E-4	0.0015385	0.0011238	5.672E-4	
Crested Caracara	0.0	0.0	0.0	0.0	0.0	0.0	0.0	0.0	0.0	0.0	0.0	0.0	0.0	0.0	0.0	0.0	0.0	0.0	0.0	0.0	0.0	0.0	0.0	0.0	0.0	0.0	0.0	0.0	0.0	0.0	0.0	0.0	1.523E-4	0.0	3.672E-4	0.0	0.0	0.0	0.0	0.0	0.0	0.0	0.0	0.0	0.0	0.0	0.0	0.0	
American Kestrel	0.0075291	0.0102525	0.0092604	0.0087062	0.0082631	0.0064044	0.0046312	0.0034489	0.0053114	0.0041245	0.0065942	0.0119512	0.0249307	0.0352873	0.0276802	0.0191485	0.0120589	0.0058054	0.0047199	0.0035846	0.0036741	0.0039448	0.0037197	0.0064945	0.0027238	0.002389	0.0027146	0.0035435	0.0033171	0.0021925	0.0021405	0.0078287	0.0152323	0.0494023	0.0793243	0.0722561	0.0602925	0.0544262	0.0550222	0.0319135	0.0169556	0.0158794	0.0112113	0.0104559	0.0068607	0.0092308	0.008027	0.0103034	
Merlin	0.013787	0.0184544	0.0156032	0.0175226	0.0150084	0.0139851	0.0093482	0.0134506	0.0089744	0.008249	0.0081982	0.008638	0.0121576	0.0122485	0.0136293	0.0156183	0.0108419	0.0049609	0.0031052	4.979E-4	0.0	0.0	0.0	0.0015	0.0	0.0	0.0010441	5.906E-4	0.0011707	0.0037871	0.0068107	0.0156575	0.0452399	0.1028481	0.1165993	0.1269817	0.1159472	0.1190164	0.1235229	0.095213	0.0803963	0.0520603	0.0455045	0.0276035	0.0205821	0.0173626	0.0296998	0.0207959	
Gyrfalcon	0.0022489	1.282E-4	0.0015	0.0	0.0	0.0	8.58E-5	0.006208	0.006044	5.624E-4	0.0	0.0	0.0	0.0	0.0	0.0	0.0	0.0	0.0	0.0	0.0	0.0	0.0	0.0	0.0	0.0	0.0	0.0	0.0	0.0	0.0	0.0	0.0	0.0	0.0	0.0	0.0	0.0	0.0	0.0	0.0	0.0	0.0	0.0	2.079E-4	0.0017582	4.816E-4	9.45E-5	
Peregrine Falcon	0.0141782	0.0167884	0.0150958	0.0116817	0.0145025	0.0091491	0.0071184	0.0117262	0.010989	0.0101237	0.0051684	0.0063898	0.0061557	0.0074366	0.0057609	0.0064185	0.006306	0.0055943	0.0049683	0.0036842	0.0046326	0.0050206	0.0050901	0.0047521	0.0049029	0.0041808	0.0106494	0.0101875	0.0138537	0.0165438	0.0241292	0.0302141	0.0293983	0.0335795	0.0345207	0.0564024	0.0642169	0.0598361	0.0492984	0.0317816	0.0255287	0.0239196	0.024401	0.019657	0.0189189	0.0167033	0.0231177	0.0156915	
Prairie Falcon	0.0	0.0	0.0	0.0	0.0	0.0	0.0	0.0	0.0	0.0	0.0	0.0	0.0	0.0	0.0	0.0	0.0	0.0	0.0	0.0	0.0	0.0	0.0	0.0	0.0	0.0	0.0	0.0	0.0	0.0	0.0	0.0	0.0015	0.0	0.0	0.0	0.0	0.0	0.0	0.0	0.0	0.0	0.0	0.0	0.0	0.0	0.0	0.0	
large falcon sp.	0.0	0.0	1.269E-4	0.0	1.686E-4	0.0	0.0	1.724E-4	0.0	0.0	0.0	0.0	1.539E-4	0.0	0.0	0.0	2.213E-4	0.0	0.0	9.96E-5	0.0	0.0	0.0	0.0	0.0	0.0	0.0	0.0	0.0	0.0	0.0	1.223E-4	1.523E-4	0.0015	0.0	0.0	1.784E-4	0.0	1.846E-4	1.319E-4	0.0	2.01E-4	0.0	0.0	0.0015	2.198E-4	1.605E-4	1.891E-4	
small falcon sp.	9.78E-5	0.0	0.0	4.408E-4	1.686E-4	2.614E-4	4.288E-4	1.724E-4	1.832E-4	1.875E-4	1.782E-4	3.55E-4	3.078E-4	7.291E-4	0.0	2.139E-4	6.638E-4	1.056E-4	1.242E-4	9.96E-5	0.0	0.0	0.0	3.168E-4	0.0	0.0	0.0	0.0	1.951E-4	0.0	0.0	0.0015	3.046E-4	7.032E-4	7.345E-4	0.0010671	0.0010703	9.836E-4	3.693E-4	7.912E-4	9.526E-4	0.0	2.198E-4	1.394E-4	6.237E-4	0.0	1.605E-4	1.891E-4	
falcon sp.	9.78E-5	2.563E-4	5.074E-4	1.102E-4	0.0	2.614E-4	3.431E-4	1.724E-4	0.0	9.374E-4	0.0	4.733E-4	1.539E-4	1.458E-4	2.81E-4	3.209E-4	1.106E-4	1.056E-4	1.242E-4	9.96E-5	0.0	1.793E-4	0.0	0.0	0.0	1.991E-4	0.0	2.953E-4	1.951E-4	1.993E-4	0.0	1.223E-4	0.0012186	0.0019339	0.0018362	0.0012195	0.0016054	9.836E-4	0.0018464	5.275E-4	0.0011431	8.04E-4	6.595E-4	1.394E-4	2.079E-4	6.593E-4	3.211E-4	5.672E-4	
diurnal raptor sp.	1.956E-4	6.408E-4	5.074E-4	4.408E-4	0.0011804	3.921E-4	3.431E-4	6.898E-4	1.832E-4	7.499E-4	3.564E-4	9.466E-4	3.078E-4	8.749E-4	4.215E-4	9.628E-4	7.744E-4	3.167E-4	6.21E-4	4.979E-4	3.195E-4	1.793E-4	0.0015	3.168E-4	0.0015	5.973E-4	2.088E-4	2.953E-4	0.0	1.993E-4	9.73E-4	6.116E-4	6.093E-4	7.032E-4	5.509E-4	7.622E-4	0.0012487	9.836E-4	0.0016617	3.956E-4	3.81E-4	8.04E-4	8.793E-4	6.971E-4	4.158E-4	8.791E-4	6.422E-4	3.781E-4	
Cockatiel	0.0	0.0	0.0	0.0	0.0	0.0	0.0	0.0	0.0	0.0	0.0	0.0	0.0	0.0	0.0	0.0	0.0	0.0	0.0	0.0	0.0	1.793E-4	0.0	0.0	1.816E-4	0.0	0.0	0.0	0.0	3.986E-4	0.0	1.223E-4	0.0	0.0	0.0	0.0	0.0	0.0	0.0	0.0	0.0	0.0	0.0	0.0	0.0	0.0	0.0	0.0	
Budgerigar	0.0015	0.0	0.0	1.102E-4	0.0	0.0	0.0	0.0	0.0	0.0	0.0	0.0	0.0	1.458E-4	0.0	0.0	1.106E-4	1.056E-4	0.0	0.0015	0.0	5.379E-4	0.0	0.0	0.0	1.991E-4	0.0	1.476E-4	0.0	0.0	0.0015	1.223E-4	0.0	0.0	0.0	1.524E-4	0.0	0.0015	1.846E-4	1.319E-4	0.0	0.0	0.0	0.0	4.158E-4	0.0	0.0	0.0	
Monk Parakeet	0.0072357	0.0085864	0.0038057	0.0072735	0.0040472	0.0052281	0.0039451	0.0053457	0.0064103	0.0065617	0.0085546	0.0074547	0.0081564	0.0145815	0.0092736	0.0052418	0.0027658	0.0033777	0.0045957	0.0031863	0.0030351	0.0035862	0.0037197	0.0025345	0.0027238	0.0025881	0.004385	0.0028053	0.0027317	0.0029898	0.0029189	0.0025688	0.0030465	0.0028129	0.0040397	0.0032012	0.0028541	0.0034426	0.0049852	0.0075168	0.0097161	0.0090452	0.009013	0.0087829	0.0072765	0.0083516	0.0120405	0.0062388	
parrot sp.	0.0	0.0	1.269E-4	0.0	0.0	0.0	0.0	0.0	0.0	0.0	0.0	0.0	0.0	0.0	0.0	0.0	0.0	0.0	0.0	0.0	0.0	0.0	1.958E-4	0.0	0.0	0.0	0.0	0.0	0.0	0.0	0.0	0.0	0.0	0.0	0.0	0.0	0.0	0.0	1.846E-4	0.0	0.0	0.0	0.0	0.0	0.0	0.0	0.0	0.0	
Olive-sided Flycatcher	0.0	0.0	0.0	0.0	0.0	0.0	0.0	0.0	0.0	0.0	0.0	0.0	0.0	0.0	0.0	0.0	4.425E-4	0.0012666	0.0027326	0.002091	4.792E-4	0.0015	0.0	0.0	0.0	0.0	0.0	0.0	1.951E-4	1.993E-4	0.0013621	0.0018349	7.616E-4	0.0022855	0.001469	0.0018293	0.0	1.639E-4	0.0	0.0	0.0	0.0	0.0	0.0	0.0	0.0	0.0	0.0	
Eastern Wood-Pewee	0.0	0.0	0.0	0.0	0.0	0.0	0.0	0.0	0.0	0.0	0.0	0.0	0.0	0.0	0.0	0.0	0.0060847	0.0410597	0.1321575	0.1318331	0.1052716	0.0930608	0.0790916	0.0801521	0.0666425	0.0539518	0.0444769	0.0497564	0.0507317	0.0522224	0.0548745	0.066422	0.0594059	0.0757736	0.0664708	0.0516768	0.02533	0.0106557	0.0035081	5.275E-4	0.0	0.0	0.0	0.0	0.0	0.0	0.0	0.0	
Yellow-bellied Flycatcher	0.0	0.0	0.0	0.0	0.0	0.0	0.0	0.0	0.0	0.0	0.0	0.0	0.0	0.0	0.0	0.0	0.0	1.056E-4	7.452E-4	0.0016927	0.0019169	1.793E-4	0.0	0.0	0.0	0.0	0.0	0.0	0.0	0.0	7.784E-4	0.0040367	0.0027418	0.0061533	0.0036724	0.0015244	3.568E-4	1.639E-4	0.0	0.0	0.0	0.0	0.0	0.0	0.0	0.0	0.0	0.0	
Acadian Flycatcher	0.0	0.0	0.0	0.0	0.0	0.0	0.0	0.0	0.0	0.0	0.0	0.0	0.0	0.0	0.0	0.0	1.106E-4	3.167E-4	0.0013663	0.0024893	0.0073482	0.0037655	0.0017619	0.002376	0.0023606	5.973E-4	0.0015	0.0010335	1.951E-4	0.0	1.946E-4	1.223E-4	1.523E-4	5.274E-4	0.0015	1.524E-4	0.0	0.0	0.0	0.0	0.0	0.0	0.0	0.0	0.0	0.0	0.0	0.0	
Alder Flycatcher	0.0	0.0	0.0	0.0	0.0	0.0	0.0	0.0	0.0	0.0	0.0	0.0	0.0	0.0	0.0	0.0	0.0	5.278E-4	3.726E-4	0.0017923	0.0019169	0.0016138	1.958E-4	0.0	0.0	0.0	0.0	0.0	0.0	0.0	0.0	3.67E-4	6.093E-4	7.032E-4	3.672E-4	1.524E-4	0.0	0.0	0.0	0.0	0.0	0.0	0.0	0.0	0.0	0.0	0.0	0.0	
Willow Flycatcher	0.0	0.0	0.0	0.0	0.0	0.0	0.0	0.0	0.0	0.0	0.0	0.0	0.0	0.0	0.0	0.0	4.425E-4	0.005172	0.0413613	0.0890172	0.1118211	0.084454	0.0604933	0.0448281	0.0381333	0.0390205	0.0540823	0.0507899	0.0236098	0.0197329	0.0122592	0.0078287	0.0010663	0.0019339	0.0	3.049E-4	0.0	0.0	0.0	0.0	0.0	0.0	0.0	0.0	0.0	0.0	0.0	0.0	
Alder/Willow Flycatcher (Traill's Flycatcher)	0.0	0.0	0.0	0.0	0.0	0.0	0.0	0.0	0.0	0.0	0.0	0.0	0.0	0.0	0.0	0.0	0.0	1.056E-4	0.0019873	6.97E-4	4.792E-4	8.965E-4	3.915E-4	1.584E-4	3.632E-4	1.991E-4	2.088E-4	5.906E-4	5.854E-4	5.98E-4	0.0021405	0.0034251	0.0015232	0.0017581	0.001469	6.098E-4	5.351E-4	0.0	0.0	0.0	0.0	0.0	0.0	0.0	0.0	0.0	0.0	0.0	
Least Flycatcher	0.0	0.0	0.0	0.0	0.0	0.0	0.0	0.0	0.0	0.0	0.0	0.0	0.0	0.0	0.0	8.558E-4	0.0098462	0.0118218	0.0235996	0.0036842	0.0011182	0.0	0.0	0.0	0.0015	0.0	0.0	0.0	9.756E-4	0.0019932	0.0064215	0.017737	0.0121858	0.0198664	0.0179949	0.0115854	0.0044595	9.836E-4	3.693E-4	0.0	0.0	0.0	0.0	0.0	0.0	0.0	1.605E-4	0.0	
Western Flycatcher	0.0	0.0	0.0	0.0	0.0	0.0	0.0	0.0	0.0	0.0	0.0	0.0	0.0	0.0	0.0	0.0	0.0	0.0	0.0	0.0	0.0	0.0	0.0	0.0	0.0	0.0	0.0	0.0	0.0	0.0	0.0	0.0	0.0	0.0015	0.0	0.0	0.0	0.0	0.0	0.0	0.0	0.0	0.0	0.0	0.0	0.0	0.0	0.0	
Empidonax sp.	0.0	0.0	0.0	0.0	0.0	0.0	0.0	0.0	0.0	0.0	0.0	0.0	0.0	0.0	0.0	3.209E-4	9.957E-4	0.0014777	0.0038505	0.0030867	0.0028754	0.0014345	0.0017619	0.001584	0.0016343	3.982E-4	8.352E-4	0.0016241	0.0021463	0.0025912	0.0058377	0.0117431	0.0114242	0.0182841	0.0161586	0.0115854	0.0028541	0.0014754	0.0	1.319E-4	0.0	2.01E-4	0.0	1.394E-4	0.0	0.0	0.0	0.0	
Eastern Phoebe	0.0022489	0.0020505	0.0019028	0.0017633	5.059E-4	7.842E-4	0.001458	8.622E-4	0.0016484	0.0110611	0.0317234	0.1030647	0.1506617	0.1319627	0.0810735	0.0664313	0.0636132	0.0618535	0.0520432	0.043015	0.0319489	0.0315582	0.0332811	0.040076	0.0377701	0.0298626	0.0269367	0.0267238	0.0202927	0.024118	0.0251022	0.035841	0.0428027	0.0696203	0.1367976	0.2379573	0.280949	0.2840984	0.2636632	0.1628643	0.0573443	0.0180905	0.0116509	0.0037641	0.0047817	0.0030769	0.006261	0.0032139	
Say's Phoebe	0.0	0.0	0.0	0.0	0.0	0.0	0.0	0.0	0.0	0.0	0.0	0.0	0.0	0.0	0.0	0.0	0.0	0.0	0.0	0.0	0.0	0.0	0.0	0.0	0.0	0.0	0.0	0.0	0.0	0.0	0.0	0.0	0.0	8.79E-4	0.0015	7.622E-4	0.0019622	6.557E-4	0.0142171	0.0044837	0.0045723	0.001407	0.0	0.0	0.0	0.0	0.0	0.0	
Ash-throated Flycatcher	2.933E-4	0.0	0.0	0.0	0.0	0.0	0.0	0.0	0.0	0.0	0.0	0.0	0.0	0.0	0.0	0.0	0.0	0.0	0.0015	0.0	0.0	0.0	0.0	0.0	0.0	0.0	0.0	0.0	0.0	0.0	0.0	0.0	0.0	0.0	0.0	0.0	0.0	0.0	0.0	5.275E-4	0.0015241	0.0074372	0.0015388	5.576E-4	0.004158	8.791E-4	0.0025686	8.507E-4	
Great Crested Flycatcher	0.0	0.0	0.0	0.0	0.0	0.0	0.0	0.0	0.0	0.0	0.0	0.0	0.0	1.458E-4	2.81E-4	0.02546	0.1585352	0.2492084	0.3017017	0.2476352	0.1814696	0.1547427	0.1297964	0.126881	0.1118576	0.0903842	0.0818542	0.0848959	0.0762927	0.0649791	0.0669391	0.0592049	0.0476771	0.0432489	0.0178112	0.0030488	1.784E-4	3.279E-4	0.0	1.319E-4	0.0	0.0	0.0	0.0	0.0	0.0	0.0	0.0	
Myiarchus sp.	0.0	0.0	0.0	0.0	0.0	0.0	0.0	0.0	0.0	0.0	0.0	0.0	0.0	0.0	0.0	0.0	0.0	0.0	0.0	0.0	0.0	0.0	1.958E-4	0.0	0.0	0.0	0.0	0.0	0.0	0.0	0.0	0.0	0.0	0.0	0.0	0.0	0.0	0.0	0.0	0.0	0.0	0.0	0.0	0.0	0.0	0.0	0.0	0.0	
Cassin's Kingbird	0.0	0.0	0.0	0.0	0.0	0.0	0.0	0.0	0.0	0.0	0.0	0.0	0.0	0.0	0.0	0.0	0.0	0.0	0.0	0.0	0.0	0.0	0.0	0.0	0.0	0.0	0.0	0.0	0.0	0.0	0.0	0.0	0.0	0.0	0.0	0.0	0.0	1.639E-4	0.0	0.0	0.0	0.0	0.0	0.0	0.0	0.0	0.0	0.0	
Western Kingbird	1.956E-4	2.563E-4	0.0015	0.0	0.0	0.0	0.0	0.0	0.0	0.0	0.0	0.0	0.0	0.0	0.0	0.0	0.0	0.0	0.0	0.0015	0.0015	0.0	0.0015	0.0	0.0	3.982E-4	0.0	0.0	0.0	1.993E-4	0.0011675	1.223E-4	1.523E-4	8.79E-4	9.181E-4	1.524E-4	0.0016054	0.0034426	0.0081241	0.0032968	0.0118118	0.0058291	0.0037371	0.0018124	0.0012474	0.0021978	0.0014449	0.0	
yellow-bellied kingbird sp.	0.0	0.0	0.0	0.0	0.0	0.0	0.0	0.0	0.0	0.0	0.0	0.0	0.0	0.0	0.0	0.0	0.0	0.0	0.0	0.0	0.0	0.0	0.0	0.0	0.0	0.0	0.0	0.0	0.0	0.0	0.0	0.0	0.0	0.0	0.0	0.0	0.0	0.0	0.0	0.0	1.905E-4	0.0	0.0	0.0	0.0	0.0	0.0	0.0	
Eastern Kingbird	0.0	0.0	0.0	0.0	0.0	0.0	0.0	0.0	0.0	0.0	0.0	0.0	1.539E-4	8.749E-4	0.0015456	0.0224647	0.0836376	0.1139962	0.1497951	0.139998	0.122524	0.117088	0.1145262	0.1317915	0.1182132	0.1180569	0.1206933	0.1346523	0.1203902	0.1177995	0.1025491	0.0855046	0.048591	0.0370956	0.0172604	0.0041159	0.0016054	4.918E-4	3.693E-4	0.0	0.0	0.0	0.0	0.0	0.0	0.0	0.0	0.0	
Western x Eastern Kingbird (hybrid)	0.0	0.0	0.0	0.0	0.0	0.0	0.0	0.0	0.0	0.0	0.0	0.0	0.0	0.0	0.0	0.0	0.0	0.0	2.484E-4	9.96E-5	0.0	0.0	0.0	0.0	0.0	0.0	0.0	0.0	0.0	0.0	0.0	0.0	0.0	0.0	0.0	0.0	0.0	0.0	0.0	0.0	0.0	0.0	0.0	0.0	0.0	0.0	0.0	0.0	
Gray Kingbird	0.0	0.0	0.0	0.0	0.0	0.0	0.0	0.0	0.0	0.0	0.0	0.0	0.0	0.0	0.0	0.0	0.0	0.0	0.0	0.0	0.0	0.0	0.0	0.0	0.0	0.0	0.0015	0.0	0.0	0.0	0.0	0.0	0.0	0.0	0.0	0.0015	0.0	4.918E-4	0.0	0.0	0.0	0.0	0.0	0.0	0.0	0.0	0.0	0.0	
Scissor-tailed Flycatcher	0.0	0.0	0.0	0.0	0.0	0.0	0.0	0.0	0.0	0.0	0.0	0.0	0.0	0.0	0.0	0.0	0.0	0.0	0.0	0.0015	0.0	0.0015	0.0015	0.0	0.0	0.0	0.0	0.0	0.0	0.0	0.0	0.0	0.0	0.0	0.0	0.0	0.0	0.0	0.0033235	0.0015825	1.905E-4	0.0015	0.0	0.0	0.0015	6.593E-4	0.0	0.0	
Fork-tailed Flycatcher	0.0	0.0	0.0	0.0	0.0	0.0	0.0	0.0	0.0	0.0	0.0	0.0	0.0	0.0	0.0	0.0	0.0015	0.0	0.0	0.0	0.0	0.0	0.0	0.0	0.0	0.0	0.0	0.0	0.0	0.0	0.0	0.0	0.0	0.0015	0.0	0.0015	0.0	0.0015	0.0	0.0	0.0015	0.0	0.0	0.0	0.0	0.0	0.0	0.0	
new world flycatcher sp.	0.0	0.0	0.0	0.0	0.0	0.0	0.0	0.0	0.0	0.0	0.0	1.183E-4	1.539E-4	1.458E-4	0.0015	2.139E-4	3.319E-4	9.5E-4	0.0013663	0.001394	0.0020767	8.965E-4	7.831E-4	0.0012672	9.079E-4	0.0011945	4.176E-4	0.0011812	9.756E-4	0.0015946	0.0011675	0.0023242	0.0010663	0.0031646	0.0027543	0.0047256	0.0024973	0.0016393	0.0012925	5.275E-4	0.0	0.0	0.0	0.0	0.0	0.0	0.0	0.0	
White-eyed Vireo	0.0	0.0	0.0	0.0	0.0	0.0	0.0	0.0	0.0	0.0	0.0	0.0021299	7.695E-4	0.0061242	0.008571	0.0261018	0.0580816	0.0649145	0.0679419	0.0424176	0.0389776	0.039627	0.0348473	0.0267702	0.0225168	0.0203066	0.0194195	0.0194891	0.024	0.0167431	0.0167348	0.0221407	0.029703	0.0469409	0.034888	0.0117378	0.0066001	0.0021311	7.386E-4	0.0013187	7.62E-4	8.04E-4	8.793E-4	6.971E-4	2.079E-4	2.198E-4	0.0015	0.0	
Bell's Vireo	0.0	0.0	0.0	0.0	0.0	0.0	0.0	0.0	0.0	0.0	0.0	0.0	0.0	0.0	0.0	0.0	0.0	0.0	0.0	0.0	0.0	0.0	0.0	0.0	0.0	0.0	0.0	0.0	0.0	0.0	0.0	0.0	0.0	0.0	0.0	0.0015	0.0	0.0	0.0	0.0	0.0	0.0	0.0	0.0	0.0	0.0	0.0	0.0	
Yellow-throated Vireo	0.0	0.0	0.0	0.0	0.0	0.0	0.0	0.0	0.0	0.0	0.0	0.0	0.0	0.0	7.025E-4	0.0014976	0.0107313	0.0085497	0.0085704	0.0058747	0.0041534	0.0048413	0.0039154	0.0033265	5.448E-4	0.0011945	6.264E-4	7.382E-4	5.854E-4	1.993E-4	1.946E-4	0.0017125	0.0045697	0.0068565	0.0055086	0.0018293	8.919E-4	0.0	1.846E-4	0.0	0.0	0.0	0.0	0.0	0.0	0.0	0.0	0.0	
Cassin's Vireo	0.0	0.0	0.0	0.0	0.0	0.0	0.0	0.0	0.0	0.0	0.0	0.0	0.0	0.0	0.0	0.0	0.0	0.0	0.0	0.0	0.0	0.0	0.0	0.0	0.0	0.0	0.0	0.0	0.0	0.0	0.0	0.0	0.0	0.0	0.0	0.0	0.0	0.0	0.0015	0.0	0.0	0.0	0.0	0.0	0.0	0.0	0.0	0.0	
Blue-headed Vireo	0.0	0.0	0.0	0.0	0.0	0.0	0.0	0.0	0.0	0.0	0.0	0.0	1.539E-4	0.0010207	0.008009	0.0356226	0.0691448	0.0343044	0.0140355	0.0014936	0.0015	0.0	0.0	1.584E-4	0.0	0.0	0.0	0.0	0.0	1.993E-4	1.946E-4	0.0015	9.139E-4	0.004571	0.0130371	0.0344512	0.0524438	0.0662295	0.0664697	0.031386	0.0102877	0.0050251	0.0024181	1.394E-4	2.079E-4	0.0	1.605E-4	9.45E-5	
Cassin's/Blue-headed Vireo	0.0	0.0	0.0	0.0	0.0	0.0	0.0	0.0	0.0	0.0	0.0	0.0	0.0	0.0	0.0	0.0	0.0	0.0	0.0	0.0	0.0	0.0	0.0	0.0	0.0	0.0	0.0	0.0	0.0	0.0	0.0	0.0	0.0	0.0	0.0	0.0	0.0	3.279E-4	0.0	0.0	0.0	0.0	0.0	0.0	0.0	2.198E-4	0.0	0.0	
solitary vireo sp.	0.0	0.0	0.0	0.0	0.0	0.0	0.0	0.0	0.0	0.0	0.0	0.0	0.0	0.0	0.0	0.0	0.0	0.0	0.0	0.0	0.0	0.0	0.0	0.0	0.0	0.0	0.0	0.0	0.0	0.0	0.0	0.0	0.0	0.0	0.0	0.0	0.0	0.0	0.0	3.956E-4	0.0015	0.0	2.198E-4	0.0	0.0	0.0	0.0	0.0	
Philadelphia Vireo	0.0	0.0	0.0	0.0	0.0	0.0	0.0	0.0	0.0	0.0	0.0	0.0	0.0	0.0	0.0	0.0	1.106E-4	1.056E-4	3.726E-4	4.979E-4	0.0	0.0	0.0	0.0	0.0	0.0	0.0	0.0	0.0	0.0015	0.0	3.67E-4	0.0025895	0.0052743	0.013588	0.0080793	0.003746	0.0018033	1.846E-4	0.0	0.0	0.0	0.0	0.0	0.0	0.0	0.0	0.0	
Eastern Warbling Vireo	0.0	0.0	0.0	0.0	0.0	0.0	0.0	0.0	0.0	0.0	0.0	0.0	0.0	1.458E-4	4.215E-4	0.0282413	0.0993473	0.1279291	0.1414731	0.1150055	0.1	0.0880402	0.0677369	0.0632029	0.0513891	0.0372287	0.024431	0.0188986	0.0150244	0.01176	0.0157618	0.0234862	0.0307692	0.0355134	0.0154242	0.003811	0.001427	1.639E-4	0.0	5.275E-4	1.905E-4	0.0	0.0	0.0	0.0	0.0	0.0	0.0	
Philadelphia/Eastern Warbling Vireo	0.0	0.0	0.0	0.0	0.0	0.0	0.0	0.0	0.0	0.0	0.0	0.0	0.0	0.0	0.0	0.0	1.106E-4	2.111E-4	3.726E-4	1.991E-4	0.0	0.0	0.0	0.0	0.0	0.0	0.0	0.0	0.0	0.0	0.0	4.893E-4	3.046E-4	8.79E-4	0.0018362	9.146E-4	1.784E-4	0.0	0.0	0.0	0.0	0.0	0.0	0.0	0.0	0.0	0.0	0.0	
Western Warbling Vireo	0.0	0.0	0.0	0.0	0.0	0.0	0.0	0.0	0.0	0.0	0.0	0.0	0.0	0.0	0.0	0.0	0.0	0.0	0.0	0.0	0.0	0.0	0.0	0.0	0.0	0.0	0.0	0.0	0.0	0.0	0.0	0.0	0.0	0.0	0.0	0.0015	0.0	0.0	0.0	0.0	0.0	0.0	0.0	0.0	0.0	0.0	0.0	0.0	
Red-eyed Vireo	0.0	0.0	0.0	0.0	0.0	0.0	0.0	0.0	0.0	0.0	0.0	0.0	0.0	0.0015	0.0015	0.0063115	0.0721319	0.1765886	0.2513973	0.1946629	0.149361	0.1389636	0.1247063	0.113892	0.1118576	0.0860044	0.0674462	0.0605345	0.0505366	0.0562089	0.0657716	0.0840367	0.06885	0.1278129	0.1571796	0.1408537	0.0936497	0.0503279	0.0190177	0.005275	3.81E-4	8.04E-4	0.0	0.0	0.0	0.0	0.0	0.0	
Philadelphia/Red-eyed Vireo	0.0	0.0	0.0	0.0	0.0	0.0	0.0	0.0	0.0	0.0	0.0	0.0	0.0	0.0	0.0	0.0	0.0	1.056E-4	0.0	0.0	0.0	0.0	0.0	0.0	0.0	0.0	0.0	0.0	0.0	0.0	0.0	1.223E-4	0.0	1.758E-4	0.0	1.524E-4	0.0	0.0	0.0	0.0	0.0	0.0	0.0	0.0	0.0	0.0	0.0	0.0	
vireo sp.	0.0	0.0	0.0	0.0	0.0	0.0	0.0	0.0	0.0	0.0	0.0	0.0	0.0	1.458E-4	0.0	0.0	7.744E-4	0.0014777	8.695E-4	4.979E-4	7.987E-4	7.172E-4	1.958E-4	4.752E-4	1.816E-4	0.0	6.264E-4	0.0	1.951E-4	5.98E-4	1.946E-4	8.563E-4	9.139E-4	0.0024613	0.0020198	0.001372	0.0012487	0.0	0.0	0.0	0.0	0.0	0.0	0.0	0.0	0.0	0.0	0.0	
Loggerhead Shrike	0.0	0.0015	0.0015	0.0	0.0	0.0	0.0	0.0	0.0	0.0	0.0	0.0	0.0	0.0	0.0	0.0	0.0	0.0	0.0	9.96E-5	0.0033546	0.0	0.0	0.0	0.0	5.973E-4	0.0	0.0	0.0	0.0	0.0015	0.0015	0.0015	0.0015	1.836E-4	0.0	0.0	0.0	0.0	0.0	0.0	0.0	0.0	0.0	0.0	0.0	0.0	9.45E-5	
Northern Shrike	7.822E-4	0.0019223	0.0011417	9.918E-4	1.686E-4	0.0015	0.0012007	0.0013795	7.326E-4	1.875E-4	0.0	0.0	0.0015	0.0	0.0	0.0	0.0	0.0	0.0	0.0	0.0	0.0	0.0	0.0	0.0	0.0	0.0	0.0	0.0	0.0	0.0	0.0	0.0	0.0	0.0	0.0	0.0	0.0	0.0	2.637E-4	0.0015	0.001809	6.595E-4	5.576E-4	0.0018711	0.003956	9.632E-4	0.0021741	
shrike sp.	0.0	0.0	0.0	0.0	0.0	0.0	0.0	0.0	1.832E-4	0.0	0.0	0.0	0.0	0.0	0.0	0.0	0.0	0.0	0.0	0.0	1.597E-4	0.0	0.0	0.0	0.0	0.0	0.0	0.0	0.0	0.0	0.0015	0.0	0.0	0.0	0.0	0.0	0.0	0.0	0.0	0.0	0.0	0.0	0.0	0.0	0.0	0.0	0.0	0.0	
Blue Jay	0.2332062	0.2177368	0.2048712	0.2303284	0.2443508	0.3051889	0.3459691	0.2731505	0.2620879	0.2838395	0.2823026	0.3036327	0.3219452	0.3948673	0.4108473	0.4622379	0.483018	0.4675955	0.4317476	0.3376481	0.3079872	0.3236507	0.3204777	0.3088864	0.2927184	0.2773243	0.2656087	0.280378	0.2854634	0.2973889	0.3008367	0.3291743	0.3428789	0.4379395	0.4970621	0.5082317	0.5240813	0.507541	0.5216027	0.4789661	0.4696133	0.4271357	0.3930534	0.3500627	0.3351351	0.3395604	0.3294269	0.347859	
Black-billed Magpie	9.78E-5	0.0	0.0015	1.102E-4	1.686E-4	0.0	0.0015	0.0	0.0	0.0	0.0	0.0	0.0	0.0	0.0	0.0	0.0	0.0	0.0	0.0	0.0	0.0	0.0	0.0	0.0	0.0	0.0	0.0	0.0	0.0	0.0	0.0	0.0	0.0	0.0	0.0	0.0	0.0	0.0	0.0	0.0	0.0	2.198E-4	0.0015	0.0	0.0015	1.605E-4	0.0	
American Crow	0.198592	0.1860823	0.1834327	0.2007935	0.2222597	0.2202326	0.1998285	0.2533195	0.2569597	0.291901	0.2885404	0.3087209	0.3067098	0.3043161	0.2782071	0.2874412	0.2787919	0.2568081	0.267917	0.2420591	0.2492013	0.2365071	0.2241582	0.2178045	0.2209915	0.2062512	0.1973272	0.2163	0.2072195	0.1953359	0.2179412	0.2188379	0.2374714	0.2524613	0.2638634	0.2722561	0.2941491	0.3090164	0.3124077	0.3038375	0.2971995	0.2906533	0.2668718	0.2473163	0.2370062	0.2435165	0.2918607	0.2871727	
Fish Crow	0.022685	0.0243496	0.0181403	0.0273308	0.0328836	0.0298	0.0276158	0.0605277	0.0838828	0.1124859	0.1486366	0.170039	0.1895968	0.2385535	0.2335254	0.2135216	0.2006859	0.1746886	0.1623401	0.1437817	0.158147	0.1658598	0.155834	0.1492159	0.1567096	0.1515031	0.155356	0.1576849	0.1451707	0.131752	0.1161705	0.0974924	0.0737243	0.0617089	0.0457216	0.0405488	0.0378166	0.0336066	0.0356352	0.0299354	0.0325776	0.0271357	0.0265993	0.0234212	0.0214137	0.021978	0.0341949	0.022781	
American/Fish Crow	0.0	0.0	0.0	0.0	0.0	0.0	0.0	0.0	0.0015	0.0	1.782E-4	1.183E-4	3.078E-4	1.458E-4	1.405E-4	0.0	1.106E-4	0.0	0.0	0.0	3.195E-4	0.0	0.0	0.0	0.0	0.0	2.088E-4	0.0	0.0	0.0	1.946E-4	1.223E-4	0.0	0.0	0.0	1.524E-4	0.0	0.0	0.0	0.0	1.905E-4	0.0	0.0	0.0015	0.0	0.0	0.0	0.0	
crow sp.	0.0051824	0.0064078	0.0092604	0.0061715	0.0062395	0.0075807	0.0084048	0.0110364	0.0144689	0.0146232	0.0167528	0.0192877	0.0166205	0.0226013	0.0271182	0.0269576	0.0190287	0.0224826	0.0249658	0.0224037	0.0276358	0.0290479	0.0258418	0.0239189	0.0232431	0.0199084	0.0185843	0.0200797	0.0220488	0.0143512	0.017124	0.0178593	0.0175171	0.0181083	0.0163423	0.0112805	0.0114163	0.0131148	0.0097858	0.0121324	0.0108592	0.0098492	0.0112113	0.0101771	0.0097713	0.0085714	0.0093113	0.0075622	
Common Raven	0.0250318	0.0240933	0.0196626	0.0319594	0.0281619	0.0257483	0.0204974	0.0384549	0.035348	0.0337458	0.0327927	0.0341971	0.034626	0.0320793	0.0362512	0.0393667	0.0328576	0.0330378	0.0278226	0.0216071	0.021246	0.0197239	0.0166406	0.0161571	0.0152533	0.0129405	0.0114847	0.0153551	0.016	0.0187363	0.0270481	0.0348624	0.0368621	0.04782	0.0600441	0.0612805	0.0577952	0.0642623	0.0651773	0.0684426	0.0661078	0.0506533	0.0540778	0.0418235	0.047817	0.0459341	0.0460748	0.042159	
crow/raven sp.	0.0	3.845E-4	1.269E-4	1.102E-4	1.686E-4	1.307E-4	5.146E-4	3.449E-4	1.832E-4	0.0	5.347E-4	0.0	3.078E-4	2.916E-4	1.405E-4	2.139E-4	1.106E-4	1.056E-4	0.0	9.96E-5	1.597E-4	7.172E-4	3.915E-4	0.0	0.0	0.0	2.088E-4	1.476E-4	0.0	0.0	3.892E-4	0.0	0.0	5.274E-4	0.0	1.524E-4	1.784E-4	1.639E-4	1.846E-4	5.275E-4	3.81E-4	0.0	0.0	1.394E-4	4.158E-4	2.198E-4	0.0	1.891E-4	
Black-capped Chickadee	0.2070989	0.1926182	0.1825447	0.216663	0.2362563	0.2922494	0.3306175	0.2448698	0.2545788	0.2778403	0.2733916	0.2803219	0.2877809	0.3365413	0.3307573	0.3676722	0.3715013	0.3343889	0.2838157	0.2052176	0.1717252	0.1796665	0.1920517	0.2024394	0.2306156	0.198487	0.1958655	0.2161524	0.2277073	0.2419773	0.254135	0.270581	0.2523991	0.3268284	0.3470437	0.3294207	0.3275062	0.3144262	0.3085303	0.280364	0.3103448	0.3057286	0.3293031	0.2926251	0.275052	0.289011	0.3034195	0.3061726	
Boreal Chickadee	0.0	0.0	0.0	0.0	0.0	0.0	0.0	0.0	0.0	0.0	0.0	0.0	0.0	0.0	0.0	0.0	0.0	0.0	0.0	0.0	0.0	0.0	0.0	0.0	0.0	0.0	0.0	0.0	0.0	0.0	0.0	0.0	0.0	0.0	0.0	0.0	0.0	0.0	0.0	0.0	0.0	0.0	0.0	0.0015	0.0	0.0	0.0	0.0	
Tufted Titmouse	0.127799	0.1070101	0.1094761	0.1336786	0.1426644	0.185466	0.2184391	0.1677875	0.1684982	0.1983502	0.1947959	0.1984381	0.2177593	0.2629046	0.2718842	0.3267009	0.3452816	0.3064176	0.2776053	0.1903814	0.1595847	0.1624529	0.1662099	0.1593537	0.1668785	0.1385626	0.1367718	0.1474974	0.1441951	0.1429141	0.146332	0.1586544	0.1529322	0.2034107	0.2330151	0.2147866	0.2128077	0.2019672	0.2014402	0.1776342	0.1802248	0.1815075	0.189712	0.1636693	0.1619543	0.1696703	0.1700112	0.1797902	
parid sp.	0.0	0.0	0.0	0.0	0.0	0.0	0.0	0.0	0.0	0.0	0.0	0.0	0.0	0.0	0.0	0.0	0.0	0.0	0.0	0.0	0.0	0.0	0.0	0.0	0.0	0.0	0.0	0.0	0.0	1.993E-4	0.0	0.0	0.0	0.0	0.0	0.0	0.0	0.0	3.693E-4	0.0	0.0	0.0	0.0	0.0	0.0	0.0	0.0	0.0	
Horned Lark	0.0212183	0.0237088	0.0195357	0.0181838	0.0252951	0.0409097	0.0194683	0.0203483	0.0236264	0.015748	0.0142577	0.010413	0.0081564	0.0064159	0.0073064	0.004279	0.0064166	0.0060165	0.0068314	0.0108533	0.013099	0.0102205	0.0105717	0.0101378	0.0088978	0.0067689	0.0068908	0.006644	0.003122	0.0023919	0.003308	0.0061162	0.0018279	0.0019339	0.0022035	0.0030488	0.0044595	0.0047541	0.0059084	0.0097587	0.015241	0.0190955	0.0272587	0.0415447	0.0299376	0.0276923	0.03275	0.02798	
Bank Swallow	0.0	0.0	0.0	0.0	0.0	0.0	0.0	0.0	0.0	0.0	0.0	0.0	3.078E-4	4.374E-4	0.0046368	0.0140137	0.0337427	0.0504539	0.0666998	0.0668127	0.063738	0.065806	0.0669538	0.0807857	0.0726348	0.0782401	0.0751723	0.0716079	0.0520976	0.0350807	0.0278264	0.027156	0.01508	0.0086146	0.0036724	6.098E-4	1.784E-4	0.0015	0.0	0.0	0.0	0.0	0.0	0.0	0.0	0.0	0.0	0.0	
Tree Swallow	0.0013689	0.0011534	3.806E-4	0.0012123	1.686E-4	5.228E-4	6.861E-4	5.173E-4	0.003663	0.0065617	0.020139	0.0498166	0.0860265	0.1564596	0.1799916	0.2086008	0.2209315	0.2355921	0.2480437	0.2414617	0.2468051	0.246369	0.2163273	0.2271503	0.1984747	0.1745969	0.1607851	0.1987303	0.2074146	0.2120789	0.2286437	0.2387768	0.2226961	0.2035865	0.156996	0.1454268	0.1339636	0.1229508	0.1085672	0.0697613	0.0421033	0.0241206	0.014069	0.0072494	0.0033264	0.0021978	0.0049767	0.0019851	
Purple Martin	0.0	0.0	0.0	0.0	0.0	0.0	0.0	1.724E-4	0.0	0.0	1.782E-4	0.00142	0.0026162	0.0177894	0.0302094	0.0378691	0.0446952	0.0460207	0.0560179	0.0531714	0.0803514	0.0758472	0.0577525	0.0625693	0.0653713	0.0599243	0.0749635	0.1122102	0.1217561	0.0996612	0.0651878	0.0330275	0.009444	0.0056259	1.836E-4	1.524E-4	0.0	0.0	0.0	0.0	0.0	0.0	0.0	0.0	0.0	0.0	0.0	0.0	
Northern Rough-winged Swallow	0.0	0.0	0.0	0.0	0.0	0.0	0.0	0.0	0.0	0.0	1.782E-4	0.0021299	0.0143121	0.0287256	0.0465084	0.059157	0.0592986	0.0539371	0.0386287	0.030469	0.0250799	0.034965	0.0323023	0.0434025	0.036499	0.0296635	0.0196283	0.0168315	0.0115122	0.0121587	0.0066161	0.0058716	4.57E-4	0.0	3.672E-4	0.0	1.784E-4	0.0	0.0015	0.0	0.0	2.01E-4	0.0	0.0	0.0	0.0	0.0	0.0	
Barn Swallow	0.0	0.0	0.0	0.0	0.0	0.0	0.0	0.0	1.832E-4	0.0	1.782E-4	0.0026032	0.0153894	0.0573053	0.1228046	0.2107403	0.280562	0.3148617	0.358589	0.3605496	0.3798722	0.3876636	0.387823	0.3974339	0.4034865	0.4085208	0.4132387	0.4265466	0.4037073	0.3950568	0.3531816	0.2643425	0.1361767	0.059775	0.0190966	0.0088415	0.0042811	0.0031148	0.0029542	0.0043518	0.0022861	0.001809	4.397E-4	0.0	0.0	2.198E-4	0.0	0.0	
Cliff Swallow	0.0	0.0	0.0	0.0	0.0	0.0	0.0	0.0	0.0	0.0	0.0	0.0	4.617E-4	2.916E-4	4.215E-4	8.558E-4	0.0013276	0.0020055	8.695E-4	1.991E-4	7.987E-4	3.586E-4	1.958E-4	1.584E-4	1.816E-4	1.991E-4	0.0014617	0.0014765	0.0033171	0.0047837	0.0011675	0.0053823	0.0030465	0.0031646	3.672E-4	0.0015	0.0010703	6.557E-4	1.846E-4	3.956E-4	0.0	0.0	2.198E-4	0.0	0.0	0.0	0.0	0.0	
Cave Swallow	0.0	0.0	0.0	0.0	0.0	0.0	0.0	0.0	0.0	0.0	0.0	0.0	0.0	1.458E-4	0.0	0.0	0.0	0.0	0.0	0.0	0.0	0.0	0.0	0.0	0.0	0.0	0.0	0.0	0.0	0.0	0.0	0.0	0.0	0.0	0.0	0.0	0.0	0.0	1.846E-4	6.594E-4	0.0015241	0.0040201	0.0024181	0.0011153	0.0	8.791E-4	1.605E-4	0.0	
Cliff/Cave Swallow	0.0	0.0	0.0	0.0	0.0	0.0	0.0	0.0	0.0	0.0	0.0	0.0	0.0	0.0	0.0	0.0	0.0	0.0	1.242E-4	0.0	0.0	0.0	0.0	0.0	0.0	0.0	0.0	0.0	0.0	0.0	0.0	0.0	0.0	0.0	0.0	0.0	0.0	0.0	0.0	0.0	0.0	2.01E-4	0.0	0.0	0.0	0.0	0.0	0.0	
swallow sp.	0.0	0.0	0.0	0.0	0.0	0.0	0.0	1.724E-4	0.0	0.0	0.0	0.0	0.0027701	0.0026247	0.0057609	0.0066324	0.007523	0.0078109	0.0070799	0.0060739	0.0054313	0.0068137	0.0066562	0.0077618	0.0087162	0.0121441	0.014408	0.0118116	0.0146341	0.0159458	0.0138159	0.0105199	0.0112719	0.0056259	0.0023871	0.0028963	0.0016054	9.836E-4	3.693E-4	3.956E-4	5.715E-4	8.04E-4	4.397E-4	6.971E-4	0.0	0.0015	0.0	0.0	
Ruby-crowned Kinglet	0.0078224	0.0084583	0.0044399	0.0069429	0.0077572	0.0050974	0.0039451	0.0067253	0.0069597	0.0071241	0.0073071	0.0121879	0.0266236	0.081219	0.1195729	0.0964912	0.0723531	0.0288157	0.005962	9.96E-5	0.0	0.0	0.0	0.0	0.0	0.0	0.0	0.0	0.0	0.0	3.892E-4	6.116E-4	1.523E-4	0.0035162	0.0251561	0.0814024	0.1514449	0.2257377	0.2651403	0.2148226	0.1270718	0.0590955	0.0419872	0.0221665	0.0172557	0.0241758	0.0253652	0.0202288	
Golden-crowned Kinglet	0.0259118	0.0303729	0.0229608	0.02689	0.0246206	0.0146386	0.0121784	0.0248319	0.0177656	0.0256843	0.0409909	0.0915868	0.1201908	0.1156314	0.0384994	0.0108045	0.0032083	0.0023221	4.968E-4	0.0	0.0	0.0	1.958E-4	0.0	0.0	0.0	0.0	0.0	0.0	0.0	0.0	2.446E-4	4.57E-4	1.758E-4	0.0023871	0.0330793	0.1380664	0.2190164	0.2367061	0.219702	0.1807963	0.1129648	0.0879314	0.0578558	0.0536383	0.072967	0.0709584	0.0577559	
Ruby-crowned/Golden-crowned Kinglet	9.78E-5	1.282E-4	1.269E-4	2.204E-4	1.686E-4	2.614E-4	4.288E-4	0.0	1.832E-4	3.75E-4	1.782E-4	9.466E-4	1.539E-4	1.458E-4	0.0	0.0	1.106E-4	0.0	1.242E-4	0.0	0.0	0.0	0.0	0.0	0.0	0.0	0.0	0.0	0.0	0.0	0.0	0.0	0.0	1.758E-4	0.0	6.098E-4	0.0019622	0.0032787	0.0036928	0.003165	0.0020956	6.03E-4	4.397E-4	4.182E-4	6.237E-4	2.198E-4	6.422E-4	2.836E-4	
White-breasted Nuthatch	0.1254522	0.1058567	0.106051	0.1325766	0.1370995	0.1637694	0.1989708	0.1407139	0.1467033	0.1533558	0.1545179	0.1592711	0.1634349	0.1653543	0.1534354	0.1795036	0.1857506	0.1706776	0.1445783	0.0900129	0.0768371	0.0880402	0.1158966	0.1195945	0.1194843	0.1013339	0.1006473	0.1123579	0.1100488	0.1229819	0.1327106	0.1527829	0.1526276	0.1896976	0.2188762	0.1920732	0.2067428	0.1995082	0.2099335	0.1790848	0.1813679	0.1668342	0.1646516	0.1533529	0.1536383	0.1712088	0.1714561	0.1813026	
Brown-headed Nuthatch	0.0	0.0	0.0	0.0	0.0	0.0	0.0	0.0	0.0	0.0	0.0	1.183E-4	0.0	0.0	0.0	0.0	0.0	0.0	0.0	0.0	0.0	0.0	0.0	0.0	0.0	0.0	0.0	0.0	0.0	0.0	0.0	0.0	0.0	0.0	0.0	0.0	0.0	0.0	0.0	0.0	0.0	0.0	0.0	0.0	0.0	0.0	0.0	0.0	
Red-breasted Nuthatch	0.0325609	0.027938	0.026259	0.0287635	0.0284992	0.0375114	0.0432247	0.0287981	0.0304029	0.0281215	0.0283372	0.0405869	0.0333949	0.0368912	0.0278207	0.0334831	0.0296493	0.0156217	0.0078251	0.0018919	7.987E-4	0.0014345	0.0019577	0.0017424	0.0016343	9.954E-4	4.176E-4	0.0010335	7.805E-4	0.0019932	0.0116754	0.0296024	0.0356436	0.0539733	0.0675725	0.0911585	0.0904388	0.1065574	0.096935	0.0882237	0.076967	0.0675377	0.0701253	0.055207	0.0503119	0.0523077	0.0534596	0.0389451	
nuthatch sp.	0.0	0.0	0.0	0.0	0.0	0.0	0.0	0.0	0.0	0.0	0.0	0.0	0.0	0.0	1.405E-4	0.0	0.0	0.0	0.0	0.0	0.0	0.0	0.0	0.0	0.0	0.0	0.0	0.0	0.0	0.0	0.0	2.446E-4	0.0	0.0	0.0	0.0	0.0	0.0	0.0	1.319E-4	0.0	0.0	0.0	0.0	0.0	0.0	0.0015	0.0	
Brown Creeper	0.0217072	0.019736	0.0195357	0.0253471	0.0202361	0.0205202	0.0222985	0.0224177	0.0236264	0.0223097	0.0261985	0.038102	0.0527855	0.0453485	0.0219193	0.0050278	0.0018807	0.0015833	0.0018631	7.966E-4	4.792E-4	5.379E-4	3.915E-4	0.0012672	7.263E-4	3.982E-4	4.176E-4	1.476E-4	9.756E-4	5.98E-4	0.0015	3.67E-4	9.139E-4	0.0017581	0.0036724	0.0198171	0.0383518	0.0604918	0.0520679	0.0514308	0.0392456	0.0285427	0.0331941	0.0239788	0.0288981	0.0386813	0.0372451	0.0305322	
Blue-gray Gnatcatcher	1.956E-4	0.0	0.0	0.0	0.0	0.0	0.0	0.0	0.0	0.0	0.0	8.283E-4	0.0160049	0.0580344	0.1034144	0.1377835	0.1609691	0.1341566	0.1063222	0.0604401	0.05	0.0450063	0.0366092	0.0319975	0.0265117	0.0201075	0.0137816	0.0178651	0.0199024	0.0227227	0.0274372	0.0299694	0.0185834	0.0167018	0.0110173	0.0036585	0.0032108	0.002459	5.539E-4	0.0015	0.0	2.01E-4	8.793E-4	4.182E-4	2.079E-4	4.396E-4	0.0	2.836E-4	
Northern House Wren	1.956E-4	5.126E-4	0.0	0.0	0.0	0.0	0.0	0.0	0.0	0.0	0.0	0.0	6.156E-4	0.0032079	0.0302094	0.1387463	0.2439429	0.2701077	0.2598435	0.2137807	0.2027157	0.1988524	0.1877447	0.1859655	0.1955693	0.1614573	0.140948	0.1275653	0.1133659	0.0867052	0.0881494	0.0868502	0.0747906	0.0998594	0.1184355	0.1041159	0.090974	0.062623	0.034712	0.0116049	0.0051438	0.0032161	0.0032974	0.0026488	0.0010395	2.198E-4	0.002087	0.001796	
Winter Wren	0.0192627	0.0190952	0.0138272	0.0232533	0.0143339	0.0168605	0.0144082	0.0134506	0.0117216	0.0131234	0.0119408	0.0149095	0.0150816	0.0123943	0.007728	0.0038511	0.0013276	5.278E-4	1.242E-4	0.0	0.0015	0.0	0.0	0.0	0.0	0.0	0.0	0.0	0.0	0.0	1.946E-4	0.0	1.523E-4	8.79E-4	0.0027543	0.0047256	0.0123082	0.0272131	0.0365583	0.0331004	0.0430558	0.0293467	0.0391295	0.0320647	0.0334719	0.0389011	0.0536202	0.0360147	
Sedge Wren	1.956E-4	2.563E-4	0.0	0.0	0.0025295	1.307E-4	0.0	0.0	0.0	0.0	0.0	0.0	0.0	0.0	0.0	0.0	0.0	0.0	0.0	0.0	0.0	0.0	0.0	0.0	0.0	0.0	4.176E-4	4.429E-4	0.0017561	9.966E-4	9.73E-4	0.0	3.046E-4	0.0	1.836E-4	0.0	0.0015	1.639E-4	0.0024003	0.0015	0.0	0.0	0.0	0.0	0.0	0.0	0.0015	2.836E-4	
Marsh Wren	0.0018578	8.971E-4	8.88E-4	0.0014327	0.0010118	0.0011763	7.719E-4	0.0013795	0.0012821	0.0018748	0.0010693	0.0023666	0.0041551	0.0065617	0.007728	0.0080231	0.0107313	0.0118218	0.0193765	0.0183212	0.0217252	0.0213376	0.0178152	0.0145731	0.0157981	0.0147322	0.0131551	0.0135833	0.009561	0.0087702	0.0062269	0.0040367	0.0060929	0.0093179	0.0082629	0.0114329	0.0133785	0.0134426	0.0108936	0.0079124	0.0062869	0.0056281	0.0032974	0.0039035	0.0045738	0.0046154	0.0099534	0.0059552	
Carolina Wren	0.1885206	0.1732667	0.1613599	0.2112629	0.206914	0.2306888	0.2270154	0.2277979	0.225641	0.2480315	0.2382819	0.2374867	0.2662358	0.3089822	0.3262611	0.3521609	0.3707269	0.3443107	0.3189666	0.2559992	0.2456869	0.267348	0.2552858	0.252178	0.2478664	0.2297432	0.2317812	0.2446479	0.2593171	0.2601156	0.2805993	0.3108257	0.2898705	0.3466948	0.3560411	0.3504573	0.3392793	0.3239344	0.3218242	0.3044969	0.3061536	0.2753769	0.2721477	0.2508016	0.2596674	0.2749451	0.3006903	0.2923717	
wren sp.	0.0	0.0	0.0	0.0	0.0	1.307E-4	0.0	0.0	0.0	0.0	0.0	0.0	0.0	0.0	1.405E-4	1.07E-4	3.319E-4	4.222E-4	1.242E-4	0.0	0.0	0.0	0.0	1.584E-4	0.0	1.991E-4	0.0	0.0	5.854E-4	3.986E-4	0.0	1.223E-4	1.523E-4	5.274E-4	3.672E-4	3.049E-4	1.784E-4	0.0	1.846E-4	0.0	0.0	0.0015	2.198E-4	0.0	0.0015	0.0	0.0	0.0	
European Starling	0.1721913	0.1646803	0.147279	0.1719198	0.1887015	0.2070318	0.219211	0.2038282	0.2098901	0.2124109	0.2265193	0.2202106	0.226839	0.2658209	0.2895883	0.2581301	0.2691669	0.2774963	0.2695317	0.2420591	0.2744409	0.2716514	0.2523493	0.2252495	0.2011985	0.1941071	0.194195	0.1990255	0.1785366	0.1911501	0.2039307	0.2154128	0.2178218	0.2072785	0.2062064	0.2230183	0.224224	0.2122951	0.2245199	0.2464724	0.2465231	0.2424121	0.2088371	0.1962916	0.1981289	0.1997802	0.2237919	0.1983174	
Crested Myna	0.0	0.0	0.0	0.0	1.686E-4	0.0	0.0	0.0	0.0	0.0	0.0	0.0	0.0	0.0	0.0	0.0	0.0	0.0	0.0	0.0	0.0	0.0	0.0	0.0	0.0	0.0	0.0	0.0	0.0	0.0	0.0	0.0	0.0	0.0	0.0	0.0	0.0	0.0	0.0	0.0	0.0	0.0	0.0	0.0	0.0	0.0	0.0	0.0	
Gray Catbird	0.0279652	0.0206331	0.017506	0.0246859	0.0273187	0.0206509	0.017753	0.0236248	0.0181319	0.0166854	0.0142577	0.0121879	0.0124654	0.0177894	0.0207953	0.1386393	0.4814692	0.5792696	0.5842752	0.5055262	0.4621406	0.488614	0.4798356	0.479962	0.4697658	0.411308	0.3892253	0.4144397	0.4068293	0.4143911	0.4094182	0.4187156	0.3923839	0.4646624	0.4933896	0.4745427	0.4034963	0.3237705	0.2117799	0.1072135	0.0706801	0.0452261	0.044845	0.0375017	0.0438669	0.0454945	0.0735271	0.0487759	
Brown Thrasher	0.004009	0.0044855	0.0024102	0.0034164	0.0023609	0.0041825	0.003259	0.0041386	0.0020147	0.0037495	0.0040991	0.0042599	0.0095414	0.0193934	0.032317	0.0454643	0.0604049	0.0579481	0.0517948	0.0531714	0.0517572	0.0464407	0.0491386	0.0500554	0.033412	0.0318535	0.0248486	0.0209656	0.0156098	0.0177397	0.0145943	0.0200612	0.0158416	0.035865	0.0459053	0.0472561	0.0481627	0.0352459	0.0217873	0.0170117	0.0150505	0.0086432	0.0092328	0.0055765	0.0060291	0.0076923	0.0207096	0.0108706	
Sage Thrasher	0.0	0.0	0.0	0.0	0.0	0.0	0.0	0.0	0.0	0.0	0.0	0.0	0.0	0.0	0.0	0.0	0.0	0.0	0.0	9.96E-5	0.0	0.0	0.0	0.0	0.0	0.0	0.0	0.0	0.0	0.0	0.0	0.0	0.0	0.0	0.0	0.0	0.0	0.0	0.0	0.0011869	0.0	0.0028141	0.0114311	0.0107347	0.0018711	0.0048352	1.605E-4	0.0	
Northern Mockingbird	0.1618265	0.1708317	0.146391	0.1658585	0.1706577	0.1474317	0.1385077	0.1714089	0.1622711	0.1747282	0.1885582	0.2071944	0.2220683	0.2701954	0.2739919	0.2765297	0.2839916	0.2822461	0.285803	0.2902519	0.3127796	0.3024924	0.311668	0.3198163	0.2939895	0.2994227	0.296304	0.280378	0.2380488	0.2258322	0.2156061	0.2155352	0.1850724	0.2007736	0.2100624	0.2577744	0.2893329	0.3234426	0.3415805	0.3270473	0.3063441	0.278593	0.2596175	0.2293322	0.2232848	0.2430769	0.2629636	0.2306456	
Eastern Bluebird	0.0162315	0.0167884	0.0128124	0.0136654	0.0187184	0.0160763	0.0135506	0.0227625	0.0228938	0.0221222	0.0292283	0.0357354	0.0335488	0.0338291	0.0311929	0.0316645	0.0299812	0.0358877	0.0356477	0.035348	0.0337061	0.0283306	0.0260376	0.0261365	0.0205193	0.0145331	0.0114847	0.0109257	0.0076098	0.0105641	0.0087566	0.0081957	0.0080731	0.0075598	0.0104664	0.0152439	0.0130218	0.0177049	0.0190177	0.0275617	0.0478186	0.0486432	0.0433062	0.0277429	0.0243243	0.0281319	0.0218334	0.0262785	
Mountain Bluebird	0.0101692	0.0038447	1.269E-4	0.0	0.0	0.0	0.0	0.0	0.0	0.0	0.0	0.0	0.0	0.0	0.0	0.0	0.0	0.0	0.0	0.0	0.0	0.0	0.0	0.0	1.816E-4	0.0	0.0	0.0	0.0	0.0	0.0	0.0	0.0	0.0	0.0	0.0	0.0	0.0	0.0	0.0015	0.0	0.0	4.397E-4	5.576E-4	0.0	2.198E-4	0.0064216	0.0130447	
bluebird sp.	0.0	0.0	0.0	0.0	0.0	0.0	0.0	0.0	0.0	0.0	0.0	0.0	0.0	0.0	0.0	0.0	0.0	0.0	0.0	0.0	0.0	0.0	0.0	0.0	0.0	0.0	0.0	0.0	0.0	0.0	0.0	0.0	0.0	0.0	0.0	0.0	0.0	0.0	0.0	0.0	0.0	0.0	0.0	0.0	0.0	0.0	0.0	9.45E-5	
Townsend's Solitaire	0.0018578	0.0038447	0.0021565	6.612E-4	0.0010118	0.001307	0.0034305	0.0017244	0.0016484	0.0013123	7.129E-4	4.733E-4	0.0010773	1.458E-4	0.0	0.0	0.0	0.0	0.0	0.0	0.0	0.0	0.0	0.0	0.0	0.0	0.0	0.0	0.0	0.0	0.0	0.0	0.0	0.0	0.0	0.0	0.0	0.0	0.0	0.0014506	0.0	0.0	0.0	1.394E-4	0.0	0.0	3.211E-4	3.781E-4	
Varied Thrush	0.0	0.0015	0.0	0.0	0.0015	0.0015	0.0	0.0	0.0	0.0015	0.0	0.0	0.0	0.0	0.0	0.0	0.0	0.0	0.0	0.0	0.0	0.0	0.0	0.0	0.0	0.0	0.0	0.0	0.0	0.0	0.0	0.0	0.0	0.0	0.0	0.0	0.0	0.0	0.0	0.0	0.0	0.0015	0.0015	0.0015	0.0	0.0	0.0	0.0	
Veery	0.0	0.0	0.0	0.0	0.0	0.0	0.0	0.0	0.0	0.0	0.0	0.0	0.0	0.0	1.405E-4	0.0029953	0.0310875	0.0349377	0.0321699	0.0160311	0.0095847	0.0111171	0.0086139	0.0107714	0.0081714	0.0049771	0.0014617	0.0016241	0.0013659	0.0011959	0.0023351	0.0137003	0.0257426	0.0425457	0.0358061	0.0140244	0.0044595	8.197E-4	5.539E-4	1.319E-4	1.905E-4	0.0	0.0	0.0	0.0	0.0	0.0	0.0	
Gray-cheeked Thrush	0.0	0.0	0.0	0.0	0.0	0.0	0.0	0.0	0.0	0.0	0.0	0.0	0.0	0.0	0.0	1.07E-4	0.0026552	0.0034832	0.002981	0.0018919	1.597E-4	0.0	0.0	0.0	0.0	0.0	0.0	0.0	0.0	0.0	0.0	0.0	4.57E-4	0.0035162	0.0060595	0.0102134	0.0101677	0.0068852	0.0024003	2.637E-4	0.0	0.0	0.0	0.0	0.0	0.0	0.0	0.0	
Bicknell's Thrush	0.0	0.0	0.0	0.0	0.0	0.0	0.0	0.0	0.0	0.0	0.0	0.0	0.0	0.0	0.0	0.0	0.0	0.0	0.0015	0.0	0.0	0.0	0.0	0.0	0.0	0.0	0.0	0.0	0.0	0.0	0.0	0.0	0.0	0.0	0.0	0.0	0.0	0.0	0.0	0.0	0.0	0.0	0.0	0.0	0.0	0.0	0.0	0.0	
Gray-cheeked/Bicknell's Thrush	0.0	0.0	0.0	0.0	0.0	0.0	0.0	0.0	0.0	0.0	0.0	0.0	0.0	0.0	0.0	0.0	0.0	1.056E-4	1.242E-4	0.0015	0.0	0.0	0.0	0.0	0.0	0.0	0.0	0.0	0.0	0.0	0.0	0.0	0.0	0.0	0.0	1.524E-4	0.0	0.0	0.0	0.0	0.0	0.0	0.0	0.0	0.0	0.0	0.0	0.0	
Swainson's Thrush	0.0	0.0	0.0	0.0	0.0	0.0	0.0	0.0	0.0	0.0	0.0	0.0	0.0	0.0	2.81E-4	5.349E-4	0.0080761	0.0169939	0.0339088	0.008364	9.585E-4	0.0	0.0	0.0	0.0	0.0	0.0	0.0	0.0	0.0	1.946E-4	1.223E-4	0.0033511	0.0225035	0.0306647	0.0353659	0.0210489	0.0216393	0.0092319	0.0027694	3.81E-4	0.0015	0.0	2.788E-4	0.0	0.0	0.0	0.0	
Hermit Thrush	0.0165249	0.0165321	0.0128124	0.0206083	0.0173693	0.0159456	0.0138937	0.0203483	0.0177656	0.0163105	0.0124755	0.0171577	0.0343183	0.0539516	0.0550794	0.0365854	0.0296493	0.015305	0.011924	0.0051777	0.0011182	7.172E-4	7.831E-4	0.0026929	0.0019975	5.973E-4	0.0014617	8.859E-4	0.0013659	5.98E-4	3.892E-4	8.563E-4	4.57E-4	7.032E-4	9.181E-4	0.0027439	0.0176597	0.054918	0.098966	0.1392589	0.1061155	0.0639196	0.058914	0.0395929	0.0328482	0.038022	0.0561888	0.0341242	
Catharus sp.	0.0	0.0	1.269E-4	0.0	0.0	0.0	0.0	0.0	0.0	0.0	0.0	1.183E-4	0.0	1.458E-4	0.0015	1.07E-4	7.744E-4	6.333E-4	9.937E-4	9.96E-5	1.597E-4	0.0	0.0	0.0	0.0	0.0	0.0	1.476E-4	0.0	0.0	0.0	2.446E-4	9.139E-4	0.0022855	0.0025707	0.002439	0.0019622	9.836E-4	0.0014771	5.275E-4	7.62E-4	2.01E-4	0.0	1.394E-4	0.0	0.0	0.0	2.836E-4	
Wood Thrush	0.0	2.563E-4	0.0010148	0.0	0.0	0.0	0.0	0.0	0.0	0.0	0.0	0.0	0.0	0.0	0.0	0.0091998	0.0638345	0.0927802	0.0980002	0.0563577	0.0327476	0.0333513	0.0391543	0.0424521	0.0375885	0.0300617	0.0261015	0.0172745	0.0097561	0.006179	0.0087566	0.0084404	0.0063976	0.0130098	0.0086302	0.0088415	0.0026757	0.0018033	0.0011078	2.637E-4	1.905E-4	0.0	0.0	0.0	0.0	0.0	0.0	0.0	
American Robin	0.1461817	0.1457132	0.1377648	0.1718096	0.1730185	0.1513528	0.1595197	0.2043456	0.2199634	0.2765279	0.3674924	0.4390013	0.4921514	0.5428696	0.5550091	0.5681429	0.5823653	0.577053	0.5647746	0.5113014	0.4934505	0.507262	0.4923649	0.4948519	0.4597785	0.4260402	0.404051	0.3819578	0.3393171	0.307953	0.3023935	0.3142508	0.2717441	0.3361463	0.360448	0.3597561	0.371031	0.3880328	0.3947563	0.3775551	0.3772147	0.3322613	0.314135	0.2439704	0.1879418	0.2206593	0.2587895	0.2176954	
thrush sp.	0.0	0.0	0.0	0.0	0.0	0.0	0.0	1.724E-4	0.0	0.0	0.0	0.0	0.0	0.0	8.431E-4	3.209E-4	9.957E-4	0.0017944	0.0016147	4.979E-4	3.195E-4	5.379E-4	3.915E-4	6.336E-4	0.0	1.991E-4	2.088E-4	0.0	0.0	1.993E-4	1.946E-4	0.0012232	0.0016756	0.0031646	0.0034888	0.0025915	5.351E-4	0.0	5.539E-4	2.637E-4	0.0	0.0	2.198E-4	0.0	0.0	0.0	0.0	0.0	
Northern Wheatear	0.0	0.0	0.0	0.0	0.0	0.0	0.0015	0.0	0.0	0.0	0.0	0.0	0.0	0.0	0.0	0.0	0.0	0.0	0.0	0.0	0.0	0.0	0.0	0.0	0.0	0.0	0.0	0.0	0.0	0.0	0.0	0.0	0.0015	0.0	0.001469	3.049E-4	0.003746	0.0021311	0.0015	0.0060662	0.0	0.0	0.0	0.0	0.0	0.0	0.0	0.0	
Bohemian Waxwing	0.0	0.0020505	1.269E-4	0.0	0.0	1.307E-4	0.0	0.0	0.0	0.0	0.0	0.0	0.0	0.0	0.0	0.0	0.0	0.0	0.0	0.0	0.0	0.0	0.0	0.0	0.0	0.0	0.0	0.0	0.0	0.0	0.0	0.0	0.0	0.0	0.0	0.0	0.0	0.0	0.0	0.0	0.0	0.0	0.0	1.394E-4	0.0	0.0	1.605E-4	0.0015	
Cedar Waxwing	0.0094847	0.0085864	0.0090067	0.012343	0.0102867	0.0092798	0.0084048	0.0087946	0.0076923	0.0095613	0.0076635	0.009348	0.008618	0.0072908	0.0050583	0.0079161	0.0144928	0.0462318	0.1314122	0.18371	0.2057508	0.2029765	0.1703211	0.1647394	0.1608861	0.1369699	0.1181875	0.1071903	0.1051707	0.0871038	0.0692742	0.089419	0.0863671	0.112166	0.1197209	0.1181402	0.1132715	0.1122951	0.1111521	0.1044442	0.1118308	0.0850251	0.0604528	0.0381988	0.0195426	0.0173626	0.0256863	0.0181492	
Northern Red Bishop	0.0	0.0	0.0	0.0	0.0	0.0	0.0	0.0	0.0	0.0	0.0	0.0	0.0	0.0	0.0	0.0	0.0	0.0	0.0	0.0	0.0	0.0	0.0	0.0	0.0	0.0	0.0	0.0	0.0	0.0	0.0	0.0	0.0	0.0	0.0015	0.0	0.0	0.0	0.0	0.0	0.0	0.0	0.0	0.0	0.0	0.0	0.0	0.0	
House Sparrow	0.1319057	0.1114956	0.1055436	0.127397	0.1311973	0.2024572	0.2375643	0.149681	0.1520147	0.1644169	0.1728747	0.1727606	0.1726685	0.2111403	0.2283265	0.2134146	0.2238079	0.2326367	0.2235747	0.199542	0.220607	0.2384795	0.2341425	0.2330112	0.2233521	0.2353175	0.236375	0.234608	0.2148293	0.1969304	0.1945904	0.1628135	0.1246002	0.1288678	0.1263313	0.1375	0.1633964	0.1696721	0.1905465	0.1813267	0.1920366	0.1668342	0.1655309	0.1579534	0.1488565	0.1457143	0.1529941	0.1297854	
American Pipit	0.0061602	0.0067923	0.0082456	0.0079348	0.0070826	0.0117632	0.0067753	0.0032764	0.0027473	0.0016873	0.001604	0.0017749	0.0010773	7.291E-4	7.025E-4	2.139E-4	7.744E-4	4.222E-4	8.695E-4	0.0	0.0	0.0	0.0015	3.168E-4	0.0	0.0	0.0	0.0	0.0	0.0	0.0	0.0	0.0012186	0.0014065	0.0042233	0.0120427	0.0198002	0.0240984	0.0308346	0.0518265	0.0485807	0.038995	0.0351726	0.0248153	0.0149688	0.0092308	0.0162145	0.0095472	
Evening Grosbeak	6.845E-4	6.408E-4	2.537E-4	0.0012123	0.0021922	0.0015	0.0	5.173E-4	1.832E-4	1.875E-4	0.0015	0.0	0.0	1.458E-4	0.0015	7.488E-4	0.0018807	8.444E-4	1.242E-4	0.0015	0.0	1.793E-4	0.0015	0.0	0.0	0.0	0.0	0.0	0.0	0.0	1.946E-4	0.0	0.0	0.0	0.0	0.0	0.0015	0.0	0.0015	0.0046156	0.0040008	0.0054271	0.0019785	0.0015335	0.0010395	2.198E-4	6.422E-4	9.453E-4	
Pine Grosbeak	0.0	0.0	0.0	0.0	0.0	0.0	0.0	0.0	0.0	0.0	0.0	0.0	0.0	0.0	0.0	0.0	0.0	0.0	0.0	0.0	0.0	0.0	0.0	0.0	0.0	0.0	0.0	0.0	0.0	0.0	0.0	0.0	0.0	0.0	0.0	0.0	0.0	0.0	0.0	0.0	0.0	0.0015	0.0	0.0	0.0	0.0	0.0	0.0	
House Finch	0.1189987	0.0956043	0.0924775	0.1138417	0.1279933	0.1632466	0.2019726	0.1526125	0.1542125	0.1591676	0.1557655	0.1538279	0.1620499	0.1789151	0.178165	0.1958708	0.1984733	0.1948491	0.1727736	0.1654884	0.1686901	0.1864802	0.1855912	0.1923016	0.2073724	0.186741	0.1850073	0.1963679	0.1800976	0.1779948	0.1628722	0.16	0.1370906	0.1490858	0.1496511	0.1560976	0.1740992	0.1867213	0.2123338	0.197679	0.2234711	0.2156784	0.2253242	0.1823505	0.1779626	0.1694505	0.1960186	0.1748748	
Purple Finch	0.004009	0.0026913	0.0021565	0.0030857	0.0026981	0.0016991	0.003259	0.0020693	0.0032967	0.0018748	0.0033862	0.0017749	0.0041551	0.0051035	0.0127863	0.0114463	0.0106206	0.0028499	0.0014905	6.97E-4	1.597E-4	0.0012552	7.831E-4	7.92E-4	1.816E-4	3.982E-4	0.0	1.476E-4	0.0	0.0	1.946E-4	0.0017125	0.0035034	0.0075598	0.0167095	0.0262195	0.02533	0.0557377	0.066839	0.0846631	0.0777291	0.0536683	0.0457243	0.022027	0.0176715	0.0087912	0.0123615	0.0069005	
House/Purple Finch	0.0012711	0.0015379	0.0011417	7.714E-4	0.0010118	0.0058816	0.0113208	0.0013795	0.0010989	0.0011249	7.129E-4	0.0013016	9.234E-4	7.291E-4	7.025E-4	6.418E-4	0.0018807	0.0025332	0.0016147	0.0018919	0.0014377	0.0014345	0.0013704	0.0019008	7.263E-4	0.0011945	6.264E-4	0.0013288	7.805E-4	0.0023919	0.0017513	0.0011009	6.093E-4	1.758E-4	3.672E-4	3.049E-4	5.351E-4	4.918E-4	7.386E-4	6.594E-4	1.905E-4	8.04E-4	8.793E-4	0.0016729	8.316E-4	0.0	3.211E-4	7.562E-4	
Redpoll	0.0014667	0.001666	0.0041862	0.0041878	0.0092749	0.0020912	0.0015437	0.0032764	0.0027473	0.0014998	0.0014258	7.1E-4	0.0012311	0.0	0.0	0.0	2.213E-4	0.0	0.0	0.0	0.0	0.0	0.0	0.0	0.0	0.0	0.0	0.0	0.0	0.0	0.0	0.0	0.0	0.0	0.0	0.0	0.0	0.0	0.0	3.956E-4	0.0020956	0.001608	0.0028578	0.0025094	0.0027027	0.0013187	0.0024081	0.0018905	
Red Crossbill	0.004889	0.0028194	0.001776	9.918E-4	3.373E-4	0.0011763	0.0012864	0.003104	0.0025641	0.0014998	0.0010693	0.0091113	0.0073869	0.0033537	0.0015456	0.0014976	0.0012169	0.0013722	9.937E-4	5.974E-4	0.0015	3.586E-4	3.915E-4	1.584E-4	5.448E-4	1.991E-4	0.0	2.953E-4	1.951E-4	0.0015	3.892E-4	0.0	0.0	0.0	0.0	0.0	0.0	0.0	0.0	1.319E-4	0.0017146	0.0034171	0.0098923	0.0093406	0.0033264	0.0059341	0.0035319	0.0031194	
White-winged Crossbill	0.0019556	0.0010252	8.88E-4	4.408E-4	0.0010118	1.307E-4	1.715E-4	0.0010347	0.0016484	3.75E-4	1.782E-4	0.0015	0.0	0.0	1.405E-4	0.0	0.0015	0.0015	0.0	0.0	0.0	0.0	0.0	0.0	0.0	0.0	0.0	0.0	0.0	0.0	0.0	0.0	0.0	1.758E-4	0.0	0.0	0.0	0.0	0.0	1.319E-4	0.0017146	0.0034171	0.0065949	0.0052976	6.237E-4	0.0017582	0.0012843	5.672E-4	
crossbill sp.	0.0	0.0	0.0	0.0	0.0	0.0	0.0	0.0	0.0	0.0	0.0	0.0	0.0	0.0	0.0	0.0	0.0	0.0	0.0	0.0	0.0	0.0	0.0	0.0	0.0	0.0	0.0	0.0	0.0	0.0	0.0	0.0	0.0	0.0	0.0	0.0	0.0	0.0	0.0	0.0	0.0	0.0	0.0	1.394E-4	0.0	0.0	0.0	0.0	
European Goldfinch	0.0	0.0	0.0	0.0	0.0	0.0	0.0	0.0	0.0	0.0	0.0	0.0	0.0	0.0	0.0	0.0015	0.0	1.056E-4	0.0	0.0	0.0	0.0	0.0	0.0	0.0	0.0	0.0	0.0	0.0	0.0	0.0	0.0	0.0	0.0	0.0	0.0	0.0	0.0	0.0	0.0	0.0	0.0	0.0	1.394E-4	0.0	0.0	0.0	0.0	
Pine Siskin	0.0033245	0.0044855	0.0043131	0.0070531	0.0074199	0.0043132	0.0054031	0.0056906	0.0038462	0.0033746	0.0040991	0.0088747	0.0084641	0.0065617	0.0063229	0.0054557	0.0067485	0.0027444	8.695E-4	2.987E-4	0.0	0.0	1.958E-4	0.0	0.0	0.0	0.0	0.0	0.0	0.0	0.0	0.0	0.0015	0.0	1.836E-4	0.0025915	0.0103461	0.0421311	0.0465288	0.0615851	0.0666794	0.0464322	0.0314355	0.0160323	0.0087318	0.0072527	0.0051373	0.0052935	
American Goldfinch	0.0876112	0.0762527	0.0706584	0.0851885	0.0897133	0.1154098	0.1245283	0.0810485	0.0822344	0.0909261	0.0935662	0.1114661	0.1545091	0.2159522	0.2613461	0.3195336	0.3366523	0.2966012	0.2567383	0.2062133	0.2071885	0.2261072	0.2304229	0.2431491	0.2705647	0.2761298	0.2935895	0.319061	0.334439	0.3468208	0.3395602	0.3144954	0.2411272	0.2398031	0.207859	0.1853659	0.1571531	0.1757377	0.1824225	0.1785573	0.229377	0.238593	0.252583	0.2013105	0.1640333	0.1802198	0.1549205	0.1347008	
Spinus sp.	0.0	0.0	0.0	0.0	0.0	0.0	0.0	0.0	0.0	0.0	0.0	0.0	0.0	0.0	0.0	0.0	0.0	0.0	0.0	0.0	0.0	0.0	0.0	0.0	0.0	0.0	2.088E-4	0.0	0.0	0.0	0.0	0.0	0.0	0.0	0.0	0.0	0.0	0.0	0.0	0.0014506	0.0	2.01E-4	0.0	0.0	0.0	0.0	0.0	0.0	
Acanthis/Spinus sp.	0.0	0.0	0.0	0.0	0.0	0.0	8.58E-5	0.0	0.0	0.0	0.0	0.0	0.0	0.0	0.0	0.0	0.0	0.0	0.0	0.0	0.0	0.0	0.0	0.0	0.0	0.0	2.088E-4	0.0	0.0	0.0	0.0	0.0	0.0	0.0	0.0	0.0	0.0	0.0	0.0	0.0	0.0	4.02E-4	2.198E-4	1.394E-4	2.079E-4	0.0	0.0	0.0	
finch sp.	1.956E-4	6.408E-4	3.806E-4	3.306E-4	3.373E-4	7.842E-4	0.0017153	0.0015	0.0	1.875E-4	0.0	4.733E-4	1.539E-4	1.458E-4	1.405E-4	2.139E-4	3.319E-4	4.222E-4	1.242E-4	2.987E-4	1.597E-4	3.586E-4	0.0	3.168E-4	3.632E-4	1.991E-4	2.088E-4	0.0	5.854E-4	1.993E-4	1.946E-4	1.223E-4	0.0	1.758E-4	0.0	4.573E-4	7.135E-4	6.557E-4	7.386E-4	9.231E-4	7.62E-4	0.0024121	0.0010991	8.365E-4	8.316E-4	6.593E-4	0.0014449	3.781E-4	
Lapland Longspur	0.0066491	0.0020505	3.806E-4	7.714E-4	0.0013491	0.0052281	0.0012007	8.622E-4	3.663E-4	0.0015	3.564E-4	0.0	0.0	0.0	0.0	0.0015	0.0015	0.0	0.0	0.0	0.0	0.0	0.0	0.0	0.0	0.0	0.0	0.0	0.0	0.0	0.0	0.0	0.0	0.0	0.0	1.524E-4	1.784E-4	0.0022951	0.0011078	0.0023737	0.0017146	0.0040201	0.0035173	0.0043218	0.0029106	0.0061538	0.0022476	0.0032139	
Chestnut-collared Longspur	0.0	0.0	0.0	0.0	0.0	1.307E-4	0.0	0.0	0.0	0.0	0.0	0.0	0.0	0.0	0.0015	0.0	0.0	0.0	0.0	0.0	0.0	0.0	0.0	0.0	0.0	0.0	0.0	0.0	0.0	0.0	0.0	0.0	0.0	0.0	0.0	0.0	0.0	0.0	0.0	0.0	0.0	0.0	0.0	0.0	0.0	0.0	0.0	0.0	
Smith's Longspur	0.0	0.0	0.0	0.0	0.0	0.0022219	0.0	0.0	0.0	0.0	0.0	0.0	0.0	0.0	0.0	0.0	0.0	0.0024277	0.0	0.0	0.0	0.0	0.0	0.0	0.0	0.0	0.0	0.0	0.0	0.0	0.0	0.0	0.0	0.0	0.0	1.524E-4	0.0	0.0	0.0	0.0	1.905E-4	0.0	0.0	0.0	0.0	0.0	0.0	0.0	
Snow Bunting	0.0259118	0.0310137	0.028923	0.0236941	0.0241147	0.0269246	0.0156947	0.0184515	0.0120879	0.0089989	0.0044555	0.0011833	3.078E-4	4.374E-4	0.0	0.0	0.0	0.0	0.0	0.0	0.0	0.0	0.0	0.0	0.0	0.0	0.0	0.0	0.0	0.0	0.0	0.0	0.0	0.0	0.0	0.0	0.0	3.279E-4	0.0011078	0.0088356	0.0310535	0.038995	0.0455045	0.0493517	0.039501	0.0435165	0.0404559	0.034975	
Cassin's Sparrow	0.0	0.0	0.0	0.0	0.0	0.0	0.0	0.0	0.0	0.0	0.0	0.0	0.0	0.0	0.0	0.0	0.0	0.0	0.0	0.0	0.0	0.0	0.0	0.0	0.0	0.0	0.0	0.0	0.0	0.0	0.0	0.0	0.0	0.0	0.0	0.0	0.0	0.0	0.0	0.0	0.0	0.0	0.0	0.0	0.0068607	0.0134066	0.0038529	0.0020796	
Grasshopper Sparrow	1.956E-4	0.0	0.0	3.306E-4	5.059E-4	0.0	8.58E-5	0.0	0.0	0.0	0.0	0.0	0.0	0.0	1.405E-4	0.0011767	0.0118376	0.0118218	0.0188796	0.0261874	0.0263578	0.0195446	0.018794	0.0247109	0.0143454	0.014135	0.0085613	0.0084158	0.0054634	0.0035878	5.838E-4	0.0012232	0.0012186	7.032E-4	3.672E-4	3.049E-4	3.568E-4	8.197E-4	9.232E-4	0.001055	1.905E-4	4.02E-4	2.198E-4	1.394E-4	0.0066528	0.0098901	1.605E-4	8.507E-4	
Chipping Sparrow	0.0025423	0.004101	0.0030445	0.0035266	0.0053963	0.003529	0.0021441	0.003104	0.0016484	0.0013123	0.0028515	0.009703	0.0486303	0.1328376	0.2123086	0.2621951	0.2765793	0.2518472	0.2505279	0.2084039	0.214377	0.1918594	0.1846124	0.1962617	0.1748683	0.1532948	0.1181875	0.111472	0.0878049	0.0755432	0.0611014	0.0491743	0.0411272	0.0501055	0.0484759	0.0632622	0.0861577	0.1113115	0.1083826	0.0978505	0.053153	0.0279397	0.0129699	0.0125471	0.0064449	0.0085714	0.0109167	0.0051045	
Clay-colored Sparrow	8.8E-4	0.0012816	8.88E-4	0.0020939	0.0033727	6.535E-4	2.573E-4	3.449E-4	7.326E-4	3.75E-4	8.911E-4	4.733E-4	1.539E-4	2.916E-4	1.405E-4	1.07E-4	2.213E-4	5.278E-4	3.726E-4	0.0	0.0	0.0	0.0	0.0	0.0	0.0	0.0	0.0	0.0	0.0	1.946E-4	6.116E-4	0.0038081	0.0026371	0.0056923	0.0064024	0.0082055	0.0122951	0.0055391	0.0059343	0.0036197	0.0040201	0.0032974	0.0013941	0.0031185	0.0037363	0.0022476	8.507E-4	
Field Sparrow	0.0193605	0.015635	0.0121781	0.0155389	0.0187184	0.0165991	0.0142367	0.0118986	0.0128205	0.0127484	0.0215648	0.0241392	0.0313943	0.0380577	0.0470704	0.0453573	0.0418188	0.0408486	0.0381319	0.0493876	0.0519169	0.0407029	0.041112	0.0453033	0.0363174	0.0304599	0.0190019	0.0245091	0.0197073	0.0139526	0.0112862	0.0099083	0.009444	0.0110759	0.0093647	0.0097561	0.0221192	0.05	0.0769941	0.0745088	0.0468661	0.0323618	0.0296769	0.0211906	0.0195426	0.0246154	0.03275	0.0283581	
Spizella sp.	0.0	0.0	0.0	1.102E-4	0.0	1.307E-4	0.0	0.0	0.0	0.0	0.0	0.0	1.539E-4	0.0	0.0	0.0015	0.0	0.0	1.242E-4	0.0	0.0	3.586E-4	0.0	0.0	0.0	0.0	0.0	1.476E-4	0.0	0.0	3.892E-4	0.0	0.0	1.758E-4	1.836E-4	4.573E-4	5.351E-4	3.279E-4	7.386E-4	2.637E-4	1.905E-4	0.0	0.0015	4.182E-4	6.237E-4	0.0	1.605E-4	9.45E-5	
Lark Sparrow	0.0019556	0.0012816	5.074E-4	0.0029755	0.0045531	0.002614	9.434E-4	5.173E-4	9.158E-4	0.0015	1.782E-4	1.183E-4	0.0	0.0	0.0	0.0	0.0015	1.056E-4	1.242E-4	0.0	0.0	0.0	0.0	0.0	0.0	0.0	6.264E-4	0.0017717	1.951E-4	0.0045844	0.0025297	0.0052599	0.0073115	0.003692	0.0027543	0.0030488	0.0017838	0.0016393	3.693E-4	0.001055	0.0068584	6.03E-4	6.595E-4	2.788E-4	0.0	0.0013187	3.211E-4	7.562E-4	
Lark Bunting	0.0	0.0015	0.0	0.0	0.0	0.0	0.0	0.0	0.0	0.0	0.0	0.0	0.0	0.0	0.0	0.0	0.0	0.0020055	0.0052167	0.0	0.0	0.0	0.0	0.0	0.0	0.0	0.0	0.0	0.0	0.0	0.0	0.0	1.523E-4	0.0015	7.345E-4	0.0030488	0.0	0.0	0.0	0.0	0.0	0.0	0.0	0.0	0.0	0.0	0.0	0.0	
American Tree Sparrow	0.0261074	0.0233244	0.0266396	0.0255676	0.0350759	0.0304535	0.0305317	0.0200034	0.020696	0.0159355	0.0106933	0.009348	0.0053863	0.0033537	0.0025292	0.0010697	3.319E-4	3.167E-4	0.0	0.0	0.0	0.0	0.0	0.0	0.0	0.0	0.0	0.0	0.0	0.0	0.0	0.0	0.0	0.0	0.0	0.0	0.0	1.639E-4	5.539E-4	0.0015825	0.0041913	0.0084422	0.0136294	0.019657	0.0278586	0.036044	0.0410981	0.0352585	
Spizella sp./American Tree Sparrow	0.0	0.0	1.269E-4	0.0	0.0	2.614E-4	0.0	0.0	0.0	0.0	0.0	0.0	0.0	0.0	0.0	0.0	0.0	0.0	0.0	0.0	0.0	0.0	0.0	0.0	0.0	0.0	0.0	0.0	0.0	0.0	0.0	0.0	0.0	0.0	0.0	0.0	0.0	0.0	0.0	0.0	0.0	0.0	0.0	0.0	0.0	2.198E-4	0.0	0.0	
Fox Sparrow	0.0261074	0.0289632	0.021058	0.0341635	0.0404722	0.0362044	0.0314751	0.0279359	0.0315018	0.0290589	0.0260203	0.0210626	0.0118498	0.0030621	9.836E-4	2.139E-4	0.0015	1.056E-4	0.0	9.96E-5	0.0	0.0	0.0	0.0	0.0	0.0	0.0	0.0	0.0	0.0	0.0	0.0	0.0	0.0	0.0	0.0	0.0	4.918E-4	0.0022157	0.0040881	0.0118118	0.0188945	0.0496812	0.04977	0.0455301	0.050989	0.0751324	0.0522734	
Dark-eyed Junco	0.1412927	0.1285403	0.1252061	0.1426052	0.1544688	0.2322572	0.2712693	0.1488188	0.1604396	0.1567304	0.1561219	0.1738256	0.1711296	0.1290464	0.0762962	0.0209671	0.0076336	0.0016888	1.242E-4	0.0015	1.597E-4	0.0	0.0	0.0015	0.0	0.0	0.0	1.476E-4	0.0	0.0	0.0	0.0	0.0	0.0014065	0.003856	0.0158537	0.0567249	0.1244262	0.1848227	0.2501648	0.2682416	0.2542714	0.2563201	0.209954	0.1939709	0.2079121	0.2046878	0.1859344	
White-crowned Sparrow	0.0089958	0.0079457	0.0093873	0.0084858	0.0116358	0.0147693	0.0055746	0.0082773	0.0071429	0.0054368	0.0026733	0.0024849	0.0021545	0.0032079	0.0066039	0.0064185	0.0206881	0.0134051	0.0052167	9.96E-5	0.0015	3.586E-4	0.0	0.0	0.0	0.0	0.0	0.0	0.0	0.0	0.0	0.0	0.0	0.0	0.0015	0.0042683	0.030503	0.0680328	0.0742245	0.0747725	0.0318156	0.0132663	0.0096725	0.0115712	0.0068607	0.0063736	0.0102745	0.0082238	
Golden-crowned Sparrow	0.0	0.0	0.0	0.0	0.0	0.0	0.0	0.0	0.0	0.0	0.0	0.0	0.0	0.0	0.0	0.0	0.0	0.0	0.0	0.0	0.0	0.0	0.0	0.0	0.0	0.0	0.0	0.0	0.0	0.0	0.0	0.0	0.0	0.0	0.0	0.0	0.0	0.0	0.0	0.0	0.0	0.0	0.0180259	0.0040429	0.0	0.0	0.0	0.0	
Harris's Sparrow	0.0	0.0	0.0	0.0015	0.0	0.0	0.0	0.0	0.0015	1.875E-4	0.0015	0.0015	0.0	1.458E-4	0.0015	1.07E-4	0.0015	0.0	0.0	0.0	0.0	0.0	0.0	0.0	0.0	0.0	0.0	0.0	0.0	0.0	0.0	0.0	0.0	0.0	0.0	0.0	0.0	0.0	0.0	0.0076487	0.0	0.0	0.0	0.0	0.0	0.0	0.0	0.0	
White-throated Sparrow	0.2635181	0.2486223	0.2341748	0.2776063	0.2881956	0.3110704	0.3181818	0.2684946	0.2767399	0.2795276	0.2557476	0.2547627	0.2765466	0.3368329	0.374315	0.3848952	0.321717	0.1559004	0.0367656	0.0068705	0.001278	1.793E-4	3.915E-4	0.0	1.816E-4	0.0	0.0	1.476E-4	0.0	0.0	0.0	1.223E-4	7.616E-4	0.0019339	0.0201983	0.0948171	0.2149483	0.327541	0.3986337	0.4086773	0.4216041	0.3975879	0.4091009	0.351178	0.3326403	0.369011	0.3913951	0.3659136	
Vesper Sparrow	0.0010756	0.0044855	0.002664	0.0023143	0.0052277	0.0040518	0.0024871	0.0013795	7.326E-4	0.0011249	0.0026733	0.001065	0.0015389	0.001604	0.0018266	8.558E-4	0.0012169	7.389E-4	9.937E-4	0.001394	0.0027157	0.0019724	0.0019577	0.0033265	0.0023606	0.0011945	4.176E-4	0.0010335	3.902E-4	3.986E-4	3.892E-4	1.223E-4	1.523E-4	7.032E-4	1.836E-4	4.573E-4	0.0019622	0.0072131	0.0123708	0.0147699	0.0097161	0.0042211	0.0026379	0.0015335	0.0012474	0.0015385	8.027E-4	7.562E-4	
LeConte's Sparrow	0.0	0.0012816	0.0	0.0	0.0	0.0	0.0	0.0	0.0	0.0	0.0	0.0	0.0	0.0	0.0	0.0	0.0	0.0	0.0	0.0	0.0	0.0	0.0	0.0	0.0	0.0	0.0	0.0	0.0	0.0	0.0	0.0	0.0	0.0	0.0	0.0	0.0	1.639E-4	0.0	0.0	0.0	0.0	0.0	0.0	0.0	0.0	0.0	0.0	
Seaside Sparrow	5.867E-4	5.126E-4	0.0	3.306E-4	0.0011804	9.149E-4	8.58E-5	3.449E-4	1.832E-4	0.0	0.0	3.55E-4	0.0	0.0011665	0.0044963	0.0112323	0.0149353	0.015305	0.024469	0.0363437	0.0407348	0.039627	0.0395458	0.039284	0.044852	0.0443958	0.045521	0.0401595	0.0300488	0.0229221	0.0235454	0.0117431	0.0068545	0.0063291	0.0047741	0.0068598	0.0085623	0.0068852	0.0059084	0.0025056	0.0017146	2.01E-4	4.397E-4	4.182E-4	0.0	2.198E-4	8.027E-4	4.726E-4	
Nelson's Sparrow	4.889E-4	0.0	0.0	4.408E-4	3.373E-4	0.0	0.0	0.0	0.0	0.0	0.0	0.0	0.0	0.0	0.0	0.0	1.106E-4	1.056E-4	0.0	7.966E-4	1.597E-4	1.793E-4	0.0015	0.0	0.0	0.0	0.0	1.476E-4	0.0	0.0	0.0	0.0	0.0	0.0	1.836E-4	0.0027439	0.0094542	0.0136066	0.0125554	0.0100224	0.0028577	0.001206	4.397E-4	1.394E-4	6.237E-4	4.396E-4	3.211E-4	0.0	
Saltmarsh Sparrow	2.933E-4	1.282E-4	3.806E-4	7.714E-4	5.059E-4	6.535E-4	8.58E-5	1.724E-4	0.0	0.0	1.782E-4	2.367E-4	0.0	0.0	5.62E-4	0.0022465	0.0070804	0.0112941	0.0281953	0.03953	0.0472843	0.0414201	0.0424824	0.0375416	0.0493917	0.0384233	0.0538735	0.0538904	0.0456585	0.0460435	0.0369722	0.0217737	0.0137091	0.0103727	0.0082629	0.0102134	0.0189083	0.0172131	0.0142171	0.0063299	0.0028577	6.03E-4	6.595E-4	0.0015	2.079E-4	2.198E-4	4.816E-4	2.836E-4	
Nelson's x Saltmarsh Sparrow (hybrid)	0.0	0.0	0.0	0.0	0.0	0.0	0.0	0.0	0.0	0.0	0.0	0.0	0.0	0.0	0.0	0.0	0.0	0.0	0.0	0.0	0.0	0.0	0.0	0.0	0.0	0.0	0.0	0.0	0.0	0.0	0.0	0.0	0.0	0.0	0.0	0.0	3.568E-4	0.0	0.0	0.0	0.0	0.0	0.0	0.0	0.0	0.0	0.0	0.0	
Nelson's/Saltmarsh Sparrow (Sharp-tailed Sparrow)	3.911E-4	1.282E-4	0.0	0.0	0.0	0.0	0.0	0.0	0.0	0.0	0.0	0.0	0.0	0.0	0.0	0.0	1.106E-4	0.0	0.0	0.0015	0.0	0.0	0.0	0.0	0.0	0.0	2.088E-4	1.476E-4	5.854E-4	0.0	3.892E-4	0.0015	0.0	1.758E-4	1.836E-4	0.0015	0.0024973	0.0018033	0.0018464	5.275E-4	7.62E-4	2.01E-4	4.397E-4	0.0	0.0	0.0	0.0	1.891E-4	
Ammospiza sp.	0.0	0.0	0.0	0.0	0.0	0.0	0.0	0.0015	0.0	0.0	0.0	0.0	0.0	0.0	0.0	1.07E-4	3.319E-4	4.222E-4	8.695E-4	0.0012944	0.0011182	0.0014345	3.915E-4	0.0014256	0.0018159	0.0011945	0.0012529	0.0019194	0.0017561	0.0027905	0.0023351	8.563E-4	0.0010663	0.0010549	9.181E-4	0.0019817	0.0030325	0.0039344	0.0014771	0.0017144	5.715E-4	2.01E-4	0.0	0.0	0.0	2.198E-4	0.0	9.45E-5	
Savannah Sparrow	0.0229784	0.0242215	0.0214385	0.0254574	0.0273187	0.0328062	0.0185249	0.0158648	0.0179487	0.0144357	0.0139013	0.0146728	0.0150816	0.0300379	0.040607	0.0395807	0.0427038	0.0341989	0.0151534	0.0074679	0.0038339	0.0043034	0.0070478	0.0088706	0.0067187	0.0055744	0.0048027	0.0041341	0.0037073	0.0029898	0.0052539	0.0046483	0.009444	0.0212729	0.0449871	0.0949695	0.1409204	0.1639344	0.1750369	0.141237	0.0998285	0.0641206	0.0499011	0.0345741	0.0345114	0.0331868	0.0425429	0.029965	
Henslow's Sparrow	0.0	0.0015	0.0	0.0	0.0	0.0	0.0	0.0	0.0	0.0	0.0	0.0	0.0	0.0	0.0	0.0	0.0	0.0	0.0	0.0	0.0	0.0	0.0	0.0	0.0	0.0	0.0	0.0	0.0	0.0	0.0	0.0	0.0	0.0	0.0	0.0	0.0	0.0	0.0015	0.0	0.0	0.0	0.0	0.0	0.0	0.0	0.0	0.0015	
Song Sparrow	0.3037059	0.2923235	0.2729925	0.3190434	0.3306914	0.3738073	0.3619211	0.3700638	0.3750916	0.4176978	0.4255926	0.4206603	0.4236688	0.4571304	0.4570746	0.4826701	0.4719549	0.4603124	0.4555956	0.4341332	0.4595847	0.4882553	0.4788567	0.4891494	0.4957327	0.4783994	0.4685738	0.4745312	0.4136585	0.3599761	0.3189336	0.2676453	0.2176695	0.2362869	0.2636798	0.31875	0.3833393	0.4437705	0.4841211	0.4568113	0.4446561	0.398995	0.3783249	0.3591245	0.3557173	0.3872527	0.4302456	0.3943662	
Lincoln's Sparrow	9.78E-5	3.845E-4	0.0	8.816E-4	0.0	2.614E-4	8.58E-5	1.724E-4	0.0	0.0	0.0	0.0	0.0	0.0	0.0	0.0	0.0018807	0.0045387	0.0055894	6.97E-4	0.0	0.0	0.0	0.0	0.0	0.0	0.0	0.0	0.0	0.0	0.0	2.446E-4	4.57E-4	0.0017581	0.0148733	0.0221037	0.0276489	0.0334426	0.0271418	0.0180667	0.0030482	0.001407	6.595E-4	4.182E-4	2.079E-4	2.198E-4	3.211E-4	2.836E-4	
Swamp Sparrow	0.0261074	0.0240933	0.0206774	0.0284329	0.0247892	0.0176448	0.0108062	0.0156924	0.0115385	0.0089989	0.0126537	0.0175127	0.0277008	0.0403908	0.0404665	0.0451433	0.0519969	0.0422208	0.0187554	0.008364	0.0070288	0.0102205	0.0101801	0.0120387	0.0123479	0.0101533	0.0083525	0.0079728	0.0060488	0.0017939	0.0025297	4.893E-4	0.0013709	0.0015823	0.0082629	0.0579268	0.15198	0.2042623	0.2176883	0.1786892	0.1211659	0.081206	0.0630908	0.0508853	0.0397089	0.0562637	0.0741692	0.057945	
Lincoln's/Swamp Sparrow	0.0	0.0	0.0	0.0	0.0	0.0	0.0	0.0	0.0	0.0	0.0	0.0	0.0	0.0	0.0	0.0	0.0	0.0	0.0015	0.0	0.0	0.0	0.0	0.0	0.0	0.0	0.0	0.0	0.0	0.0	0.0	0.0	0.0	0.0	0.0	4.573E-4	0.0	4.918E-4	5.539E-4	0.0	1.905E-4	0.0	0.0	0.0	0.0	0.0	0.0	0.0	
Green-tailed Towhee	0.0	0.0	0.0	1.102E-4	0.0	0.0	0.0	0.0	0.0	0.0	0.0	0.0	0.0	0.0	0.0015	0.0	0.0	0.0	0.0	0.0	0.0	0.0	0.0	0.0	0.0	0.0	0.0	0.0	0.0	0.0	0.0	0.0	0.0	0.0	0.0	0.0	0.0	0.0	0.0	0.0	0.0	0.0	0.0	0.0	0.0	0.0015	0.0015	0.0	
Eastern Towhee	0.0210228	0.0178137	0.0144615	0.0217104	0.0227656	0.0206509	0.0223842	0.0258665	0.0263736	0.0292463	0.0278025	0.0336055	0.0426285	0.0753864	0.154981	0.245721	0.2766899	0.26578	0.2608372	0.2294135	0.2001597	0.19688	0.1855912	0.1854903	0.1685128	0.1612582	0.1534767	0.1473498	0.1317073	0.1166035	0.1056626	0.120367	0.1111957	0.144339	0.1742563	0.1824695	0.1792722	0.1739344	0.1274003	0.0640907	0.045723	0.0333668	0.0391295	0.0255123	0.0264033	0.0305495	0.0512121	0.0416864	
Spotted x Eastern Towhee (hybrid)	0.0	0.0	0.0	0.0	0.0	0.0	0.0	0.0	0.0	0.0	0.0	0.0	0.0	0.0	0.0	1.07E-4	0.0	0.0	0.0	0.0	0.0	0.0	0.0	0.0	0.0	0.0	0.0	0.0	0.0	0.0	0.0	0.0	0.0	0.0	0.0	0.0	0.0	0.0	0.0	0.0	0.0	0.0	0.0	0.0	0.0	0.0	0.0	0.0	
new world sparrow sp.	0.0033245	0.0038447	0.0059622	0.0052898	0.005059	0.0177755	0.0243568	0.004656	0.0065934	0.0050619	0.0037426	0.0034315	0.0026162	0.0029163	0.0025292	0.0029953	0.0028764	0.0022166	0.0019873	0.0021906	0.0035144	0.0028689	0.0050901	0.0042769	0.0043581	0.0045789	0.0056379	0.0042817	0.0074146	0.0065776	0.0066161	0.0051376	0.0044174	0.004571	0.0071612	0.010061	0.0082055	0.0118033	0.0136632	0.0100224	0.0114307	0.0088442	0.0061552	0.0076676	0.0056133	0.0052747	0.0049767	0.0052935	
Yellow-breasted Chat	0.0010756	6.408E-4	5.074E-4	0.0017633	1.686E-4	0.0	1.715E-4	0.0	0.0	0.0	0.0	1.183E-4	0.0	1.458E-4	0.0	3.209E-4	0.0015	3.167E-4	4.968E-4	1.991E-4	1.597E-4	0.0010758	1.958E-4	1.584E-4	0.0	3.982E-4	4.176E-4	0.0015	0.0015	0.0	1.946E-4	0.0014679	0.0012186	0.0029887	0.0025707	0.0035061	0.0019622	0.0031148	0.0022157	6.594E-4	9.526E-4	2.01E-4	4.397E-4	6.971E-4	6.237E-4	0.0013187	0.0032108	0.0027413	
Yellow-headed Blackbird	3.911E-4	1.282E-4	1.269E-4	0.0	0.0013491	5.228E-4	0.0015	0.0	0.0	0.0015	0.0	0.0	0.0	0.0	0.0	0.0	0.0	0.0015	0.0	9.96E-5	0.0015	0.0	1.958E-4	1.584E-4	0.0	0.0	0.0	0.0	0.0	0.0	0.0	1.223E-4	0.0	1.758E-4	0.0011017	0.0015	0.0012487	0.0	0.0018464	5.275E-4	0.0	0.0015	0.0	0.0	0.0	0.0035165	3.211E-4	0.0	
Bobolink	0.0	0.0	0.0	0.0	0.0	0.0	0.0	0.0	0.0	0.0	0.0	0.0	0.0	0.0	0.0	0.0	0.0050891	0.008022	0.0073283	0.0026884	3.195E-4	5.379E-4	1.958E-4	7.92E-4	7.263E-4	5.973E-4	0.0016705	0.002067	0.0033171	0.0037871	0.01187	0.0210398	0.0263519	0.032173	0.0290121	0.0300305	0.0260435	0.0162295	0.0055391	0.0014506	0.0	4.02E-4	0.0	0.0	0.0	0.0	0.0	0.0	
Western Meadowlark	0.0	0.0	0.0	0.0	0.0	0.0	0.0	0.0	0.0	0.0	0.0	0.0	0.0	0.0	0.0	0.0	0.0	0.0	0.0	0.0	0.0	0.0	0.0	0.0	0.0	0.0	0.0	0.0	0.0	0.0	0.0	0.0	0.0	0.0	0.0	0.0	0.0	0.0	0.0	0.0	0.0	2.01E-4	0.0	0.0	0.0	0.0	0.0	0.0	
Eastern Meadowlark	0.0069424	0.0070486	0.008753	0.008045	0.0074199	0.0096719	0.0057461	0.006208	0.0098901	0.0104987	0.0112279	0.0108863	0.0098492	0.0080198	0.0054798	0.0037441	0.0057528	0.0059109	0.0094398	0.0113512	0.0126198	0.0102205	0.0103759	0.0129891	0.0088978	0.0081625	0.0054291	0.0060534	0.0025366	0.0023919	5.838E-4	0.0017125	0.0019802	3.516E-4	0.0016526	0.002439	0.0069568	0.022459	0.0352659	0.0332322	0.0224805	0.0164824	0.0109914	0.0072494	0.0076923	0.0074725	0.0126826	0.0080348	
Orchard Oriole	0.0	0.0	0.0	0.0	0.0	0.0	0.0	0.0	0.0	0.0	0.0	0.0	1.539E-4	0.0	7.025E-4	0.0133718	0.0581923	0.0677644	0.073407	0.059544	0.0498403	0.040165	0.0373923	0.0375416	0.0263301	0.0185148	0.0125287	0.0124022	0.0068293	0.0047837	0.0036972	0.0034251	6.093E-4	1.758E-4	0.0015	6.098E-4	3.568E-4	0.0	0.0	0.0	0.0	0.0	0.0	0.0	0.0	0.0	0.0	0.0	
Bullock's Oriole	0.0	0.0	0.0015	0.0	0.0	0.0	0.0	0.0	0.0	0.0	0.0	0.0	0.0	0.0	0.0	0.0	0.0	0.0	0.0	0.0	0.0	0.0	0.0	0.0	0.0	0.0	0.0	0.0	0.0	0.0	0.0	0.0	0.0	0.0	0.0	0.0	0.0	0.0	0.0	0.0	0.0	0.0	0.0	0.0	0.0	0.0	0.0	0.0052935	
Baltimore Oriole	8.8E-4	7.689E-4	1.269E-4	9.918E-4	3.373E-4	6.535E-4	8.58E-5	6.898E-4	0.0016484	7.499E-4	0.0	0.0	3.078E-4	0.0	1.405E-4	0.0483526	0.3081093	0.3936035	0.389641	0.2658568	0.2199681	0.2063834	0.1636648	0.1287819	0.0880697	0.0698786	0.049906	0.0530046	0.0610732	0.0813235	0.0988519	0.1135168	0.0586443	0.0502813	0.0323173	0.0242378	0.0142704	0.0116393	0.0053545	0.0046156	0.0066679	0.0070352	0.0043966	0.00237	0.0035343	0.0026374	0.0028897	0.0023632	
new world oriole sp.	0.0	0.0	0.0	0.0	0.0	0.0	0.0	0.0	0.0	0.0	0.0	0.0	0.0	0.0	0.0	0.0	1.106E-4	0.0	1.242E-4	0.0	0.0	0.0	0.0	1.584E-4	0.0	0.0	0.0	0.0	0.0	0.0	0.0	0.0	0.0	0.0	0.0	0.0	0.0	0.0	0.0	0.0	0.0	2.01E-4	0.0	0.0	0.0	0.0	0.0	0.0	
Red-winged Blackbird	0.028943	0.0299885	0.0300647	0.0366983	0.0443508	0.074108	0.1156089	0.2312468	0.3086081	0.3558305	0.3794333	0.3786534	0.4081256	0.4686498	0.5085008	0.5633291	0.5601283	0.5482373	0.5386908	0.5324106	0.5560703	0.5508338	0.5364135	0.5209884	0.5117124	0.4582919	0.4341199	0.3769378	0.2753171	0.2252342	0.169099	0.1389602	0.1134806	0.1119902	0.113845	0.1102134	0.139315	0.1713115	0.1829764	0.1777661	0.1634597	0.1535678	0.1202462	0.0823923	0.0590437	0.0505495	0.0663028	0.0500993	
Brown-headed Cowbird	0.0131026	0.0137127	0.0121781	0.0178532	0.0158516	0.0188211	0.0214408	0.024487	0.0360806	0.0583052	0.074853	0.1166726	0.1528163	0.1883931	0.1981172	0.2184424	0.2321053	0.2095208	0.2136381	0.1724584	0.1608626	0.1620943	0.1417384	0.1419294	0.1207554	0.0931714	0.0686991	0.0584674	0.057561	0.0556109	0.0521502	0.0593272	0.0441736	0.0399086	0.0367242	0.0394817	0.0476275	0.0547541	0.0642541	0.0589476	0.0508668	0.0379899	0.0285777	0.0231423	0.022869	0.0173626	0.0170172	0.0145571	
Rusty Blackbird	0.0044001	0.0046136	0.0079919	0.0087062	0.0080944	0.0064044	0.0042882	0.0082773	0.0071429	0.0155606	0.0112279	0.0162111	0.0227762	0.0180811	0.0148939	0.0129439	0.0064166	0.0013722	0.0015	9.96E-5	0.0	0.0	0.0	0.0	0.0	0.0	0.0	0.0	0.0	0.0	0.0	0.0	0.0	0.0	3.672E-4	0.0010671	0.0048163	0.0131148	0.0156942	0.0181986	0.0173366	0.0164824	0.0156078	0.0115712	0.0043659	0.0072527	0.0077059	0.0086965	
Brewer's Blackbird	0.0	0.0	0.0	0.0	0.0	0.0	0.0	0.0	0.0	0.0	0.0	0.0	0.0	0.0	0.0	0.0	0.0	0.0	0.0	0.0	0.0	0.0	0.0	0.0	0.0	0.0	0.0	0.0	0.0	0.0	0.0	0.0	0.0	0.0	0.0	0.0	0.0	0.0	0.0015	1.319E-4	0.0	0.001407	0.0	0.0	0.0	0.0	0.0	0.0	
Common Grackle	0.0156449	0.015635	0.0142078	0.0196165	0.0254637	0.0427395	0.0858491	0.1370926	0.2054945	0.2709036	0.2988772	0.2830434	0.296245	0.3413532	0.3608262	0.4080017	0.4426375	0.450285	0.4615576	0.4454844	0.4554313	0.4825175	0.4712216	0.4612704	0.4003995	0.3559626	0.3121737	0.2632511	0.2247805	0.2088898	0.2105468	0.2207951	0.2044174	0.2165963	0.2141021	0.189939	0.1806993	0.1863934	0.1964549	0.1826454	0.1506954	0.1007035	0.0520994	0.03555	0.0197505	0.0221978	0.0191042	0.0196616	
Boat-tailed Grackle	0.0069424	0.0067923	0.0053279	0.0033061	0.006914	0.0064044	0.0036021	0.0146577	0.0137363	0.0185602	0.0237034	0.0249675	0.0377039	0.0498688	0.0637909	0.0489944	0.0334108	0.0336711	0.0431002	0.0476949	0.0571885	0.0568406	0.0536413	0.0609853	0.0611948	0.0477802	0.059929	0.0459176	0.0349268	0.0326889	0.0311345	0.0217737	0.0166032	0.0142405	0.0132207	0.0240854	0.0265787	0.017541	0.0151403	0.0106818	0.0102877	0.0058291	0.0054957	0.0064129	0.0070686	0.0046154	0.0064216	0.0045373	
grackle sp.	0.0	0.0	0.0	0.0	0.0	0.0	0.0	0.0	0.0	0.0	0.0	0.0	0.0	0.0	0.0	0.0	0.0	0.0	0.0	0.0	1.597E-4	1.793E-4	1.958E-4	1.584E-4	0.0	0.0	0.0	0.0	0.0	0.0	0.0	1.223E-4	0.0	0.0	0.0	0.0	0.0	0.0	0.0	1.319E-4	0.0	0.0	0.0	0.0	0.0	0.0	0.0	0.0	
blackbird sp.	5.867E-4	0.0011534	0.0012686	0.0026449	0.0026981	0.0022219	0.0040309	0.0029315	0.0020147	0.0037495	0.0037426	0.0022483	0.0020006	0.002333	0.0028102	0.0019255	0.0029871	0.0012666	0.0019873	0.0023897	0.0019169	0.0016138	0.0023493	0.002376	0.0018159	0.0039817	0.003341	0.00251	0.0021463	0.0033885	0.0011675	0.0024465	0.0019802	0.0028129	0.0029379	0.0036585	0.0033892	0.0042623	0.0038774	0.0055387	0.0030482	0.0032161	0.0017586	0.0027882	0.0024948	0.0017582	0.0019265	0.0021741	
Ovenbird	0.0015	0.0	0.0	0.0	0.0015	1.307E-4	2.573E-4	0.0	0.0	0.0	0.0	0.0	0.0	0.0015	0.0011241	0.0356226	0.1410554	0.1701499	0.1591107	0.0792592	0.0498403	0.0512821	0.0416993	0.0487882	0.0345015	0.021302	0.010023	0.0122545	0.0089756	0.0079729	0.0151781	0.0210398	0.0161462	0.0235584	0.0247888	0.0166159	0.0108812	0.0027869	7.386E-4	1.319E-4	1.905E-4	2.01E-4	0.0	4.182E-4	0.0	0.0	3.211E-4	0.0015	
Worm-eating Warbler	0.0	0.0	0.0	0.0	0.0	0.0	0.0	0.0	0.0	0.0	0.0	0.0	3.078E-4	0.0	4.215E-4	0.0022465	0.0106206	0.0089719	0.005341	0.0026884	9.585E-4	1.793E-4	9.789E-4	4.752E-4	3.632E-4	0.0	0.0	1.476E-4	3.902E-4	0.0017939	0.0046702	0.004893	0.0024372	0.0028129	0.0042233	1.524E-4	0.0	0.0	0.0	0.0	0.0	2.01E-4	0.0	0.0	0.0	0.0	0.0	0.0	
Chipping Sparrow/Worm-eating Warbler	0.0	0.0	0.0	0.0	0.0	0.0	0.0	0.0	0.0	0.0	0.0	0.0	0.0	0.0	0.0	1.07E-4	0.0	1.056E-4	0.0	0.0	0.0	0.0	0.0	0.0	0.0	1.991E-4	0.0	0.0	0.0	0.0	0.0	0.0	0.0	0.0	0.0	0.0	0.0	0.0	0.0	0.0	0.0	0.0	0.0	0.0	0.0	0.0	0.0	0.0	
Louisiana Waterthrush	0.0	0.0	0.0	0.0	0.0	0.0	0.0	0.0	0.0	0.0	0.0	0.0031949	0.0075408	0.0096238	0.0040748	0.0025674	0.0018807	5.278E-4	2.484E-4	0.0	0.0	0.0014345	0.0037197	3.168E-4	5.448E-4	9.954E-4	0.0010441	0.0014765	0.0029268	0.0027905	9.73E-4	8.563E-4	0.0	5.274E-4	0.0	0.0	0.0	0.0	0.0	0.0	0.0	0.0	0.0	0.0	0.0	0.0	0.0	0.0	
Northern Waterthrush	0.0	0.0	0.0	0.0	0.0	1.307E-4	0.0	0.0015	0.0	0.0	0.0	0.0	3.078E-4	1.458E-4	0.0018266	0.0118742	0.0371723	0.0396876	0.0380077	0.0036842	3.195E-4	0.0	0.0	1.584E-4	0.0	0.0	6.264E-4	0.0082681	0.0228293	0.036476	0.0363884	0.0467278	0.0359482	0.0571378	0.0358061	0.0221037	0.0139137	0.0042623	3.693E-4	5.275E-4	1.905E-4	2.01E-4	2.198E-4	1.394E-4	0.0	0.0	1.605E-4	0.0	
Louisiana/Northern Waterthrush	0.0	0.0	0.0	0.0	0.0	0.0	0.0	0.0	0.0	0.0	0.0	0.0	0.0	0.0	4.215E-4	3.209E-4	4.425E-4	3.167E-4	0.0	0.0	0.0	1.793E-4	1.958E-4	0.0	1.816E-4	0.0	2.088E-4	2.953E-4	0.0017561	0.0013953	1.946E-4	0.0	1.523E-4	1.758E-4	0.0	1.524E-4	0.0	0.0	0.0	1.319E-4	0.0	0.0	0.0	0.0	0.0	0.0	0.0	0.0	
Golden-winged Warbler	0.0	0.0	0.0	0.0	0.0	0.0	0.0	0.0	0.0	0.0	0.0	0.0	0.0	0.0	0.0	0.0	0.0015	1.056E-4	0.0	0.0	0.0	0.0	0.0	0.0	0.0	0.0	0.0	0.0	0.0	0.0	7.784E-4	6.116E-4	3.046E-4	8.79E-4	7.345E-4	1.524E-4	0.0	0.0015	0.0	0.0	0.0	0.0	0.0	0.0	0.0	0.0	0.0	0.0	
Blue-winged Warbler	0.0	0.0	0.0	0.0	0.0	0.0	0.0	0.0	0.0	0.0	0.0	0.0	0.0	2.916E-4	4.215E-4	0.0239623	0.1351919	0.1513616	0.1417215	0.1098277	0.0817891	0.0675991	0.0438528	0.0296214	0.0152533	0.0107505	0.0098142	0.0109257	0.0152195	0.0207295	0.0282156	0.0293578	0.0153846	0.0142405	0.0034888	0.0019817	7.135E-4	3.279E-4	1.846E-4	0.0	0.0	0.0	0.0	0.0	0.0	0.0	0.0	0.0	
Brewster's Warbler (hybrid)	0.0	0.0	0.0	0.0	0.0	0.0	0.0	0.0	0.0	0.0	0.0	0.0	0.0	0.0	0.0	0.0	5.532E-4	2.111E-4	0.0015	0.0	0.0	0.0	0.0	0.0	0.0	0.0	0.0	0.0	0.0	0.0	1.946E-4	1.223E-4	3.046E-4	0.0	0.0	0.0	0.0	0.0	0.0	0.0	0.0	0.0	0.0	0.0	0.0	0.0	0.0	0.0	
Lawrence's Warbler (hybrid)	0.0	0.0	0.0	0.0	0.0	0.0	0.0	0.0	0.0	0.0	0.0	0.0	0.0	0.0	0.0	1.07E-4	6.638E-4	0.0	1.242E-4	6.97E-4	0.0	0.0	1.958E-4	0.0	0.0	0.0	0.0	0.0	0.0	0.0	0.0	0.0	1.523E-4	0.0	0.0	0.0	0.0	0.0	0.0	0.0	0.0	0.0	0.0	0.0	0.0	0.0	0.0	0.0	
Golden-winged/Blue-winged Warbler	0.0	0.0	0.0	0.0	0.0	0.0	0.0	0.0	0.0	0.0	0.0	0.0	0.0	0.0	0.0	0.0	0.0	0.0	2.484E-4	3.983E-4	1.597E-4	0.0015	1.958E-4	0.0	0.0	0.0	2.088E-4	0.0	0.0	0.0	0.0	1.223E-4	0.0	0.0015	0.0	0.0	0.0	0.0	0.0	0.0	0.0	0.0	0.0	0.0	0.0	0.0	0.0	0.0	
Black-and-white Warbler	0.0	0.0	0.0	0.0	0.0	0.0	0.0	0.0	0.0	0.0	0.0	0.0	4.617E-4	0.0030621	0.0151749	0.0839752	0.2117491	0.2011822	0.1384921	0.033257	0.0135783	0.0136274	0.0103759	0.0109298	0.0065371	0.004778	0.0022969	0.0059058	0.0154146	0.0263105	0.0537069	0.0899083	0.0770754	0.1232419	0.138083	0.1035061	0.0586871	0.0236066	0.0064623	0.0019781	1.905E-4	0.0	0.0	1.394E-4	0.0	2.198E-4	0.0	0.0	
Prothonotary Warbler	0.0	0.0	0.0	0.0	0.0	0.0	0.0	0.0	0.0	0.0	0.0	0.0015	0.0015	0.0	0.0136293	0.0054557	4.425E-4	6.333E-4	0.0011179	0.0011949	0.0030351	7.172E-4	3.915E-4	1.584E-4	0.0	0.0	0.0	1.476E-4	0.0	0.0	5.838E-4	3.67E-4	6.093E-4	8.79E-4	7.345E-4	0.0018293	1.784E-4	0.0	0.0	1.319E-4	0.0	0.0	0.0	0.0019518	0.0027027	0.0	0.0	0.0	
Swainson's Warbler	0.0	0.0	0.0	0.0	0.0	0.0	0.0	0.0	0.0	0.0	0.0	0.0	0.0	0.0	0.0	1.07E-4	0.0	0.0	0.0	0.0	0.0	0.0	0.0	0.0	0.0	0.0	0.0	0.0	0.0	0.0	0.0	0.0	0.0	0.0	0.0	0.0	0.0	0.0	0.0	0.0	0.0	0.0	0.0	0.0	0.0	0.0	0.0	0.0	
Tennessee Warbler	0.0	0.0	0.0	0.0	0.0	0.0	0.0	0.0	0.0	0.0	0.0	0.0	0.0	0.0	0.0	5.349E-4	0.0032083	0.0049609	0.0132903	0.0015931	0.0	0.0	0.0	0.0	0.0	0.0	0.0	2.953E-4	1.951E-4	0.0	7.784E-4	0.003792	0.0074638	0.0219761	0.0214837	0.0217988	0.0124866	0.0090164	0.0044313	0.0019781	9.526E-4	0.0	0.0010991	6.971E-4	6.237E-4	0.0013187	4.816E-4	9.45E-5	
Orange-crowned Warbler	0.0044979	0.0012816	0.0013954	0.0022041	0.001855	0.0010456	0.0012007	0.0036213	0.0043956	0.0018748	0.0024951	0.0035499	0.0012311	0.0011665	2.81E-4	4.279E-4	5.532E-4	0.0014777	1.242E-4	0.0	0.0	0.0	0.0	0.0	0.0	0.0	0.0	0.0	0.0	0.0	0.0	0.0	0.0	0.0	1.836E-4	0.0012195	0.0035676	0.002623	0.0048006	0.0064618	0.0051438	0.0056281	0.0048362	0.0059947	0.0070686	0.0167033	0.012201	0.0088855	
Nashville Warbler	1.956E-4	0.0	0.0	0.0	0.0	0.0	0.0	0.0	0.0	0.0	0.0	0.0	0.0	0.0	1.405E-4	0.004065	0.0381679	0.0276546	0.0142839	6.97E-4	0.0	0.0	0.0	0.0	0.0	0.0	0.0	0.0	0.0	5.98E-4	3.892E-4	0.0042813	0.0077685	0.0196906	0.0323173	0.0222561	0.021584	0.0222951	0.0131093	0.0051431	0.0036197	6.03E-4	8.793E-4	8.365E-4	0.0010395	6.593E-4	3.211E-4	3.781E-4	
Connecticut Warbler	0.0	0.0	0.0	0.0	0.0	0.0	0.0	0.0	0.0	0.0	0.0	0.0	0.0	0.0	0.0	0.0	0.0	0.0	0.0	0.0	0.0	0.0	0.0	0.0	0.0	0.0	0.0	0.0	0.0	0.0	1.946E-4	0.0	7.616E-4	0.0026371	0.0022035	0.0045732	0.0041027	9.836E-4	5.539E-4	0.0	0.0	0.0	0.0	0.0	0.0	0.0	0.0	0.0	
Mourning Warbler	0.0	0.0	0.0	0.0	0.0	0.0	0.0	0.0	0.0	0.0	0.0	0.0	0.0	0.0	0.0	0.0	0.0	1.056E-4	0.0031052	0.0032859	9.585E-4	1.793E-4	1.958E-4	0.0	0.0	0.0	0.0	0.0	0.0	5.98E-4	5.838E-4	0.0019572	4.57E-4	0.0012307	0.0011017	0.0	1.784E-4	0.0	0.0	0.0	0.0	0.0	0.0	0.0	0.0	0.0	0.0	0.0	
Connecticut/MacGillivray's/Mourning Warbler	0.0	0.0	0.0	0.0	0.0	0.0	0.0	0.0	0.0	0.0	0.0	0.0	0.0	0.0	0.0	0.0	0.0	0.0	0.0	0.0	0.0	0.0	0.0	0.0	0.0	0.0	0.0	0.0	0.0	0.0015	0.0	0.0	0.0	7.032E-4	0.0	0.0	0.0	0.0	0.0	0.0	0.0	0.0	0.0	0.0	0.0	0.0	0.0	0.0	
Kentucky Warbler	0.0	0.0	0.0	0.0	0.0	0.0	0.0	0.0	0.0	0.0	0.0	0.0	0.0	0.0	0.0	0.0	0.0013276	3.167E-4	0.0018631	0.0010953	0.0	1.793E-4	0.0021535	7.92E-4	0.0	0.0	2.088E-4	0.0	0.0	0.0	1.946E-4	0.0	0.0	0.0015	1.836E-4	0.0	0.0	0.0	0.0	0.0	0.0	0.0	0.0	0.0	0.0	0.0	0.0	0.0	
Common Yellowthroat	7.822E-4	0.0015	1.269E-4	1.102E-4	0.0	0.0	0.0	1.724E-4	0.0	0.0015	0.0	1.183E-4	3.078E-4	7.291E-4	0.0016861	0.029525	0.1567651	0.2864682	0.3537449	0.2985164	0.2819489	0.2574861	0.2359045	0.2496436	0.2367895	0.2158073	0.1678847	0.1156061	0.0954146	0.0936815	0.1017708	0.1299083	0.1238385	0.1777426	0.1961072	0.179878	0.1585801	0.1170492	0.0703471	0.0272979	0.0066679	0.0026131	0.0037371	0.0025094	0.0010395	0.0013187	0.0035319	0.0020796	
Hooded Warbler	0.0	0.0	0.0	0.0	0.0	0.0	0.0	0.0	0.0	0.0	0.0	0.0	0.0	4.374E-4	7.025E-4	0.0036371	0.0070804	0.0077053	0.0085704	0.0035846	0.0035144	0.0021517	7.831E-4	4.752E-4	3.632E-4	0.0	0.0	0.0015	1.951E-4	0.0	5.838E-4	0.0011009	1.523E-4	3.516E-4	7.345E-4	7.622E-4	5.351E-4	9.836E-4	1.846E-4	1.319E-4	0.0	2.01E-4	0.0	0.0	0.0	2.198E-4	0.0	0.0	
American Redstart	9.78E-5	0.0	0.0	0.0	0.0	0.0	0.0	0.0	0.0	0.0	0.0	0.0	0.0	0.0	1.405E-4	0.0074882	0.0743445	0.1511505	0.2217116	0.1193866	0.0785942	0.0706473	0.0567737	0.045937	0.0332304	0.0226956	0.0190019	0.0258379	0.0429268	0.0504285	0.076474	0.1325994	0.1214014	0.2092124	0.2021667	0.120122	0.0472708	0.0172131	0.0036928	0.001055	1.905E-4	2.01E-4	0.0	1.394E-4	0.0	2.198E-4	1.605E-4	0.0	
Cape May Warbler	0.0	0.0	0.0015	0.0	0.0	0.0	0.0	0.0	0.0	0.0	0.0	0.0	0.0	0.0	1.405E-4	8.558E-4	0.0057528	0.0126662	0.0088188	4.979E-4	0.0015	0.0	0.0	0.0	0.0	0.0	0.0	0.0	0.0	1.993E-4	0.0013621	0.0079511	0.0097487	0.032173	0.0435182	0.0411585	0.0233678	0.0159016	0.0068316	0.0018462	0.0	0.0	2.198E-4	2.788E-4	6.237E-4	0.0	0.0	9.45E-5	
Cerulean Warbler	0.0	0.0	0.0	0.0	0.0	0.0	0.0	0.0	0.0	0.0	0.0	0.0	0.0	0.0	1.405E-4	0.0015	6.638E-4	0.0037999	6.21E-4	1.991E-4	0.0015	0.0015	0.0	3.168E-4	1.816E-4	1.991E-4	0.0015	0.0	0.0015	0.0	0.0	1.223E-4	0.0	0.0	0.0	1.524E-4	0.0	0.0	0.0	0.0	0.0	0.0	0.0	0.0	0.0	0.0	0.0	0.0	
Northern Parula	0.0	0.0	0.0	0.0	0.0	0.0	0.0	0.0	0.0	0.0	0.0	0.0015	3.078E-4	0.0013123	0.0028102	0.0375481	0.1707047	0.2024488	0.1623401	0.0229015	0.00623	0.0032275	0.0021535	0.0019008	0.0010895	5.973E-4	2.088E-4	0.0	3.902E-4	0.0011959	0.0027243	0.0140673	0.0402133	0.1135724	0.1612192	0.1329268	0.0918659	0.0459016	0.0155096	0.0047475	9.526E-4	6.03E-4	6.595E-4	1.394E-4	4.158E-4	2.198E-4	1.605E-4	0.0	
Magnolia Warbler	0.0	0.0	0.0	0.0	0.0	0.0	0.0	0.0	0.0	0.0	0.0	0.0	0.0	0.0	0.0	0.0014976	0.0250028	0.0692421	0.1099242	0.0263865	0.0028754	1.793E-4	7.831E-4	0.0	0.0	0.0	0.0	0.0	0.0	1.993E-4	0.0017513	0.0203058	0.0190404	0.0522152	0.0567389	0.0477134	0.0313949	0.0147541	0.0036928	7.912E-4	3.81E-4	2.01E-4	0.0	0.0	0.0	0.0	0.0	0.0	
Bay-breasted Warbler	0.0	0.0	0.0	0.0	0.0	0.0	0.0	0.0	0.0	0.0	0.0	0.0	0.0	0.0	0.0	0.0	0.0023233	0.0204771	0.0597441	0.0101563	6.39E-4	0.0	0.0	0.0	0.0	0.0	0.0	0.0	0.0	0.0	0.0	7.339E-4	0.0024372	0.0142405	0.0146897	0.0091463	0.0041027	0.0016393	3.693E-4	1.319E-4	0.0	0.0	0.0	0.0	0.0	0.0	0.0	0.0	
Blackburnian Warbler	0.0	0.0	0.0	0.0	0.0	0.0	0.0	0.0	0.0	0.0	0.0	0.0	0.0	0.0	0.0	0.0012837	0.0154884	0.0298712	0.0371382	0.0096585	0.001278	0.0	1.958E-4	0.0	0.0	0.0	0.0	0.0	1.951E-4	9.966E-4	0.0027243	0.0070948	0.0048743	0.0103727	0.0095483	0.0060976	0.0026757	3.279E-4	0.0	0.0	1.905E-4	0.0	0.0	0.0015	0.0	0.0	0.0	0.0	
Northern Yellow Warbler	0.0	0.0	0.0	0.0	0.0	0.0	0.0	0.0	0.0	0.0	0.0	0.0	0.0	2.916E-4	0.0095546	0.1462345	0.4098905	0.4760397	0.4990684	0.4294534	0.3773163	0.3749328	0.3218481	0.2643751	0.2024696	0.1451324	0.1369806	0.1578326	0.1410732	0.0988639	0.064604	0.0545566	0.0409749	0.05327	0.0431509	0.0278963	0.0142704	0.0047541	5.539E-4	6.594E-4	0.0	2.01E-4	2.198E-4	0.0	0.0	4.396E-4	0.0	0.0	
Chestnut-sided Warbler	0.0	0.0	0.0	0.0	0.0	0.0	0.0	0.0	0.0	0.0	0.0	0.0	0.0	0.0	0.0	0.0010697	0.0162629	0.0315601	0.0419824	0.0081649	0.0033546	0.0014345	0.0015	4.752E-4	0.0	3.982E-4	0.0	0.0	5.854E-4	0.0029898	0.0138159	0.0300917	0.0190404	0.0281294	0.0235035	0.0092988	0.0041027	8.197E-4	5.539E-4	1.319E-4	0.0	0.0	0.0	0.0	0.0	0.0	0.0	0.0	
Blackpoll Warbler	0.0	0.0	0.0	0.0	0.0	0.0	0.0	0.0	0.0	0.0	0.0	0.0	0.0	0.0	0.0	2.139E-4	0.0178117	0.0642812	0.1711589	0.0898138	0.013099	8.965E-4	3.915E-4	0.0	0.0	0.0	0.0	0.0	1.951E-4	0.0	0.0	7.339E-4	0.0033511	0.0177567	0.0400294	0.0721037	0.0808063	0.0696721	0.0491137	0.0204405	0.0062869	0.0024121	4.397E-4	4.182E-4	0.0015	0.0	0.0	0.0	
Bay-breasted/Blackpoll Warbler	0.0	0.0	0.0	0.0	0.0	0.0	0.0	0.0	0.0	0.0	0.0	0.0	0.0	0.0	0.0	0.0	0.0	0.0	0.0	0.0	0.0	0.0	0.0	0.0	0.0	0.0	0.0	0.0	0.0	0.0	1.946E-4	2.446E-4	4.57E-4	7.032E-4	0.0016526	0.0016768	0.0012487	3.279E-4	0.0	0.0	1.905E-4	0.0	0.0	0.0	0.0	0.0	0.0	0.0	
Black-throated Blue Warbler	0.0	1.282E-4	0.0015	0.0	0.0	0.0015	0.0	0.0	0.0	0.0	0.0	0.0	0.0	1.458E-4	0.0	0.0067394	0.059188	0.0833861	0.0573842	0.0043812	1.597E-4	1.793E-4	0.0	0.0	0.0	0.0	0.0	0.0	1.951E-4	0.0	3.892E-4	0.0092966	0.0162986	0.0369198	0.0473742	0.047561	0.0635034	0.0611475	0.0336041	0.0080443	0.0011431	6.03E-4	2.198E-4	0.0	0.0	0.0	8.027E-4	9.45E-5	
Palm Warbler	0.0011734	0.001666	3.806E-4	0.0018735	3.373E-4	2.614E-4	4.288E-4	3.449E-4	5.495E-4	5.624E-4	7.129E-4	0.0013016	0.0255463	0.0673666	0.073205	0.067822	0.0337427	0.0064387	4.968E-4	0.0015	0.0	0.0	0.0	0.0	0.0	0.0	0.0	1.476E-4	0.0	0.0	0.0	3.67E-4	0.0074638	0.0402602	0.0914433	0.1036585	0.1339636	0.1304918	0.1233383	0.0760913	0.0403886	0.0245226	0.0118707	0.0098982	0.0070686	0.0063736	0.0075454	0.0041592	
Pine Warbler	0.0024445	0.0021786	0.0012686	0.0019837	0.0021922	0.0024833	0.001458	0.0027591	0.0025641	0.0033746	0.0105151	0.0403503	0.0932595	0.1392534	0.1285654	0.1266581	0.1128443	0.09943	0.1023475	0.0892164	0.0717252	0.0720818	0.0648003	0.0677966	0.0581079	0.0396178	0.0252662	0.0168315	0.0099512	0.0109627	0.0169294	0.0217737	0.0182788	0.0356892	0.0532501	0.0632622	0.0536925	0.0477049	0.0332349	0.0112093	0.0060964	0.0052261	0.0041767	0.0034853	0.0039501	0.0061538	0.0070637	0.0038756	
Yellow-rumped Warbler	0.0572993	0.056773	0.0504884	0.0554331	0.0630691	0.0504509	0.037307	0.0567339	0.0591575	0.0575553	0.063625	0.0705242	0.0927978	0.1377953	0.1836448	0.2418699	0.2829959	0.1871438	0.0684387	0.003485	1.597E-4	3.586E-4	0.0015	1.584E-4	0.0	1.991E-4	0.0	0.0	1.951E-4	3.986E-4	0.0013621	0.0028135	0.004722	0.0140647	0.0405802	0.1439024	0.3014627	0.4613115	0.5184638	0.4409864	0.3036769	0.2038191	0.1697076	0.1257493	0.1018711	0.0975824	0.1255418	0.1000095	
Yellow-throated Warbler	9.78E-5	0.0	0.0	0.0	0.0	0.0	0.0	0.0	0.0	0.0	0.0	0.0	0.0118498	0.0317877	0.0123648	0.0112323	0.0058635	0.0033777	0.0027326	0.0057752	0.0084665	0.0048413	0.004307	0.0033265	0.0032686	0.0019908	0.0010441	1.476E-4	0.0	0.0	5.838E-4	1.223E-4	0.0	3.516E-4	1.836E-4	1.524E-4	1.784E-4	1.639E-4	0.0	0.0	0.0	0.0	0.0	0.0	0.0015	0.0	0.0	9.45E-5	
Prairie Warbler	0.0	0.0	0.0	0.0	0.0	0.0	0.0	0.0	0.0	0.0	0.0	0.0	7.695E-4	2.916E-4	0.0014051	0.0246042	0.0906074	0.1009077	0.106819	0.1001693	0.0932907	0.0919849	0.0865309	0.0826865	0.0586526	0.0392196	0.0200459	0.0152074	0.0122927	0.0171417	0.0235454	0.0329052	0.0304646	0.0351617	0.0297466	0.0181402	0.0044595	0.002459	0.0016617	5.275E-4	1.905E-4	0.0015	0.0	4.182E-4	2.079E-4	0.0	4.816E-4	1.891E-4	
Black-throated Gray Warbler	0.0	0.0	0.0	0.0	0.0	0.0	0.0	0.0	0.0	0.0	0.0	0.0	0.0	0.0	0.0	0.0	0.0	0.0011611	0.0	0.0018919	0.0	0.0	0.0	0.0	0.0	0.0	0.0	0.0	0.0	0.0	0.0	1.223E-4	0.0	0.0015	0.0	1.524E-4	5.351E-4	0.0	0.0	0.0	0.0	0.0	0.0	0.0	0.0	0.0	0.0	0.0	
Townsend's Warbler	0.0	0.0	0.0	0.0	0.0	0.0	0.0	0.0	0.0	0.0	0.0	0.0	0.0	0.0	0.0	0.0	0.0015	0.0	0.0	0.0	0.0	0.0	0.0	0.0	0.0	0.0	0.0	0.0	0.0	0.0	0.0	0.0	0.0	0.0	1.836E-4	0.0	0.0	0.0	0.0	0.0	0.0	0.0	0.0	0.0015	0.0015	0.0063736	0.0	9.45E-5	
Hermit Warbler	0.0	0.0	0.0	0.0	0.0	0.0	0.0	0.0	0.0	0.0	0.0	0.0	0.0	0.0	0.0	0.0	0.0	0.0	0.0	0.0	0.0	0.0	0.0	0.0	0.0	0.0	0.0	0.0	0.0	0.0	0.0	0.0	0.0	0.0	0.0	0.0	0.0	0.0	0.0	0.0	0.0	0.0	0.0	0.0	0.004158	6.593E-4	0.0	0.0	
Black-throated Green Warbler	0.0	0.0	0.0	0.0	0.0	0.0	0.0	0.0	0.0	0.0	0.0	0.0	0.0	0.0	2.81E-4	0.0101626	0.0706937	0.0866582	0.0709229	0.0112516	0.0015974	3.586E-4	1.958E-4	0.0	0.0015	0.0	0.0	0.0	1.951E-4	1.993E-4	9.73E-4	0.0078287	0.0127951	0.0305907	0.0495777	0.0469512	0.0344274	0.0198361	0.0083087	0.0011869	7.62E-4	4.02E-4	0.0015	0.0	0.0	0.0	0.0	0.0	
Setophaga sp.	0.0	0.0	0.0	0.0	0.0	0.0	0.0	0.0	0.0	0.0	0.0	0.0	0.0	0.0	0.0	0.0	0.0	0.0	0.0	0.0015	0.0	0.0	0.0	0.0	0.0	0.0	0.0	0.0	0.0	0.0	0.0	0.0	0.0	0.0	0.0	0.0	0.0	0.0	0.0	0.0	0.0	0.0	0.0	0.0	0.0	0.0	0.0	0.0	
Canada Warbler	0.0	0.0	0.0	0.0	0.0	0.0	0.0	0.0	0.0	0.0	0.0	0.0	0.0	0.0	0.0	0.0015	0.0023233	0.0084442	0.0397466	0.0109529	0.0017572	0.0015	0.0	1.584E-4	0.0	0.0	0.0	0.0	3.902E-4	0.0035878	0.0116754	0.0171254	0.0091394	0.0131857	0.0064267	0.001372	8.919E-4	3.279E-4	0.0015	0.0	0.0	0.0	0.0	0.0	0.0	0.0	0.0	0.0	
Wilson's Warbler	0.0	0.0	0.0	0.0	0.0	0.0	0.0	0.0	0.0	0.0	0.0	0.0	0.0	0.0	0.0	1.07E-4	0.0029871	0.0088664	0.0227301	0.0032859	6.39E-4	0.0	0.0	0.0	0.0	0.0	0.0010441	1.476E-4	1.951E-4	0.0	0.0015	8.563E-4	0.0012186	0.0091421	0.006794	0.0047256	0.0026757	6.557E-4	9.232E-4	5.275E-4	1.905E-4	0.0	0.0	0.0	2.079E-4	0.0015	1.605E-4	9.45E-5	
new world warbler sp.	0.0	0.0015	1.269E-4	0.0	0.0	0.0	8.58E-5	0.0	1.832E-4	1.875E-4	0.0	0.0	9.234E-4	0.0014582	0.0025292	0.0033162	0.0068592	0.0069664	0.0068314	0.0042816	0.0019169	0.0010758	0.0013704	3.168E-4	0.0012711	0.0021899	8.352E-4	0.0028053	0.0042927	0.006777	0.0101187	0.0178593	0.0202589	0.0304149	0.0304811	0.0346037	0.0221192	0.0165574	0.0094165	0.0047475	0.0020956	0.001809	0.0015388	9.759E-4	4.158E-4	2.198E-4	0.0	9.45E-5	
Summer Tanager	0.0	3.845E-4	1.269E-4	2.204E-4	8.432E-4	5.228E-4	3.431E-4	1.724E-4	3.663E-4	0.0015	5.347E-4	1.183E-4	0.0	2.916E-4	7.025E-4	0.0019255	0.0032083	0.0032721	0.0033536	0.0039829	0.0047923	0.0025103	7.831E-4	9.504E-4	0.0014527	0.0015	2.088E-4	2.953E-4	1.951E-4	0.0	0.0	0.0015	4.57E-4	3.516E-4	0.0015	1.524E-4	1.784E-4	1.639E-4	0.0	0.0	1.905E-4	0.0	0.0	2.788E-4	2.079E-4	2.198E-4	3.211E-4	9.45E-5	
Scarlet Tanager	0.0	0.0	0.0	0.0	0.0	0.0	0.0	0.0	0.0	0.0	0.0	0.0	0.0	0.0015	4.215E-4	0.0052418	0.0511118	0.0863416	0.1075643	0.043712	0.027476	0.0277927	0.0321065	0.0293046	0.0230616	0.0187139	0.0150345	0.0152074	0.0089756	0.0065776	0.0095349	0.0091743	0.0127951	0.0353376	0.0383768	0.0400915	0.030503	0.0104918	0.0025849	6.594E-4	0.0	0.0	0.0	0.0	0.0	0.0	0.0	0.0	
Western Tanager	0.0	0.0015	0.0	3.306E-4	6.745E-4	6.535E-4	3.431E-4	0.0	0.0	0.0	0.0	0.0015	0.0	0.0	0.0	1.07E-4	8.851E-4	0.0	2.484E-4	0.0	0.0	0.0	0.0	0.0	0.0	0.0	0.0	0.0	0.0	0.0	0.0	0.0	0.0	0.0	0.0	0.0015	0.0	4.918E-4	0.0	0.0	0.0	2.01E-4	0.0015	2.788E-4	0.0	0.0015	0.0	0.0015	
Northern Cardinal	0.2385841	0.224529	0.2178105	0.264492	0.2757167	0.38361	0.433705	0.3171236	0.3300366	0.372141	0.3737302	0.3877648	0.4115112	0.4666083	0.480399	0.5265297	0.5484014	0.5208993	0.4818035	0.3996814	0.3579872	0.3767258	0.3768598	0.3595755	0.356637	0.3316743	0.3123825	0.3364831	0.3293659	0.3304764	0.327301	0.3201223	0.2862148	0.3549578	0.3663239	0.357622	0.3571174	0.3540984	0.36226	0.335751	0.3383502	0.320804	0.3260057	0.303081	0.3018711	0.3389011	0.3525445	0.3386899	
Rose-breasted Grosbeak	0.0	0.0	0.0	0.0	0.0	0.0	0.0	0.0	0.0	0.0	0.0	0.0015	0.0	2.916E-4	0.008009	0.0175439	0.0695873	0.0705088	0.0499317	0.0220054	0.0105431	0.0111171	0.0154659	0.011405	0.0094425	0.0089588	0.0081437	0.0090063	0.0054634	0.0047837	0.0038918	0.0051376	0.0070069	0.0233826	0.0394785	0.0292683	0.0110596	0.0059016	0.0018464	1.319E-4	1.905E-4	2.01E-4	0.0	0.0	0.0	0.0	0.0	9.45E-5	
Black-headed Grosbeak	0.0	0.0	0.0	0.0	0.0	0.0	0.0	0.0	0.0	0.0	0.0	0.0	0.0	0.0	0.0	0.0	0.0	0.0	0.0	0.0	0.0	0.0	0.0	0.0	0.0	0.0	0.0	0.0	0.0	0.0	0.0	0.0	0.0	0.0	0.0	0.0	0.0	1.639E-4	0.0	0.0	0.0	0.0	0.0	0.0	0.0	0.0	0.0	0.0	
Blue Grosbeak	0.0	0.0	0.0	0.0	0.0	0.0	0.0	0.0	0.0	0.0	0.0	0.0	1.539E-4	0.0010207	0.0073064	0.0065255	0.0101781	0.0081275	0.0099367	0.0129443	0.0092652	0.0087861	0.0070478	0.0076034	0.0069003	0.0061716	0.0045939	0.0039864	0.0050732	0.0031892	9.73E-4	7.339E-4	0.0025895	0.0063291	0.0042233	0.0047256	0.0046379	0.0045902	0.004062	0.0011869	3.81E-4	4.02E-4	0.0	0.0	0.0	0.0	0.0	0.0	
Lazuli Bunting	0.0	0.0	0.0	0.0	0.0	0.0	0.0	0.0	0.0	0.0	0.0	0.0	0.0	0.0	0.0095546	0.0038511	0.0	0.0	0.0	0.0	0.0	0.0	0.0	0.0	0.0	0.0	0.0	0.0	0.0	0.0	0.0	0.0	0.0	0.0	0.0	0.0	0.0	0.0	0.0	0.0	0.0	0.0	0.0	0.0	0.0	0.0	0.0	0.0	
Indigo Bunting	0.0	0.0	0.0	0.0	0.0	0.0	0.0	0.0	0.0	0.0	0.0	1.183E-4	1.539E-4	0.0024789	0.0040748	0.0100556	0.0265516	0.0318767	0.0475717	0.0392313	0.0413738	0.0346064	0.0321065	0.0331063	0.0295987	0.0262791	0.0183754	0.0202274	0.0243902	0.0147499	0.0136213	0.0089297	0.0077685	0.011955	0.0211164	0.0359756	0.043168	0.034918	0.0182792	0.0056706	0.0019051	0.001608	2.198E-4	0.0	0.0	0.0	0.0	0.0	
Painted Bunting	0.0	0.0	1.269E-4	0.0	0.0	0.0	0.0	0.0	0.0	0.0015	0.0	0.0	0.0015	0.0	0.0	0.0	0.0	0.0015	0.0	0.0	0.0	0.0	0.0	0.0	0.0	0.0	0.0	0.0	0.0	0.0	0.0	0.0	0.0	0.0	0.0	0.0	0.0	0.0	0.0015	0.0	0.0	0.0	2.198E-4	0.0	0.0	0.0	0.0051373	8.507E-4	
Passerina sp.	0.0	0.0	0.0	0.0	0.0	0.0	0.0	0.0	0.0	0.0	0.0	0.0	0.0	0.0	1.405E-4	0.0	1.106E-4	0.0	0.0	0.0	0.0	0.0	0.0	0.0	0.0	0.0	0.0	0.0	0.0	0.0	0.0	0.0	0.0	0.0	0.0	0.0	0.0	0.0	0.0	0.0	0.0	0.0	0.0	0.0	0.0	0.0	0.0	0.0	
Dickcissel	0.0033245	0.0011534	7.611E-4	5.51E-4	0.0	0.0	0.0	0.0	0.0015	0.0	0.0	1.183E-4	0.0	0.0	0.0	0.0	0.0015	2.111E-4	0.0	4.979E-4	0.0	0.0	5.873E-4	4.752E-4	0.0	0.0	0.0	1.476E-4	1.951E-4	0.0021925	9.73E-4	0.0067278	0.0056359	0.0080872	0.0093647	0.0103659	0.0087406	0.0118033	0.0132939	0.0050112	0.0026672	6.03E-4	2.198E-4	0.0026488	0.0	2.198E-4	1.605E-4	0.0015	
passerine sp.	0.0014667	0.0029476	0.0013954	0.0028653	0.0025295	0.0043132	0.003259	0.0025867	0.0029304	0.0028121	0.0024951	0.0022483	0.0023084	0.0033537	0.0037937	0.0036371	0.0030977	0.0031666	0.0043473	0.0019914	0.0025559	0.0043034	0.0048943	0.0060193	0.0038133	0.0067689	0.0048027	0.0035435	0.0054634	0.0059797	0.0046702	0.0062385	0.0065499	0.0116034	0.0086302	0.0071646	0.0101677	0.0090164	0.0090473	0.0089674	0.0043818	0.0056281	0.0072543	0.0029276	0.0039501	0.007033	0.0028897	0.0020796	
bird sp.	6.845E-4	8.971E-4	6.343E-4	5.51E-4	6.745E-4	0.0011763	0.0048027	6.898E-4	3.663E-4	7.499E-4	7.129E-4	9.466E-4	0.0010773	0.0011665	0.0011241	0.0013907	0.0015488	0.0027444	0.0017389	9.957E-4	0.0020767	0.0014345	0.0015662	0.0012672	0.0018159	0.0013936	0.0016705	0.0014765	0.0013659	0.0023919	0.0019459	0.0018349	0.0013709	0.0014065	0.0029379	0.0025915	8.919E-4	0.0014754	0.0016617	0.0029012	0.0013336	0.001608	0.0030776	0.0015335	0.0010395	8.791E-4	0.0011238	0.0018905	

