









Frequency of observations in the selected location(s).:
Number of taxa: 	547

	Jan				Feb				Mar				Apr				May				Jun				Jul				Aug				Sep				Oct				Nov				Dec				
Sample Size:	5479.0	3406.0	3549.0	3707.0	2738.0	3359.0	4765.0	2992.0	2483.0	2305.0	2586.0	3737.0	2674.0	2997.0	2974.0	4149.0	3527.0	3697.0	3122.0	3608.0	2506.0	2560.0	2164.0	2228.0	1627.0	1641.0	1583.0	2439.0	1669.0	1842.0	1732.0	2781.0	2209.0	2218.0	2303.0	2691.0	2145.0	2414.0	2265.0	2965.0	2477.0	2566.0	2491.0	3303.0	2200.0	2571.0	3031.0	4482.0	

Emu	0.0	0.0	0.0	0.0	0.0	0.0	0.0	0.0	0.0	0.0	0.0	0.0	0.0	0.0	0.0	0.0	0.0	0.0	0.0	0.0	0.0	0.0	0.0	0.0	0.0	0.0	0.0	0.0	0.0	0.0	5.774E-4	0.0	0.0	0.0	0.0	0.0	0.0	0.0	0.0	0.0	0.0	0.0	0.0	0.0	0.0	0.0	0.0	0.0	
Black-bellied Whistling-Duck	0.0	0.0	0.0	0.0	0.0	0.0	0.0	0.0	0.0	0.0	0.0	0.0	0.0	0.0	0.0	0.0	0.0	0.0	0.0051249	0.0013858	0.0051875	0.0066406	0.0134011	0.0031418	6.146E-4	0.0	0.004422	0.0	0.0	0.0	0.0	0.0	0.0	0.0	0.0	0.0	0.0	0.0	0.0	0.0	0.0	0.0	0.0	0.0	0.0	0.0	0.0	0.0	
Fulvous Whistling-Duck	0.0	0.0	0.0	0.0	0.0	0.0	0.0	0.0	0.0	0.0	0.0	0.0	0.0	0.0	0.0	0.0	0.0	0.0	0.0015	0.0	0.0	0.0	0.0	0.0	0.0	0.0	0.0	0.0	0.0	0.0	0.0	0.0	0.0	0.0	0.0	0.0	0.0	0.0	0.0	0.0	0.0	0.0	0.0015	0.0015	0.0	0.0	0.0	0.0	
Snow Goose	0.0156963	0.0170288	0.0067625	0.0072835	0.0065741	0.0026794	0.0037775	0.0043449	0.0044301	0.0078091	0.0042537	0.0021408	0.0011219	0.0026693	0.00269	0.0016872	0.0015	2.705E-4	0.0	0.0	3.99E-4	0.0023437	0.0032348	0.0058348	0.0067609	0.0085314	0.0037903	0.00369	0.0	5.429E-4	0.0	7.192E-4	9.054E-4	0.0	4.342E-4	0.0022297	0.0051282	0.006628	0.004415	0.0074199	0.0044409	0.0066251	0.0056202	0.0069634	0.0159091	0.042396	0.0155064	0.0162874	
Ross's Goose	0.0015	0.0032296	0.0	2.698E-4	3.652E-4	0.0	4.197E-4	0.0	4.027E-4	0.0017354	7.734E-4	0.0026759	3.74E-4	0.0015	0.0	0.0	0.0	0.0	0.0	0.0	0.0	0.0	0.0	0.0	0.0	0.0	0.0	0.0	0.0	0.0	0.0	0.0	0.0	0.0	0.0	0.0	0.0	0.0	0.0	0.0	0.0015	3.897E-4	4.014E-4	0.0	0.0	0.0295605	3.299E-4	2.231E-4	
Snow x Ross's Goose (hybrid)	0.0	2.936E-4	0.0	2.698E-4	0.0	0.0	0.0	0.0	0.0	0.0	0.0	0.0	0.0	0.0	0.0	0.0	0.0	0.0	0.0	0.0	0.0	0.0	0.0	0.0	0.0	0.0	0.0	0.0	0.0	0.0	0.0	0.0	0.0	0.0	0.0	0.0	0.0	0.0	0.0	0.0	0.0	0.0	0.0	0.0	4.545E-4	0.0	0.0	0.0	
Snow/Ross's Goose	0.0	0.0	0.0	0.0	0.0	0.0	0.0	0.0	0.0	0.0	0.0	0.0	0.0	0.0	0.0	0.0	0.0	0.0	0.0	0.0	0.0	0.0	0.0	0.0	0.0	0.0	0.0	0.0	0.0	0.0	0.0	0.0	0.0	0.0	0.0	0.0	0.0	0.0	0.0	0.0	0.0	0.0	0.0	0.0015	0.0015	0.0	0.0	0.0	
Graylag Goose	3.65E-4	0.0	0.0	0.0	3.652E-4	0.0	2.099E-4	0.0	0.0	0.0	0.0	0.0	0.0	0.0	3.362E-4	0.0	0.0	2.705E-4	0.0015	2.772E-4	3.99E-4	3.906E-4	0.0	0.0	0.0	0.0	6.317E-4	0.0	0.0	0.0	0.0	0.0	4.527E-4	0.0	0.0015	0.0	0.0	0.0	4.415E-4	0.0	4.037E-4	0.0	0.0	0.0	4.545E-4	0.0	3.299E-4	2.231E-4	
Swan Goose	1.825E-4	2.936E-4	0.0	0.0	0.0015	2.977E-4	4.197E-4	0.0	0.0	0.0015	3.867E-4	0.0	3.74E-4	6.673E-4	0.0	2.41E-4	0.0	5.41E-4	0.0	0.0	0.0	3.906E-4	0.0	0.0	6.146E-4	6.094E-4	6.317E-4	4.1E-4	5.992E-4	5.429E-4	0.0	7.192E-4	0.0	4.509E-4	0.0015	0.0	0.0015	4.143E-4	0.0	3.373E-4	0.0	0.0	0.0	0.0	0.0	3.89E-4	3.299E-4	2.231E-4	
Greater White-fronted Goose	0.0014601	8.808E-4	0.0019724	0.0013488	3.652E-4	0.0011908	6.296E-4	3.342E-4	4.027E-4	0.0	0.0	0.0	0.0	0.0	0.0	0.0	0.0	0.0	0.0	0.0	0.0	0.0	0.0	0.0	0.0	0.0	0.0	0.0	0.0	0.0	0.0	0.0	0.0	0.0	0.0	0.0	0.0	0.0	0.0	0.0	0.0	0.0	0.0084303	3.028E-4	0.0054545	0.0194477	0.0019795	6.693E-4	
Tundra Bean-Goose	0.0	0.0	0.0	0.0	0.0	0.0	0.0	0.0	0.0	0.0	0.0	0.0	0.0	0.0	0.0	0.0	0.0	0.0	0.0	0.0	0.0	0.0	0.0	0.0	0.0	0.0	0.0	0.0	0.0	0.0	0.0	0.0	0.0	0.0	0.0	0.0	0.0	0.0	0.0	0.0	0.0343157	0.0249415	0.0076275	0.0030276	0.0068182	0.0194477	0.0036292	0.0055779	
Taiga/Tundra Bean-Goose	0.0	0.0	0.0	0.0	0.0	0.0	0.0	0.0	0.0	0.0	0.0	0.0	0.0	0.0	0.0	0.0	0.0	0.0	0.0	0.0	0.0	0.0	0.0	0.0	0.0	0.0	0.0	0.0	0.0	0.0	0.0	0.0	0.0	0.0	0.0	0.0	0.0	0.0	0.0	0.0	8.074E-4	0.0	0.0	0.0	0.0	3.89E-4	0.0	0.0	
Pink-footed Goose	0.0067531	0.0064592	0.0064807	0.0029674	0.0021914	0.0032748	0.0056663	0.0020053	0.0	0.0	0.0	0.0	0.0	0.0	0.0	0.0	0.0	0.0	0.0	0.0	0.0	0.0	0.0	0.0	0.0	0.0	0.0	0.0	0.0	0.0	0.0	0.0	0.0	0.0	0.0	0.0	0.0	0.0	0.0	0.0	0.0234154	0.0058457	0.0044159	0.0039358	0.01	3.89E-4	0.0108875	0.0075859	
Domestic goose sp. (Domestic type)	1.825E-4	0.0	8.453E-4	0.0	7.305E-4	5.954E-4	0.001469	6.684E-4	0.0012082	8.677E-4	0.0015468	5.352E-4	7.479E-4	3.337E-4	3.362E-4	0.0015	2.835E-4	2.705E-4	0.0	2.772E-4	3.99E-4	3.906E-4	4.621E-4	0.0	0.0	0.0	0.0	0.00205	5.992E-4	0.0010858	5.774E-4	0.0010787	4.527E-4	4.509E-4	0.0	0.0	4.662E-4	0.0	4.415E-4	0.0	0.0	0.0	0.0	3.028E-4	0.0	3.89E-4	3.299E-4	4.462E-4	
Anser sp.	0.0	0.0	0.0	0.0	0.0	0.0	0.0	0.0	0.0	0.0	0.0	0.0	0.0	0.0	0.0	0.0	0.0	0.0	0.0	0.0	0.0	0.0	0.0	0.0	0.0	0.0	0.0	0.0	0.0	0.0	0.0	0.0	0.0	0.0	0.0	0.0	0.0	0.0	0.0	0.0	0.0	0.0	0.0	0.0	0.0	3.89E-4	0.0	0.0	
Brant	0.3327249	0.351145	0.3124824	0.3215538	0.3042367	0.2226853	0.1775446	0.2891043	0.3101087	0.3310195	0.2965971	0.3085363	0.2984293	0.2819486	0.304304	0.2656062	0.2313581	0.2301866	0.2303011	0.094235	0.0387071	0.0277344	0.0221811	0.013465	0.0092194	0.0097502	0.013266	0.0053301	0.0017975	0.0108578	0.0138568	0.0161812	0.01177	0.0121731	0.0056448	0.0141211	0.039627	0.1416736	0.2724062	0.3440135	0.331853	0.360873	0.3576877	0.3505904	0.3359091	0.3068845	0.2124711	0.3458278	
Snow Goose x Brant (hybrid)	0.0	0.0	0.0	0.0	0.0	0.0	0.0	3.342E-4	0.0	0.0	0.0	0.0	0.0	0.0	0.0	0.0	0.0	0.0	0.0	0.0	0.0	0.0	0.0	0.0	0.0	0.0	0.0	0.0	0.0	0.0	0.0	0.0	0.0	0.0	0.0	0.0	0.0	0.0	0.0	0.0	0.0	0.0	0.0	0.0	0.0	0.0	0.0	0.0	
Barnacle Goose	3.65E-4	5.872E-4	0.0015	2.698E-4	0.0	5.954E-4	0.001469	0.0	0.0015	0.0	0.0	0.0	0.0	0.0	0.0	0.0	0.0	0.0	0.0	0.0	0.0	0.0	0.0	0.0	0.0	0.0	0.0	0.0	0.0	0.0	0.0	0.0	0.0	0.0	0.0	0.0	0.0	0.0	0.0	0.0	0.0	0.0	0.0	0.0015	0.0	0.0	0.0	0.0015	
Cackling Goose	0.006023	0.0123312	0.007326	0.0037766	0.0029218	8.931E-4	0.0035677	3.342E-4	0.0028192	0.0030369	7.734E-4	0.001338	0.0	0.0	0.0	0.0	0.0	0.0	0.0	0.0	0.0	0.0	0.0	0.0	0.0	0.0	0.0	0.0	0.0	0.0	0.0	0.0	0.0	0.0	0.0	3.716E-4	4.662E-4	0.0012428	0.0	0.0010118	0.0	0.0058457	0.0012043	0.0057523	0.0031818	0.0015558	0.0046189	0.0066934	
Canada Goose	0.5420697	0.5369935	0.5252184	0.5082277	0.5259313	0.3986305	0.367681	0.5608289	0.5722916	0.5709328	0.558778	0.5782713	0.5680628	0.5398732	0.5416947	0.516028	0.4726396	0.4657831	0.4670083	0.4686807	0.4425379	0.3792969	0.3622921	0.3810592	0.3792256	0.4229129	0.4535692	0.4907749	0.4895147	0.4679696	0.4405312	0.4358145	0.4101403	0.4156898	0.4085975	0.4619101	0.4857809	0.5028998	0.5165563	0.5136594	0.5308841	0.5187062	0.5218788	0.5237663	0.5468182	0.5639829	0.5153415	0.5305667	
Swan x Canada Goose (hybrid)	0.0	0.0	0.0	2.698E-4	0.0	0.0011908	4.197E-4	0.0	0.0	0.0	0.0	2.676E-4	3.74E-4	3.337E-4	0.0	0.0	2.835E-4	0.0015	0.0	2.772E-4	3.99E-4	3.906E-4	4.621E-4	0.0015	0.0	6.094E-4	0.0	4.1E-4	5.992E-4	0.0	0.0	0.0010787	0.0	0.0	4.342E-4	0.0015	4.662E-4	0.0	4.415E-4	0.0	4.037E-4	0.0	0.0	3.028E-4	0.0	0.0	3.299E-4	0.0	
Greater White-fronted x Canada Goose (hybrid)	0.0	0.0	5.635E-4	2.698E-4	0.0	0.0	0.0	0.0	0.0	0.0	0.0	0.0	0.0	0.0	0.0	0.0	0.0	0.0	0.0	0.0	0.0	0.0	0.0	0.0	0.0	0.0	0.0	0.0	0.0	0.0	0.0	0.0	0.0	0.0	0.0	0.0	0.0	0.0	0.0	0.0	0.0	0.0	0.0	0.0	0.0	0.0	0.0	0.0	
Domestic goose sp. x Canada Goose (hybrid)	0.0	2.936E-4	0.0	0.0	0.0	0.0	0.0	0.0	0.0	0.0	0.0	0.0	0.0	0.0	0.0	0.0	0.0	0.0	0.0	2.772E-4	0.0	3.906E-4	0.0	0.0	0.0	0.0	0.0	0.00123	0.0	0.0	0.0	0.0	0.0	0.0	0.0	0.0	0.0	4.143E-4	0.0	0.0	0.0	0.0	0.0	0.0	0.0015	0.0	3.299E-4	0.0	
Snow x Canada Goose (hybrid)	0.0	0.0015	0.0	0.0	0.0	0.0	0.0	0.0	0.0	0.0	0.0	0.0	0.0	0.0	0.0	0.0	0.0	0.0	0.0	0.0	0.0	0.0	0.0	0.0	0.0	0.0	0.0	0.0	0.0	0.0	0.0	0.0	0.0	0.0	0.0	0.0	0.0	0.0	0.0	0.0	0.0	0.0	0.0	0.0	0.0	0.0	0.0	0.0	
Cackling/Canada Goose	9.126E-4	5.872E-4	5.635E-4	8.093E-4	3.652E-4	5.954E-4	0.0018888	6.684E-4	0.001611	0.0013015	3.867E-4	5.352E-4	0.0	0.0	0.0	0.0	0.0	0.0	0.0	0.0	0.0	0.0	0.0	0.0	0.0	0.0	0.0	0.0	0.0	0.0	0.0	0.0	0.0	0.0	0.0	0.0	4.662E-4	4.143E-4	0.0013245	0.0010118	4.037E-4	7.794E-4	8.029E-4	9.083E-4	0.0013636	0.0011669	0.0015	6.693E-4	
Mute Swan	0.2171929	0.2072813	0.2096365	0.1944969	0.1877283	0.1321822	0.1330535	0.2242647	0.2094241	0.213449	0.2409126	0.2421729	0.2307405	0.2098765	0.2078009	0.1836587	0.161894	0.1341628	0.1201153	0.1155765	0.1161213	0.0964844	0.1044362	0.1238779	0.1087892	0.1035954	0.1017056	0.1455515	0.1360096	0.135722	0.1275982	0.1380798	0.1281123	0.125789	0.1441598	0.1456708	0.1435897	0.1234466	0.1474614	0.1615514	0.1756157	0.187841	0.1979125	0.1825613	0.2227273	0.2302606	0.1794787	0.1892012	
Tundra Swan	0.0036503	5.872E-4	0.0014088	0.0018883	0.0	0.0	4.197E-4	3.342E-4	0.0	0.0	0.0	0.0	0.0	0.0	0.0	0.0	0.0	0.0	0.0	0.0	0.0	0.0	0.0	0.0	0.0	0.0	0.0	0.0	0.0	0.0	0.0	0.0	0.0	0.0	0.0	0.0	0.0	0.0	0.0	0.0	0.0	0.0015	8.029E-4	9.083E-4	0.0	0.0011669	0.0	0.0011156	
swan sp.	0.0	5.872E-4	2.818E-4	2.698E-4	7.305E-4	0.0	2.099E-4	0.0	4.027E-4	0.0	7.734E-4	2.676E-4	0.0	0.0	0.0	0.0	0.0	0.0	0.0	0.0	0.0	0.0	0.0	0.0	0.0	0.0	0.0	0.0	0.0	0.0	0.0	0.0	0.0	0.0	0.0	0.0	0.0	0.0	0.0	0.0	0.0015	7.794E-4	4.014E-4	3.028E-4	0.0	0.0015	3.299E-4	6.693E-4	
goose sp.	3.65E-4	0.0	0.0	5.395E-4	7.305E-4	2.977E-4	8.395E-4	3.342E-4	0.0	4.338E-4	7.734E-4	0.0	3.74E-4	0.0	3.362E-4	0.0	5.671E-4	2.705E-4	3.203E-4	2.772E-4	3.99E-4	0.0	0.0015	0.0013465	0.0	0.0015	0.0	4.1E-4	0.0	0.0	5.774E-4	0.0	0.0	0.0	4.342E-4	0.0	4.662E-4	0.0	0.0	3.373E-4	0.0024223	3.897E-4	4.014E-4	3.028E-4	4.545E-4	7.779E-4	0.0	6.693E-4	
Egyptian Goose	0.0	0.0	0.0	0.0	0.0	0.0	0.0	0.0	0.0	0.0	0.0	0.0	0.0	0.0	0.0	0.0015	0.0	0.0	0.0	0.0	0.0	0.0	0.0	0.0	0.0	0.0	0.0	0.0	0.0	0.0	0.0	0.0	0.0	0.0	0.0	0.0	0.0	0.0	0.0	0.0	0.0	0.0	0.0	0.0	0.0	0.0	0.0	0.0	
Muscovy Duck	0.0014601	0.001468	8.453E-4	2.698E-4	0.0029218	2.977E-4	0.0010493	0.0013369	8.055E-4	8.677E-4	0.0027069	0.0016056	0.0014959	0.0016683	0.0016812	7.231E-4	5.671E-4	2.705E-4	0.0	8.315E-4	0.0019952	7.813E-4	9.242E-4	0.0	6.146E-4	0.0	0.0	0.0015	0.0	5.429E-4	5.774E-4	3.596E-4	4.527E-4	4.509E-4	8.684E-4	3.716E-4	4.662E-4	0.0	0.0	6.745E-4	0.0	3.897E-4	0.0012043	9.083E-4	0.0018182	0.0019448	6.598E-4	6.693E-4	
Wood Duck	0.0083957	0.0135056	0.0081713	0.006744	0.0065741	0.0053587	0.0096537	0.0354278	0.0281917	0.0373102	0.0638051	0.0706449	0.0826477	0.0640641	0.0800269	0.0872499	0.083924	0.0603192	0.0329917	0.0260532	0.0235435	0.0179687	0.0106285	0.0175045	0.0110633	0.0109689	0.0082123	0.0209102	0.0155782	0.0200869	0.028291	0.0262496	0.0262562	0.0356177	0.0351715	0.039019	0.044289	0.0439105	0.0481236	0.041484	0.0524828	0.0393609	0.0305098	0.0202846	0.0227273	0.0151692	0.017486	0.0049085	
Mandarin Duck	3.65E-4	0.0	0.0	0.0	0.0	0.0	0.0	0.0	0.0	0.0	0.0	0.0	0.0015	0.0	0.0	0.0	0.0	0.0	0.0	0.0	0.0	0.0	0.0	0.0	0.0	0.0	0.0	0.0	0.0	0.0	0.0	0.0	0.0	0.0	0.0	0.0	0.0	0.0	0.0	0.0	0.0	0.0	0.0	0.0015	0.0	0.0	3.299E-4	0.0015	
Blue-winged Teal	0.0100383	0.0032296	0.0019724	0.0021581	3.652E-4	0.0011908	4.197E-4	3.342E-4	0.0015	4.338E-4	0.003867	0.0120417	0.0347794	0.0467134	0.0262273	0.0122921	0.0144599	0.0094671	0.0044843	0.0038803	3.99E-4	0.0011719	9.242E-4	0.0013465	0.0018439	0.0	6.317E-4	4.1E-4	0.0023966	0.0032573	0.0046189	0.0133046	0.017655	0.0193868	0.0134607	0.0141211	0.0135198	0.0103563	0.0066225	0.0043845	0.005652	0.0050663	0.0016058	0.0018165	0.0018182	0.0035006	0.0013197	0.0011156	
Northern Shoveler	0.152035	0.101879	0.0890392	0.0811977	0.0770636	0.0526943	0.0514166	0.0962567	0.0765203	0.0780911	0.0989946	0.1046294	0.0890052	0.0550551	0.0329523	0.0098819	0.0028353	0.0013524	0.0025625	0.0013858	3.99E-4	0.0011719	4.621E-4	8.977E-4	0.0	0.0	0.0031586	4.1E-4	0.0029958	0.0016287	0.0011547	0.004315	0.0049796	0.0076646	0.0086843	0.0092902	0.0125874	0.0095278	0.013245	0.0202361	0.0532903	0.0728761	0.0818948	0.0829549	0.1140909	0.1077402	0.0494886	0.0919232	
Gadwall	0.1617083	0.1236054	0.1279234	0.1043971	0.1051863	0.0693659	0.0686254	0.128008	0.1087394	0.1097614	0.1361176	0.1188119	0.0957367	0.0704037	0.0480834	0.0228971	0.0153105	0.0110901	0.0176169	0.0216186	0.0143655	0.03125	0.0198706	0.016158	0.0073755	0.0085314	0.0113708	0.0090201	0.0089874	0.009772	0.0080831	0.0118662	0.0049796	0.003156	0.0082501	0.0111483	0.016317	0.014913	0.0264901	0.0354132	0.0710537	0.0857366	0.0935367	0.1023312	0.1386364	0.1275768	0.0946882	0.1057564	
Eurasian Wigeon	0.0069356	0.0082208	0.0045083	0.0018883	0.0036523	0.0011908	4.197E-4	3.342E-4	0.001611	8.677E-4	3.867E-4	0.0018732	0.0	3.337E-4	6.725E-4	7.231E-4	2.835E-4	5.41E-4	0.0	0.0	0.0	0.0	0.0	0.0	0.0	0.0	0.0	0.0	0.0	0.0	0.0	0.0	0.0	0.0	0.0	0.0	0.0	0.0	4.415E-4	0.0030354	0.0044409	0.0038971	0.0048173	0.0042386	0.0168182	0.008557	0.0062686	0.0029005	
American Wigeon	0.0766563	0.0604815	0.0681882	0.0739142	0.0609934	0.0404882	0.0379853	0.0752005	0.070882	0.0629067	0.0668987	0.0561948	0.0332835	0.0146813	0.0124412	0.0067486	0.0087893	0.0	0.0	0.0	0.0	0.0	0.0	0.0	0.0	6.094E-4	0.0	0.0	0.0	0.0	0.0	0.0010787	0.0013581	9.017E-4	0.006079	0.0089186	0.0097902	0.0103563	0.019426	0.0350759	0.062172	0.0724864	0.0553994	0.0590372	0.0722727	0.0816803	0.0554273	0.0582329	
Eurasian x American Wigeon (hybrid)	0.0	2.936E-4	0.0	2.698E-4	3.652E-4	0.0	0.0	0.0	0.0	0.0	0.0	0.0	0.0	0.0	3.362E-4	0.0	0.0	0.0	0.0	0.0	0.0	0.0	0.0	0.0	0.0	0.0	0.0	0.0	0.0	0.0	0.0	0.0	0.0	0.0	0.0	0.0	0.0	0.0	0.0	0.0	0.0	3.897E-4	0.0	0.0	0.0	3.89E-4	3.299E-4	2.231E-4	
Mallard	0.4354809	0.3984146	0.4054663	0.3916914	0.3897005	0.2724025	0.2684155	0.4284759	0.4265002	0.4290672	0.4512761	0.4824726	0.4973822	0.4631298	0.4630128	0.4644493	0.4113978	0.3922099	0.3840487	0.3971729	0.4094174	0.3695312	0.3530499	0.3482944	0.2771973	0.2687386	0.2482628	0.2439524	0.2516477	0.2301846	0.256351	0.2581805	0.2417383	0.248422	0.2435953	0.2597547	0.2680653	0.2597349	0.2547461	0.3072513	0.334679	0.349961	0.3954235	0.3599758	0.4163636	0.45352	0.3731442	0.4096386	
Muscovy Duck x Mallard (hybrid)	0.0	2.936E-4	0.0	0.0	0.0	0.0	0.0	0.0	0.0	0.0	0.0	0.0	0.0	0.0	0.0	0.0	0.0	0.0	0.0	0.0	0.0	0.0	0.0	0.0	0.0	0.0	0.0	0.0	0.0	0.0	0.0	0.0	0.0	0.0	0.0	0.0	0.0	0.0	0.0	0.0	0.0	0.0	0.0	0.0	0.0	0.0	0.0	0.0	
American Black Duck	0.351159	0.3364651	0.3082558	0.3113029	0.3108108	0.2030366	0.1842602	0.3078209	0.300443	0.2950108	0.2853828	0.263848	0.2266268	0.1611612	0.1180229	0.0708604	0.0416785	0.0286719	0.0301089	0.0249446	0.0239425	0.0175781	0.0152495	0.0197487	0.016595	0.015844	0.0303222	0.0237802	0.040743	0.0233442	0.034642	0.0435095	0.0402897	0.0468891	0.0568823	0.0784095	0.0993007	0.1263463	0.1726269	0.2064081	0.2583771	0.2883866	0.3139301	0.3227369	0.3363636	0.3461688	0.2949522	0.3275324	
Mallard x American Black Duck (hybrid)	0.0146012	0.0079272	0.0070442	0.005665	0.0058437	0.0056564	0.0056663	0.0083556	0.0052356	0.0052061	0.0050271	0.0032111	0.0056096	0.0033367	0.001345	4.82E-4	5.671E-4	5.41E-4	6.406E-4	5.543E-4	7.981E-4	0.0011719	0.0027726	8.977E-4	0.0012293	0.0018282	0.0031586	0.00328	0.0017975	0.0021716	0.0023095	0.0014383	0.0018108	0.0018034	0.0026053	0.0022297	0.0027972	0.0041425	0.0013245	0.0013491	0.0036334	0.0058457	0.0048173	0.0072661	0.0068182	0.0089459	0.0069284	0.0124944	
Mallard/American Black Duck	0.0010951	0.0020552	8.453E-4	0.0013488	0.0032871	8.931E-4	8.395E-4	0.0013369	0.0032219	0.0	0.0015468	2.676E-4	0.0	0.001001	0.0	2.41E-4	5.671E-4	0.0	0.0	0.0	0.0	7.813E-4	0.0	0.0	0.0	0.0	0.0	8.2E-4	0.0	0.0010858	5.774E-4	0.0010787	4.527E-4	0.0013526	8.684E-4	7.432E-4	9.324E-4	0.0012428	4.415E-4	6.745E-4	8.074E-4	7.794E-4	0.0012043	0.0018165	9.091E-4	0.0027227	0.0016496	0.0015618	
Northern Pintail	0.0655229	0.0478567	0.0456467	0.0431616	0.0467495	0.0241143	0.0216159	0.0360963	0.037052	0.0195228	0.0197216	0.0163233	0.0044877	0.0033367	0.001345	2.41E-4	5.671E-4	2.705E-4	3.203E-4	0.0015	7.981E-4	3.906E-4	0.0	0.0	0.0012293	0.0	0.0	0.0	5.992E-4	0.0	0.0	3.596E-4	0.0013581	9.017E-4	0.0017369	0.0026013	0.0060606	0.0062138	0.010596	0.0209106	0.0327008	0.0366329	0.03332	0.0345141	0.0454545	0.0388954	0.0323326	0.0339134	
Green-winged Teal	0.0748312	0.0504991	0.0470555	0.0528729	0.0620891	0.0291753	0.0316894	0.0638369	0.0680628	0.0880694	0.1028616	0.1110516	0.0972326	0.0837504	0.0662408	0.0279585	0.0096399	0.0024344	0.0032031	0.0019401	0.0011971	0.0015625	0.0	0.0017953	0.0024585	0.0012188	0.0031586	0.0041	0.0047933	0.0076004	0.006351	0.0118662	0.0239928	0.0193868	0.0269214	0.0289855	0.0335664	0.036454	0.0467991	0.0569983	0.0637868	0.0791115	0.0911281	0.0678171	0.0745455	0.0704006	0.0395909	0.0533244	
Anas sp.	0.0	0.0	0.0	2.698E-4	0.0	0.0	0.0	0.0	0.0	0.0	0.0	0.0	0.0	0.0	0.0	0.0	0.0	0.0	0.0	0.0	0.0	0.0	0.0	0.0	0.0	0.0	0.0	0.0	0.0	0.0	0.0	0.0	0.0	0.0	0.0	0.0	0.0	4.143E-4	0.0	0.0	0.0	0.0	0.0	0.0	0.0	0.0	0.0	0.0	
dabbling duck sp.	1.825E-4	2.936E-4	0.0	2.698E-4	0.0	0.0	0.0	0.0	0.0	0.0	0.0	0.0	0.0	0.0	0.0	0.0	0.0	0.0	0.0	0.0	0.0	0.0	0.0	0.0	0.0	0.0	6.317E-4	0.0	0.0	0.0	0.0	0.0	0.0	0.0	0.0	0.0	0.0	0.0	0.0013245	0.0	0.0	3.897E-4	0.0	0.0	0.0	3.89E-4	3.299E-4	2.231E-4	
Red-crested Pochard	0.0	0.0	0.0	0.0	0.0	0.0	0.0	0.0	0.0	0.0	0.0	0.0	0.0	0.0	0.0	0.0	0.0	0.0	0.0	0.0	0.0	0.0	0.0	0.0	0.0	0.0	0.0	0.0	0.0	0.0	0.0	0.0	0.0	0.0	0.0	0.0	0.0	0.0	0.0	0.0	0.0	0.0	0.0	0.0	0.0	0.0	3.299E-4	0.0015	
Canvasback	0.0051104	0.005872	0.0078895	0.0021581	0.0029218	0.0023817	0.0033578	0.0070187	0.0044301	0.0013015	0.0112142	0.0064223	3.74E-4	0.0	0.0010087	7.231E-4	0.0	0.0	3.203E-4	0.0	0.0	0.0	0.0	0.0	0.0	0.0	0.0	0.0	0.0	0.0	0.0	0.0	0.0	0.0	0.0	0.0	0.0	0.0	0.0	6.745E-4	4.037E-4	3.897E-4	8.029E-4	3.028E-4	0.0013636	0.0015558	0.0023095	0.0013387	
Redhead	0.0268297	0.0217264	0.021978	0.0207715	0.0241052	0.0217327	0.01532	0.035762	0.0358437	0.0342733	0.0297757	0.0168584	0.013463	0.0033367	0.0023537	0.0	0.0	0.0	0.0	0.0	0.0	0.0	0.0	0.0	0.0	0.0	0.0	0.0	0.0	0.0	0.0	0.0	0.0	4.509E-4	0.0	0.0	0.0	0.0	0.0	3.373E-4	8.074E-4	0.0058457	0.0032116	0.0063579	0.0168182	0.0093349	0.0052788	0.009817	
Ring-necked Duck	0.0863296	0.0713447	0.0659341	0.0650121	0.0719503	0.0446561	0.043022	0.1072861	0.0898107	0.0806941	0.1144625	0.1003479	0.0983545	0.0643977	0.0168124	0.0069896	0.0031188	2.705E-4	0.0	0.0	0.0015	3.906E-4	0.0	0.0	0.0	0.0	0.0	0.0	0.0	0.0	0.0	0.0	0.0	0.0	0.0	0.0	9.324E-4	0.0	0.005298	0.0121417	0.0262414	0.0354638	0.0365315	0.043294	0.0640909	0.0552314	0.0320026	0.0437305	
Tufted Duck	9.126E-4	0.0017616	0.0070442	2.698E-4	0.0	2.977E-4	0.0	0.0	0.0	0.0	7.734E-4	0.0	0.0	0.0	0.0	0.0	0.0	0.0	0.0	0.0	0.0	0.0	0.0	0.0	0.0	0.0	0.0	0.0	0.0	0.0	0.0	0.0	0.0	0.0	0.0	0.0	0.0	0.0	0.0	0.0	0.0	0.0	0.0	0.0	0.0	0.0	0.0	0.0	
Greater Scaup	0.1177222	0.1564885	0.1721612	0.1510656	0.1435354	0.111045	0.0768101	0.1256684	0.1236408	0.1075922	0.0796597	0.048167	0.0336574	0.021021	0.0147949	0.0074717	0.0062376	0.0059508	0.012492	0.0063747	0.0067837	0.0066406	0.0018484	0.0040395	0.0036878	0.0067032	0.004422	0.0069701	0.0089874	0.0086862	0.006351	0.004315	0.0022635	0.003156	8.684E-4	0.0081754	0.0097902	0.0053853	0.005298	0.008769	0.0213969	0.0237724	0.0272983	0.027248	0.0431818	0.0645663	0.095678	0.1137885	
Lesser Scaup	0.0419785	0.0452143	0.0510003	0.0401942	0.0427319	0.0351295	0.0235047	0.046123	0.0386629	0.0342733	0.0409899	0.0227455	0.0216904	0.012012	0.0077337	0.0033743	5.671E-4	0.001082	0.0019218	2.772E-4	0.0	0.0	0.0	4.488E-4	0.0	0.0	0.0	0.00123	0.0	0.0	0.0	0.0	0.0	0.0	0.0	7.432E-4	4.662E-4	8.285E-4	0.001766	0.0030354	0.0068631	0.014809	0.0160578	0.013624	0.0154545	0.0213925	0.0293632	0.0316823	
Greater/Lesser Scaup	0.0096733	0.0126248	0.0160609	0.0137578	0.0113221	0.0089312	0.0079748	0.0113636	0.0100685	0.0099783	0.0069606	0.0069575	0.0048616	0.003003	0.001345	0.0	0.0	0.0	3.203E-4	0.0	0.0	0.0	0.0	0.0	0.0	6.094E-4	0.0	0.0	0.0	0.0	0.0	0.0	0.0	0.0	0.0	3.716E-4	4.662E-4	8.285E-4	4.415E-4	0.0016863	0.0024223	0.0042868	0.0052188	0.0060551	0.0090909	0.0093349	0.0112174	0.0124944	
Aythya sp.	1.825E-4	0.0	2.818E-4	2.698E-4	0.0	0.0	0.0	0.0	4.027E-4	0.0015	0.0	0.0	0.0	0.0	0.0	0.0	0.0	0.0	0.0	0.0	0.0	0.0	0.0	0.0	0.0	0.0	0.0	0.0	0.0	0.0	0.0	0.0	0.0	0.0	0.0	0.0	0.0	0.0	0.0	0.0	0.0	0.0011691	0.0	0.0	0.0	0.0	0.0	6.693E-4	
King Eider	0.0135061	0.0082208	0.0081713	0.0026976	0.0062089	0.0017862	2.099E-4	0.0023396	8.055E-4	8.677E-4	0.0	0.0	0.0029918	0.0066733	0.0015	0.0	0.0	0.0	9.609E-4	2.772E-4	0.0035914	0.0085938	0.0	0.0	0.0	0.0	0.0	0.0	0.0	0.0	0.0	0.0015	4.527E-4	9.017E-4	8.684E-4	0.0014864	0.0015	0.0015	0.0	0.0	0.0	0.0062354	4.014E-4	0.0060551	0.0095455	0.0027227	0.0019795	0.0089246	
Common Eider	0.1071363	0.1174398	0.101437	0.0898301	0.0916728	0.0515034	0.0308499	0.0518048	0.0418848	0.0425163	0.029389	0.0141825	0.013089	0.0103437	0.0057162	0.0021692	0.0034023	0.0013524	0.0073671	0.0144124	0.009577	0.0117188	0.0124769	0.0094255	0.0110633	0.0195003	0.013266	0.0090201	0.0089874	0.0157438	0.0080831	0.0133046	0.0081485	0.012624	0.0104212	0.0263842	0.0270396	0.0161558	0.0189845	0.0222597	0.0335083	0.0416991	0.0698515	0.1020285	0.0931818	0.0917931	0.0567469	0.1289603	
eider sp.	0.0	2.936E-4	0.0015	0.0	0.0	0.0	0.0	0.0	0.0	0.0	0.0	0.0	0.0	0.0	0.0	0.0	0.0	0.0	0.0	0.0	0.0	0.0	0.0	0.0	0.0	0.0	0.0	0.0	0.0	0.0	0.0	0.0	0.0	0.0	0.0	0.0	0.0	0.0	0.0	0.0	0.0	0.0	0.0	0.0	0.0	0.0	0.0	0.0	
Harlequin Duck	0.0386932	0.0522607	0.0453649	0.0625843	0.068298	0.0512057	0.0295908	0.0454545	0.0378574	0.0368764	0.0270688	0.0235483	0.0145849	0.014014	0.0077337	0.0021692	5.671E-4	5.41E-4	0.0	0.0	0.0	0.0	0.0	0.0	0.0	0.0	0.0	0.0	0.0	0.0	0.0	0.0	0.0	0.0	0.0	0.0	0.0	8.285E-4	0.0	0.0030354	0.0044409	0.0081839	0.0192694	0.0269452	0.0513636	0.0400622	0.0197954	0.0412762	
Surf Scoter	0.0735536	0.0722255	0.0450831	0.0517939	0.0566107	0.0339387	0.0287513	0.0364305	0.0257753	0.0169197	0.012761	0.0189992	0.0119671	0.0066733	0.0084062	0.0084358	0.0059541	0.0119015	0.0121717	0.0066519	0.0131684	0.0363281	0.0161738	0.010772	0.0018439	0.0012188	0.0031586	0.00205	0.0023966	0.0038002	0.0086605	0.0082704	0.0045269	0.0144274	0.0112896	0.0178372	0.0219114	0.0468103	0.0556291	0.0647555	0.0823577	0.0919719	0.0915295	0.0983954	0.0804545	0.0766239	0.0534477	0.0910308	
White-winged Scoter	0.0500091	0.0499119	0.0346577	0.0264365	0.0303141	0.0151831	0.0128017	0.0137032	0.0165123	0.0078091	0.0116009	0.0042815	0.0041137	0.0053387	0.0016812	7.231E-4	8.506E-4	0.0016229	0.0012812	5.543E-4	0.0	0.0011719	0.0013863	0.0040395	0.0015	0.0018282	0.0018951	4.1E-4	0.0047933	0.0010858	0.0046189	0.0010787	0.0022635	0.0022543	0.0021711	0.006689	0.0037296	0.0057995	0.00883	0.0172007	0.0234154	0.0401403	0.0425532	0.0551014	0.0331818	0.0400622	0.038931	0.0528782	
Black Scoter	0.1098741	0.1335878	0.0907298	0.0844349	0.1033601	0.0654957	0.0392445	0.0648396	0.0535642	0.0555315	0.046017	0.0406743	0.026178	0.0283617	0.0245461	0.021451	0.0147434	0.0200162	0.0301089	0.049612	0.0522745	0.0824219	0.0448244	0.0359066	0.026429	0.0274223	0.0379027	0.0373104	0.0473337	0.0705755	0.0444573	0.0453074	0.0316885	0.0383228	0.0425532	0.0706057	0.0578089	0.0898923	0.0980132	0.1015177	0.1275737	0.1235386	0.1144119	0.1310929	0.1163636	0.1143524	0.0775322	0.1318608	
Surf/Black Scoter	0.0036503	5.872E-4	0.0033812	0.0024278	0.0032871	0.0017862	0.0010493	0.0016711	4.027E-4	0.0017354	0.0019335	0.0026759	3.74E-4	0.0013347	6.725E-4	2.41E-4	2.835E-4	0.0015	3.203E-4	0.0011086	7.981E-4	0.0015625	0.0013863	8.977E-4	0.0	0.0	0.0	0.0	0.0	0.0	5.774E-4	0.0	4.527E-4	0.0	0.0	0.0	9.324E-4	0.001657	0.001766	0.0070826	0.0052483	0.005456	0.0048173	0.0066606	0.0068182	0.0038895	0.0036292	0.0044623	
scoter sp.	0.0043804	0.0046976	0.0042265	0.0051254	0.0043828	0.0032748	0.0027282	0.0086898	0.0032219	0.0039046	0.0011601	0.0016056	0.0033657	0.0016683	0.0010087	9.641E-4	0.0	8.115E-4	6.406E-4	8.315E-4	0.0011971	0.0015625	0.0018484	8.977E-4	6.146E-4	0.0015	0.0	0.0	0.0	5.429E-4	0.0	0.0	0.0	0.0	0.0	0.0014864	0.0013986	0.0028998	0.001766	0.0070826	0.0133226	0.0124708	0.0116419	0.0133212	0.0081818	0.008557	0.0059386	0.009817	
Long-tailed Duck	0.18215	0.2384028	0.2414765	0.2212031	0.2308254	0.1524263	0.1070304	0.1557487	0.1518325	0.15141	0.1160093	0.094996	0.066193	0.0513847	0.0198386	0.0077127	0.0076552	0.0037869	0.0150545	0.0088692	0.0123703	0.0050781	0.0018484	0.0013465	0.0018439	6.094E-4	0.0	0.0	0.0023966	0.0027144	0.0	0.0	0.0	0.0	0.0	0.0	0.0	0.003314	0.0013245	0.0033727	0.0129189	0.0358535	0.0429546	0.0926431	0.1177273	0.134189	0.1553943	0.2324855	
Bufflehead	0.1834276	0.2196124	0.2406312	0.2206636	0.2242513	0.1685025	0.1227702	0.1925134	0.1751913	0.1770065	0.1423047	0.1073053	0.092371	0.0427094	0.0191661	0.0069896	0.0028353	0.0	6.406E-4	0.0	3.99E-4	0.0015625	9.242E-4	0.0	0.0	0.0024375	0.0	0.0	0.0	0.0	0.0	0.0	0.0	0.0	0.0	0.0	0.0015	0.0	4.415E-4	0.0165261	0.0524828	0.0798909	0.1140104	0.1362398	0.1404545	0.1614158	0.2111514	0.2077198	
Common Goldeneye	0.0211717	0.0299472	0.0442378	0.0361478	0.0259313	0.0148854	0.0174187	0.0237299	0.0318164	0.0173536	0.0139211	0.0066899	0.0018699	3.337E-4	0.0	2.41E-4	5.671E-4	8.115E-4	3.203E-4	0.0	0.0	0.0	0.0	0.0	0.0	0.0	0.0	0.0	0.0	0.0	0.0	0.0	0.0	0.0	0.0	0.0	0.0	0.0	0.0	0.0	0.0012111	0.0046765	0.0028101	0.0051468	0.0063636	0.0159471	0.0293632	0.0339134	
Barrow's Goldeneye	0.0016426	0.0017616	0.0016906	0.0016186	0.0010957	0.0014885	0.0025184	3.342E-4	0.0012082	4.338E-4	3.867E-4	2.676E-4	0.0	0.0	0.0	0.0	0.0	0.0	0.0	0.0	0.0	0.0	0.0	0.0	0.0	0.0	0.0	0.0	0.0	0.0	0.0	0.0	0.0	0.0	0.0	0.0	0.0	0.0	0.0	0.0	0.0	0.0015	0.0	0.0	0.0	0.0015	6.598E-4	0.0037929	
Hooded Merganser	0.2640993	0.2155021	0.2206255	0.2050175	0.220599	0.1417088	0.1376705	0.2249332	0.2009666	0.154013	0.1446249	0.1145304	0.0534779	0.0333667	0.0188299	0.0048204	5.671E-4	0.0	9.609E-4	8.315E-4	0.0	3.906E-4	4.621E-4	4.488E-4	0.0	0.0	0.0018951	8.2E-4	0.0	0.0010858	0.0011547	0.0015	0.0	0.0013526	0.0	7.432E-4	4.662E-4	0.001657	0.003532	0.0293423	0.0940654	0.129774	0.1513448	0.1574326	0.2004545	0.2174251	0.1573738	0.1994645	
Common Merganser	0.0284723	0.0322959	0.0321217	0.0512544	0.060263	0.0461447	0.0398741	0.0614973	0.0346355	0.0264642	0.0278422	0.0179288	0.0138369	0.005005	0.0020175	4.82E-4	8.506E-4	0.0015	0.0	0.0	0.0	0.0	0.0	0.0	0.0	0.0	0.0	0.0	0.0	0.0	0.0	0.0	0.0	0.0	0.0	0.0	0.0	0.0	0.0	0.0	4.037E-4	3.897E-4	0.0016058	0.0051468	0.0068182	0.0128355	0.0204553	0.0203034	
Red-breasted Merganser	0.218288	0.263946	0.2696534	0.2756946	0.2965668	0.2051206	0.1624344	0.2590241	0.2553363	0.2537961	0.2285383	0.2041745	0.1802543	0.1244578	0.0837256	0.0390456	0.0206975	0.0110901	0.0134529	0.0063747	0.0079808	0.0054687	0.0018484	0.0022442	6.146E-4	0.0024375	0.004422	0.00328	0.0017975	0.0021716	0.0011547	0.0017979	0.0013581	0.0013526	0.0015	0.001858	0.0018648	0.003314	0.0039735	0.0185497	0.0274526	0.055339	0.0979526	0.1534968	0.1454545	0.1668611	0.1860772	0.2563588	
Common/Red-breasted Merganser	3.65E-4	5.872E-4	5.635E-4	8.093E-4	0.0	5.954E-4	0.0015	3.342E-4	8.055E-4	4.338E-4	0.0015	0.0	0.0	0.0	3.362E-4	4.82E-4	0.0	0.0	3.203E-4	0.0015	0.0	0.0	0.0	0.0	0.0	0.0	0.0	0.0	0.0	0.0	0.0	0.0	0.0	0.0	0.0	0.0	0.0	0.0	0.0	3.373E-4	0.0	0.0	8.029E-4	0.0	4.545E-4	0.0	3.299E-4	4.462E-4	
Ruddy Duck	0.1023909	0.0772167	0.0743872	0.0798489	0.0766983	0.045847	0.0549843	0.1106283	0.0805477	0.0737527	0.1156226	0.1027562	0.1095737	0.0837504	0.0504371	0.0161485	0.0017012	0.001082	0.0019218	2.772E-4	0.0051875	0.0011719	0.0013863	4.488E-4	0.0012293	0.0	0.0	0.00164	0.0	0.0010858	0.0011547	0.0143833	0.0049796	4.509E-4	0.0	7.432E-4	0.0027972	0.0074565	0.0242826	0.0340641	0.0468308	0.0643024	0.0562023	0.0672116	0.0940909	0.0910152	0.0494886	0.0618028	
duck sp.	0.0043804	0.0108632	0.0078895	0.0051254	0.0069394	0.0041679	0.0062959	0.0093583	0.0072493	0.0056399	0.003867	0.0082954	0.0059835	0.008008	0.00538	0.0021692	0.0017012	0.0021639	0.0012812	0.0024945	0.0031923	0.0015625	0.0032348	0.0040395	0.0018439	0.0024375	0.0025268	0.00164	0.0017975	0.0027144	0.0017321	0.0032362	0.0049796	0.0027051	0.0047764	0.0048309	0.0041958	0.006628	0.006181	0.0064081	0.0100929	0.0070148	0.0096347	0.0078716	0.0081818	0.0097238	0.0075883	0.0109326	
waterfowl sp.	0.0	0.0	0.0	0.0	0.0	0.0	0.0	0.0	0.0	0.0	0.0	0.0	0.0	0.0	0.0	0.0	0.0	0.0	0.0	0.0	0.0	0.0	0.0	0.0	0.0	0.0	0.0	0.0	0.0	0.0	0.0	0.0	4.527E-4	4.509E-4	0.0	0.0	0.0	0.0	0.0	0.0	4.037E-4	0.0	0.0	0.0	9.091E-4	0.0	0.0	0.0	
Helmeted Guineafowl	0.0	0.0	0.0	0.0015	0.0	0.0	0.0	0.0	0.0	0.0	7.734E-4	0.0	3.74E-4	0.0	3.362E-4	0.0	0.0	5.41E-4	0.0	0.0	0.0	0.0	0.0	0.0	0.0	0.0	0.0	0.0015	0.0015	0.0	0.0	0.0015	4.527E-4	0.0	0.0	0.0	0.0	0.0	0.0	0.0	0.0	0.0	0.0	0.0	0.0	0.0	0.0	0.0	
Northern Bobwhite	1.825E-4	0.0	0.0	0.0	0.0	0.0	0.0	0.0	0.0	0.0	0.0	0.0	0.0	3.337E-4	0.0	2.41E-4	0.0	2.705E-4	3.203E-4	0.0011086	0.0	0.0011719	0.0	4.488E-4	0.0015	0.0	6.317E-4	4.1E-4	0.0	0.0	0.0	0.0015	4.527E-4	9.017E-4	0.0	3.716E-4	4.662E-4	0.0	0.0	3.373E-4	0.0	0.0	4.014E-4	0.0	0.0	0.0	0.0	0.0	
California Quail	0.0	0.0	0.0	0.0	0.0	0.0	0.0	0.0	0.0	0.0	0.0	0.0	0.0	0.0	0.0	0.0	0.0	0.0	0.0	0.0015	0.0	0.0	0.0	0.0	0.0	0.0	0.0	0.0	0.0	0.0	0.0	0.0	0.0	0.0	0.0	0.0	0.0	0.0	0.0	0.0	0.0	0.0	0.0	0.0	0.0	0.0	0.0	0.0	
Wild Turkey	5.475E-4	2.936E-4	0.0	0.0	0.0	2.977E-4	4.197E-4	0.0	4.027E-4	4.338E-4	0.0015	0.0015	3.74E-4	0.0015	3.362E-4	2.41E-4	0.0011341	0.0	9.609E-4	0.0	0.0	3.906E-4	0.0013863	0.0015	0.0	0.0012188	6.317E-4	0.0015	0.0	0.0	5.774E-4	0.0015	0.0022635	4.509E-4	4.342E-4	7.432E-4	9.324E-4	4.143E-4	0.0	3.373E-4	4.037E-4	0.0	0.0015	0.0	0.0	0.0	9.898E-4	0.0	
Ruffed Grouse	0.0	0.0	0.0	0.0	0.0	0.0	0.0	0.0	0.0	0.0	0.0	0.0	0.0	0.0	0.0	0.0	0.0	0.0	0.0015	0.0	0.0	0.0	0.0	0.0	0.0	0.0	0.0	0.0	0.0	0.0	0.0	0.0	0.0	0.0	0.0	0.0	0.0	0.0	0.0	0.0	0.0	0.0	0.0	0.0	0.0	0.0	0.0	0.0	
Ring-necked Pheasant	0.0076656	0.011744	0.0129614	0.0218506	0.0186267	0.012206	0.0111228	0.0177139	0.0173178	0.0203905	0.0197216	0.019802	0.0179506	0.0173507	0.0171486	0.0149434	0.0167281	0.0113606	0.0172966	0.0199557	0.0159617	0.0132812	0.0101664	0.0157092	0.0116779	0.0115783	0.0069488	0.0041	0.0065908	0.0054289	5.774E-4	0.0046746	0.0022635	0.0058611	0.0052106	0.0078038	0.0135198	0.0086993	0.0119205	0.0165261	0.0193783	0.0116913	0.0168607	0.0151378	0.0145455	0.0128355	0.013197	0.011602	
Indian Peafowl	0.0	0.0	0.0015	0.0	0.0	0.0	0.0	0.0	0.0	0.0	0.0	0.0	0.0	0.0	0.0015	0.0	0.0	0.0015	0.0015	0.0015	0.0	0.0	0.0	0.0	0.0	0.0015	0.0	0.0	0.0	0.0	0.0	0.0	0.0	0.0	0.0	0.0	0.0	0.0	0.0	0.0	0.0	0.0	0.0	0.0	0.0	0.0	0.0	0.0	
Green Peafowl	0.0	0.0	0.0	0.0	0.0	0.0	0.0	0.0	0.0	0.0	0.0	0.0	0.0	0.0	0.0	0.0	0.0	0.0	0.0	0.0	0.0	0.0	0.0	0.0	0.0	0.0	0.0	0.0	0.0	0.0	0.0	0.0	0.0	0.0	0.0	0.0	0.0	0.0	0.0	0.0015	0.0	0.0	0.0	0.0	0.0	0.0	0.0	0.0	
Red Junglefowl	0.0	0.0	0.0	0.0	3.652E-4	0.0	0.0	0.0	0.0	0.0	0.0	2.676E-4	0.0	0.0	0.0	0.0	0.0	0.0	0.0	0.0	0.0	0.0	0.0	0.0	0.0	0.0	0.0	0.0	0.0	0.0	0.0	0.0	0.0	0.0	0.0	0.0	0.0	0.0	0.0	0.0015	0.0015	0.0	0.0	0.0	0.0	0.0	0.0	0.0	
Chukar	0.0	0.0	0.0	0.0	0.0	0.0	0.0	0.0	0.0	0.0	0.0	0.0	0.0	0.0	0.0	0.0	0.0	0.0	0.0	0.0	0.0	3.906E-4	0.0	0.0	0.0	0.0	6.317E-4	0.0	0.0	0.0	0.0	0.0	0.0	0.0	0.0	0.0	0.0	0.0	0.0	0.0	0.0	0.0	0.0	0.0	0.0	0.0	0.0	0.0	
Rock Pigeon	0.2401898	0.2260716	0.2011834	0.2133801	0.2330168	0.1947008	0.1781742	0.2162433	0.2082159	0.2264642	0.2196442	0.2068504	0.2008227	0.2075409	0.2303295	0.2053507	0.2010207	0.2172031	0.2174888	0.2308758	0.2250599	0.2167969	0.2195009	0.2459605	0.2778119	0.2864107	0.3145925	0.2874129	0.327142	0.3170467	0.3008083	0.2937792	0.2779538	0.2944094	0.2861485	0.3221851	0.3006993	0.3363712	0.3245033	0.325801	0.2967299	0.3008574	0.2970695	0.2985165	0.2736364	0.2154804	0.1887166	0.2420794	
Eurasian Collared-Dove	0.0	0.0	0.0	0.0	0.0	0.0	0.0	0.0	0.0	0.0	0.0	0.0	0.0	0.0	0.0	0.0	0.0	0.0	0.0	0.0	0.0	0.0	0.0	0.0	0.0	0.0	0.0	0.0	0.0	0.0	0.0	0.0015	0.0	0.0	0.0	0.0	0.0	0.0	0.0	0.0	0.0	0.0	0.0	0.0	0.0	0.0	0.0	0.0	
African Collared-Dove	0.0	0.0	0.0	0.0	0.0	0.0	0.0	0.0	0.0	0.0	0.0	0.0	0.0	0.0	0.0	0.0	0.0	0.0	0.0	0.0	0.0	0.0	0.0	0.0	0.0	0.0	0.0015	0.0	0.0	0.0015	0.0015	0.0	0.0	0.0	0.0	0.0	0.0	0.0	0.0	0.0	0.0	0.0	0.0	3.028E-4	0.0	0.0	0.0	0.0	
Common Ground Dove	0.0	0.0	0.0	0.0	0.0	0.0	0.0	0.0	0.0	0.0	0.0	0.0	0.0	0.0	0.0	0.0	0.0	0.0	0.0	0.0	0.0	0.0	0.0	0.0	0.0	0.0	0.0	0.0	0.0	0.0	0.0	0.0	0.0	0.0	0.0	0.0	0.0	0.0015	0.0	0.0	0.0016149	0.0132502	0.0068246	0.0063579	0.0018182	3.89E-4	0.0	0.0	
White-winged Dove	0.0	0.0	0.0	0.0	0.0	0.0	0.0	0.0	0.0	0.0	0.0015	0.0	0.0	0.0	0.0	2.41E-4	2.835E-4	2.705E-4	6.406E-4	0.0015	0.0	0.009375	0.0	0.0	0.0	0.0	0.0	0.0	0.0023966	0.0	0.0	0.0	0.0	0.0	0.0	0.0	0.0	0.0015	0.0015	0.0	0.0	0.0	0.0	0.0	0.0	0.0	0.0015	0.0015	
Mourning Dove	0.3265194	0.3267763	0.2854325	0.339358	0.311176	0.3882108	0.4665268	0.3786765	0.4180427	0.4689805	0.491106	0.4706984	0.5351533	0.5422089	0.5642233	0.5796577	0.591154	0.5680281	0.5192184	0.4833703	0.4760575	0.4335938	0.4815157	0.5287253	0.5531653	0.5307739	0.5603285	0.5313653	0.5458358	0.5635179	0.5767898	0.5997843	0.5513807	0.5604148	0.5267043	0.5269417	0.5184149	0.5045568	0.5121413	0.5241147	0.470327	0.4738893	0.468888	0.4847109	0.4713636	0.4227927	0.4166942	0.3886658	
pigeon/dove sp.	0.0	0.0	0.0	0.0	0.0	0.0	0.0	0.0	0.0	0.0	0.0	0.0	0.0	0.0	0.0	0.0	0.0	0.0	0.0	0.0	0.0	0.0	0.0	0.0	0.0	0.0	0.0	0.0	0.0	0.0	0.0	0.0	0.0	0.0	0.0	0.0	0.0	0.0	0.0	0.0	0.0	0.0	4.014E-4	0.0	0.0	0.0	0.0	0.0	
Yellow-billed Cuckoo	0.0	0.0	0.0	0.0	0.0	0.0	0.0	0.0	0.0	0.0	0.0	0.0	0.0	0.0	0.0	4.82E-4	0.0121917	0.0178523	0.0243434	0.0202328	0.0115722	0.0074219	0.0069316	0.0094255	0.0098341	0.0036563	0.0012634	0.00123	0.0041941	0.009772	0.017321	0.0057533	0.0049796	0.0112714	0.0112896	0.0163508	0.0191142	0.0144988	0.0119205	0.0077572	0.0016149	0.0	0.0015	0.0	0.0	0.0	0.0	0.0	
Black-billed Cuckoo	0.0	0.0	0.0	0.0	0.0	0.0	0.0	0.0	0.0	0.0	0.0	0.0	0.0	0.0	0.0	0.0	0.0062376	0.0048688	0.004164	0.0044346	0.0019952	0.0011719	9.242E-4	0.0013465	0.0	0.0	0.0012634	4.1E-4	0.0	0.0	5.774E-4	0.0025171	4.527E-4	9.017E-4	0.0013026	0.001858	0.0027972	0.0020713	0.0	0.0	0.0	0.0	0.0	0.0	0.0	0.0	0.0	0.0	
Yellow-billed/Black-billed Cuckoo	0.0	0.0	0.0	0.0	0.0	0.0	0.0	0.0	0.0	0.0	0.0	0.0	0.0	0.0	0.0	0.0	0.0	8.115E-4	6.406E-4	2.772E-4	0.0	0.0	9.242E-4	0.0	0.0	0.0	0.0	0.0	0.0	0.0	0.0	0.0	4.527E-4	0.0	0.0	3.716E-4	0.0	0.0	0.0	0.0	0.0	0.0	0.0	0.0	0.0	0.0	0.0	0.0	
cuckoo sp. (Cuculidae sp.)	0.0	0.0	0.0	0.0	0.0	0.0	0.0	0.0	0.0	0.0	0.0	0.0	0.0	0.0	0.0	0.0	2.835E-4	0.0	0.0	0.0	0.0	0.0	0.0	0.0	0.0	0.0	0.0	0.0	0.0	0.0	0.0	0.0	0.0	0.0	0.0	0.0	0.0	0.0	0.0	0.0	0.0	0.0	0.0	0.0	0.0	0.0	0.0	0.0	
Common Nighthawk	0.0	0.0	0.0	0.0	0.0	0.0	0.0	0.0	0.0	0.0	0.0	0.0	0.0	0.0	0.0	0.0015	8.506E-4	0.0016229	0.0038437	0.0030488	0.0	3.906E-4	4.621E-4	0.0	0.0015	0.0	0.0	0.0	0.0	5.429E-4	0.0011547	0.0151025	0.0248981	0.025248	0.0230135	0.0078038	0.0079254	0.0037283	0.0015	0.0	0.0	0.0	0.0	0.0	0.0	0.0	0.0	0.0	
Chuck-will's-widow	0.0	0.0	0.0	0.0	0.0	0.0	0.0	0.0	0.0	0.0	0.0	0.0	0.0	0.0	0.0	0.0015	2.835E-4	0.0	6.406E-4	0.0	0.0	0.0	0.0	0.0	0.0	0.0015	0.0	0.0	0.0	0.0	0.0	0.0	0.0	0.0	0.0	0.0	0.0	0.0	0.0	0.0	0.0	0.0	0.0	0.0	0.0	0.0	0.0	0.0	
Eastern Whip-poor-will	0.0	0.0	0.0	0.0	0.0	0.0	0.0	0.0	0.0	0.0	0.0	0.0	0.0	0.0	0.0	0.0	0.0015	0.0	3.203E-4	5.543E-4	7.981E-4	0.0015625	9.242E-4	0.0015	6.146E-4	0.0015	0.0	0.0	0.0	0.0	0.0	0.0	0.0	0.0	4.342E-4	0.0	0.0	0.0	0.0	0.0	0.0	0.0	0.0	0.0	0.0	0.0	0.0	0.0	
Chimney Swift	0.0	0.0	0.0	0.0	0.0	0.0	0.0	0.0	0.0	0.0	0.0	0.0	3.74E-4	0.0013347	0.0265636	0.0961678	0.1981854	0.2136868	0.202114	0.1710089	0.1644054	0.1207031	0.1187616	0.1108618	0.122311	0.0914077	0.0897031	0.0881509	0.0880767	0.1064061	0.1275982	0.1114707	0.0846537	0.0725879	0.0390795	0.0375325	0.0275058	0.0103563	0.0013245	0.0016863	4.037E-4	3.897E-4	0.0	0.0	0.0	0.0	0.0	0.0	
Ruby-throated Hummingbird	0.0	0.0	0.0	0.0	0.0	0.0	0.0	0.0	0.0	0.0	0.0	0.0	0.0	0.0	0.0	0.0038564	0.0388432	0.0400325	0.0557335	0.0207871	0.0171588	0.009375	0.0069316	0.0098743	0.0141364	0.0146252	0.0113708	0.0299303	0.0443379	0.0602606	0.0652425	0.1064365	0.13445	0.1816952	0.1702128	0.1014493	0.0167832	0.001657	0.001766	0.0	0.0	0.0	0.0	3.028E-4	0.0	0.0	0.0	0.0	
Rufous Hummingbird	0.0	0.0	0.0	0.0	0.0	0.0	0.0	0.0	0.0	0.0	0.0	0.0	0.0	0.0	0.0	0.0	0.0	0.0	0.0	0.0	0.0	0.0	0.0	0.0	0.0	0.0	0.0	0.0	0.0	0.0	0.0	0.0	0.0	0.0	0.0	0.0	4.662E-4	0.0	0.0	0.0	0.0	0.0	0.0	0.0	0.0	0.0	0.0	0.0	
Selasphorus sp.	0.0	0.0	0.0	0.0	0.0	0.0	0.0	0.0	0.0	0.0	0.0	0.0	0.0	0.0	0.0	0.0	0.0	0.0	0.0	0.0	0.0	0.0	0.0	0.0	0.0	0.0	0.0	0.0	0.0	0.0	0.0	0.0	0.0	0.0	0.0	0.0	0.0	0.0	0.0	0.0	0.0	0.0	0.0	0.0	0.0	0.0	0.0	0.0015	
hummingbird sp.	0.0	0.0	0.0	0.0	0.0	0.0	0.0	0.0	0.0	0.0	0.0	0.0	0.0	0.0	0.0	0.0	0.0	0.0	0.0	0.0	0.0	3.906E-4	0.0	0.0	0.0	0.0	0.0	0.0	0.0	0.0	0.0	0.0	4.527E-4	0.0	0.0	0.0	0.0	0.0	0.0	0.0	0.0	0.0	0.0	0.0	0.0	0.0	0.0	0.0	
King Rail	0.0	0.0	0.0	0.0	0.0	0.0	0.0	0.0	0.0	0.0	0.0	0.0	0.0	0.0	0.0010087	2.41E-4	2.835E-4	0.0	0.0	2.772E-4	0.0	0.0015	0.0	0.0	0.0	0.0	0.0	0.0015	0.0	0.0	0.0	0.0	0.0	0.0	0.0	0.0	0.0	0.0	0.0	0.0	0.0	0.0	0.0	0.0	0.0	0.0	0.0	0.0	
Clapper Rail	0.0029202	0.0038168	0.0039448	0.0059347	0.0029218	0.0029771	0.0029381	0.0010027	0.001611	0.0030369	0.008894	0.007225	0.0142109	0.021021	0.037996	0.0578453	0.0697477	0.0938599	0.1121076	0.1385809	0.1500399	0.1363281	0.1326248	0.1539497	0.1376767	0.1486898	0.1547694	0.1348913	0.1288197	0.116721	0.108545	0.1024811	0.0760525	0.0775473	0.0590534	0.0531401	0.0368298	0.0285833	0.0260486	0.0236088	0.0080743	0.0081839	0.0112405	0.0033303	0.0054545	0.0046674	0.0016496	0.0037929	
King x Clapper Rail (hybrid)	0.0	0.0	0.0	0.0	0.0	0.0	0.0	0.0	0.0	0.0	0.0	0.0	0.0	0.0	0.0	0.0	0.0	0.0	0.0	0.0	0.0	0.0	0.0	0.0	0.0	0.0	0.0	0.0015	0.0	0.0	0.0	0.0	0.0	0.0	0.0	0.0	0.0	0.0	0.0	0.0	0.0	0.0	0.0	0.0	0.0	0.0	0.0	0.0	
King/Clapper Rail	0.0	0.0	0.0	0.0	0.0	0.0	0.0	0.0	0.0	0.0	0.0	0.0	0.0	0.0	0.0	0.0	0.0	0.0	0.0	0.0	0.0	0.0	0.0	0.0	0.0	0.0	0.0	0.0	0.0	5.429E-4	0.0	0.0	0.0	0.0	0.0	0.0	0.0	0.0	0.0	0.0	0.0	0.0	0.0	0.0	0.0	0.0	0.0	0.0	
large rail sp.	0.0	0.0	0.0	0.0	0.0	0.0	0.0	0.0	0.0	0.0	0.0	0.0	0.0	0.0	0.0	0.0	0.0	0.0	0.0	0.0	0.0	0.0	0.0	4.488E-4	0.0	0.0	0.0	0.0	0.0	0.0	0.0	0.0	0.0	0.0	0.0	0.0	0.0	0.0	0.0	0.0	0.0	0.0	0.0	0.0	0.0	0.0	0.0	0.0	
Virginia Rail	0.0010951	2.936E-4	5.635E-4	5.395E-4	0.0	0.0	0.0015	3.342E-4	0.0	0.0	3.867E-4	0.0	0.0	0.0	6.725E-4	2.41E-4	5.671E-4	8.115E-4	0.0	8.315E-4	7.981E-4	0.0015	0.0	0.0013465	0.0	0.0	0.0015	0.00164	0.0	0.0	0.0034642	0.0021575	9.054E-4	0.0018034	0.0013026	0.0022297	9.324E-4	0.0012428	0.001766	6.745E-4	0.0	3.897E-4	0.0	3.028E-4	0.0	3.89E-4	0.0016496	6.693E-4	
Sora	1.825E-4	0.0	0.0	0.0	0.0	0.0	0.0	0.0	0.0	0.0	0.0	0.0	0.0	0.0	0.0	2.41E-4	2.835E-4	0.0	0.0	0.0	0.0	0.0	0.0	0.0	0.0	0.0	0.0	4.1E-4	0.0	0.0	0.0057737	0.0010787	0.0	0.0027051	8.684E-4	0.0022297	4.662E-4	8.285E-4	4.415E-4	3.373E-4	0.0	0.0	0.0	0.0	0.0	0.0	0.0	0.0015	
Common Gallinule	0.0158788	0.0105696	0.0059172	0.0091718	0.0051132	0.0026794	4.197E-4	0.0080214	0.0072493	0.0030369	0.0030936	2.676E-4	7.479E-4	0.002002	0.0010087	0.0	0.0	0.0	0.0	2.772E-4	0.0015	0.0	0.0	0.0	0.0	0.0	0.0	0.0	5.992E-4	0.0015	0.0	0.0	0.0	0.0	0.006079	0.0029729	4.662E-4	4.143E-4	0.0	0.0020236	0.0016149	0.0070148	0.0024087	0.0066606	0.0109091	0.008557	0.0013197	0.0035698	
American Coot	0.0866947	0.0631239	0.0487461	0.0553008	0.0551497	0.0324501	0.0400839	0.0755348	0.061619	0.0533623	0.0730858	0.0655606	0.0628272	0.043043	0.0151311	0.0043384	0.0014176	0.0016229	0.0	0.0011086	0.0031923	0.0035156	9.242E-4	0.0013465	0.0	6.094E-4	6.317E-4	0.0	0.0	0.0	0.0	3.596E-4	0.0022635	0.0	0.0043422	0.0011148	0.0037296	0.001657	0.006181	0.0161889	0.0322971	0.0510522	0.0465676	0.0578262	0.0868182	0.0700117	0.0362917	0.0535475	
Purple Gallinule	0.0	0.0	0.0	0.0	0.0	0.0	0.0	0.0	0.0	0.0	0.0	0.0	0.0	0.0	0.0	0.0	0.0	0.0	0.0	0.0	0.0	0.0015	0.0	0.0219928	0.0	0.0	0.0	0.0	0.0	0.0	0.0	0.0	0.0	0.0	0.0	0.0	0.0	0.0	0.0	0.0	0.0	0.0	0.0	0.0	0.0	0.0	0.0	0.0	
Yellow Rail	0.0	0.0015	0.0	0.0	0.0	0.0	0.0	0.0	0.0	0.0	0.0	0.0	0.0	0.0	0.0	0.0	0.0	0.0	0.0	0.0	0.0	0.0	0.0	0.0	0.0	0.0	0.0	0.0	0.0	0.0	0.0	0.0	0.0	0.0	0.0	0.0	0.0	0.0	0.0	0.0	0.0015	0.0	0.0	0.0	0.0015	0.0	0.0	0.0	
Black Rail	0.0	0.0	0.0	0.0	0.0	0.0	0.0	0.0	0.0	0.0	0.0	0.0	0.0	0.0	0.0	0.0	0.0	0.0	0.0	0.0	0.0	0.0	0.0015	0.0	0.0	0.0	0.0	0.0	0.0	0.0	0.0	0.0	0.0	0.0	0.0	0.0	0.0	0.0	0.0	0.0	0.0	0.0	0.0	0.0	0.0	0.0	0.0	0.0	
rail/crake sp.	0.0	0.0	0.0	0.0	0.0	0.0	0.0	0.0	0.0	0.0	0.0	0.0	0.0	0.0	0.0	0.0	0.0	0.0	0.0	0.0	0.0	0.0	0.0	0.0	0.0	0.0	0.0	0.0	0.0	0.0	0.0	0.0	0.0	0.0	0.0	0.0	0.0	0.0	0.0	0.0	0.0	3.897E-4	0.0	0.0	0.0	0.0	0.0	0.0	
Sandhill Crane	0.0	0.0	0.0	0.0	0.0	0.0	0.0	0.0	0.0	0.0015	0.0	0.0	0.0	0.0	0.0	0.0	0.0	2.705E-4	0.0	0.0	0.0	3.906E-4	4.621E-4	0.0	0.0	0.0	0.0	0.0	0.0	0.0	0.0	0.0	0.0	0.0015	0.0	0.0	0.0	0.0	0.0	0.0	0.0	0.0	0.0	0.0	9.091E-4	0.0	0.0	0.0	
Black-necked Stilt	0.0	0.0	0.0	0.0	0.0	0.0	0.0	0.0	0.0	0.0	0.0	0.0	0.0	0.0056723	0.0097512	0.0120511	0.0039694	0.0146064	0.0035234	0.0058204	0.0	0.00625	0.0	0.0	0.0030731	0.0	0.0	0.0	0.0	0.0	5.774E-4	0.0	0.0	0.0	0.0015	0.0	0.0	0.0	0.0	0.0	0.0	0.0	0.0	0.0	0.0	0.0	0.0	0.0	
American Avocet	0.0	0.0	0.0	0.0	0.0	0.0	0.0	0.0	0.0	0.0	0.0	0.0	0.0	0.0	0.0	0.0	0.0	0.0	0.0	0.0	0.0	0.0	0.0	0.0	0.0	0.0	0.0246368	0.0114801	5.992E-4	0.0	0.0017321	0.004315	0.0054323	0.0013526	0.0	7.432E-4	0.011655	8.285E-4	0.0	0.0010118	4.037E-4	0.0	0.0	0.0	0.0	0.0	0.0	0.0	
American Oystercatcher	0.0450812	0.0340575	0.0166244	0.0178042	0.0116874	0.0157785	0.0113326	0.0270722	0.0688683	0.1462039	0.1802011	0.1937383	0.1832461	0.1878545	0.1973773	0.1783562	0.1587752	0.1750068	0.2431134	0.3375831	0.3731045	0.4210937	0.3987985	0.3653501	0.3134604	0.345521	0.3430196	0.3300533	0.2947873	0.3034745	0.2730947	0.2330097	0.1946582	0.1880072	0.1710812	0.1742847	0.1608392	0.1859983	0.1713024	0.1558179	0.1522002	0.1554949	0.1380971	0.1295792	0.0863636	0.0742902	0.0273837	0.0470772	
Black-bellied Plover	0.0761088	0.0772167	0.057481	0.0542217	0.0562454	0.0348318	0.0224554	0.0284091	0.0330246	0.0321041	0.0216551	0.0216751	0.0250561	0.0323657	0.0437122	0.0595324	0.0805217	0.1187449	0.1909033	0.1987251	0.0558659	0.0191406	0.0138632	0.005386	0.0067609	0.0121877	0.0138977	0.0397704	0.0724985	0.1655809	0.2003464	0.210356	0.1693074	0.1632101	0.1467651	0.189149	0.1655012	0.1710853	0.1686534	0.186172	0.1699637	0.147311	0.1336813	0.1398728	0.1122727	0.0890704	0.0415704	0.0780901	
American Golden-Plover	0.0015	0.0	0.0	0.0	0.0	0.0	0.0	0.0	0.0	0.0	0.0	0.0	0.0	0.0	0.0073974	0.0021692	2.835E-4	0.0	0.0028828	2.772E-4	0.0	0.0	0.0	0.0	0.0	0.0	0.0	0.0	0.0	0.0	0.0015	0.0028767	0.0072431	0.0130748	0.0121581	0.0096618	0.0191142	0.0062138	0.011479	0.0097808	0.0044409	0.0035074	4.014E-4	0.0	0.0	0.0	0.0	0.0	
American/Pacific Golden-Plover (Lesser Golden-Plover)	0.0	0.0	0.0	0.0	0.0	0.0	0.0	0.0	0.0	0.0	0.0	0.0	0.0	0.0	0.0	0.0	0.0	0.0	0.0	0.0	0.0	0.0	0.0	0.0	0.0	0.0	0.0	0.0	0.0	0.0	0.0	0.0	0.0	0.0	0.0	0.0	0.0	0.0	0.0	0.0	8.074E-4	0.0	0.0	0.0	0.0	0.0	0.0	0.0	
Killdeer	0.012411	0.0111568	0.0160609	0.0172646	0.014244	0.0128014	0.0203568	0.0798797	0.1026983	0.1275488	0.1264501	0.1115868	0.0875093	0.1021021	0.1173504	0.0983369	0.0881769	0.10495	0.1162716	0.1402439	0.1847566	0.1914063	0.172366	0.1696589	0.1714813	0.2145034	0.2293114	0.1906519	0.1617735	0.1520087	0.130485	0.106077	0.0977818	0.0829576	0.0516717	0.0687477	0.0699301	0.0617233	0.0635762	0.0613828	0.059346	0.0413094	0.0325171	0.0266424	0.0186364	0.0151692	0.0254042	0.0162874	
Semipalmated Plover	0.0016426	8.808E-4	0.0016906	0.0016186	0.0010957	0.0011908	0.001469	6.684E-4	0.0015	0.0013015	0.0015	0.0016056	7.479E-4	0.0026693	0.0016812	0.0101229	0.0674794	0.1522856	0.2203716	0.1856984	0.056664	0.0226562	0.0106285	0.0103232	0.0110633	0.0627666	0.1351864	0.2472325	0.379269	0.3783931	0.3545035	0.2988134	0.2172929	0.1568981	0.0881459	0.0765515	0.0503497	0.0240265	0.012362	0.0151771	0.0064594	0.0046765	0.0016058	0.0018165	0.0031818	3.89E-4	9.898E-4	0.0015618	
Piping Plover	0.0018252	5.872E-4	0.0022542	0.0026976	0.0010957	5.954E-4	0.0010493	0.0010027	0.0032219	0.0130152	0.0382831	0.048167	0.0370232	0.036036	0.0242098	0.0255483	0.0283527	0.0549094	0.0858424	0.1360865	0.1679968	0.1996094	0.1719039	0.1274686	0.1032575	0.1096892	0.1099179	0.1078311	0.0790893	0.0760043	0.0502309	0.0402733	0.0258035	0.0108206	0.0069475	0.008547	0.0074592	0.0028998	0.0013245	0.0026981	0.0012111	0.0	8.029E-4	9.083E-4	0.0022727	7.779E-4	9.898E-4	4.462E-4	
Wilson's Plover	0.0	0.0	0.0	0.0	0.0	0.0	0.0	0.0	0.0	0.0	0.0	0.0	0.0	0.0	0.0	0.0	0.0	0.001082	0.0015	0.0	0.0	3.906E-4	0.0	0.0	0.0	0.0	0.0	0.0	0.0	0.0	0.0	0.0	0.0015	0.0	0.0	0.0	0.0	0.0	0.0	0.0	0.0	0.0	0.0	0.0	0.0	0.0	0.0	0.0	
small plover sp.	0.0	0.0	0.0	0.0	0.0	0.0	0.0	0.0	0.0	0.0	0.0	0.0	0.0	0.0	0.0	0.0	0.0	0.0	0.0	0.0	0.0	0.0	0.0	0.0	0.0	0.0	0.0	0.0	0.0	0.0	0.0	0.0	0.0	0.0	0.0	0.0	0.0	0.0	0.0	0.0	0.0	0.0	4.014E-4	0.0	0.0	0.0	0.0	0.0	
plover sp.	0.0	0.0	0.0	0.0	0.0	0.0	0.0	0.0	0.0	0.0	0.0	0.0	0.0	0.0	0.0	0.0	0.0	0.0	0.0	0.0	0.0	0.0	0.0	0.0	0.0	0.0	0.0	0.0	0.0	0.0	0.0	0.0	0.0	0.0	0.0	0.0	0.0	0.0	0.0	0.0	0.0	3.897E-4	0.0	0.0	0.0	0.0	0.0	0.0	
Upland Sandpiper	0.0	0.0	0.0	0.0	0.0	0.0	0.0	0.0	0.0	0.0	0.0	0.0	0.0	3.337E-4	3.362E-4	4.82E-4	8.506E-4	0.0015	0.0	2.772E-4	0.0015	0.0015	0.0	0.0015	0.0	0.0	0.0	4.1E-4	5.992E-4	5.429E-4	0.0	0.0015	0.0	0.0	0.0	0.0	0.0	0.0	0.0	0.0	0.0	0.0	0.0	0.0	0.0	0.0	0.0	0.0	
Hudsonian Whimbrel	0.0	0.0015	0.0	0.0	0.0	0.0015	0.0	0.0	0.0	0.0	0.0	0.0	0.0	0.0	0.0	7.231E-4	0.0011341	0.0016229	0.0012812	0.0036031	0.0019952	3.906E-4	4.621E-4	0.005386	0.0043024	0.0042657	0.004422	0.0123001	0.0083883	0.0135722	0.0086605	0.0093492	0.0086012	0.0049594	0.0065132	0.0078038	0.002331	8.285E-4	0.002649	3.373E-4	0.0	0.0	4.014E-4	0.0015	0.0	0.0	0.0	0.0	
Long-billed Curlew	0.0	0.0	0.0	0.0	0.0	0.0	0.0	0.0	0.0	0.0	0.0	0.0	0.0	0.0	0.0	0.0	0.0	0.0	0.0	0.0	0.0	0.0	0.0	0.0	0.0	0.0015	0.0	0.0015	0.0	0.0	0.0	0.0	0.0	0.0	0.0	0.0	0.0	0.0	0.0	0.0	0.0	0.0	0.0	0.0	0.0	0.0	0.0	0.0	
Bar-tailed Godwit	0.0	0.0	0.0	0.0	0.0	0.0	0.0	0.0	0.0	0.0	0.0	0.0	0.0	0.0	0.0	0.0	0.0	0.0	0.0	0.0	0.0015	0.0	0.0	0.0	0.0	0.0	0.0	0.0	0.0	0.0	0.0	0.0	0.0	0.0	0.0	0.0	0.0	0.0	0.0	0.0	0.0	0.0	0.0	0.0	0.0	0.0	0.0	0.0	
Hudsonian Godwit	0.0	0.0	0.0	0.0	0.0	0.0	0.0	0.0	0.0	0.0	0.0	0.0	0.0	0.0	0.0	0.0	0.0	0.0	0.0	0.0015	0.0	0.0	0.0	0.0	0.0	6.094E-4	0.0015	4.1E-4	5.992E-4	0.0038002	0.0017321	0.0021575	0.0	0.0072137	0.0013026	0.0011148	0.0027972	8.285E-4	0.0013245	3.373E-4	0.0	7.794E-4	8.029E-4	3.028E-4	0.0	0.0	0.0	0.0	
Marbled Godwit	0.005658	8.808E-4	5.635E-4	2.698E-4	7.305E-4	2.977E-4	0.0	0.0	0.0	0.0	0.0	0.0	0.0	0.0	0.0	0.0	2.835E-4	0.0	0.0	0.0	0.0	0.0	0.0	0.0	0.0	0.0012188	0.0012634	4.1E-4	0.0	0.0016287	0.006351	0.0115067	0.0031689	0.0153291	0.0130265	0.0438499	0.0447552	0.0567523	0.0450331	0.0323777	0.02826	0.0323461	0.0204737	0.0205873	0.0090909	0.0140023	0.0019795	0.0031236	
Short-billed Dowitcher	3.65E-4	5.872E-4	0.0	0.0	0.0010957	0.0	8.395E-4	0.0020053	4.027E-4	8.677E-4	3.867E-4	5.352E-4	3.74E-4	3.337E-4	0.00269	0.0187997	0.0507513	0.1035975	0.1380525	0.065133	0.0219473	0.0074219	9.242E-4	0.002693	0.0221266	0.1304083	0.1661402	0.1902419	0.2408628	0.2519001	0.1974596	0.1625315	0.101856	0.1045987	0.084238	0.0758082	0.0648019	0.04971	0.0286976	0.0185497	0.0020186	0.005456	8.029E-4	9.083E-4	9.091E-4	7.779E-4	0.0	4.462E-4	
Long-billed Dowitcher	0.0034678	0.0017616	5.635E-4	0.0099811	0.0043828	0.0011908	0.001469	0.0046791	0.0020137	0.0013015	3.867E-4	0.0029435	0.0	6.673E-4	6.725E-4	7.231E-4	0.0	0.0	0.0	0.0	0.0	0.0	0.0	0.0	0.0	6.094E-4	0.0	8.2E-4	0.0	0.0	5.774E-4	0.0010787	9.054E-4	9.017E-4	4.342E-4	0.0015	9.324E-4	4.143E-4	4.415E-4	0.0023609	0.0024223	0.0015588	0.0	0.001211	0.005	0.0015	6.598E-4	2.231E-4	
Short-billed/Long-billed Dowitcher	0.0	0.0	0.0	0.0015	0.0	0.0	2.099E-4	0.0	0.0	8.677E-4	3.867E-4	0.0	0.0	0.0	3.362E-4	0.0012051	0.0011341	0.001082	0.0025625	5.543E-4	0.0015	3.906E-4	0.0	0.0	0.0	0.0012188	6.317E-4	0.00287	0.0029958	0.0032573	0.0040416	0.0017979	0.0036215	0.0022543	0.0017369	0.0026013	0.0032634	0.0020713	0.002649	0.0037099	0.0036334	0.0019486	0.0020072	0.001211	0.0015	0.0	3.299E-4	6.693E-4	
American Woodcock	0.0029202	5.872E-4	2.818E-4	0.0015	0.0018262	0.0011908	0.0023085	0.0086898	0.0120822	0.0173536	0.0139211	0.007225	0.0029918	0.002002	0.0020175	0.0015	0.0011341	0.0021639	0.0019218	0.0024945	3.99E-4	7.813E-4	0.0	8.977E-4	0.0	0.0012188	0.0	0.0	0.0	0.0	0.0	3.596E-4	0.0	4.509E-4	0.0	7.432E-4	0.0	4.143E-4	0.001766	0.0026981	0.0020186	0.0015588	0.0028101	0.0018165	0.0027273	0.0011669	0.0023095	0.0031236	
Wilson's Snipe	0.0040153	0.0046976	8.453E-4	0.0097114	0.004748	0.0023817	0.0025184	0.0013369	0.0036246	0.0047722	0.0069606	0.0074926	0.0056096	0.0056723	0.0036987	0.0019282	0.0017012	0.001082	0.0	5.543E-4	0.0	0.0	0.0	0.0	0.0	0.0	0.0	0.0	0.0	0.0010858	0.0	7.192E-4	4.527E-4	9.017E-4	0.0	7.432E-4	0.0041958	0.0024855	0.004415	0.0077572	0.0036334	0.002728	0.0032116	9.083E-4	0.0040909	7.779E-4	0.0046189	0.002008	
Wilson's Phalarope	0.0	0.0	0.0	0.0	0.0	0.0	0.0	0.0	0.0	0.0	0.0	0.0	0.0	0.0	0.0	0.0	0.0017012	0.0	0.0	0.0036031	0.0043895	0.0050781	0.0015	0.0	0.0	0.0	0.0	0.0015	0.0029958	0.0038002	5.774E-4	3.596E-4	4.527E-4	0.0	0.0	0.0	0.0	0.0015	0.0	0.0	0.0	0.0	0.0	0.0015	0.0	0.0	0.0	0.0	
Red Phalarope	0.0	0.0	0.0	0.0	0.0	0.0	0.0	0.0	0.0	0.0	0.0	0.0	0.0	0.0	0.0	0.0	0.0	0.0	0.0	0.0	0.0	3.906E-4	0.0	0.0	0.0	0.0341255	0.0227416	0.00123	0.0	0.0	0.0	0.0	0.0	0.0	0.0	0.0	0.0	0.0	0.0	0.0	0.0	0.0	0.0015	0.0	0.0015	3.89E-4	0.0	0.0	
Red-necked Phalarope	0.0	0.0	0.0	0.0	0.0	0.0	0.0	0.0	0.0	0.0	0.0	0.0	0.0	0.0	0.0	0.0	0.0011341	0.0	0.0	5.543E-4	0.0019952	0.0171875	0.0	0.0	0.0	0.0	0.0	0.0	0.0	0.0027144	0.0	0.0053937	0.0036215	4.509E-4	0.0	0.0	0.0	0.0	0.0	0.0	0.0	3.897E-4	0.0	0.0	0.0	0.0	0.0	0.0	
Spotted Sandpiper	1.825E-4	0.0	0.0	0.0	0.0	0.0	0.0	0.0	0.0	0.0	0.0	0.0	0.0	0.0	6.725E-4	0.0084358	0.0433796	0.0614011	0.0880846	0.0662417	0.0203512	0.0054687	0.0027726	0.0089767	0.0424093	0.0987203	0.144662	0.1623616	0.2073098	0.1872964	0.2020785	0.1287307	0.1072884	0.0901713	0.0560139	0.0512821	0.0223776	0.0091135	0.0075055	0.0013491	4.037E-4	0.0	0.0	3.028E-4	0.0	0.0	0.0	0.0	
Solitary Sandpiper	0.0	0.0	0.0	0.0	0.0	0.0	0.0	0.0	0.0	0.0	0.0	0.0	0.0	0.002002	0.0010087	0.0147023	0.0564219	0.0457127	0.0150545	8.315E-4	0.0	0.0	0.0	0.0	0.0	0.0030469	0.0056854	0.0057401	0.0071899	0.0206298	0.02194	0.0161812	0.022182	0.0090171	0.0104212	0.0137495	0.0088578	0.0070423	0.007947	3.373E-4	4.037E-4	0.0	0.0	0.0	0.0	0.0	0.0	0.0	
Lesser Yellowlegs	3.65E-4	2.936E-4	0.0	2.698E-4	0.0	0.0	0.0	0.0	0.0	8.677E-4	0.0	5.352E-4	0.0014959	0.0043377	0.0211836	0.0421788	0.0555713	0.0616716	0.0265855	0.0072062	0.0059856	0.0015625	0.0018484	0.0103232	0.0344192	0.0999391	0.1604548	0.1578516	0.1797484	0.1661238	0.1616628	0.1445523	0.1140788	0.113165	0.0890143	0.0758082	0.0573427	0.0385253	0.0260486	0.0121417	0.0048446	0.0015588	0.0032116	0.0018165	0.0018182	3.89E-4	0.0	0.0013387	
Willet	5.475E-4	0.002936	2.818E-4	2.698E-4	0.0	2.977E-4	2.099E-4	0.0	8.055E-4	4.338E-4	0.0019335	5.352E-4	0.0033657	0.0036703	0.0262273	0.1190648	0.1497023	0.1839329	0.2373479	0.3240022	0.3731045	0.3660156	0.3618299	0.3541293	0.2851875	0.2961609	0.2545799	0.200492	0.1611744	0.1482085	0.1125866	0.0837828	0.0470801	0.0369702	0.0290925	0.0163508	0.0149184	0.0107705	0.0163355	0.0074199	0.0020186	0.0023383	4.014E-4	0.002422	9.091E-4	0.0	3.299E-4	2.231E-4	
Greater Yellowlegs	0.0295674	0.0296536	0.0253593	0.0391152	0.0266618	0.0208395	0.0182581	0.0260695	0.03383	0.0498915	0.0568445	0.0805459	0.1099476	0.1408075	0.1856086	0.1484695	0.1343918	0.1338923	0.1130685	0.0820399	0.0530726	0.0402344	0.0263401	0.0394973	0.0817455	0.1401584	0.2046747	0.2078721	0.2510485	0.252443	0.2540416	0.2322905	0.1878678	0.1830478	0.1541468	0.1545894	0.1501166	0.1346313	0.1302428	0.1544688	0.1118288	0.1102884	0.0923324	0.0517711	0.0413636	0.0311163	0.0283735	0.0303436	
Lesser/Greater Yellowlegs	0.0	0.0	0.0	0.0	0.0	0.0	0.0	0.0	0.0	0.0	0.0	0.0	0.0011219	6.673E-4	0.001345	0.0019282	0.0014176	0.001082	0.0016015	0.0011086	3.99E-4	0.0	9.242E-4	8.977E-4	6.146E-4	0.0012188	0.0050537	0.00369	0.0065908	0.0021716	0.0023095	0.004315	0.0031689	0.003156	0.0030395	0.0040877	0.0032634	0.001657	0.0022075	0.0030354	0.0024223	3.897E-4	4.014E-4	6.055E-4	0.0	0.0	3.299E-4	4.462E-4	
Tringa sp.	0.0	0.0	0.0	0.0	0.0	0.0	0.0	0.0	0.0	0.0	0.0	0.0	0.0	0.0	0.0	0.0	0.0	0.0	0.0	0.0	0.0	0.0	0.0	0.0	6.146E-4	0.0	0.0	0.0	0.0	0.0	0.0	0.0	0.0	0.0	0.0	0.0	0.0	0.0	0.0	0.0	0.0	0.0	0.0	0.0	0.0	0.0	0.0	0.0	
Ruddy Turnstone	0.0403358	0.0358191	0.035503	0.0312921	0.0230095	0.0145877	0.0096537	0.0123663	0.0100685	0.0143167	0.0065739	0.0050843	0.0011219	0.004004	0.004035	0.0053025	0.0096399	0.0540979	0.1502242	0.2114745	0.1157223	0.0386719	0.0101664	0.0040395	0.0030731	0.0060938	0.0170562	0.103731	0.1420012	0.1786102	0.1483834	0.1269328	0.0819375	0.0698828	0.0486322	0.0483092	0.0400932	0.0372825	0.0463576	0.0438449	0.0399677	0.0510522	0.0393416	0.0653951	0.0486364	0.0431739	0.0244144	0.038822	
Red Knot	0.0135061	0.016148	0.0095802	0.0083626	0.0065741	0.007145	0.0016789	0.0063503	0.0064438	0.0034707	0.0030936	0.0018732	3.74E-4	0.0013347	0.001345	0.0060255	0.0124752	0.0186638	0.0358744	0.0573725	0.0534717	0.025	0.0046211	0.0015	0.0	0.0024375	0.0107391	0.0336203	0.0329539	0.048317	0.0421478	0.0438691	0.045722	0.0527502	0.0377768	0.034188	0.030303	0.0323115	0.0384106	0.0404722	0.0444086	0.0385814	0.0272983	0.0269452	0.0177273	0.0194477	0.0039591	0.0120482	
Ruff	0.0	0.0	0.0	0.0	0.0	0.0	0.0	0.0	0.0	0.0	0.0	0.0	0.0	0.0	0.0	0.0	0.0	0.0	0.0	0.0	0.0	0.0	0.0	0.0	0.0	0.0	0.0	0.0	0.0	5.429E-4	5.774E-4	0.0	0.0	0.0	0.0	0.0015	0.0	0.0	0.0	0.0	0.0	0.0	0.0	0.0	0.0	0.0	0.0	0.0	
Curlew Sandpiper	0.0	0.0	0.0	0.0	0.0	0.0	0.0	0.0	0.0	0.0	0.0	0.0	0.0	0.0	0.0	0.0	0.0	0.0	0.0	0.0152439	0.0	0.0	0.0	0.0	0.0	0.0	0.0	0.0	0.0	0.0	0.0	0.0	0.0	0.0	0.0	0.0	0.0	0.0	0.0	0.0	0.0	0.0	0.0	0.0	0.0	0.0	0.0	0.0	
Stilt Sandpiper	0.0	0.0	0.0	0.0	0.0	0.0	0.0	0.0	0.0	0.0	0.0	0.0	0.0	0.0	0.0	0.0	0.0	0.0043278	0.0032031	0.0	0.0	0.0	0.0083179	0.0	0.0030731	0.0018282	0.0157928	0.0057401	0.022169	0.0179153	0.0207852	0.0176196	0.0049796	0.0040577	0.006079	0.0026013	4.662E-4	0.0	0.0	0.0016863	0.0016149	0.0	0.0	0.0	0.0	0.0	0.0	0.0	
Buff-breasted Sandpiper	0.0	0.0	0.0	0.0	0.0	0.0	0.0	0.0	0.0	0.0	0.0	0.0	0.0	0.0	0.0	0.0	0.0	0.0	0.0	0.0	0.0	0.0	0.0	0.0	0.0	0.0	0.0	0.0	0.0	5.429E-4	0.0017321	0.0071917	0.0239928	0.0072137	4.342E-4	3.716E-4	0.0	0.0	0.0	0.0	0.0	0.0	0.0	0.0	0.0	0.0	0.0	0.0	
Sanderling	0.1129768	0.1426894	0.1445478	0.1354195	0.1263696	0.0839536	0.0516264	0.0695187	0.078534	0.0689805	0.0556845	0.0457586	0.0441286	0.0413747	0.0336247	0.0291637	0.0425291	0.0670814	0.1105061	0.1596452	0.1272945	0.090625	0.0462107	0.0224417	0.0141364	0.0286411	0.0808591	0.1496515	0.1503895	0.1742671	0.1512702	0.1269328	0.1059303	0.0946799	0.0790274	0.1014493	0.1039627	0.1006628	0.1134658	0.125801	0.1425111	0.1352299	0.135287	0.1646988	0.1309091	0.1194088	0.0765424	0.1434627	
Dunlin	0.1352437	0.144451	0.1248239	0.1159968	0.1194302	0.0771063	0.052256	0.0678476	0.0777286	0.0689805	0.062645	0.0545892	0.0493642	0.0493827	0.0477471	0.0392866	0.0479161	0.0824993	0.1374119	0.1341463	0.0299282	0.0179687	4.621E-4	0.0035907	0.0012293	0.0018282	0.0056854	0.00328	0.0053925	0.0070575	0.0057737	0.0039554	0.0054323	0.0112714	0.0147634	0.0531401	0.0923077	0.1068766	0.1439294	0.1696459	0.1735971	0.1652377	0.1641911	0.1849833	0.1613636	0.1454687	0.0801716	0.1365462	
Purple Sandpiper	0.0397883	0.0490311	0.0459284	0.0391152	0.0430972	0.0270914	0.0140609	0.0243984	0.0233588	0.0177874	0.0181748	0.0093658	0.0082274	0.0076743	0.0050437	0.0016872	0.0014176	0.0029754	0.0032031	0.0030488	0.0	0.0	4.621E-4	0.0	0.0	0.0	0.0	0.0	0.0	0.0	5.774E-4	0.0	0.0	4.509E-4	0.0013026	3.716E-4	0.0	0.0	0.0	0.0033727	0.0088817	0.0109119	0.0160578	0.0342113	0.0345455	0.033839	0.0323326	0.0448461	
Baird's Sandpiper	0.0	0.0	0.0	0.0	0.0	0.0	0.0	0.0	0.0	0.0	0.0	0.0	0.0	0.0	0.0	0.0	0.0	0.0	0.0	0.0	0.0	0.0	0.0	0.0	0.0	0.0	0.0	0.0073801	0.0	5.429E-4	0.0086605	0.0061129	0.0144862	0.0130748	0.0065132	0.0052025	4.662E-4	4.143E-4	0.0	3.373E-4	0.0	0.0	0.0	0.0	0.0	0.0	0.0	0.0	
White-rumped Sandpiper	0.0	0.0	0.0	0.0	0.0	0.0	0.0	0.0	0.0	0.0	0.0	0.0	0.0	0.0	0.0	0.0	2.835E-4	0.0073032	0.0198591	0.0254989	0.0155626	0.0347656	0.0018484	0.0049372	0.0024585	0.0054845	0.0050537	0.0086101	0.0131815	0.0119435	0.0236721	0.030205	0.0199185	0.009468	0.009987	0.0037161	0.0065268	0.0028998	0.0022075	0.0010118	0.0032297	3.897E-4	4.014E-4	0.0	0.0	0.0	0.0	0.0	
Least Sandpiper	0.0	0.0	0.0	0.0	0.0	0.0	0.0	0.0	0.0	0.0	0.0	0.0	0.0015	0.002002	0.0063887	0.0368764	0.1020697	0.1636462	0.1925048	0.1416297	0.0387071	0.0117188	0.0023105	0.0049372	0.0639213	0.2388787	0.3063803	0.2906929	0.275015	0.2557003	0.2523095	0.2250989	0.1729289	0.119477	0.0668693	0.0486808	0.0195804	0.0074565	0.007947	0.0013491	0.0020186	7.794E-4	4.014E-4	6.055E-4	0.0	7.779E-4	0.0	0.0	
Pectoral Sandpiper	1.825E-4	0.0	0.0	0.0	0.0	0.0	0.0	0.0	0.0	4.338E-4	0.0	2.676E-4	3.74E-4	0.003003	0.0023537	9.641E-4	0.0025517	0.0032459	0.0035234	2.772E-4	0.0	0.0	4.621E-4	0.0	0.0	0.0073126	0.0240051	0.0135301	0.0257639	0.0157438	0.0230947	0.0240921	0.0158443	0.0112714	0.0095528	0.0141211	0.016317	0.0095278	0.007064	0.0043845	0.0032297	0.0	0.0	0.0	0.0	0.0	0.0	0.0	
Western Sandpiper	5.475E-4	0.0	2.818E-4	5.395E-4	0.0	0.0	0.0	0.0	0.0	4.338E-4	0.0023202	2.676E-4	0.0	0.0	0.0	0.0	0.0	0.0	0.0	0.0	3.99E-4	7.813E-4	0.0	4.488E-4	0.0015	0.0030469	0.0018951	0.00451	0.003595	0.0059718	0.0138568	0.0161812	0.0122227	0.006312	0.0043422	0.0014864	0.0055944	0.0028998	0.001766	6.745E-4	0.0024223	0.0	4.014E-4	9.083E-4	0.0013636	0.0023337	0.0	6.693E-4	
Semipalmated Sandpiper	0.0	0.0	0.0	0.0	0.0	0.0	0.0	0.0	0.0	0.0	0.0	0.0	7.479E-4	0.0	3.362E-4	0.0024102	0.031188	0.1073844	0.2046765	0.3054324	0.2517957	0.1367188	0.0226433	0.013465	0.0196681	0.1243144	0.2267846	0.3091431	0.3930497	0.3637351	0.3539261	0.3002517	0.2277048	0.1618575	0.0990013	0.0850985	0.0424242	0.0227838	0.011479	0.0077572	0.0032297	7.794E-4	0.0015	6.055E-4	0.0	0.0	0.0	0.0	
peep sp.	0.0	0.0	0.0	2.698E-4	0.0	2.977E-4	2.099E-4	0.0015	0.0	0.0	3.867E-4	0.0	0.0026178	0.001001	0.0030262	0.0026512	0.0056705	0.0086557	0.0144138	0.0127494	0.0099761	0.00625	0.0032348	0.0013465	0.0043024	0.0134065	0.0271636	0.0209102	0.0233673	0.0168295	0.0207852	0.0161812	0.010412	0.0081154	0.0065132	0.006689	0.002331	0.0045568	0.002649	0.0023609	0.0015	3.897E-4	0.0	3.028E-4	4.545E-4	3.89E-4	0.0	8.925E-4	
Calidris sp.	0.0	0.0	0.0	0.0	0.0	0.0	0.0	0.0	0.0	4.338E-4	0.0	2.676E-4	0.0	0.0015	0.0	0.0	0.0	0.0	0.0	0.0	3.99E-4	0.0	0.0	0.0	0.0	0.0	0.0	0.0	0.0	0.0	0.0	0.0	0.0	9.017E-4	0.0	3.716E-4	0.0	0.0	0.0	3.373E-4	0.0012111	0.0	4.014E-4	0.0	0.0	0.0	0.0	2.231E-4	
large shorebird sp.	0.0	0.0	0.0	0.0	0.0	0.0	0.0	0.0	0.0	0.0	0.0015	0.0	0.0015	0.0015	0.0	0.0	0.0	0.0	0.0	0.0	0.0	0.0	0.0	0.0	0.0	0.0	0.0015	0.0	0.0	0.0	0.0	0.0	0.0	0.0	0.0	0.0	0.0	0.0	0.0	0.0	0.0	0.0	0.0	0.0	0.0	0.0	0.0	0.0	
shorebird sp.	0.0025552	0.0046976	0.0022542	8.093E-4	0.0014609	0.0011908	8.395E-4	0.0020053	4.027E-4	0.0017354	0.0011601	0.001338	0.0014959	0.002002	0.004035	0.0026512	0.0039694	0.0037869	0.0057655	0.0060976	0.0031923	0.0035156	4.621E-4	0.0013465	0.0018439	0.0054845	0.0069488	0.0073801	0.0047933	0.0070575	0.0069284	0.0039554	0.0063377	0.006312	0.0078159	0.0048309	0.0051282	0.0057995	0.0030905	0.0026981	0.0036334	0.002728	0.0052188	0.0045413	0.0027273	0.0027227	0.0026394	0.0029005	
Long-tailed Jaeger	0.0	0.0	0.0	0.0	0.0	0.0	0.0	0.0	0.0	0.0	0.0	0.0	0.0	0.0	0.0	0.0	0.0	0.0	0.0	0.0015	0.0	0.0	0.0	0.0	0.0	0.0	0.0	0.0	0.0	0.0	0.0	0.0	0.0	0.0	0.0	0.0	0.0	0.0	0.0	0.0	0.0	0.0	0.0	0.0	0.0	0.0	0.0	0.0	
Parasitic Jaeger	0.0	0.0	2.818E-4	0.0	0.0	0.0	0.0	0.0	0.0	0.0	0.0	0.0	0.0	0.0	0.0	0.0	0.0	0.0	3.203E-4	8.315E-4	0.0015962	0.0035156	0.0013863	4.488E-4	0.0	0.0	0.0	8.2E-4	0.0	0.0	0.0	0.0010787	0.0027162	0.0	0.0017369	7.432E-4	9.324E-4	0.003314	0.001766	0.0033727	0.0044409	0.0023383	0.0020072	0.0021193	0.0013636	3.89E-4	0.0	2.231E-4	
Pomarine Jaeger	0.0	0.0	0.0	0.0	0.0	0.0	0.0	0.0	0.0	0.0	0.0	0.0	0.0	0.0	0.0	0.0	0.0	0.0	0.0	5.543E-4	0.0015	3.906E-4	0.0	0.0	0.0	0.0	0.0	0.0	0.0	0.0	0.0	0.0010787	9.054E-4	0.0	0.0	0.0	0.0	0.0	0.0	0.0	0.0	0.0	0.0	0.0	0.0015	0.0	0.0	0.0	
Long-tailed/Pomarine Jaeger	0.0	0.0	0.0	0.0	0.0	0.0	0.0	0.0	0.0	0.0	0.0	0.0	0.0	0.0	0.0	0.0	0.0	0.0	0.0	0.0	0.0	0.0	0.0	0.0	0.0	0.0	0.0	0.0	0.0	0.0	0.0	3.596E-4	0.0	0.0	0.0	0.0	0.0	0.0	0.0	0.0	0.0	0.0	0.0	0.0	0.0	0.0	0.0	0.0	
Parasitic/Pomarine Jaeger	0.0	0.0	0.0	0.0	0.0	0.0	0.0	0.0	0.0	0.0	0.0	0.0	0.0	0.0	0.0	0.0	0.0	0.0	0.0	0.0	0.0	0.0	0.0	0.0	0.0	0.0	0.0	0.0	0.0	0.0	0.0	3.596E-4	4.527E-4	0.0	0.0	0.0	0.0	0.0	0.0	0.0	0.0	0.0	0.0	0.0	0.0	0.0	0.0	0.0	
South Polar Skua	0.0	0.0	0.0	0.0	0.0	0.0	0.0	0.0	0.0	0.0	0.0	0.0	0.0	0.0	0.0	0.0	0.0	0.0	0.0	0.0	0.0	0.0	0.0	0.0	0.0	0.0	0.0	0.0	0.0	0.0	0.0	7.192E-4	0.0	0.0	0.0	0.0	0.0	0.0	0.0	0.0	0.0	0.0	0.0	0.0	0.0	0.0	0.0	0.0	
jaeger sp.	0.0	0.0	0.0	0.0	0.0	0.0	0.0	0.0	0.0	0.0	0.0	0.0	0.0	0.0	0.0	0.0	0.0	0.0	0.0	0.0	0.0	0.0	0.0	0.0	0.0	0.0	0.0	0.0	0.0	0.0	0.0	3.596E-4	0.0	0.0	0.0	0.0	0.0	4.143E-4	0.0	0.0	4.037E-4	0.0	0.0	0.0	0.0	0.0	0.0	0.0	
Atlantic Puffin	0.0	0.0	2.818E-4	0.0013488	0.0015	5.954E-4	0.0	0.0	0.0	0.0	0.0	0.0	0.0	0.0	0.0	0.0	0.0	0.0	0.0	0.0	0.0	0.0	0.0	0.0	0.0	0.0	0.0	0.0	0.0	0.0	0.0	0.0	0.0	0.0	0.0	0.0	0.0	0.0	0.0	0.0	0.0	0.0	0.0	0.0	0.0	0.0	0.0	0.0	
Black Guillemot	0.0	0.0	0.0	0.0	0.0	0.0	0.0	0.0	0.0	0.0	0.0	0.0	0.0	0.0	0.0	0.0	0.0	0.0	0.0	0.0	0.0	0.0	0.0	0.0	0.0	0.0	0.0	0.0	0.0	0.0	0.0	0.0	0.0	0.0	0.0	0.0	0.0	0.0	0.0	0.0	0.0	0.0	0.0	0.0	0.0	0.0	9.898E-4	0.0046854	
Razorbill	0.0220843	0.0364063	0.0287405	0.0361478	0.0434624	0.0378089	0.0203568	0.0183824	0.0116794	0.0065076	0.0023202	0.0016056	0.0011219	3.337E-4	0.0	0.0	0.0	0.0	0.0	0.0	0.0	0.0	0.0	0.0	0.0	0.0	0.0	0.0	0.0	0.0	0.0	0.0	0.0	0.0	0.0	0.0	0.0	0.0	0.0	0.0	0.0	0.0	4.014E-4	3.028E-4	0.0059091	0.0054454	0.0049489	0.0307898	
Dovekie	0.0012776	0.0035232	0.0078895	0.0043162	7.305E-4	0.0038702	6.296E-4	6.684E-4	0.0	0.0	0.0	0.0	0.0	0.0	0.0	0.0	0.0	0.0	0.0	0.0	0.0	0.0	0.0	0.0	0.0	0.0	0.0	0.0	0.0	0.0	0.0	0.0	0.0	0.0	0.0	0.0	0.0	0.0	0.0	0.0	0.0	0.0	0.0	0.0	0.0	3.89E-4	3.299E-4	0.0049085	
Thick-billed Murre	0.0	0.001468	0.0028177	8.093E-4	0.0029218	0.0015	2.099E-4	3.342E-4	0.0	4.338E-4	0.0	0.0	0.0	0.0	0.0	0.0033743	5.671E-4	0.0	0.0	0.0	0.0	0.0	0.0	0.0	0.0	0.0015	0.0	0.0	0.0	0.0	0.0	0.0	0.0	0.0	0.0	0.0	0.0	0.0	0.0	0.0	0.0	0.0	0.0	0.0	9.091E-4	0.0	0.0	0.0	
Common Murre	0.0	0.001468	2.818E-4	0.0035069	0.0014609	0.0032748	0.0	6.684E-4	0.001611	0.0	0.0	5.352E-4	3.74E-4	3.337E-4	0.0	0.0	0.0	0.0	0.0	0.0	0.0	0.0	0.0	0.0	0.0	0.0	0.0	0.0	0.0	0.0	0.0	0.0	0.0	0.0	0.0	0.0	0.0	0.0	0.0	0.0	0.0	0.0	0.0	0.0	0.0	3.89E-4	0.0	0.0	
large alcid sp.	5.475E-4	5.872E-4	0.0	0.001079	3.652E-4	8.931E-4	0.0	3.342E-4	0.0012082	0.0	0.0	2.676E-4	0.0	3.337E-4	0.0	0.0	0.0	0.0	0.0	0.0	0.0	0.0	0.0	0.0	0.0	0.0	0.0	0.0	0.0	0.0	0.0	0.0	0.0	0.0	0.0	0.0	0.0	0.0	0.0	0.0	0.0	0.0	0.0	0.0	4.545E-4	3.89E-4	0.0	0.0	
alcid sp.	0.0	2.936E-4	0.0	0.0	0.0015	0.0	0.0	3.342E-4	0.0	0.0	0.0	0.0	0.0	0.0	0.0	0.0	0.0	0.0	0.0	0.0	0.0	0.0	0.0	0.0	0.0	0.0	0.0	0.0	0.0	0.0	0.0	0.0	0.0	0.0	0.0	0.0	0.0	0.0	0.0	0.0	0.0	0.0	0.0	0.0	0.0	3.89E-4	0.0	0.0	
Little Gull	0.0015	0.0	2.818E-4	0.0	0.0	2.977E-4	2.099E-4	0.0	8.055E-4	0.0013015	0.0019335	5.352E-4	7.479E-4	6.673E-4	6.725E-4	0.0015	0.0	2.705E-4	0.0	0.0	0.0	0.0011719	0.0	0.0	0.0	0.0	0.0	0.0	0.0	0.0032573	0.0	0.0	0.0	0.0	0.0	0.0	0.0	0.0	0.0	0.0	0.0	0.0	8.029E-4	0.0015138	0.0	0.0	0.0	0.0011156	
Ross's Gull	0.0	0.0	0.0	0.0	0.0	0.0	0.0	0.0	0.0	0.0015	0.0015468	0.0015	0.0	0.0	0.0	0.0	0.0	0.0	0.0	0.0	0.0	0.0	0.0	0.0	0.0	0.0	0.0	0.0	0.0	0.0	0.0	0.0	0.0	0.0	0.0	0.0	0.0	0.0	0.0	0.0	0.0	0.0	0.0	0.0	0.0	0.0	0.0	0.0	
Black-legged Kittiwake	5.475E-4	0.001468	2.818E-4	0.0029674	0.0010957	5.954E-4	0.0	0.0	0.0	4.338E-4	0.0	0.0	0.0	0.0	0.0	0.0	0.0	0.0	0.0	0.0	0.0	0.0	0.0	0.0	0.0	0.0	0.0	0.0	0.0	0.0	0.0	0.0	9.054E-4	0.0	0.0	0.0	9.324E-4	0.0	0.0	0.0015	4.037E-4	7.794E-4	4.014E-4	9.083E-4	4.545E-4	0.0011669	0.0	6.693E-4	
Bonaparte's Gull	0.0815842	0.1080446	0.0924204	0.0801187	0.0584368	0.0294731	0.0117524	0.0153743	0.0144986	0.0078091	0.0123743	0.0077602	0.0063575	0.0056723	0.0036987	7.231E-4	0.0042529	0.0059508	0.0025625	0.0024945	0.0071828	0.0113281	0.0018484	0.0013465	6.146E-4	0.0018282	0.0050537	0.00451	5.992E-4	0.0016287	0.0017321	0.0010787	4.527E-4	0.0013526	0.0021711	0.0022297	0.0041958	0.0057995	0.007947	0.0104553	0.0173597	0.0218239	0.021678	0.0505601	0.0659091	0.0766239	0.0550973	0.1178046	
Black-headed Gull	0.0273773	0.0240752	0.0101437	0.0075533	0.0051132	0.0059542	0.0018888	0.003008	0.0032219	0.0034707	7.734E-4	2.676E-4	3.74E-4	0.0015	0.0015	0.0	0.0	0.0	0.0	8.315E-4	0.0	0.0015	0.0	0.0	0.0	0.0	0.0	0.0	0.0	5.429E-4	0.0	0.0	0.0	0.0	0.0	7.432E-4	0.0018648	0.0	0.0	0.0	0.0	0.0	0.0	0.0015138	0.005	0.0070012	0.0039591	0.0196341	
Laughing Gull	0.0020077	5.872E-4	5.635E-4	5.395E-4	0.0015	0.0	2.099E-4	3.342E-4	0.0015	4.338E-4	0.0019335	0.0042815	0.0224383	0.0637304	0.1129792	0.1516028	0.178055	0.2272113	0.2809097	0.3625277	0.415403	0.4484375	0.4602588	0.4762118	0.4529809	0.4814138	0.4939987	0.4797048	0.5140803	0.5130293	0.4769053	0.4279036	0.3657764	0.3516682	0.3300043	0.3377926	0.3188811	0.2771334	0.2278146	0.2	0.1542188	0.1282151	0.0863107	0.0762943	0.0354545	0.0311163	0.008578	0.0042392	
Franklin's Gull	0.0	0.0	0.0	0.0	0.0	0.0	0.0	0.0	0.0	0.0	0.0	0.0	0.0	0.0	0.0	0.0	0.0	0.0	0.0	0.0	0.0	3.906E-4	0.0	0.0	0.0	0.0	0.0015	0.0	0.0	0.0	0.0	0.0	0.0	0.0	0.0	3.716E-4	0.0	4.143E-4	0.0	0.0015	0.0	0.0019486	0.0	0.0	0.0	0.0	0.0	0.0	
Black-tailed Gull	1.825E-4	0.0	0.0	0.0015	3.652E-4	0.0	0.0	0.0	0.0	0.0	0.0	0.0	0.0	0.0	0.0	0.0	0.0	0.0	0.0	0.0	0.0	0.0	0.0	0.0	0.0	0.0	0.0	0.0	0.0	0.0	0.0	0.0	0.0	0.0	0.0	0.0	0.0	0.0	0.0	0.0	0.0	0.0	0.0	0.0	0.0	0.0	0.0	0.0	
Common/Short-billed Gull	1.825E-4	0.0	0.0	0.0	0.0	0.0	0.0	0.0	0.0	0.0	0.0	0.0	0.0	0.0	0.0	0.0	0.0	0.0	0.0	0.0	0.0	0.0	0.0	0.0	0.0	0.0	0.0	0.0	0.0	0.0	0.0	0.0	0.0	0.0	0.0	0.0	0.0	0.0	0.0	0.0	0.0	0.0	0.0	0.0	0.0	0.0	0.0	0.0	
Ring-billed Gull	0.4884103	0.498532	0.4775993	0.4650661	0.4722425	0.3396844	0.2833158	0.4247995	0.4228756	0.4021692	0.3897912	0.368745	0.3186238	0.2545879	0.2222596	0.1858279	0.1457329	0.1463349	0.132287	0.1413525	0.1683958	0.1640625	0.1769871	0.1566427	0.1850031	0.2474101	0.2792167	0.3538335	0.3373277	0.3355049	0.3314088	0.306005	0.3033047	0.2871957	0.3061224	0.3273876	0.3501166	0.3285004	0.3443709	0.3666105	0.4045216	0.454014	0.4640707	0.490766	0.5018182	0.4803578	0.4483669	0.5022311	
American Herring Gull	0.5360467	0.5170288	0.497605	0.4782843	0.5157049	0.3763025	0.3066107	0.4585561	0.4615385	0.4386117	0.4253674	0.4091517	0.3844428	0.3693694	0.3779422	0.3369487	0.2843777	0.3143089	0.3446509	0.4185144	0.4257781	0.4636719	0.4708872	0.478456	0.4499078	0.4795856	0.4876816	0.4838048	0.5176753	0.5092291	0.5017321	0.4757282	0.4363966	0.4220018	0.4363873	0.4633965	0.4582751	0.4743165	0.4746137	0.4657673	0.4662899	0.5035074	0.5022079	0.5234635	0.5018182	0.5025282	0.4206532	0.5502008	
Great Black-backed Gull	0.375616	0.3787434	0.3330516	0.3442136	0.3575603	0.2533492	0.1945435	0.3098262	0.3008458	0.2828633	0.2722351	0.255285	0.2419596	0.2198866	0.2188971	0.1744999	0.1565069	0.1801461	0.2206919	0.2940687	0.3268156	0.3652344	0.3701479	0.3397666	0.3153042	0.337599	0.348705	0.3435834	0.3768724	0.3762215	0.3545035	0.3265013	0.2901766	0.2817854	0.2579244	0.2868822	0.2708625	0.3073737	0.3055188	0.3062395	0.3225676	0.3632112	0.3833802	0.4090221	0.3909091	0.3667834	0.2741669	0.4058456	
Glaucous Gull	0.0018252	8.808E-4	0.0014088	8.093E-4	3.652E-4	5.954E-4	0.0015	0.0015	4.027E-4	8.677E-4	0.0023202	0.0010704	7.479E-4	6.673E-4	0.0	2.41E-4	5.671E-4	0.0	0.0	0.0015	0.0	0.0	9.242E-4	0.0	0.0	0.0	0.0	0.0	0.0015	0.0	0.0	0.0	0.0	0.0	0.0	0.0	0.0	0.0	0.0	0.0	0.0	0.0011691	0.0015	6.055E-4	0.0018182	0.0070012	0.0013197	0.0024543	
American Herring x Glaucous Gull (hybrid)	0.0	0.0	0.0	0.0	0.0	2.977E-4	0.0	0.0	0.0	0.0	0.0	0.0	0.0	0.0	0.0	0.0	0.0	0.0	0.0	0.0	0.0	0.0	0.0	0.0	0.0	0.0	0.0	0.0	0.0	0.0	0.0	0.0	0.0	0.0	0.0	0.0	0.0	0.0	0.0	0.0	0.0	0.0	0.0	0.0	0.0	0.0	0.0	2.231E-4	
Lesser Black-backed Gull	0.0109509	0.0061656	0.0064807	0.0094416	0.0065741	0.0065496	0.0020986	0.0050134	0.0060411	0.0065076	0.0061872	0.0101686	0.0059835	0.006006	0.0033625	0.0040974	0.0036859	0.0064918	0.0089686	0.0130266	0.027933	0.0390625	0.0291128	0.0139138	0.0172096	0.0164534	0.0138977	0.0217302	0.0287597	0.0401737	0.0259815	0.0316433	0.0321412	0.0306583	0.0282241	0.0479376	0.0410256	0.0434963	0.0415011	0.041484	0.0318934	0.0416991	0.0208752	0.014835	0.0113636	0.0097238	0.0052788	0.0102633	
American Herring x Lesser Black-backed Gull (hybrid)	9.126E-4	5.872E-4	0.0011271	2.698E-4	7.305E-4	2.977E-4	2.099E-4	3.342E-4	0.0	4.338E-4	0.0	0.0	3.74E-4	0.0	0.0	0.0	0.0	0.0	0.0015	0.0	0.0	0.0	0.0	0.0	0.0	0.0	0.0	0.0	0.0	0.0	0.0	0.0	0.0	0.0	0.0	0.0	0.0	0.0	0.0	0.0015	0.0015	3.897E-4	0.0	0.0015	0.0	0.0	0.0	6.693E-4	
Iceland Gull	0.0065705	0.0023488	0.0064807	0.0064742	0.0043828	0.0038702	0.0012592	0.0043449	0.0056383	0.0043384	0.0034803	0.0042815	0.0048616	0.002002	6.725E-4	0.0016872	2.835E-4	0.0021639	3.203E-4	2.772E-4	0.0	0.0	0.0	0.0	0.0	0.0	0.0	0.0	0.0	0.0	0.0	0.0	0.0	0.0	0.0	0.0	0.0	0.0	4.415E-4	0.0	0.0012111	0.0019486	0.0028101	0.0015138	0.0036364	0.0015558	0.0019795	0.0049085	
American Herring/Iceland Gull	0.0	0.0	0.0	0.0	0.0	0.0	0.0	0.0	0.0	0.0	0.0	0.0	0.0	0.0	0.0	0.0	0.0	0.0	0.0	0.0	0.0	0.0	0.0	0.0	0.0	0.0	0.0	0.0	0.0	0.0	0.0	0.0	0.0	0.0	0.0	0.0	0.0	0.0	0.0	0.0	0.0	0.0	0.0	0.0	0.0	0.0	0.0015	0.0	
Larus sp.	0.0023727	0.0061656	0.0028177	0.0032371	0.0025566	0.0014885	0.0020986	0.003008	0.0028192	8.677E-4	0.0027069	0.0032111	0.0022438	0.0013347	3.362E-4	7.231E-4	5.671E-4	8.115E-4	9.609E-4	0.0030488	0.0031923	0.0027344	0.0023105	0.0031418	0.0030731	0.0018282	0.0025268	0.00205	0.0011983	0.0038002	0.0046189	0.004315	0.0045269	0.0036069	0.0021711	0.0044593	0.0037296	0.0037283	0.002649	0.0033727	0.0036334	0.002728	0.0040145	0.0063579	0.0036364	0.0042785	0.0026394	0.0082552	
gull sp.	0.0189816	0.0281856	0.0304311	0.0275155	0.0211833	0.024412	0.0298006	0.0317513	0.0322191	0.0338395	0.0266821	0.028365	0.0228123	0.0266934	0.0265636	0.0250663	0.0175787	0.0175818	0.0140935	0.0185698	0.0199521	0.0226562	0.0157116	0.0152603	0.0159803	0.0188909	0.0183196	0.0200902	0.0089874	0.014658	0.0167436	0.0244516	0.0235401	0.0261497	0.0299609	0.0289855	0.0293706	0.0236123	0.0295806	0.0283305	0.02826	0.0339049	0.0321156	0.032092	0.0345455	0.0217814	0.0207852	0.0321285	
Black Skimmer	3.65E-4	0.0	0.0	0.0	0.0	0.0	0.0	0.0	0.0	0.0	3.867E-4	0.0	0.0	0.0	0.0015	7.231E-4	0.015594	0.0219097	0.0621397	0.1485588	0.2150838	0.2886719	0.2560074	0.2324955	0.2267978	0.2541133	0.2823752	0.2853629	0.2792091	0.271987	0.221709	0.1441927	0.1249434	0.1208296	0.0720799	0.0992196	0.0797203	0.048053	0.0145695	0.013828	0.0181671	0.0183164	0.0060217	9.083E-4	0.0	7.779E-4	6.598E-4	0.0	
Sooty Tern	0.0	0.0	0.0	0.0	0.0	0.0	0.0	0.0	0.0	0.0	0.0	0.0	0.0	0.0	0.0	0.0	0.0	0.0	0.0	0.0	0.0	0.0	0.0	0.0	0.0	0.0	0.0	0.0	5.992E-4	0.0	0.0	0.0010787	0.0	4.509E-4	0.0	0.0	0.0	0.0	0.0	0.0	0.0	0.0	0.0	0.0	0.0	0.0	0.0	0.0	
Bridled Tern	0.0	0.0	0.0	0.0	0.0	0.0	0.0	0.0	0.0	0.0	0.0	0.0	0.0	0.0	0.0	0.0	0.0	0.0	0.0	0.0	0.0	0.0	0.0	0.0	0.0	0.0	0.0	0.0	0.0	0.0	0.0	0.0014383	4.527E-4	0.0	0.0	0.0	0.0	0.0	0.0	0.0	0.0	0.0	0.0	0.0	0.0	0.0	0.0	0.0	
Least Tern	0.0	0.0	0.0	0.0	0.0	0.0	0.0	0.0	0.0	0.0	0.0	0.0	0.0	0.0	6.725E-4	2.41E-4	0.0167281	0.0881796	0.1825753	0.2641353	0.2713488	0.3	0.2966728	0.2944345	0.2808851	0.3028641	0.3177511	0.2734727	0.2109047	0.2084691	0.1310624	0.0740741	0.0285197	0.0054103	0.0017369	7.432E-4	4.662E-4	0.0	8.83E-4	0.0	0.0	0.0	0.0	0.0	0.0	0.0	0.0	0.0	
Gull-billed Tern	0.0	0.0	0.0	0.0	0.0	0.0	0.0	0.0	0.0	0.0	0.0	0.0	0.0	0.0	6.725E-4	0.0045794	0.0144599	0.0200162	0.0201794	0.0313193	0.066241	0.0695313	0.0503697	0.0381508	0.031346	0.0304692	0.0366393	0.0340303	0.0347513	0.0179153	0.0167436	0.0100683	0.0027162	9.017E-4	0.0021711	0.0044593	0.0	0.0	4.415E-4	0.0	0.0	0.0	0.0	0.0	0.0	0.0	0.0	0.0	
Caspian Tern	0.0	0.0	0.0	0.0	0.0	0.0	0.0	0.0	0.0	0.0	0.0	0.0	0.0	0.0	3.362E-4	9.641E-4	0.0014176	0.001082	3.203E-4	2.772E-4	7.981E-4	7.813E-4	0.0	0.0	0.0	6.094E-4	0.0	0.00123	0.0	0.0	5.774E-4	0.0010787	0.0018108	0.0130748	0.0130265	0.017094	0.0088578	0.0053853	0.00883	0.0	0.0	0.0	0.0	0.0	0.0	0.0	0.0	0.0	
Black Tern	0.0	0.0	0.0	0.0	0.0	0.0	0.0	0.0	0.0	0.0	0.0	0.0	0.0	0.0	0.0	0.0	0.0017012	2.705E-4	6.406E-4	0.006929	0.0231445	0.0394531	0.0078558	0.0031418	0.0	0.0	0.0012634	8.2E-4	0.0053925	0.0065147	0.0144342	0.0204962	0.0090539	0.006312	0.0043422	3.716E-4	4.662E-4	0.0	0.0	0.0	0.0	3.897E-4	0.0	0.0	0.0	0.0	0.0	0.0	
White-winged Tern	0.0	0.0	0.0	0.0	0.0	0.0	0.0	0.0	0.0	0.0	0.0	0.0	0.0	0.0	0.0	0.0	0.0	0.0	0.0	0.0	0.0	0.0078125	0.0	0.0	0.0	0.0	0.0	0.0	0.0	0.0	0.0	0.0	0.0	0.0	0.0	0.0	0.0	0.0	0.0	0.0	0.0	0.0	0.0	0.0	0.0	0.0	0.0	0.0	
Forster's Tern	1.825E-4	0.0	0.0	0.0	0.0	0.0	0.0	0.0	0.0	0.0	3.867E-4	0.0	0.0048616	0.0737404	0.1566913	0.1824536	0.1777715	0.1947525	0.2213325	0.2594235	0.2410215	0.2339844	0.2509242	0.3101436	0.2919484	0.3071298	0.307012	0.2870029	0.2941881	0.262215	0.2471132	0.1902193	0.156632	0.1794409	0.1207121	0.1471572	0.1221445	0.1255178	0.1289183	0.0937605	0.0843763	0.0522214	0.0224809	0.0084771	0.0013636	0.0015	0.0	4.462E-4	
Arctic Tern	0.0	0.0	0.0	0.0	0.0	0.0	0.0	0.0	0.0	0.0	0.0	0.0	0.0	0.0	0.0	0.0	0.0	5.41E-4	0.0	0.0044346	0.0215483	0.0285156	0.0115527	0.0035907	0.0	6.094E-4	0.0	0.0	0.0	0.0	0.0	0.0	0.0	0.0	0.0	0.0	0.0	0.0	0.0	0.0	0.0	0.0	0.0	0.0	0.0	0.0	0.0	0.0	
Common Tern	0.0	0.0	0.0	0.0	0.0	0.0	0.0	0.0	0.0	0.0	0.0	0.0	0.0	3.337E-4	0.001345	0.0149434	0.0782535	0.130376	0.1889814	0.2782705	0.3140463	0.3746094	0.37061	0.3882406	0.3577136	0.400975	0.4118762	0.4067241	0.3780707	0.3838219	0.3146651	0.2409205	0.1887732	0.147881	0.0985671	0.0862133	0.0414918	0.0223695	0.0145695	0.0080944	0.005652	0.0038971	0.0016058	0.001211	9.091E-4	0.0	0.0	0.0	
Forster's/Common Tern	0.0	0.0	0.0	0.0	0.0	0.0	0.0	0.0	0.0	0.0	0.0	0.0	3.74E-4	0.0016683	6.725E-4	0.0021692	0.0014176	0.0032459	9.609E-4	0.0036031	0.0015962	0.0019531	0.0023105	0.0022442	0.0018439	0.0030469	0.0018951	0.00492	0.0029958	0.0038002	0.0028868	0.0025171	0.0049796	0.0058611	0.0034737	0.0040877	0.0037296	0.0028998	0.0013245	3.373E-4	0.0	7.794E-4	4.014E-4	0.0	0.0	0.0	0.0	0.0	
Common/Arctic Tern	0.0	0.0	0.0	0.0	0.0	0.0	0.0	0.0	0.0	0.0	0.0	0.0	0.0	0.0	0.0	0.0	0.0	0.0	0.0	0.0	0.0	0.0	4.621E-4	0.0	0.0	0.0	0.0	0.0	0.0	0.0	0.0	0.0	0.0	0.0	0.0	0.0	0.0	0.0	0.0	0.0	0.0	0.0	0.0	0.0	0.0	0.0	0.0	0.0	
Roseate Tern	0.0	0.0	0.0	0.0	0.0	0.0	0.0	0.0	0.0	0.0	0.0	0.0	0.0	0.0	0.0	0.0	0.0045364	0.0059508	0.0067265	0.0196785	0.07502	0.1015625	0.0656192	0.0318671	0.0073755	0.0048751	0.0018951	0.00246	0.003595	0.0016287	0.0028868	0.004315	0.0054323	9.017E-4	0.0	0.0	0.0	0.0	0.0	0.0	0.0	0.0	0.0	0.0	0.0	0.0	0.0	0.0	
Sterna sp.	0.0	0.0	0.0	0.0	0.0	0.0	0.0	0.0	0.0	0.0	0.0	0.0	0.0	0.0	0.0	0.0012051	8.506E-4	5.41E-4	0.0012812	0.0027716	0.0035914	0.0058594	0.0023105	0.002693	0.0012293	0.0048751	0.0031586	0.00123	0.0017975	5.429E-4	0.0028868	0.0014383	0.0022635	0.0036069	8.684E-4	0.0040877	0.0018648	4.143E-4	0.0	6.745E-4	8.074E-4	0.0	0.0	0.0	0.0	0.0	0.0	0.0	
Sandwich Tern	0.0	0.0	0.0	0.0	0.0	0.0	0.0	0.0	0.0	0.0	0.0	0.0	0.0	0.0	0.0	0.0	0.0	0.0	0.0	0.0013858	0.0	0.0	0.004159	0.0	0.0	0.0018282	0.0	0.0	0.0	0.0	0.0	0.0046746	0.0	0.0	0.0	0.0	0.0	0.0	0.0	0.0	0.0	0.0	0.0	0.0	0.0	0.0	0.0	0.0	
Royal Tern	0.0	0.0	0.0	0.0	0.0	0.0	0.0	0.0	0.0	0.0	0.0	0.0	0.0	0.0	0.0	2.41E-4	0.0	0.0	6.406E-4	0.0024945	0.0123703	0.0203125	0.0198706	0.0121185	0.0147511	0.0134065	0.0309539	0.0233702	0.0305572	0.0369164	0.0398383	0.0373966	0.0285197	0.0329125	0.026053	0.0419918	0.0391608	0.0455675	0.0454746	0.0374368	0.033912	0.0163679	0.0064231	0.0	9.091E-4	0.0	0.0	0.0	
tern sp.	0.0	0.0	0.0	0.0	0.0	0.0	0.0	0.0	0.0	0.0	0.0	0.0	7.479E-4	0.001001	6.725E-4	0.0	0.0034023	0.0032459	0.0048046	0.0083149	0.0075818	0.0097656	0.0069316	0.0089767	0.0098341	0.0121877	0.0107391	0.0065601	0.0101857	0.0054289	0.0086605	0.00863	0.010412	0.0099188	0.0104212	0.008547	0.0027972	0.0053853	0.0030905	0.0023609	0.0012111	3.897E-4	0.0	0.0	0.0	0.0	0.0	0.0	
Pied-billed Grebe	0.06096	0.0408103	0.0338123	0.0339897	0.0310446	0.0202441	0.0165792	0.0350936	0.0438985	0.0368764	0.0491106	0.0398716	0.0430067	0.0296964	0.0161399	0.0053025	5.671E-4	0.0	0.0	0.0	0.0	0.0	0.0	0.0	0.0	0.0	0.0	0.0	0.0017975	0.0	0.0011547	0.0010787	0.0013581	0.0022543	0.0065132	0.0089186	0.0107226	0.0086993	0.0203091	0.0252951	0.0371417	0.043258	0.0357286	0.0387526	0.0504545	0.0536756	0.0287034	0.033021	
Horned Grebe	0.0553021	0.0833823	0.0958016	0.1081737	0.1117604	0.0806788	0.0533054	0.0962567	0.1002819	0.1071584	0.0823666	0.0690393	0.0441286	0.02002	0.0073974	0.0050615	0.0062376	0.0051393	3.203E-4	8.315E-4	0.0	0.0	0.0	0.0	0.0	0.0	0.0	0.0	0.0	0.0	0.0	0.0	0.0	0.0	0.0	0.0	0.0	0.0	0.0	0.0067454	0.0044409	0.005456	0.0064231	0.0154405	0.0268182	0.0303384	0.0273837	0.0526551	
Red-necked Grebe	0.0036503	0.0052848	0.0033812	0.0094416	0.0164354	0.0047633	0.0054565	0.0033422	0.0100685	0.0147505	0.0123743	0.0093658	0.0033657	0.0043377	0.0016812	2.41E-4	0.0015	0.0	0.0	0.0	0.0	0.0	0.0	0.0	0.0	0.0	0.0	0.0	0.0	0.0	0.0	0.0	0.0	0.0	4.342E-4	0.0	0.0	0.0	0.0	0.0	4.037E-4	7.794E-4	0.0024087	0.0033303	9.091E-4	0.0031116	0.0046189	0.0049085	
Eared Grebe	1.825E-4	0.0020552	0.003663	0.0026976	0.0021914	0.0	2.099E-4	6.684E-4	0.0012082	4.338E-4	7.734E-4	8.028E-4	0.0	0.0	0.0	0.0	0.0	0.0	0.0	0.0	0.0	0.0	0.0	0.0	0.0	0.0	0.0	0.0	0.0015	0.0	0.0	0.0	0.0	0.0	0.0	0.0	0.0	0.0012428	0.0	0.0	0.0	0.0	0.0	0.0	0.0	0.0	0.0	2.231E-4	
Horned/Eared Grebe	0.0	0.0	0.0	0.0	0.0	0.0	0.0	0.0	0.0	0.0	3.867E-4	0.0	0.0	0.0	0.0	0.0	0.0	0.0	0.0	0.0	0.0	0.0	0.0	0.0	0.0	0.0	0.0	0.0	0.0	0.0	0.0	0.0	0.0	0.0	0.0	0.0	0.0	0.0	0.0	0.0	0.0	0.0	0.0	0.0	0.0	0.0	0.0	0.0	
Western Grebe	0.0023727	0.0	0.0	0.0	0.0	0.0	0.0	0.0	0.0	0.0	0.0	0.0	0.0	0.0	0.0	0.0	0.0	0.0	0.0	0.0	0.0	0.0	0.0	0.0	0.0	0.0	0.0	0.0	0.0	0.0	0.0	0.0	0.0	0.0	0.0	0.0	0.0	0.0	0.0	0.0	0.0	0.0	0.0	0.0	0.0	0.0	0.0	0.0	
grebe sp.	1.825E-4	0.0	0.0	0.0	0.0	0.0	0.0	0.0	0.0	0.0	0.0	0.0	0.0	0.0	0.0	0.0	0.0	0.0	0.0	0.0	0.0	0.0	0.0	0.0	0.0	0.0	0.0	0.0	0.0	0.0	0.0	0.0	0.0	0.0	0.0	0.0	0.0	0.0	0.0	0.0	0.0	0.0015	0.0	0.0	0.0	0.0	0.0	0.0	
White-tailed Tropicbird	0.0	0.0	0.0	0.0	0.0	0.0	0.0	0.0	0.0	0.0	0.0	0.0	0.0	0.0	0.0	0.0	0.0	0.0	0.0	0.0	0.0	0.0	0.0	0.0	0.0	0.0	0.0	0.0	0.0	0.0	0.0	0.0015	0.0	0.0	0.0	0.0	0.0	0.0	0.0	0.0	0.0	0.0	0.0	0.0	0.0	0.0	0.0	0.0	
Red-throated Loon	0.1538602	0.1811509	0.1411665	0.1440518	0.1515705	0.1134266	0.0751312	0.1213235	0.1345147	0.1344902	0.0955143	0.0885737	0.0729245	0.0577244	0.0302623	0.0195228	0.0136093	0.0067622	0.0086483	0.0036031	0.0023943	0.0027344	0.0013863	0.0071813	0.0036878	6.094E-4	0.0	0.0	0.0	0.0	0.0	0.0	0.0	0.0	0.0	0.0	9.324E-4	0.001657	0.007064	0.0158516	0.045216	0.0779423	0.0975512	0.137148	0.1327273	0.1267989	0.1019466	0.1709058	
Pacific Loon	7.301E-4	5.872E-4	0.0	0.0	0.0211833	0.0145877	0.0050367	0.0013369	0.0024164	0.0	0.0	0.0	0.0	0.0	0.0	0.0	0.0	0.0	0.0	5.543E-4	0.0	3.906E-4	0.0	0.0	0.0	0.0	0.0	0.0	0.0	0.0	0.0	0.0	0.0	0.0	0.0	0.0	0.0	0.0	0.0	0.0	0.0	0.002728	0.0	0.0	0.0	0.0	0.0015	0.0	
Common Loon	0.1918233	0.2196124	0.2228797	0.232533	0.2370343	0.1655255	0.121511	0.1885027	0.1856625	0.1843818	0.1562258	0.1337972	0.118549	0.1257925	0.105918	0.088455	0.0652112	0.0489586	0.045804	0.0374169	0.0371109	0.0410156	0.0235675	0.0130162	0.0110633	0.0146252	0.0151611	0.0229602	0.0419413	0.0472313	0.02194	0.0179791	0.010412	0.0099188	0.0086843	0.0178372	0.0111888	0.0161558	0.0269316	0.0681282	0.1150585	0.1332814	0.1621839	0.2058734	0.1759091	0.1668611	0.1590234	0.2242303	
loon sp.	0.0020077	0.0026424	0.0019724	0.0037766	0.0025566	0.0023817	0.0027282	0.0036765	0.0012082	4.338E-4	0.0015468	0.0021408	3.74E-4	0.0013347	0.0010087	7.231E-4	0.0014176	5.41E-4	6.406E-4	0.0013858	0.0	0.0	4.621E-4	0.0	0.0	0.0	0.0	0.0	0.0	0.0	0.0	0.0	0.0	9.017E-4	4.342E-4	0.0	4.662E-4	0.0	8.83E-4	0.0010118	0.0036334	0.0035074	0.003613	0.0066606	0.0027273	0.0035006	0.0016496	0.0037929	
Atlantic Yellow-nosed Albatross	0.0	0.0	0.0	0.0	0.0	0.0	0.0	0.0	0.0	0.0	0.0	0.0	0.0	0.0	0.0	0.0	0.0	0.0	0.0	0.0015	0.0	0.0	0.0	0.0	0.0	0.0	0.0	0.0	0.0	0.0	0.0	0.0	0.0	0.0	0.0	0.0	0.0	0.0	0.0	0.0	0.0	0.0	0.0	0.0	0.0	0.0	0.0	0.0	
Wilson's Storm-Petrel	0.0	0.0	0.0	0.0	0.0	0.0	0.0	0.0	0.0	0.0	0.0	0.0	0.0	0.0	0.0	0.0	0.0	0.0	3.203E-4	0.0024945	0.0155626	0.0113281	0.0046211	0.0031418	0.0012293	0.0036563	0.004422	0.00205	0.0011983	0.0010858	5.774E-4	0.0032362	0.0013581	0.0	0.0015	7.432E-4	0.0	0.0	0.0	0.0	0.0	0.0	0.0	0.0	0.0	0.0	0.0	0.0	
Leach's Storm-Petrel	0.0	0.0	0.0	0.0	0.0	0.0	0.0	0.0	0.0	0.0	0.0	0.0	0.0	0.0	0.0	0.0	0.0	0.0	0.0	0.0	0.0	0.0	0.0	0.0	0.0	0.0	0.0	0.0	0.0	0.0	0.0	0.0014383	0.0	0.0	0.0	0.0	0.0	0.0	0.0	0.0	0.0	0.0	0.0	0.0	0.0	0.0	0.0	0.0	
Band-rumped Storm-Petrel	0.0	0.0	0.0	0.0	0.0	0.0	0.0	0.0	0.0	0.0	0.0	0.0	0.0	0.0	0.0	0.0	0.0	0.0	0.0	0.0	0.0	0.0	0.0	0.0	0.0	0.0	0.0	0.0	0.0	0.0	0.0	0.0010787	0.0	0.0	0.0	0.0	0.0	0.0	0.0	0.0	0.0	0.0	0.0	0.0	0.0	0.0	0.0	0.0	
storm-petrel sp.	0.0	0.0	0.0	0.0	0.0	0.0	0.0	0.0	0.0	0.0	0.0	0.0	0.0	0.0	0.0	0.0	0.0	0.0	0.0	0.0	0.0	0.0	0.0	0.0	0.0	0.0	0.0	0.0	0.0	0.0	0.0	0.0	4.527E-4	0.0	0.0	0.0	0.0	0.0	0.0	0.0	0.0	0.0	0.0	0.0	0.0	0.0	0.0	0.0	
Northern Fulmar	0.0	2.936E-4	0.0	0.0	0.0	0.0	0.0	0.0	0.0	0.0	0.0	0.0	0.0	0.0	0.0	0.0	0.0	0.0	0.0	0.0	0.0	0.0	0.0	0.0	0.0	0.0	0.0	0.0	0.0	0.0	0.0	0.0	0.0	0.0	0.0	0.0	0.0	0.0	0.0	0.0	0.0	0.0	0.0	3.028E-4	0.0	0.0	0.0	4.462E-4	
Cory's Shearwater	0.0	0.0	0.0	0.0	0.0	0.0	0.0	0.0	0.0	0.0	0.0	0.0	0.0	0.0	0.0	0.0	0.0	0.0	0.0	0.0	7.981E-4	3.906E-4	0.0032348	0.0022442	6.146E-4	0.0	0.0	0.00123	0.0	0.0	5.774E-4	3.596E-4	4.527E-4	4.509E-4	0.0	0.0	4.662E-4	0.0	0.0	3.373E-4	0.0	0.0	0.0	0.0	0.0	0.0	0.0	0.0	
Scopoli's Shearwater	0.0	0.0	0.0	0.0	0.0	0.0	0.0	0.0	0.0	0.0	0.0	0.0	0.0	0.0	0.0	0.0	0.0	0.0	0.0	0.0	0.0	0.0	0.0	8.977E-4	0.0	0.0	0.0	0.0	0.0	0.0	0.0	0.0	0.0	0.0	0.0	0.0	0.0	0.0	0.0	0.0	0.0	0.0	0.0	0.0	0.0	0.0	0.0	0.0	
Cory's/Scopoli's Shearwater	0.0	0.0	0.0	0.0	0.0	0.0	0.0	0.0	0.0	0.0	0.0	0.0	0.0	0.0	0.0	0.0	0.0	0.0	0.0	0.0	0.0015962	3.906E-4	0.0092421	0.0017953	0.0012293	0.0024375	6.317E-4	0.00123	0.0	0.0	0.0034642	7.192E-4	0.0018108	0.0	0.0	0.0	0.0	0.0	0.0	3.373E-4	0.0	0.0	0.0	0.0	0.0	0.0	0.0	0.0	
Great Shearwater	0.0	0.0	0.0	0.0	0.0	0.0	0.0	0.0	0.0	0.0	0.0	0.0	0.0	0.0	0.0	0.0	0.0	0.0015	0.0	0.0	7.981E-4	3.906E-4	0.0138632	0.0044883	0.0012293	0.0018282	0.0	0.00246	0.0	0.0015	0.0023095	7.192E-4	9.054E-4	0.0	0.0	3.716E-4	0.0	0.0	0.0	6.745E-4	4.037E-4	0.0	0.0	3.028E-4	0.0	0.0	0.0	0.0	
Cory's/Scopoli's/Great Shearwater	0.0	0.0	0.0	0.0	0.0	0.0	0.0	0.0	0.0	0.0	0.0	0.0	0.0	0.0	0.0	0.0	0.0	0.0	0.0	0.0	0.0	0.0	0.0023105	4.488E-4	6.146E-4	0.0	6.317E-4	0.0	0.0	0.0	0.0	0.0	4.527E-4	0.0	0.0	0.0	0.0	0.0	0.0	6.745E-4	0.0	0.0	0.0	0.0	0.0	0.0	0.0	0.0	
Sooty Shearwater	0.0	0.0	0.0	0.0	0.0	0.0	0.0	0.0	0.0	0.0	0.0	0.0	0.0	0.0	0.0	0.0	0.0	0.0	3.203E-4	0.0041574	0.0047885	3.906E-4	0.0027726	8.977E-4	0.0	0.0	0.0	0.0	0.0	0.0	0.0	0.0	0.0	0.0	0.0	0.0	0.0	0.0	0.0	0.0	4.037E-4	0.0	0.0	0.0	0.0	0.0	0.0	0.0	
Manx Shearwater	0.0	0.0	0.0	0.0	0.0	0.0	0.0	0.0	0.0	0.0	0.0	0.0	0.0	0.0	0.0	0.0	0.0	0.0	0.0	5.543E-4	7.981E-4	0.0	9.242E-4	4.488E-4	0.0	0.0	0.0	0.0	5.992E-4	0.0	0.0	0.0015	0.0	0.0	4.342E-4	3.716E-4	0.0	0.0	0.0	0.0	0.0	0.0	0.0	0.0	0.0015	0.0	0.0	0.0	
Sargasso Shearwater	0.0	0.0	0.0	0.0	0.0	0.0	0.0	0.0	0.0	0.0	0.0	0.0	0.0	0.0	0.0	0.0	0.0	0.0	0.0	0.0	0.0	0.0	0.0	0.0	0.0	0.0	0.0	0.0	0.0	0.0	0.0	0.0	4.527E-4	0.0	0.0	0.0	0.0	0.0	0.0	0.0	0.0	0.0	0.0	0.0	0.0	0.0	0.0	0.0	
shearwater sp.	0.0	0.0	0.0	0.0	0.0	0.0	0.0	0.0	0.0	0.0	0.0	0.0	0.0	0.0	0.0	0.0	0.0	0.0	0.0	0.0	0.0011971	3.906E-4	0.0036969	0.0013465	6.146E-4	0.0012188	0.0	4.1E-4	0.0	0.0	5.774E-4	3.596E-4	4.527E-4	0.0	0.0	0.0	0.0	4.143E-4	0.0	0.0	4.037E-4	0.0	0.0	0.0	0.0	0.0	0.0	0.0	
Northern Gannet	0.0441686	0.0452143	0.0180332	0.0207715	0.02374	0.0148854	0.012382	0.0203877	0.0233588	0.0229935	0.0464037	0.0503077	0.0482423	0.0463797	0.0218561	0.0142203	0.0082223	0.0105491	0.0121717	0.0157982	0.0071828	0.0082031	0.0036969	0.0035907	6.146E-4	0.0054845	6.317E-4	0.00246	0.0011983	0.0010858	0.0023095	0.0021575	0.0045269	0.0013526	8.684E-4	0.0029729	0.0051282	0.006628	0.0075055	0.0401349	0.0714574	0.086516	0.0830992	0.1165607	0.0818182	0.0622326	0.0257341	0.0495315	
Brown Booby	0.0	0.0	0.0	0.0	0.0	0.0	0.0	0.0	0.0	0.0	0.0	0.0	0.0	0.0	0.0	0.0	0.0	0.0	0.0	0.0	0.0	0.0	0.0069316	0.0	0.0	0.0	0.0	0.0	0.0	0.0015	0.0015	0.0	0.0	0.0	0.0	0.0	0.0015	0.0	0.0	0.0	0.0	0.0	0.0	0.0	0.0	0.0	0.0	0.0	
sulid sp.	0.0	0.0	0.0	0.0	0.0	0.0	0.0	0.0	0.0	0.0	0.0	0.0	0.0	0.0	0.0	0.0	0.0	0.0	0.0	0.0	0.0	0.0	0.0	0.0	0.0	0.0	0.0	0.0	0.0	0.0	0.0	0.0	4.527E-4	0.0	0.0	0.0	0.0	0.0	0.0	0.0	0.0	0.0	0.0	0.0	0.0	0.0	0.0	0.0	
Great Cormorant	0.0271947	0.0405167	0.0453649	0.0528729	0.0489408	0.0324501	0.0272823	0.0374332	0.0366492	0.0338395	0.0243619	0.0232807	0.0112191	0.0036703	0.00269	0.0019282	5.671E-4	5.41E-4	6.406E-4	2.772E-4	0.0	0.0	0.0	0.0	0.0	0.0	0.0	0.0015	0.0	0.0	0.0	0.0	0.0	0.0018034	8.684E-4	0.001858	0.0013986	0.0041425	0.0057395	0.0030354	0.0060557	0.0074045	0.0084303	0.0118074	0.0113636	0.0097238	0.013197	0.0218652	
Double-crested Cormorant	0.1931009	0.1790957	0.1445478	0.1534934	0.1420745	0.0949687	0.0839454	0.1450535	0.1482078	0.1696312	0.179041	0.2303987	0.3126402	0.3603604	0.3873571	0.3634611	0.3147151	0.3088991	0.3395259	0.3888581	0.3986433	0.4242187	0.4149723	0.4304309	0.3927474	0.4229129	0.4169299	0.4497745	0.4751348	0.485342	0.4659353	0.4329378	0.4019919	0.4003607	0.3977421	0.434411	0.4522145	0.455261	0.4785872	0.4802698	0.4537747	0.456742	0.392212	0.3539207	0.2613636	0.22676	0.143517	0.2130745	
Great/Double-crested Cormorant	0.0	0.0	0.0	0.0	0.0	0.0	0.0	0.0	0.0	0.0	0.0	0.0	0.0	0.0	0.0	0.0	0.0	0.0	0.0	0.0	0.0	0.0	0.0	0.0	0.0	0.0	0.0	0.0	0.0	0.0	0.0	0.0	0.0	0.0	0.0	3.716E-4	0.0	0.0	0.0	0.0	0.0	0.0	0.0	0.0	0.0	0.0	0.0	0.0	
cormorant sp.	0.0014601	0.0035232	0.0028177	0.0018883	0.0025566	0.0015	0.001469	0.0016711	8.055E-4	0.0013015	3.867E-4	0.0024083	0.0044877	0.0026693	0.0020175	0.0024102	0.0014176	8.115E-4	0.0012812	2.772E-4	3.99E-4	0.0	9.242E-4	0.0	0.0	0.0	0.0	0.0	0.0	0.0	0.0	0.0	0.0	0.0	4.342E-4	0.0	0.0018648	0.0012428	8.83E-4	0.0020236	0.0032297	0.0015588	0.0020072	0.0027248	0.0027273	0.0042785	0.0026394	0.0035698	
White Ibis	0.0	0.0	0.0	0.0	0.0	0.0	0.0	0.0	0.0	0.0	0.0	0.0	0.0	0.0	0.0	2.41E-4	0.0	0.0	0.0	0.0	0.0	0.0	0.0	0.0	0.0	0.0	0.0015	0.0	0.0	0.0	0.0	0.0176196	0.0022635	0.0013526	0.0013026	0.0	0.0	0.0	0.0	0.0	0.0	0.0	0.0	0.0	0.0	0.0	0.0	0.0	
Glossy Ibis	0.0	0.0	0.0	0.0	0.0	0.0	0.0	0.0	0.0	0.0	0.0	0.0021408	0.0179506	0.0550551	0.0958305	0.0886961	0.0722994	0.0787125	0.1002562	0.1638027	0.1823623	0.1695312	0.1746765	0.1840215	0.1598033	0.1736746	0.1895136	0.1353014	0.1252247	0.0754615	0.0594688	0.054297	0.0226347	0.0229937	0.0234477	0.0111483	0.0041958	0.0057995	0.0015	3.373E-4	0.0	0.0	0.0	0.0	0.0	0.0	0.0	0.0	
White-faced Ibis	0.0	0.0	0.0	0.0	0.0	0.0	0.0	0.0	0.0	0.0	0.0	0.0	0.0	0.0	0.0	2.41E-4	0.0	0.0	0.0	0.0024945	0.0	0.0015	0.0	4.488E-4	0.0012293	0.0015	0.0015	0.0	0.0	0.0	0.0	0.0	0.0	0.0	0.0	0.0	0.0	0.0	0.0	0.0	0.0	0.0	0.0	0.0	0.0	0.0	0.0	0.0	
Glossy/White-faced Ibis	0.0	0.0	0.0	0.0	0.0	0.0	0.0	0.0	0.0	0.0	0.0	0.0	0.0	0.0	0.0	0.0	0.0	0.0	0.0	0.0	3.99E-4	0.0	0.0	0.0	0.0	0.0	0.0	0.0	0.0	0.0	0.0	0.0	0.0	0.0	0.0	0.0	0.0	0.0	0.0	0.0	0.0	0.0	0.0	0.0	0.0	0.0	0.0	0.0	
Roseate Spoonbill	0.0	0.0	0.0	0.0	0.0	0.0	0.0	0.0	0.0	0.0	0.0	0.0	0.0	0.0	0.0	0.0	0.0	0.0	0.0	0.0	0.0	0.0	0.0	0.0	0.0	0.0	0.0	0.0377204	0.0065908	0.0	0.0	0.0015	0.0298778	0.0117223	0.0030395	0.0037161	0.0018648	8.285E-4	0.0	0.0	0.0	0.0	0.0	0.0	0.0	0.0	0.0	0.0	
American Bittern	0.0038328	0.0023488	0.0039448	0.0035069	0.0043828	0.0038702	0.0035677	0.0073529	0.0060411	8.677E-4	0.0023202	8.028E-4	0.0014959	0.0016683	0.001345	4.82E-4	0.0014176	0.0016229	6.406E-4	2.772E-4	0.0	0.0	0.0	0.0	6.146E-4	0.0	0.0	4.1E-4	5.992E-4	5.429E-4	5.774E-4	3.596E-4	4.527E-4	0.0013526	4.342E-4	0.0029729	0.0037296	0.0062138	0.0066225	0.0060708	0.0092854	0.0062354	0.0080289	0.0048441	0.0045455	0.0058343	0.0026394	0.0026774	
Least Bittern	0.0	0.0	0.0	0.0	0.0	0.0	0.0	0.0	0.0	0.0	0.0	0.0	0.0	0.0	3.362E-4	0.0	0.0	0.0	3.203E-4	8.315E-4	0.0015	0.0	0.0013863	0.0	0.0015	0.0	0.0031586	0.0057401	5.992E-4	0.0	5.774E-4	0.0	0.0015	0.0	0.0	0.0	0.0	0.0	0.0	0.0	0.0	0.0	0.0	0.0	0.0	0.0	0.0	0.0	
Yellow-crowned Night Heron	0.006023	2.936E-4	5.635E-4	0.0	0.0	0.0	0.0	0.0	0.0	4.338E-4	0.0015468	0.0256891	0.0373972	0.0447114	0.0561533	0.0633888	0.0876099	0.1079253	0.1370916	0.1768293	0.1871508	0.1820313	0.1926987	0.2028725	0.201598	0.2309567	0.219204	0.202132	0.2318754	0.2214984	0.2009238	0.1873427	0.1466727	0.1397656	0.1202779	0.1103679	0.0974359	0.0700083	0.0437086	0.0141653	0.0076706	0.002728	0.0016058	6.055E-4	4.545E-4	0.0023337	6.598E-4	0.0015618	
Black-crowned Night Heron	0.0618726	0.0378743	0.03184	0.0242784	0.0241052	0.0113129	0.01532	0.0220588	0.0209424	0.0182213	0.0286156	0.046829	0.0602094	0.0610611	0.0608608	0.0619426	0.0700312	0.078442	0.1085842	0.1385809	0.1711891	0.1832031	0.2102588	0.2360862	0.2046712	0.2126752	0.2173089	0.1820418	0.1653685	0.1330076	0.1333718	0.1208198	0.0946129	0.1055005	0.0833695	0.0854701	0.0773893	0.0720795	0.0560706	0.0472175	0.036738	0.0471551	0.03332	0.0221011	0.0259091	0.03345	0.0138568	0.0336903	
Yellow-crowned/Black-crowned Night Heron	0.0	0.0	0.0	0.0	0.0	0.0	0.0	0.0	0.0	0.0	0.0	0.0	0.0	0.0	0.0	0.0	2.835E-4	0.0	0.0	0.0	0.0	0.0	0.0	0.0	0.0	0.0	0.0	0.0	5.992E-4	0.0	0.0	0.0	0.0	0.0	0.0	0.0	4.662E-4	0.0	0.0	0.0	0.0	0.0	0.0	0.0	0.0	0.0	0.0	0.0	
Little Blue Heron	0.0015	0.0	0.0	0.0	0.0	0.0	0.0	0.0	0.0	0.0	0.0	0.0010704	0.0011219	0.0156823	0.0289173	0.0154254	0.0119081	0.0183933	0.0230621	0.0254989	0.0239425	0.021875	0.0314233	0.02693	0.0239705	0.0195003	0.0208465	0.0237802	0.0281606	0.0233442	0.0329099	0.0312837	0.022182	0.0238954	0.026053	0.023783	0.0191142	0.0140845	0.007947	0.0020236	0.0024223	0.0015588	4.014E-4	0.0	0.0	0.0	0.0	2.231E-4	
Tricolored Heron	7.301E-4	0.0011744	0.0	0.0	7.305E-4	0.0017862	0.0	0.0	0.0	0.0	0.0	0.0015	7.479E-4	0.0033367	0.0107599	0.0134972	0.0087893	0.0056803	0.0140935	0.0207871	0.0219473	0.028125	0.0263401	0.0179533	0.0073755	0.0097502	0.0056854	0.0077901	0.0143799	0.0076004	0.0080831	0.0075512	0.0054323	0.0085663	0.0069475	0.0044593	0.0041958	0.0012428	0.0030905	0.0026981	0.0016149	0.0015588	0.0012043	6.055E-4	0.0	0.0	9.898E-4	2.231E-4	
Snowy Egret	0.0021902	0.0	0.0	0.0	0.0	0.0	0.0	0.0	0.0	0.0	7.734E-4	0.0302382	0.0890052	0.1324658	0.1647613	0.1376235	0.1239013	0.1325399	0.1761691	0.2214523	0.2390263	0.2203125	0.2393715	0.2594255	0.2532268	0.282145	0.2975363	0.2947929	0.3055722	0.2937025	0.2771363	0.2700467	0.2403803	0.2249775	0.2066869	0.211074	0.1962704	0.1661143	0.1355408	0.0961214	0.0234154	0.0097428	0.0044159	0.0036331	4.545E-4	0.0023337	6.598E-4	2.231E-4	
Green Heron	0.0	0.0	0.0	0.0	0.0	0.0	0.0	0.0	0.0	0.0	0.0	0.0	3.74E-4	0.0046713	0.00538	0.0183177	0.0462149	0.0419259	0.0627803	0.0726164	0.0686353	0.0761719	0.0845656	0.1014363	0.1155501	0.1413772	0.1320278	0.1439114	0.1677651	0.145494	0.1749423	0.147429	0.1217746	0.1158702	0.0885801	0.0605723	0.0405594	0.0173985	0.003532	0.0010118	4.037E-4	3.897E-4	4.014E-4	0.0	0.0	0.0	0.0	0.0	
Western Cattle-Egret	0.0	0.0	0.0	0.0	0.0	0.0	0.0	0.0	0.0	0.0	0.0	8.028E-4	0.0015	0.0015	0.0015	9.641E-4	0.0	0.0	3.203E-4	0.0049889	0.0051875	3.906E-4	0.0	0.0	0.0	0.0015	0.0	0.0	0.0	0.0	0.0	0.0	0.0	9.017E-4	0.0	3.716E-4	0.0	0.0	4.415E-4	6.745E-4	0.0	3.897E-4	0.0	0.0	0.0	3.89E-4	0.0	0.0	
Great Egret	0.0281073	0.0135056	0.0095802	0.0053952	0.004748	0.0053587	0.0025184	0.0056818	0.0080548	0.0147505	0.0340294	0.1300508	0.2281227	0.2669336	0.3022865	0.26416	0.2506379	0.2502029	0.2869955	0.3392461	0.3423783	0.3457031	0.357671	0.4111311	0.3804548	0.4277879	0.4087176	0.4264043	0.4391851	0.4153094	0.4076212	0.3567062	0.3060208	0.3142471	0.2878854	0.3199554	0.3319347	0.3260149	0.2719647	0.2505902	0.1513928	0.1063913	0.0911281	0.0602483	0.0513636	0.0470634	0.0164962	0.0220884	
Great Blue Heron	0.1841577	0.1694069	0.1659622	0.1839763	0.1720234	0.1095564	0.093809	0.1477273	0.1530407	0.1570499	0.1600928	0.1610918	0.1252805	0.1117784	0.0843981	0.0566402	0.067763	0.0459832	0.0377963	0.0368625	0.0359138	0.0335937	0.038817	0.0596948	0.1032575	0.1407678	0.1749842	0.2103321	0.1941282	0.1959826	0.2355658	0.2153901	0.2277048	0.2186655	0.2140686	0.2181345	0.2214452	0.1971831	0.2039735	0.2441821	0.2034719	0.208106	0.2191891	0.1992128	0.2259091	0.2345391	0.204553	0.1929942	
heron sp.	0.0	0.0	0.0	0.0	0.0	0.0	0.0	0.0	0.0	0.0	0.0	0.0	0.0015	0.0	0.0	0.0	2.835E-4	0.0	3.203E-4	0.0	0.0	0.0	0.0	0.0	6.146E-4	0.0	0.0	0.0	5.992E-4	0.0	0.0	0.0	0.0	0.0015	0.0	0.0	0.0	0.0	0.0	0.0	0.0	0.0	0.0	0.0	0.0	0.0	0.0	0.0	
white egret sp.	0.0	0.0	0.0	0.0	0.0	0.0	0.0	0.0	0.0	0.0	0.0	2.676E-4	0.0	0.0	0.0	0.0	0.0	5.41E-4	0.0	0.0	0.0015	3.906E-4	0.0	4.488E-4	0.0	0.0	6.317E-4	0.0	0.0	5.429E-4	0.0	0.0	0.0	4.509E-4	0.0	0.0	0.0	0.0	4.415E-4	0.0	0.0	0.0	0.0	0.0	0.0	0.0	0.0	0.0	
American White Pelican	0.0015	0.0	2.818E-4	0.0	0.0	0.0	0.0	0.0	0.0	0.0	0.0	0.0	0.0	0.0	0.0	0.0	0.0	0.0	0.0	0.0	0.0	0.0	0.0	0.0	0.0	0.0	0.0	0.0	0.0	0.0	0.0	0.0	0.0	0.0	0.0	0.0	0.0	0.0	0.0	0.0	0.0	0.0	4.014E-4	0.0	0.0	0.0	0.0	0.0015	
Brown Pelican	0.0015	5.872E-4	0.0	0.0	0.0	0.0	0.0	0.0	0.0	0.0	0.0	0.0	0.0	6.673E-4	0.0	0.0	0.0	0.0	0.0	0.0	0.0011971	0.015625	0.0023105	8.977E-4	0.0043024	0.007922	0.0025268	0.00451	0.0017975	0.0092291	5.774E-4	7.192E-4	0.0	0.0	0.0	7.432E-4	0.0	8.285E-4	4.415E-4	0.0	4.037E-4	0.0015	0.0	0.0	4.545E-4	0.0	3.299E-4	4.462E-4	
pelican sp.	0.0	0.0	0.0	0.0	0.0	0.0	0.0	0.0	0.0	0.0	0.0	0.0	0.0	0.0	0.0	0.0	0.0	0.0	0.0	0.0	0.0	3.906E-4	0.0	0.0	0.0	0.0	0.0	0.0	0.0	0.0	0.0	0.0	0.0	0.0	0.0	0.0	0.0	0.0	0.0	0.0	0.0	0.0	0.0	0.0	0.0	0.0	0.0	0.0	
Black Vulture	0.0	0.0015	0.0	2.698E-4	0.0	0.0015	0.0	6.684E-4	8.055E-4	0.0013015	3.867E-4	0.0024083	0.0011219	0.001001	0.0016812	2.41E-4	2.835E-4	8.115E-4	6.406E-4	5.543E-4	3.99E-4	0.0015	4.621E-4	0.0015	0.0015	0.0	0.0	0.0	0.0011983	0.0	0.0015	0.0	0.0	0.0	0.0	0.0	4.662E-4	0.0	4.415E-4	3.373E-4	0.0	0.0	4.014E-4	3.028E-4	4.545E-4	7.779E-4	3.299E-4	0.0	
Turkey Vulture	0.0012776	0.0023488	0.0030995	0.0024278	0.0062089	0.0047633	0.0054565	0.0100267	0.0173178	0.0138829	0.0235886	0.0216751	0.0306657	0.0333667	0.0302623	0.0306098	0.0221151	0.0313768	0.0211403	0.0127494	0.0139665	0.0078125	0.0060074	0.008079	0.0067609	0.0054845	0.0050537	0.00451	0.003595	0.0092291	0.0092379	0.0064725	0.0086012	0.0090171	0.0112896	0.0074322	0.0074592	0.0111848	0.0136865	0.0168634	0.0258377	0.0070148	0.0052188	0.0030276	0.0027273	0.0011669	0.0065985	0.002008	
Osprey	5.475E-4	8.808E-4	0.0	0.0	0.0	0.0	0.0	0.0	0.0020137	0.0338395	0.1388244	0.2911426	0.3960359	0.4097431	0.4213181	0.395276	0.3787922	0.3865296	0.4061499	0.4789357	0.4956105	0.5203125	0.5092421	0.5219928	0.4806392	0.5204144	0.5268478	0.5420254	0.5392451	0.5233442	0.5300231	0.5195973	0.4748755	0.4422904	0.379505	0.3366778	0.2452214	0.2166529	0.1576159	0.1048904	0.0363343	0.0218239	0.0040145	0.0015138	0.0018182	0.0019448	0.0	8.925E-4	
Swallow-tailed Kite	0.0	0.0	0.0	0.0	0.0	0.0	0.0	0.0	0.0	0.0	0.0	0.0	0.0	0.0015	0.0	7.231E-4	0.0	0.0	0.0	0.0	0.0	0.0	0.0	0.0	0.0	0.0	0.0	0.0	0.0	0.0	0.0	0.0	0.0	0.0	0.0	0.0	0.0	0.0	0.0	0.0	0.0	0.0	0.0	0.0	0.0	0.0	0.0	0.0	
Golden Eagle	0.0	0.0	0.0	0.0	0.0	0.0	0.0	0.0	0.0	0.0	0.0	0.0	0.0	0.0	0.0	0.0	0.0	0.0	0.0	0.0	0.0	0.0	0.0	0.0	0.0	0.0	0.0	0.0	0.0	0.0	0.0	0.0	0.0	0.0	0.0	0.0	0.0	0.0	0.0	0.0	0.0	3.897E-4	0.0	0.0	0.0	0.0	0.0	0.0	
Sharp-shinned Hawk	0.042526	0.0317087	0.0349394	0.0358781	0.0430972	0.0312593	0.0249738	0.0274064	0.0314136	0.0303688	0.0266821	0.0262242	0.026552	0.0263597	0.0134499	0.0057845	0.0019847	0.0013524	0.0012812	2.772E-4	0.0	3.906E-4	0.0	0.0	0.0	0.0	0.0	0.0	0.0	0.0	0.0	7.192E-4	0.0045269	0.0112714	0.0373426	0.0423634	0.0564103	0.096106	0.1381898	0.1524452	0.1251514	0.101325	0.0963468	0.0787163	0.0627273	0.0536756	0.0590564	0.0470772	
Cooper's Hawk	0.0574922	0.0504991	0.0450831	0.0577286	0.0577064	0.0512057	0.0365163	0.046123	0.0410793	0.0329718	0.0344161	0.0366604	0.0254301	0.025025	0.0144586	0.0161485	0.0181457	0.0105491	0.008328	0.008592	0.0063847	0.0035156	0.0073937	0.0067325	0.0061463	0.0030469	0.004422	0.00369	0.0107849	0.0092291	0.0254042	0.0298454	0.0448167	0.0482417	0.0616587	0.0891862	0.1020979	0.1445733	0.1655629	0.1709949	0.1332257	0.1227592	0.113609	0.1065698	0.0809091	0.0688448	0.0748928	0.072066	
Sharp-shinned/Cooper's Hawk	0.0016426	0.0017616	5.635E-4	0.0016186	7.305E-4	0.0014885	0.0020986	0.0013369	0.0020137	0.0017354	0.0015468	5.352E-4	0.0014959	0.0013347	6.725E-4	0.0021692	0.0017012	5.41E-4	6.406E-4	8.315E-4	7.981E-4	0.0	0.0	8.977E-4	0.0024585	0.0	0.0	0.0	5.992E-4	5.429E-4	0.0	0.0014383	4.527E-4	0.0027051	0.0030395	0.0022297	0.0032634	0.0028998	8.83E-4	0.0047218	0.0036334	0.005456	0.0032116	0.002422	0.0040909	0.0019448	9.898E-4	0.0017849	
American Goshawk	7.301E-4	2.936E-4	8.453E-4	0.0013488	3.652E-4	2.977E-4	4.197E-4	0.003008	4.027E-4	0.0017354	0.0011601	0.0015	0.0	0.0	0.0	0.0	0.0	0.0	0.0	0.0	0.0	0.0	0.0	0.0	0.0	0.0	0.0	0.0	0.0	0.0	0.0	0.0	0.0	0.0	0.0	0.0	0.0	4.143E-4	0.0	0.0015	8.074E-4	3.897E-4	4.014E-4	6.055E-4	0.0015	0.0011669	0.0013197	0.0022311	
Cooper's Hawk/American Goshawk	0.0	0.0	0.0	0.0	0.0	0.0	0.0	0.0	0.0	0.0	0.0	0.0	0.0	0.0	0.0	0.0	0.0	0.0	0.0	0.0	0.0	0.0	0.0	0.0	0.0	0.0	0.0	0.0	0.0	0.0	0.0	0.0	0.0	0.0	0.0	0.0	0.0	0.0	0.0	0.0	0.0	0.0	0.0	0.0	0.0	0.0	0.0	2.231E-4	
Accipitrine hawk sp. (former Accipiter sp.)	0.0010951	8.808E-4	8.453E-4	0.001079	0.0010957	2.977E-4	4.197E-4	3.342E-4	8.055E-4	4.338E-4	0.0019335	8.028E-4	0.0014959	0.0023357	3.362E-4	7.231E-4	0.0011341	2.705E-4	0.0	0.0015	3.99E-4	0.0015	0.0	0.0	0.0	0.0	0.0	0.0	0.0	0.0	5.774E-4	7.192E-4	4.527E-4	4.509E-4	0.0026053	0.0	0.002331	0.001657	8.83E-4	0.0	0.0012111	0.0031177	0.0028101	0.0030276	0.0022727	0.0031116	3.299E-4	0.0033467	
Northern Harrier	0.1109692	0.0992366	0.0836855	0.1062854	0.1106647	0.0857398	0.0703043	0.1042781	0.0918244	0.0815618	0.0649652	0.0516457	0.0411369	0.0343677	0.0346335	0.0277175	0.0238163	0.012713	0.012492	0.0088692	0.0047885	0.0042969	0.0027726	0.0049372	0.0030731	0.0085314	0.004422	0.0057401	0.0095866	0.0076004	0.017321	0.0208558	0.0285197	0.0414788	0.0534086	0.0936455	0.0913753	0.1367026	0.1611479	0.1510961	0.1445297	0.1656274	0.1637896	0.1628822	0.1340909	0.1042396	0.0745629	0.1267291	
Bald Eagle	0.0250046	0.0255432	0.0247957	0.0272458	0.0303141	0.024412	0.0203568	0.0340909	0.0382602	0.0303688	0.0429234	0.0417447	0.0471204	0.042042	0.0329523	0.0308508	0.0206975	0.0205572	0.0182575	0.0083149	0.0067837	0.0050781	0.0083179	0.0062837	0.0135218	0.0091408	0.0113708	0.0143501	0.0089874	0.0070575	0.01097	0.0118662	0.0158443	0.0153291	0.0256188	0.0304719	0.0307692	0.0318973	0.0384106	0.0384486	0.02826	0.0436477	0.0321156	0.0314865	0.0318182	0.033839	0.0336523	0.0240964	
Mississippi Kite	0.0	0.0	0.0	0.0	0.0	0.0	0.0	0.0	0.0	0.0	0.0	0.0	0.0	0.0	0.0	0.0	0.0	2.705E-4	6.406E-4	2.772E-4	0.0	0.0015	0.0	0.0	0.0	0.0	0.0	0.0	0.0	0.0	0.0	0.0	0.0	0.0	0.0	0.0	0.0	0.0	0.0	0.0015	0.0	0.0	0.0	0.0	0.0	0.0	0.0	0.0	
Broad-winged Hawk	0.0	0.0	0.0	0.0	0.0	0.0	0.0	0.0	0.0	0.0	0.0	0.0	0.0	3.337E-4	6.725E-4	9.641E-4	0.0	8.115E-4	0.0	2.772E-4	3.99E-4	0.0	0.0	0.0	0.0	0.0	0.0	4.1E-4	0.0015	0.0	0.0011547	3.596E-4	0.0	9.017E-4	0.0013026	0.0011148	0.0	0.0	4.415E-4	0.0020236	0.0	0.0	0.0	0.0	0.0	0.0	0.0	0.0	
Red-shouldered Hawk	0.0049279	0.0032296	0.0014088	0.001079	0.0018262	0.002084	0.0010493	0.0013369	4.027E-4	0.0017354	0.0015	0.0010704	0.0011219	0.001001	0.0	0.0014461	8.506E-4	8.115E-4	9.609E-4	2.772E-4	0.0	7.813E-4	0.0	0.0	0.0	6.094E-4	0.0	0.0	0.0	5.429E-4	0.0	7.192E-4	0.0018108	0.0	4.342E-4	0.0011148	4.662E-4	0.0024855	0.0030905	6.745E-4	0.002826	0.0038971	0.0020072	0.002422	0.0022727	0.0031116	0.004289	0.0066934	
Red-tailed Hawk	0.0949078	0.0775103	0.0783319	0.0852441	0.08729	0.0744269	0.0789087	0.0932487	0.1026983	0.0880694	0.1075019	0.1000803	0.1308901	0.1091091	0.1012105	0.1132803	0.1168132	0.1019746	0.0787956	0.0681818	0.047486	0.0367188	0.0443623	0.0359066	0.0485556	0.0444851	0.0366393	0.0455105	0.0401438	0.0456026	0.0369515	0.058612	0.0583975	0.0694319	0.0781589	0.0709773	0.0685315	0.0816073	0.0927152	0.0974705	0.1320145	0.1184723	0.1168206	0.1235241	0.1045455	0.0906262	0.1494556	0.1126729	
Rough-legged Hawk	0.0025552	5.872E-4	0.0022542	0.0032371	0.0043828	0.007145	0.004617	0.0113636	0.007652	0.0030369	0.0015468	5.352E-4	0.0	0.0015	0.0015	0.0	0.0	0.0	0.0	0.0	0.0	0.0	0.0	0.0	0.0	0.0	0.0	0.0	0.0	0.0	0.0	0.0	0.0	0.0	0.0	0.0	0.0	0.0	4.415E-4	3.373E-4	0.0	0.0	4.014E-4	3.028E-4	0.0015	0.0015	0.0015	0.0017849	
Buteo sp.	1.825E-4	5.872E-4	2.818E-4	0.0	3.652E-4	0.0	0.0	6.684E-4	0.0	4.338E-4	3.867E-4	0.0	7.479E-4	3.337E-4	6.725E-4	0.0	8.506E-4	2.705E-4	6.406E-4	5.543E-4	7.981E-4	0.0	0.0	0.0	0.0	0.0	0.0	0.0	0.0	0.0	0.0	3.596E-4	0.0	9.017E-4	0.0017369	0.0	0.0	0.0	4.415E-4	3.373E-4	0.0	3.897E-4	4.014E-4	6.055E-4	0.0	7.779E-4	0.0	4.462E-4	
hawk sp.	5.475E-4	0.0017616	0.0033812	0.0013488	0.0014609	0.002084	0.0020986	0.0016711	0.0	0.0013015	0.0011601	0.001338	0.0022438	0.002002	0.001345	0.0019282	0.0031188	0.0013524	0.0012812	8.315E-4	0.0	3.906E-4	0.0	4.488E-4	0.0	6.094E-4	0.0012634	4.1E-4	0.0011983	0.0	0.0017321	7.192E-4	9.054E-4	0.0022543	0.0021711	0.0026013	0.002331	0.0037283	0.001766	0.0053963	0.0024223	0.0015588	0.0016058	0.002422	0.0018182	0.0019448	9.898E-4	0.0011156	
American Barn Owl	0.0014601	0.0011744	2.818E-4	0.0	0.0	8.931E-4	8.395E-4	0.0013369	8.055E-4	0.0021692	0.0011601	0.0034787	3.74E-4	0.0016683	3.362E-4	0.0024102	2.835E-4	0.0016229	0.0019218	0.0030488	0.0031923	0.0042969	0.0023105	0.0013465	0.0	0.0015	0.0	0.0015	0.0011983	0.0010858	0.0	7.192E-4	0.0	0.0	4.342E-4	3.716E-4	4.662E-4	0.0	0.0	0.0	0.0015	3.897E-4	8.029E-4	0.002422	4.545E-4	3.89E-4	3.299E-4	4.462E-4	
Eastern Screech-Owl	0.0129586	0.0179096	0.0166244	0.0099811	0.0084003	0.0047633	0.0058762	0.0106952	0.0112767	0.0156182	0.0139211	0.0056195	0.0037397	0.003003	0.0015	0.0033743	8.506E-4	5.41E-4	6.406E-4	5.543E-4	0.0011971	3.906E-4	0.0	4.488E-4	0.0015	0.0	0.0012634	0.00123	0.0059916	5.429E-4	5.774E-4	0.0061129	0.005885	0.006312	0.0030395	0.0037161	0.0037296	0.0024855	0.0030905	0.0010118	0.0032297	0.0070148	0.0048173	0.0072661	0.0045455	0.0136134	0.0382712	0.0093708	
Snowy Owl	0.0494616	0.0358191	0.0394477	0.028055	0.022279	0.0181602	0.0117524	0.0207219	0.0080548	0.0091106	0.0108275	0.008563	0.0011219	0.002002	0.0	0.0	0.0	0.0	0.0	0.0	0.0	0.0	0.0	0.0	0.0	0.0	0.0	0.0	0.0	0.0	0.0	0.0	0.0	0.0	0.0	0.0	0.0	0.0	0.0	0.0	0.0	0.0011691	0.0060217	0.0281562	0.0277273	0.0206145	0.0237545	0.0591254	
Great Horned Owl	0.0153313	0.0137992	0.0169062	0.0183437	0.0164354	0.0154808	0.0157398	0.0257353	0.0310109	0.0338395	0.0433101	0.0390688	0.0463725	0.0593927	0.0537996	0.0617016	0.041395	0.0251555	0.0204997	0.0152439	0.0159617	0.00625	0.0143253	0.0116697	0.0147511	0.0109689	0.0170562	0.0155802	0.0197723	0.0217155	0.02194	0.0179791	0.0158443	0.0166817	0.0156318	0.0163508	0.027972	0.0128418	0.0136865	0.0151771	0.0052483	0.0116913	0.0088318	0.0072661	0.0172727	0.0194477	0.0323326	0.0171798	
Long-eared Owl	7.301E-4	8.808E-4	0.0033812	0.0016186	3.652E-4	0.0015	0.0023085	0.0046791	0.0	0.0013015	0.0034803	0.0015	0.0	3.337E-4	0.0	0.0	0.0	0.0	0.0	0.0	0.0	0.0	0.0	0.0	0.0	0.0	0.0	0.0	0.0	0.0	0.0	0.0	0.0	0.0	0.0	0.0	0.0	0.0	0.0	0.0	8.074E-4	7.794E-4	0.0	0.0015	0.0059091	0.0035006	0.0015	0.0024543	
Short-eared Owl	0.0016426	0.001468	2.818E-4	5.395E-4	0.0014609	5.954E-4	0.0035677	0.0050134	0.0015	0.0017354	7.734E-4	2.676E-4	0.0	0.0015	3.362E-4	2.41E-4	0.0	0.0	3.203E-4	2.772E-4	0.0	3.906E-4	0.0	0.0	0.0	0.0	0.0	0.0	0.0	0.0	0.0	0.0	0.0	0.0	0.0015	0.0	0.0	0.0	4.415E-4	3.373E-4	0.002826	0.0011691	0.0012043	0.001211	0.0013636	0.0011669	0.0	0.0013387	
Northern Saw-whet Owl	0.0049279	0.0105696	0.0025359	0.0018883	0.0069394	0.002084	0.0023085	0.0116979	0.0044301	0.0	7.734E-4	0.0015	0.0	0.0	0.0	0.0	0.0	0.0	0.0	0.0	0.0	0.0	0.0	0.0	0.0	0.0	0.0	0.0	0.0	0.0	0.0	0.0	0.0	0.0	0.0	0.0	4.662E-4	8.285E-4	4.415E-4	0.0026981	0.0024223	0.0120811	4.014E-4	0.0033303	0.0054545	0.017114	0.0039591	0.0042392	
owl sp.	1.825E-4	0.0	0.0	0.0	0.0	2.977E-4	0.0	0.0	0.0	0.0	0.0	2.676E-4	0.0	3.337E-4	0.0	0.0	0.0	0.0	0.0	0.0	0.0015	0.0	0.0	0.0	0.0	6.094E-4	0.0	0.0	0.0	0.0	0.0	0.0	0.0015	0.0	0.0	0.0	0.0	0.0	4.415E-4	0.0	0.0	0.0	0.0	3.028E-4	0.0	0.0	0.0	0.0011156	
Belted Kingfisher	0.0788465	0.0763359	0.0800225	0.1027785	0.0931337	0.0616255	0.0472193	0.0695187	0.072493	0.0806941	0.0738592	0.0690393	0.0912491	0.0944278	0.1072629	0.0703784	0.0680465	0.0440898	0.0326714	0.0221729	0.018755	0.0152344	0.0175601	0.0219928	0.0233559	0.023766	0.0265319	0.0582206	0.0623128	0.0808903	0.1154734	0.1197411	0.13445	0.1501353	0.154581	0.1679673	0.1799534	0.1553438	0.1549669	0.1548061	0.1396851	0.1274357	0.1364914	0.1068725	0.1181818	0.1127966	0.1270208	0.097278	
Yellow-bellied Sapsucker	0.0323052	0.0217264	0.0177515	0.0172646	0.0146092	0.017267	0.010703	0.0243984	0.0237616	0.035141	0.0297757	0.038266	0.0617053	0.043043	0.0205111	0.0060255	8.506E-4	5.41E-4	0.0	0.0	0.0	0.0	0.0	0.0	0.0	0.0	0.0	0.0	0.0	0.0	0.0	0.0	0.0	0.0	0.0030395	0.0315868	0.0983683	0.1520298	0.1028698	0.0576728	0.04239	0.0354638	0.0417503	0.0348168	0.0322727	0.0330611	0.065325	0.0374833	
Red-headed Woodpecker	0.0058405	0.0026424	0.0039448	0.0018883	0.0014609	8.931E-4	0.0025184	0.0015	0.0	0.0	0.0023202	8.028E-4	0.0022438	0.002002	6.725E-4	0.0045794	0.0099234	0.0021639	0.0038437	5.543E-4	0.0	0.0	0.0	0.0	0.0	0.0	0.0	0.0	0.0	0.0	0.0	0.0	0.0013581	0.0013526	0.0026053	0.0011148	9.324E-4	0.0028998	0.0229581	0.0033727	0.0	0.0011691	0.0	0.0	0.0013636	3.89E-4	0.0023095	0.0037929	
Red-bellied Woodpecker	0.1635335	0.1573693	0.1645534	0.1769625	0.1705625	0.2089908	0.2331584	0.2025401	0.2098268	0.2429501	0.2559938	0.2852556	0.3391922	0.3490157	0.3507061	0.4220294	0.4431528	0.3719232	0.3071749	0.1931818	0.1723863	0.1457031	0.1377079	0.1359964	0.1450522	0.1291895	0.1130764	0.0943009	0.1054524	0.1237785	0.1662818	0.2006472	0.2354006	0.2470694	0.2848459	0.2630992	0.2811189	0.2618061	0.2649007	0.2580101	0.2543399	0.2166797	0.2179847	0.208901	0.1927273	0.2022559	0.282415	0.1863008	
Downy Woodpecker	0.2117175	0.225778	0.201747	0.2603183	0.2289993	0.2667461	0.2856243	0.2496658	0.2545308	0.2806941	0.2819026	0.2946214	0.3193717	0.3353353	0.3399462	0.3270668	0.3121633	0.2415472	0.1723254	0.1225055	0.1161213	0.0980469	0.1252311	0.1651706	0.2059004	0.1876904	0.1800379	0.1898319	0.1941282	0.2046688	0.2396074	0.2765192	0.2752377	0.2750225	0.3009119	0.2694166	0.2778555	0.2854184	0.2852097	0.3092749	0.2902705	0.2872175	0.2946608	0.2897366	0.2786364	0.2831583	0.3015506	0.2554663	
Hairy Woodpecker	0.0578573	0.0601879	0.0397295	0.0531427	0.0496713	0.0583507	0.0543547	0.0551471	0.0592026	0.0724512	0.0769528	0.0805459	0.0972326	0.0984318	0.0847344	0.1084599	0.0986674	0.0738437	0.0605381	0.0404656	0.0454908	0.0304687	0.0374307	0.035009	0.0399508	0.03961	0.0246368	0.0233702	0.0317555	0.0363735	0.0479215	0.0643653	0.0860118	0.0784491	0.086409	0.0694909	0.0531469	0.0538525	0.0507726	0.0718381	0.0738797	0.0674201	0.0682457	0.0762943	0.0627273	0.0626215	0.1049159	0.0651495	
Downy/Hairy Woodpecker	7.301E-4	0.001468	0.0015	0.0013488	7.305E-4	0.0062519	0.0067156	6.684E-4	0.0020137	0.0017354	0.0011601	5.352E-4	7.479E-4	0.001001	0.001345	0.0016872	0.0011341	0.0027049	0.0015	0.0	0.0015962	7.813E-4	0.0013863	4.488E-4	6.146E-4	0.0	0.0012634	0.00205	0.0011983	0.0010858	0.0011547	3.596E-4	0.0018108	0.0022543	8.684E-4	0.0029729	0.0013986	0.0012428	0.0022075	0.0013491	0.0012111	7.794E-4	8.029E-4	0.0015138	9.091E-4	7.779E-4	3.299E-4	2.231E-4	
Pileated Woodpecker	0.0015	0.0	0.0	0.0	7.305E-4	0.0029771	0.0	0.0020053	0.0	0.0	0.0	8.028E-4	0.0	0.0	0.0020175	9.641E-4	5.671E-4	2.705E-4	0.0	2.772E-4	3.99E-4	0.0	0.0	0.0	0.0015	0.0	0.0	0.0	0.0	0.0	0.0	0.0	4.527E-4	0.0	0.0	0.0	0.0	4.143E-4	0.0	0.0	0.0	0.0	0.0	3.028E-4	0.0015	0.0	0.0	4.462E-4	
Northern Flicker	0.0855996	0.0678215	0.0633981	0.0744537	0.0788897	0.065198	0.0516264	0.0625	0.0535642	0.070282	0.1028616	0.1891892	0.3429319	0.4090757	0.3762609	0.3562304	0.3121633	0.2385718	0.1768097	0.1294346	0.1189146	0.1003906	0.1169131	0.1315081	0.1407498	0.1395491	0.1326595	0.1336613	0.1491911	0.1617807	0.2142032	0.2243797	0.2539611	0.3232642	0.4051238	0.4433296	0.4456876	0.4275062	0.3788079	0.3504216	0.2716996	0.2501949	0.2131674	0.1852861	0.1495455	0.1318553	0.1253712	0.1104418	
woodpecker sp.	5.475E-4	0.0011744	0.0	5.395E-4	3.652E-4	5.954E-4	0.0012592	0.0016711	0.0	0.0013015	0.0011601	0.0029435	0.0018699	0.002002	0.0010087	0.0014461	0.0019847	0.001082	0.0019218	0.0013858	0.0015	3.906E-4	4.621E-4	4.488E-4	0.0	0.0012188	0.0	0.0	0.0017975	0.0010858	5.774E-4	0.0	4.527E-4	0.0013526	0.0021711	7.432E-4	0.0018648	0.0012428	0.0013245	6.745E-4	8.074E-4	0.0015588	0.0012043	6.055E-4	0.0	3.89E-4	9.898E-4	8.925E-4	
Crested Caracara	0.0	0.0015	0.0	0.0	0.0	0.0	0.0	0.0	0.0	0.0	0.0	0.0	0.0	0.0	0.0	0.0	0.0	0.0	0.0	0.0	0.0	0.0	0.0	0.0	0.0	0.0	0.0	0.0	0.0	0.0	0.0	0.0	0.0	0.0	0.0	0.0	0.0	0.0	0.0	0.0	0.0	0.0	0.0	0.0	0.0	0.0	0.0	0.0	
American Kestrel	0.0146012	0.0129184	0.0154973	0.0196925	0.0138787	0.0151831	0.0083945	0.0106952	0.0104712	0.0143167	0.0092807	0.0203372	0.0254301	0.0246914	0.0232011	0.0132562	0.0062376	0.0029754	0.0022422	0.0019401	7.981E-4	0.0011719	4.621E-4	0.0017953	0.0030731	0.0012188	0.0025268	0.00246	0.0023966	0.0038002	0.0017321	0.0093492	0.0190131	0.034716	0.0534086	0.06466	0.0578089	0.0803645	0.0847682	0.0569983	0.0472346	0.035074	0.0301084	0.0287617	0.0204545	0.0147802	0.0164962	0.0167336	
Merlin	0.0271947	0.0252496	0.0166244	0.0242784	0.0336012	0.0247097	0.013851	0.0197193	0.0181232	0.0160521	0.0201083	0.0200696	0.0228123	0.0223557	0.0252186	0.0306098	0.0215481	0.0040573	0.0025625	2.772E-4	3.99E-4	0.0	0.0	4.488E-4	0.0	0.0	6.317E-4	4.1E-4	0.0011983	0.004886	0.0040416	0.0219346	0.0520598	0.1109107	0.1259227	0.1497585	0.1398601	0.2004971	0.2211921	0.1868465	0.1360517	0.1169135	0.0851064	0.0554042	0.0377273	0.033839	0.0244144	0.0283356	
Gyrfalcon	0.0015	0.0	0.0015	0.0015	0.0015	5.954E-4	0.0	0.0	0.0	4.338E-4	0.0	0.0015	0.0	0.0	0.0	0.0	0.0	0.0	0.0	0.0	0.0	0.0	0.0	0.0	0.0	0.0	0.0	0.0	0.0	0.0	0.0	0.0	0.0	0.0	0.0	0.0	0.0	0.0	0.0	3.373E-4	0.0	0.0	0.0	0.0015	4.545E-4	0.0015	0.0	0.0015	
Peregrine Falcon	0.0908925	0.0963006	0.0859397	0.0976531	0.1081081	0.0735338	0.0583421	0.0885695	0.0998792	0.0963124	0.0904872	0.085095	0.0818998	0.0770771	0.0857431	0.0648349	0.0533031	0.0573438	0.0643818	0.0898004	0.0909816	0.0828125	0.0998152	0.1041293	0.1038722	0.11883	0.1282375	0.1258713	0.1348113	0.1264929	0.1287529	0.1208198	0.1145315	0.1221821	0.1298307	0.133036	0.155711	0.1632146	0.1479029	0.1409781	0.1170771	0.1184723	0.1389	0.1144414	0.1295455	0.1155193	0.0910591	0.1068719	
large falcon sp.	0.0015	0.0	2.818E-4	0.0	0.0	0.0	2.099E-4	0.0	0.0015	0.0	0.0	2.676E-4	0.0	0.0	0.0	0.0	2.835E-4	5.41E-4	0.0	2.772E-4	0.0	0.0	0.0	0.0	0.0	0.0	0.0	0.0	0.0	0.0	5.774E-4	0.0	9.054E-4	0.0015	0.0	3.716E-4	0.0	4.143E-4	8.83E-4	3.373E-4	8.074E-4	0.0	4.014E-4	3.028E-4	4.545E-4	0.0	0.0	0.0	
small falcon sp.	0.0	2.936E-4	0.0	0.0	0.0015	2.977E-4	0.0	3.342E-4	0.0012082	4.338E-4	3.867E-4	2.676E-4	7.479E-4	6.673E-4	3.362E-4	0.0	2.835E-4	0.0	0.0	0.0	3.99E-4	3.906E-4	0.0	0.0	0.0	0.0	0.0	4.1E-4	0.0	0.0	0.0011547	0.0	9.054E-4	0.0013526	8.684E-4	0.001858	9.324E-4	4.143E-4	0.0013245	0.0013491	0.0012111	0.0011691	0.0	6.055E-4	9.091E-4	7.779E-4	6.598E-4	8.925E-4	
falcon sp.	1.825E-4	2.936E-4	0.0	0.0	3.652E-4	2.977E-4	4.197E-4	3.342E-4	4.027E-4	4.338E-4	7.734E-4	5.352E-4	3.74E-4	6.673E-4	3.362E-4	2.41E-4	5.671E-4	2.705E-4	0.0	0.0	0.0	0.0	0.0	0.0	0.0	0.0	0.0	4.1E-4	0.0	0.0	5.774E-4	0.0	4.527E-4	4.509E-4	8.684E-4	0.0029729	0.0018648	8.285E-4	0.002649	0.0023609	4.037E-4	7.794E-4	0.0	6.055E-4	0.0018182	0.0015	0.0	4.462E-4	
diurnal raptor sp.	5.475E-4	0.001468	8.453E-4	5.395E-4	3.652E-4	5.954E-4	6.296E-4	3.342E-4	0.001611	0.0013015	7.734E-4	0.0	3.74E-4	6.673E-4	6.725E-4	0.0015	8.506E-4	5.41E-4	3.203E-4	5.543E-4	0.0	0.0	4.621E-4	0.0	0.0	0.0012188	6.317E-4	0.0	0.0	0.0	0.0	0.0010787	9.054E-4	9.017E-4	8.684E-4	0.0014864	9.324E-4	0.001657	4.415E-4	3.373E-4	0.0020186	0.0023383	0.0	9.083E-4	0.0013636	3.89E-4	3.299E-4	4.462E-4	
Cockatiel	0.0	0.0	0.0	0.0	0.0	0.0	0.0	0.0	0.0	0.0	0.0	0.0	0.0	0.0	3.362E-4	0.0	0.0	0.0	0.0	0.0	0.0	0.0	0.0	0.0	0.0	0.0	0.0	4.1E-4	0.0015	0.0	0.0	0.0	0.0	0.0	0.0	3.716E-4	4.662E-4	0.0	0.0	0.0	0.0	0.0	0.0	0.0	0.0	0.0	0.0	0.0	
Rose-ringed Parakeet	0.0	0.0	0.0	0.0	0.0	0.0	0.0	0.0	0.0	0.0	0.0	0.0	0.0	0.0	0.0	0.0	0.0	0.0	0.0	0.0	0.0	0.0	0.0	0.0	0.0	0.0	0.0	0.0	0.0	0.0	0.0	0.0	0.0	0.0	0.0	0.0	0.0	0.0	0.0	0.0	4.037E-4	0.0	0.0	0.0	0.0	0.0	0.0	0.0	
Budgerigar	7.301E-4	0.0011744	0.0014088	0.0013488	0.0010957	0.0014885	4.197E-4	0.0	0.0	0.0	3.867E-4	0.0	0.0	0.0	6.725E-4	2.41E-4	0.0	0.0	3.203E-4	2.772E-4	0.0	0.0	0.0	0.0	0.0	0.0015	0.0	0.0015	5.992E-4	0.0	5.774E-4	3.596E-4	4.527E-4	4.509E-4	0.0	3.716E-4	4.662E-4	4.143E-4	0.0	3.373E-4	0.0	3.897E-4	0.0	0.0	0.0	7.779E-4	6.598E-4	0.0013387	
Monk Parakeet	0.0501916	0.0255432	0.0177515	0.0089021	0.0098612	0.0148854	0.0182581	0.0140374	0.0128876	0.0208243	0.0235886	0.0243511	0.0239342	0.0253587	0.0235373	0.0180766	0.0124752	0.0189343	0.0217809	0.0243902	0.0235435	0.0167969	0.0175601	0.0372531	0.0276583	0.0292505	0.0214782	0.0205002	0.0167765	0.009772	0.02194	0.01726	0.0122227	0.0144274	0.009987	0.0148644	0.0158508	0.0202983	0.014128	0.0158516	0.0209931	0.017537	0.0212766	0.0145322	0.0263636	0.0147802	0.0092379	0.0323516	
Yellow-chevroned Parakeet	0.0	0.0	0.0	0.0	0.0	0.0	0.0	0.0	0.0	0.0	0.0	0.0	0.0	0.0	0.0	0.0	0.0	0.0	0.0	0.0	0.0	0.0	0.0	0.0	0.0	0.0	0.0	0.0	0.0	0.0	0.0	0.0	0.0	0.0	0.0	0.0	4.662E-4	0.0	0.0	0.0	0.0	0.0	0.0	0.0	0.0	0.0	0.0	0.0	
Mitred Parakeet	0.0	0.0	0.0	0.0	0.0	0.0	0.0	0.0	0.0	0.0	0.0	0.0	0.0	0.0	0.0	0.0	0.0	0.0	0.0	0.0	0.0	0.0	0.0	0.0	0.0	0.0	0.0	4.1E-4	0.0	5.429E-4	0.0	0.0	0.0	0.0	0.0	0.0	0.0	0.0	4.415E-4	3.373E-4	0.0	0.0	0.0	0.0	0.0	0.0	0.0	0.0	
parakeet sp.	1.825E-4	0.0	0.0	0.0	0.0	0.0	0.0	0.0	0.0	0.0	0.0	0.0	0.0	0.0	0.0	0.0	0.0	0.0	0.0	0.0	0.0	0.0	0.0	0.0	0.0	0.0	0.0	0.0	0.0	0.0	0.0	0.0	0.0	0.0	0.0	0.0	0.0	0.0	0.0	0.0	0.0	0.0	0.0	0.0	0.0	0.0	0.0	0.0	
parrot sp.	0.0	0.0	0.0	0.0	0.0	0.0	0.0	0.0	0.0	0.0	0.0	0.0	0.0	0.0	0.0	0.0	0.0	0.0	0.0	0.0	0.0	3.906E-4	0.0	0.0	0.0	0.0	0.0	0.0	0.0	0.0	0.0	0.0	0.0	0.0	4.342E-4	3.716E-4	0.0	0.0	0.0	0.0	0.0	0.0	0.0	0.0	0.0	0.0	0.0	0.0	
Olive-sided Flycatcher	0.0	0.0	0.0	0.0	0.0	0.0	0.0	0.0	0.0	0.0	0.0	0.0	0.0	0.0	0.0	0.0	0.0014176	0.0013524	9.609E-4	0.001663	3.99E-4	0.0	0.0	0.0	0.0	0.0	0.0	0.0	0.0	0.0016287	5.774E-4	0.0100683	0.0036215	9.017E-4	0.0013026	0.0022297	4.662E-4	0.0	0.0	0.0	0.0	0.0	0.0	0.0	0.0	0.0	0.0	0.0	
Eastern Wood-Pewee	0.0	0.0	0.0	0.0	0.0	0.0	0.0	0.0	0.0	0.0	0.0	0.0	0.0	0.0	0.0015	7.231E-4	0.0076552	0.0346227	0.0839206	0.0748337	0.0594573	0.0378906	0.0295749	0.0305206	0.0295022	0.0170628	0.0271636	0.0159902	0.0209706	0.0352877	0.0473441	0.0791082	0.0882752	0.1050496	0.1050803	0.0717205	0.0344988	0.0107705	4.415E-4	0.0	0.0	0.0	0.0	0.0	0.0	0.0	0.0	0.0	
Yellow-bellied Flycatcher	0.0	0.0	0.0	0.0	0.0	0.0	0.0	0.0	0.0	0.0	0.0	0.0	0.0	0.0	0.0	0.0	0.0	0.0018934	0.0016015	0.001663	7.981E-4	0.0	0.0	0.0	0.0	0.0	0.0	0.0	0.0	0.0	5.774E-4	0.0154621	0.0099593	0.0103697	0.0147634	0.0022297	9.324E-4	0.0	0.0	0.0	0.0	0.0	0.0	0.0	4.545E-4	0.0	0.0	0.0	
Acadian Flycatcher	0.0	0.0	0.0	0.0	0.0	0.0	0.0	0.0	0.0	0.0	0.0	0.0	0.0	0.0	0.0	0.0	0.0	5.41E-4	0.0028828	0.0022173	0.0027933	0.0023437	0.0027726	0.0040395	0.0012293	0.0	0.0	0.0	0.0	0.0	0.0	0.0	4.527E-4	0.0	0.0	0.0	0.0	0.0	0.0	0.0	0.0	0.0	0.0	0.0	0.0	0.0	0.0	0.0	
Alder Flycatcher	0.0	0.0	0.0	0.0	0.0	0.0	0.0	0.0	0.0	0.0	0.0	0.0	0.0	0.0	0.0	0.0	5.671E-4	5.41E-4	0.0	0.0022173	0.0023943	0.0011719	0.0	0.0	0.0	0.0	0.0	0.0	0.0	0.0	0.0	0.0	0.0	9.017E-4	4.342E-4	0.0	0.0	0.0	0.0	0.0	0.0	0.0	0.0	0.0	0.0	0.0	0.0	0.0	
Willow Flycatcher	0.0	0.0	0.0	0.0	0.0	0.0	0.0	0.0	0.0	0.0	0.0	0.0	0.0	0.0	0.0	0.0	5.671E-4	0.0100081	0.079116	0.1732262	0.1847566	0.1433594	0.1256932	0.1113106	0.0774431	0.0749543	0.1313961	0.1070111	0.0964649	0.0852334	0.0560046	0.0373966	0.0045269	9.017E-4	8.684E-4	0.0	0.0	0.0	0.0	0.0	0.0	0.0	0.0	0.0	0.0	0.0	0.0	0.0	
Alder/Willow Flycatcher (Traill's Flycatcher)	0.0	0.0	0.0	0.0	0.0	0.0	0.0	0.0	0.0	0.0	0.0	0.0	0.0	0.0	0.0	0.0	0.0	8.115E-4	0.0025625	0.0036031	7.981E-4	0.0011719	9.242E-4	0.0	0.0	0.0012188	6.317E-4	0.0	5.992E-4	0.0016287	0.0017321	0.0025171	0.0031689	0.0036069	0.0021711	0.0	0.0	0.0	0.0	0.0	0.0	0.0	0.0	0.0	0.0	0.0	0.0	0.0	
Least Flycatcher	0.0	0.0	0.0	0.0	0.0	0.0	0.0	0.0	0.0	0.0	0.0	0.0	0.0	0.0	0.0	9.641E-4	0.0167281	0.0238031	0.0201794	0.0041574	0.0011971	0.0	0.0	0.0	0.0	0.0	0.0	0.0	0.0059916	0.0092291	0.0155889	0.0316433	0.0321412	0.03156	0.0243161	0.0115199	0.0051282	0.0024855	4.415E-4	3.373E-4	0.0	0.0	0.0	0.0	0.0	0.0	0.0	0.0	
Hammond's Flycatcher	0.0	0.0	0.0	0.0	0.0	0.0	0.0	0.0	0.0	0.0	0.0	0.0	0.0	0.0	0.0	0.0	0.0	0.0	0.0	0.0	0.0	0.0	0.0	0.0	0.0	0.0	0.0	0.0	0.0	0.0	0.0	0.0	0.0	0.0	0.0	3.716E-4	0.0	0.0	0.0	0.0013491	0.0	0.0	0.0	0.0	0.0	0.0	0.0	0.0	
Empidonax sp.	0.0	0.0	0.0	0.0	0.0	0.0	0.0	0.0	0.0	0.0	0.0	0.0	0.0	0.0	0.0	2.41E-4	0.0022682	0.0037869	0.004164	0.0030488	0.0019952	0.0011719	0.0013863	0.0013465	0.0012293	0.0012188	0.0037903	0.00246	0.0065908	0.0065147	0.0115473	0.0151025	0.0181077	0.0198377	0.0195397	0.0130063	4.662E-4	4.143E-4	0.0	0.0	4.037E-4	0.0	0.0	0.0	0.0	0.0	0.0	0.0	
Eastern Phoebe	0.0027377	0.0011744	0.0019724	8.093E-4	7.305E-4	0.0015	6.296E-4	0.0	0.0068466	0.0277657	0.0839134	0.2089912	0.2812266	0.1968635	0.0867518	0.0395276	0.0320386	0.0305653	0.029148	0.0232816	0.0171588	0.015625	0.0157116	0.013465	0.016595	0.0097502	0.0101074	0.00492	0.0095866	0.0206298	0.0202079	0.0309241	0.033952	0.0527502	0.1736865	0.3218135	0.4181818	0.4299917	0.4048565	0.2795953	0.1626968	0.0643024	0.0192694	0.0151378	0.005	0.0054454	0.0102276	0.0035698	
Say's Phoebe	0.0	0.0	0.0	0.0	0.0	0.0	0.0	0.0	0.0	0.0	0.0	0.0	0.0	0.0	0.0	0.0	0.0	0.0	0.0	0.0	0.0	0.0	0.0	0.0015	0.0	0.0	0.0	0.0	0.0	0.0	0.0	0.0	0.0	0.0	0.0015	0.0	0.0	0.0	4.415E-4	0.0015	0.0	0.0	0.0	0.0	0.0	0.0	0.0	0.0	
Vermilion Flycatcher	0.0	0.0	0.0	0.0	0.0	0.0	0.0	0.0	0.0	0.0	0.0	0.0	0.0	0.0	0.0	0.0	0.0	0.0	0.0	0.0	0.0	0.0	0.0	0.0	0.0	0.0	0.0	0.0	0.0	0.0	0.0	0.0	0.0	0.0	0.0	0.0015	0.0	0.0	0.0	0.0	0.0	0.0	0.0	0.0	0.0	0.0	0.0	0.0	
Ash-throated Flycatcher	0.0	0.0	0.0	0.0	0.0	0.0	0.0	0.0	0.0	0.0	0.0	0.0	0.0	0.0	0.0	0.0	0.0	0.0	0.0	0.0	0.0	0.0	0.0	0.0	0.0	0.0	0.0	0.0	0.0	0.0	0.0	0.0	0.0	0.0	0.0	0.0	0.0	0.0	0.0	0.0	0.0072669	0.005456	0.0136491	0.0075689	0.0013636	0.0038895	0.0	0.0	
Great Crested Flycatcher	0.0	0.0	0.0	0.0	0.0	0.0	0.0	0.0	0.0	0.0	0.0	0.0	0.0	0.0	6.725E-4	0.0200048	0.1383612	0.1574249	0.1396541	0.0961752	0.0794094	0.0503906	0.0471349	0.045781	0.0448679	0.0390006	0.0404296	0.0319803	0.0257639	0.0266015	0.0467667	0.0654441	0.0511544	0.0459874	0.0225792	0.0033445	4.662E-4	0.0	0.0	3.373E-4	0.0	0.0	0.0	0.0	0.0	0.0	0.0	0.0	
Myiarchus sp.	0.0	0.0	0.0	0.0	0.0	0.0	0.0	0.0	0.0	0.0	0.0	0.0	0.0	0.0	0.0	0.0	0.0	0.0	0.0	0.0	0.0	0.0	0.0	0.0	0.0	0.0	0.0	0.0	0.0	0.0	0.0	0.0	0.0	0.0	0.0	0.0	0.0	0.0	8.83E-4	0.0	0.0	0.0	0.0	0.0	0.0	0.0	0.0	0.0	
Western Kingbird	0.0	0.0	0.0	0.0	0.0	0.0	0.0	0.0	0.0	0.0	0.0	0.0	0.0	0.0	0.0	0.0	0.0	0.0	0.0	0.0	0.0	0.0	0.0015	0.0	0.0	0.0	0.0	0.0	0.0	0.0	0.0	0.0	0.0015	9.017E-4	8.684E-4	0.0	0.0018648	0.0012428	4.415E-4	0.0097808	0.0213969	0.0370226	0.0064231	9.083E-4	0.0	0.0015	0.0	0.0	
Eastern Kingbird	0.0	0.0	0.0	0.0	0.0	0.0	0.0	0.0	0.0	0.0	0.0	0.0	0.0	3.337E-4	0.0020175	0.0310918	0.1224837	0.1219908	0.1108264	0.0789911	0.0606544	0.0546875	0.0577634	0.072711	0.0823602	0.0725168	0.0600126	0.0729807	0.1084482	0.1302932	0.1454965	0.1082344	0.0765052	0.0707845	0.042119	0.0104051	0.002331	8.285E-4	0.0	0.0	0.0	0.0	0.0	0.0	0.0	0.0	0.0	0.0	
Gray Kingbird	0.0	0.0	0.0	0.0	0.0	0.0	0.0	0.0	0.0	0.0	0.0	0.0	0.0	0.0	0.0	0.0	0.0	0.0	0.0	0.0	0.0	0.0	0.0	0.0	0.0	0.0	0.0	0.0	0.0	0.0	0.0	0.0	0.0	0.0015	0.0	0.0	0.0	0.0	4.415E-4	0.0	0.0	0.0038971	0.0	0.0	0.0	0.0	0.0	0.0	
Scissor-tailed Flycatcher	0.0	0.0	0.0	0.0	0.0	0.0	0.0	0.0	0.0	0.0	0.0	0.0	0.0	0.0	0.0	0.0	0.0	0.0	0.0	0.0	0.0	0.0	0.0	4.488E-4	0.0	0.0	0.0	0.0	0.0	0.0	0.0	0.0	0.0	0.0	0.0	0.0	0.0	0.0	0.0015	0.0	0.0015	3.897E-4	0.0	0.0	0.0	0.0	0.0	0.0	
Fork-tailed Flycatcher	0.0	0.0	0.0	0.0	0.0	0.0	0.0	0.0	0.0	0.0	0.0	0.0	0.0	0.0	0.0	0.0	0.0	0.0	0.0	0.0	0.0	0.0	0.0	0.0	0.0	0.0	0.0	0.0	0.0	0.0	0.0	0.0	0.0	0.0	0.0017369	0.0	0.0	0.0	0.0	0.0	0.0	0.0	0.0	0.0	0.0	0.0	0.0	0.0	
new world flycatcher sp.	0.0	0.0	0.0	0.0	0.0	0.0	0.0	0.0	0.0	0.0	0.0	2.676E-4	0.0011219	0.0	3.362E-4	2.41E-4	2.835E-4	5.41E-4	0.0022422	0.0027716	0.0023943	0.0011719	0.0	0.0013465	0.0	6.094E-4	6.317E-4	8.2E-4	5.992E-4	0.0027144	0.0034642	0.0035958	0.0113173	0.0090171	0.0052106	0.0055741	0.0051282	8.285E-4	0.0013245	6.745E-4	0.0	0.0	0.0	0.0	0.0	0.0	0.0	0.0	
White-eyed Vireo	0.0	0.0	0.0	0.0	0.0	0.0	0.0	0.0	0.0	0.0	0.0	8.028E-4	0.0011219	0.0046713	0.0036987	0.0248253	0.0266515	0.024885	0.0185778	0.017184	0.0035914	0.0023437	0.0046211	0.0040395	0.004917	6.094E-4	0.004422	0.00246	0.0029958	0.0021716	0.0046189	0.0050342	0.0081485	0.0162308	0.0112896	0.0070606	0.004662	0.001657	4.415E-4	0.0	0.0	0.0	0.0	3.028E-4	0.0	0.0	0.0	0.0	
Bell's Vireo	0.0	0.0	0.0	0.0	0.0	0.0	0.0	0.0	0.0	0.0	0.0	0.0	0.0	0.0	0.0	0.0	0.0	0.0	0.0	0.0	0.0	0.0	0.0	0.0	0.0	0.0	0.0	0.0	0.0	0.0	0.0	0.0	0.0	0.0	4.342E-4	0.0	0.0	0.0	0.0	0.0	0.0	0.0	0.0	0.0	0.0	0.0	0.0	0.0	
Yellow-throated Vireo	0.0	0.0	0.0	0.0	0.0	0.0	0.0	0.0	0.0	0.0	0.0	0.0	0.0	0.001001	3.362E-4	0.0115691	0.0277857	0.0216392	0.0099295	0.0024945	0.0011971	0.0019531	0.0018484	0.0	6.146E-4	6.094E-4	0.0	0.0	0.0	0.0	0.0	0.0021575	0.0013581	0.0036069	0.0052106	0.0	4.662E-4	0.0	0.0	0.0	0.0	0.0	0.0	0.0	0.0	0.0	0.0	0.0	
Blue-headed Vireo	0.0	0.0	0.0	0.0	0.0	0.0	0.0	0.0	0.0	0.0	0.0	0.0	7.479E-4	0.01001	0.032616	0.109906	0.1431812	0.0803354	0.024984	8.315E-4	0.0	0.0	0.0	0.0	0.0	0.0	0.0	0.0	0.0	0.0	0.0	3.596E-4	0.0018108	0.003156	0.0191055	0.0338164	0.0745921	0.0849213	0.0865342	0.0509275	0.019782	0.0113016	0.0024087	0.0021193	4.545E-4	7.779E-4	0.0	0.0	
Philadelphia Vireo	0.0	0.0	0.0	0.0	0.0	0.0	0.0	0.0	0.0	0.0	0.0	0.0	0.0	0.0	0.0	0.0	0.0	0.0015	0.0	8.315E-4	0.0	0.0	0.0	0.0	0.0	0.0	0.0	0.0	0.0	0.0	5.774E-4	3.596E-4	0.005885	0.0171326	0.0234477	0.0052025	0.0013986	0.0	4.415E-4	0.0	0.0	0.0	0.0	0.0	0.0	0.0	0.0	0.0	
Eastern Warbling Vireo	0.0	0.0	0.0	0.0	0.0	0.0	0.0	0.0	0.0	0.0	0.0	0.0	0.0	0.0	0.0033625	0.1142444	0.2699178	0.2648093	0.2389494	0.1743348	0.1544294	0.1078125	0.1113678	0.1261221	0.1038722	0.0706886	0.0530638	0.0328003	0.0299581	0.0228013	0.0242494	0.0481841	0.0751471	0.0653742	0.0295267	0.0029729	9.324E-4	0.0	8.83E-4	0.0	0.0	0.0	0.0	0.0	0.0	0.0	0.0	0.0	
Philadelphia/Eastern Warbling Vireo	0.0	0.0	0.0	0.0	0.0	0.0	0.0	0.0	0.0	0.0	0.0	0.0	0.0	0.0	0.0	0.0	2.835E-4	2.705E-4	0.0012812	0.0	0.0	0.0	0.0	0.0	0.0	0.0	0.0	0.0	0.0	0.0	0.0	0.0	0.0	4.509E-4	8.684E-4	0.0014864	0.0018648	0.0	0.0015	0.0	0.0	0.0	0.0	0.0	0.0	0.0	0.0	0.0	
Red-eyed Vireo	0.0	0.0	0.0	0.0	0.0	0.0	0.0	0.0	0.0	0.0	0.0	0.0	0.0	6.673E-4	0.0043712	0.0144613	0.1264531	0.1977279	0.2290199	0.1430155	0.1105347	0.0730469	0.0785582	0.0852783	0.0878918	0.0566728	0.0562224	0.0426404	0.0437388	0.053203	0.0918014	0.104279	0.1439565	0.1898106	0.2283977	0.1824601	0.1333333	0.0666943	0.01766	0.0037099	0.0012111	3.897E-4	0.0	0.0	0.0	0.0	0.0	0.0	
Philadelphia/Red-eyed Vireo	0.0	0.0	0.0	0.0	0.0	0.0	0.0	0.0	0.0	0.0	0.0	0.0	0.0	0.0	0.0	0.0	0.0	0.0	0.0	0.0	0.0	0.0	0.0	0.0	0.0	0.0	0.0	0.0	0.0	0.0	0.0	0.0	0.0	0.0	4.342E-4	0.0	9.324E-4	0.0	0.0	0.0	0.0	0.0	0.0	0.0	0.0	0.0	0.0	0.0	
vireo sp.	0.0	0.0	0.0	0.0	0.0	0.0	0.0	0.0	0.0	0.0	0.0	0.0	0.0	0.0	0.0	0.0	5.671E-4	8.115E-4	6.406E-4	5.543E-4	3.99E-4	0.0	4.621E-4	0.0	0.0	6.094E-4	0.0	0.0	0.0	0.0	0.0	3.596E-4	9.054E-4	9.017E-4	0.0013026	7.432E-4	0.0015	4.143E-4	0.0	0.0	0.0	0.0	0.0	0.0	0.0	0.0	0.0	0.0	
Loggerhead Shrike	0.0	0.0	0.0	0.0	0.0	0.0	0.0	0.0	0.0	0.0	0.0	0.0	0.0	0.0	0.0	0.0	0.0	0.0	0.0	0.0	0.0	0.0	0.0	0.0	0.0	0.0	0.0	0.0	0.0	0.0	0.0	0.0	0.0	0.0	0.0	0.0	0.0	0.0015	0.0	0.0016863	0.0036334	0.0015	0.0028101	0.0033303	0.0027273	0.0	0.0	0.0	
Northern Shrike	0.0027377	0.001468	8.453E-4	0.001079	0.0032871	0.0011908	4.197E-4	0.0015	0.0020137	4.338E-4	3.867E-4	0.0010704	7.479E-4	0.0	0.0	0.0	0.0	0.0	0.0	0.0	0.0	0.0	0.0	0.0	0.0	0.0	0.0	0.0	0.0	0.0	0.0	0.0	0.0	0.0	0.0	0.0	0.0	0.0	0.0	0.0010118	8.074E-4	7.794E-4	8.029E-4	0.0057523	0.0036364	0.0011669	6.598E-4	0.0080321	
Black-throated Magpie-Jay	0.0	0.0	0.0	0.0	0.0	0.0	0.0	0.0	0.0	0.0	0.0	0.0	0.0	0.0	0.0	0.0	0.0	0.0	0.0	0.0	0.0	0.0	0.0	0.0	0.0	0.0	0.0	0.0	0.0	0.0	0.0	0.0	0.0	0.0	0.0	0.0	0.0	0.0	0.0	0.0	0.0	0.0	0.0	0.0	0.0	3.89E-4	0.0	0.0	
Blue Jay	0.2279613	0.2166765	0.2073824	0.2597788	0.242878	0.2855016	0.3275971	0.2747326	0.3040677	0.3101952	0.345321	0.3617875	0.4252057	0.4511178	0.4367855	0.4745722	0.518571	0.4436029	0.3696348	0.2713415	0.2478053	0.2242187	0.2264325	0.241921	0.2728949	0.2340037	0.2381554	0.2275523	0.2354703	0.2301846	0.2655889	0.3121179	0.3775464	0.412083	0.4572297	0.4849498	0.5039627	0.4577465	0.4706402	0.4779089	0.4287444	0.3636009	0.3323966	0.313957	0.3172727	0.302217	0.3777631	0.2788934	
Black-billed Magpie	0.0	0.0	0.0	0.0	0.0	0.0	0.0	0.0	0.0	0.0	0.0	0.0	0.0	0.0	0.0	0.0	0.0	0.0	0.0	0.0	0.0	0.0	0.0	0.0	0.0	0.0	0.0	0.0	0.0	0.0	0.0	0.0	0.0	0.0	0.0	0.0	0.0	0.0	0.0015	0.0	0.0	0.0	0.0	0.0	0.0	0.0	0.0	0.0	
American Crow	0.1478372	0.1353494	0.1318681	0.1521446	0.1749452	0.1461745	0.1380902	0.1804813	0.2009666	0.2164859	0.2134571	0.2100615	0.2139117	0.1818485	0.1859449	0.2048686	0.1944996	0.1709494	0.1524664	0.154102	0.1516361	0.1257813	0.133549	0.1368941	0.1407498	0.1218769	0.120657	0.1221812	0.1294188	0.140608	0.1339492	0.1262136	0.1294703	0.1402164	0.1471993	0.1731698	0.1920746	0.2033969	0.2092715	0.2367622	0.2103351	0.2018706	0.2051385	0.2079927	0.1804545	0.1404123	0.1705708	0.1671129	
Fish Crow	0.0616901	0.0437463	0.0450831	0.0488265	0.0693937	0.0485263	0.056873	0.0842246	0.1284736	0.1496746	0.1906419	0.2266524	0.2988033	0.3103103	0.3012777	0.2995903	0.2713354	0.234244	0.2168482	0.1895787	0.1999202	0.1621094	0.1788355	0.2100539	0.2114321	0.2047532	0.1794062	0.1906519	0.167166	0.1471227	0.1241339	0.106077	0.0882752	0.0680794	0.0607903	0.0520253	0.0484848	0.048053	0.0472406	0.0522766	0.062172	0.0549493	0.0509835	0.0493491	0.0581818	0.067289	0.0646651	0.0624721	
American/Fish Crow	0.0	0.0	0.0	0.0	0.0	0.0	0.0	0.0	0.0	0.0	0.0	0.0	0.0	0.0	0.0	0.0	0.0	0.0	0.0	0.0	0.0	7.813E-4	0.0	0.0	0.0	0.0	0.0	0.0	0.0	0.0	0.0	0.0	0.0	4.509E-4	0.0	0.0	0.0	0.0	0.0	0.0	0.0	0.0	0.0	3.028E-4	0.0	0.0	0.0	0.0	
crow sp.	0.0122285	0.0135056	0.0084531	0.0105206	0.0160701	0.0092289	0.010703	0.0106952	0.0100685	0.0112798	0.0174014	0.017126	0.0216904	0.0213547	0.0268998	0.0265124	0.0172952	0.0240736	0.0201794	0.0235588	0.0235435	0.028125	0.0226433	0.0278276	0.0233559	0.0195003	0.0221099	0.0192702	0.018574	0.0124864	0.0144342	0.0140237	0.0158443	0.0193868	0.0052106	0.0130063	0.0149184	0.0111848	0.0101545	0.010118	0.01413	0.0097428	0.0124448	0.016046	0.01	0.0089459	0.008578	0.0122713	
Common Raven	0.0337653	0.0240752	0.0197239	0.025897	0.0310446	0.0354272	0.0159496	0.0284091	0.0298027	0.0433839	0.0328693	0.0321113	0.0377711	0.032032	0.032616	0.0375994	0.0442302	0.0362456	0.0259449	0.0218958	0.0131684	0.0097656	0.012939	0.0143627	0.0141364	0.0091408	0.0164245	0.0143501	0.0263631	0.0325733	0.028291	0.041352	0.0588502	0.0536519	0.0677377	0.0523969	0.0517483	0.0654515	0.0825607	0.0650927	0.0520791	0.0358535	0.0365315	0.032092	0.0377273	0.0303384	0.0491587	0.0352521	
crow/raven sp.	0.0	0.0	0.0	0.0	0.0	5.954E-4	4.197E-4	3.342E-4	4.027E-4	0.0	0.0	5.352E-4	0.0	0.0	0.0	0.0	0.0	8.115E-4	3.203E-4	2.772E-4	0.0	0.0	0.0	0.0	0.0	0.0	0.0012634	8.2E-4	0.0	0.0	0.0	0.0	4.527E-4	0.0	4.342E-4	0.0	4.662E-4	4.143E-4	0.0015	3.373E-4	4.037E-4	0.0	0.0	3.028E-4	0.0	3.89E-4	3.299E-4	6.693E-4	
Black-capped Chickadee	0.2064245	0.2022901	0.1814596	0.2201241	0.1848064	0.2479905	0.2665268	0.2262701	0.2271446	0.2563991	0.2706883	0.2812416	0.3167539	0.3013013	0.2659718	0.2959749	0.2869294	0.2123343	0.1588725	0.1133592	0.10415	0.0910156	0.0965804	0.1315081	0.1499693	0.1444241	0.1396083	0.1340713	0.1473936	0.1487514	0.1916859	0.2046027	0.1960163	0.2033363	0.1962657	0.2036418	0.1916084	0.1859983	0.2145695	0.2438449	0.2563585	0.2544817	0.2765957	0.255828	0.2513636	0.2442629	0.2550313	0.2206604	
Tufted Titmouse	0.0709984	0.0687023	0.0650888	0.080928	0.0788897	0.0997321	0.0952781	0.0828877	0.0954491	0.0941432	0.1129157	0.1359379	0.171653	0.1735068	0.1647613	0.2005302	0.2168982	0.1590479	0.1082639	0.0709534	0.0610535	0.0457031	0.0577634	0.0529623	0.0602336	0.0548446	0.0404296	0.0414104	0.0443379	0.0477742	0.067552	0.0805466	0.0837483	0.0951307	0.0916196	0.0642884	0.0699301	0.057995	0.0825607	0.0887015	0.0787243	0.0736555	0.0810919	0.087799	0.0813636	0.0797355	0.1181128	0.0789826	
Horned Lark	0.0611425	0.0654727	0.0617075	0.0779606	0.100073	0.0997321	0.0602308	0.0711898	0.0757149	0.0655098	0.0436968	0.0313085	0.0164547	0.0156823	0.0127774	0.0081947	0.0073717	0.0148769	0.0182575	0.0138581	0.0127694	0.0125	0.0092421	0.0103232	0.0141364	0.015844	0.0189514	0.0168102	0.0167765	0.0141151	0.0103926	0.0133046	0.0063377	0.0045086	0.006079	0.006689	0.0074592	0.0169843	0.018543	0.0296796	0.0399677	0.0549493	0.0670413	0.1129276	0.0781818	0.0684559	0.0442098	0.0796519	
Bank Swallow	0.0	0.0	0.0	0.0	0.0	0.0	0.0	0.0	0.0	0.0	0.0	0.0	0.0029918	6.673E-4	0.0020175	0.0060255	0.016161	0.0232621	0.0262652	0.0174612	0.0119713	0.0113281	0.0152495	0.0157092	0.0202827	0.0243754	0.0259002	0.0303403	0.0257639	0.0233442	0.0294457	0.0266091	0.0086012	0.006312	0.0017369	0.0	0.0	0.0	0.0	0.0	0.0	0.0	0.0	0.0	0.0	0.0	0.0	0.0	
Tree Swallow	0.0268297	0.0358191	0.0121161	0.0164554	0.0193572	0.0128014	0.0104932	0.0170455	0.0293999	0.0650759	0.1102088	0.1808938	0.2550486	0.291625	0.3379287	0.3509279	0.3098951	0.3235055	0.3430493	0.3960643	0.3794892	0.3808594	0.3766174	0.3990126	0.3429625	0.3595369	0.2994315	0.2681427	0.2540443	0.2410423	0.2372979	0.2423589	0.1760978	0.1564472	0.1141989	0.165366	0.1729604	0.2091964	0.199117	0.1736931	0.132822	0.1024942	0.0867122	0.0847714	0.0554545	0.0583431	0.0214451	0.0363677	
Purple Martin	0.0	0.0	0.0	0.0	0.0	0.0	2.099E-4	0.0	0.0	0.0	0.0	0.0	3.74E-4	6.673E-4	0.0151311	0.0190407	0.0201304	0.0346227	0.0371557	0.0570953	0.0670391	0.065625	0.0679298	0.072711	0.0614628	0.0578915	0.0669615	0.0623206	0.0527262	0.0428882	0.0132794	0.0093492	0.0036215	0.0	0.0	0.0	0.0	0.0	0.0	0.0	0.0	0.0	0.0	0.0	0.0	0.0	0.0	0.0	
Northern Rough-winged Swallow	0.0	0.0	0.0	0.0	0.0	0.0	0.0	0.0	0.0	4.338E-4	0.0	0.0021408	0.0272999	0.044044	0.0558171	0.076645	0.0541537	0.065188	0.0317104	0.0249446	0.0183559	0.0183594	0.0147874	0.0201975	0.0141364	0.0201097	0.0157928	0.0114801	0.003595	0.0043431	0.0023095	0.0025171	0.0	0.0	0.0	0.0	0.0	0.0	0.0	3.373E-4	0.0	0.0	0.0	0.0	0.0	0.0	0.0	0.0	
Barn Swallow	0.0	0.0	0.0	0.0	0.0	0.0	0.0	0.0	0.0	0.0	0.0	0.0021408	0.026552	0.0630631	0.1284465	0.2352374	0.3110292	0.3413579	0.3914158	0.4201774	0.4305666	0.4261719	0.4320702	0.4398564	0.4394591	0.4850701	0.4763108	0.4768348	0.4859197	0.4761129	0.4249423	0.3369292	0.1448619	0.0739405	0.0195397	0.0104051	0.0065268	0.0037283	0.002649	0.0013491	4.037E-4	0.0	0.0012043	3.028E-4	0.0	0.0	0.0	0.0	
Cliff Swallow	0.0	0.0	0.0	0.0	0.0	0.0	0.0	0.0	0.0	0.0	0.0	0.0	0.0044877	0.0016683	3.362E-4	2.41E-4	0.0039694	0.0056803	0.0032031	0.0038803	0.0063847	0.0054687	0.0032348	0.0017953	0.0043024	0.0073126	0.0031586	4.1E-4	0.0023966	0.0038002	0.0011547	0.0039554	9.054E-4	9.017E-4	4.342E-4	3.716E-4	0.0	4.143E-4	4.415E-4	0.0	0.0	0.0	0.0	0.0	0.0	0.0	0.0	0.0	
Cave Swallow	0.0	0.0	0.0	0.0	0.0	0.0	0.0	0.0	0.0	0.0	0.0	0.0	0.0	0.0	0.0	0.0	0.0	0.0	0.0	0.0	0.0	0.0	0.0	0.0	0.0	0.0	0.0	0.0	0.0	0.0	0.0	0.0	0.0	0.0	0.0	0.0	0.0	0.0	0.0	0.0	0.0	0.0015588	0.0040145	0.0030276	0.0036364	3.89E-4	0.0	0.0	
swallow sp.	0.0	0.0	0.0	0.0	0.0	0.0	0.0	0.0	0.0	0.0	0.0	2.676E-4	0.0014959	0.004004	0.0016812	0.0060255	0.0070882	0.0056803	0.0048046	0.0024945	0.0035914	0.0035156	0.0036969	0.0058348	0.004917	0.0060938	0.0056854	0.0098401	0.0059916	0.0076004	0.0080831	0.0082704	0.0063377	0.003156	0.0034737	0.0022297	9.324E-4	0.0012428	0.001766	6.745E-4	0.0015	0.0019486	4.014E-4	3.028E-4	0.0	0.0	0.0	0.0	
Ruby-crowned Kinglet	0.0262822	0.0214328	0.014652	0.0169949	0.014244	0.0074427	0.0058762	0.0116979	0.0124849	0.0147505	0.0174014	0.0337169	0.0714286	0.1644978	0.2165434	0.1826946	0.1482847	0.0497701	0.0060858	0.0	3.99E-4	0.0	0.0	0.0	6.146E-4	0.0	0.0	0.0	0.0	0.0	0.0	0.0	4.527E-4	0.006312	0.0442901	0.1133408	0.216317	0.3400994	0.389404	0.3602024	0.2180057	0.129774	0.0746688	0.0502573	0.0436364	0.0350058	0.0419004	0.0307898	
Golden-crowned Kinglet	0.0339478	0.0255432	0.0194421	0.0240086	0.0230095	0.0145877	0.01532	0.0314171	0.0257753	0.0368764	0.0788863	0.1343324	0.2247569	0.1621622	0.0544721	0.010846	0.0056705	2.705E-4	0.0	0.0	0.0	0.0	0.0	0.0	0.0	0.0	0.0	0.0	0.0	0.0	0.0	0.0	0.0	0.0	0.0030395	0.0401338	0.1827506	0.2966031	0.3245033	0.3082631	0.2640291	0.1936867	0.109996	0.0687254	0.0495455	0.0396733	0.0491587	0.0470772	
Ruby-crowned/Golden-crowned Kinglet	0.0	2.936E-4	2.818E-4	2.698E-4	3.652E-4	0.0	0.0	0.0	0.0	0.0	3.867E-4	2.676E-4	7.479E-4	3.337E-4	0.0	0.0	2.835E-4	2.705E-4	0.0	0.0	0.0	0.0	0.0	0.0	0.0	0.0	0.0	0.0	0.0	0.0	0.0	0.0	0.0	0.0	0.0013026	0.0	9.324E-4	0.0028998	0.0022075	0.0013491	0.0016149	0.0011691	0.0012043	3.028E-4	0.0	3.89E-4	6.598E-4	0.0	
White-breasted Nuthatch	0.120825	0.1139166	0.1121443	0.1389264	0.1194302	0.1440905	0.1693599	0.135361	0.1377366	0.1383948	0.1550657	0.1629649	0.1854899	0.1604938	0.1297915	0.1547361	0.1596257	0.1138761	0.0832799	0.0543237	0.0446927	0.0355469	0.0457486	0.056553	0.0731407	0.0658135	0.0612761	0.0524805	0.0425404	0.0694897	0.0866051	0.1236965	0.1511996	0.1348061	0.1354755	0.114084	0.1216783	0.1375311	0.1337748	0.148398	0.1316108	0.1317225	0.1228422	0.1356343	0.13	0.1439129	0.1920158	0.1365462	
Red-breasted Nuthatch	0.0576748	0.0754551	0.0546633	0.0588077	0.0504018	0.0601369	0.0591815	0.0625	0.0507451	0.0507592	0.0580046	0.0438855	0.0478684	0.0373707	0.0282448	0.0448301	0.0411114	0.0181228	0.0086483	5.543E-4	0.0	0.0	0.0015	0.0013465	0.0015	0.0012188	0.0012634	0.0015	0.0017975	5.429E-4	0.0075058	0.03452	0.0507017	0.0631199	0.0759878	0.0850985	0.0979021	0.1462303	0.1315673	0.1389545	0.1227291	0.1508184	0.1565636	0.132304	0.1027273	0.1038506	0.0699439	0.0722892	
Brown Creeper	0.0275598	0.0182032	0.0231051	0.0180739	0.0178963	0.0154808	0.0167891	0.0280749	0.0269835	0.037744	0.0518175	0.0612791	0.0972326	0.0663997	0.0258911	0.0057845	0.0011341	0.0	0.0	0.0	0.0	0.0	0.0	0.0	0.0	0.0	0.0	0.0	0.0	0.0	0.0	0.0	9.054E-4	0.0013526	0.0039079	0.0222965	0.0652681	0.1010771	0.0962472	0.0826307	0.0645943	0.0448168	0.0309113	0.0448078	0.0268182	0.0225593	0.0399208	0.0305667	
Blue-gray Gnatcatcher	0.0	0.0	0.0	0.0	0.0	0.0	0.0	0.0	0.0	0.0	0.0	0.0018732	0.0299177	0.0937604	0.139879	0.1954688	0.193649	0.1282121	0.0800769	0.0363082	0.0227454	0.015625	0.021719	0.0157092	0.0159803	0.0097502	0.0063171	0.0127101	0.0119832	0.0228013	0.0248268	0.0244516	0.016297	0.0207394	0.0125923	0.0040877	9.324E-4	0.0015	0.0	3.373E-4	4.037E-4	0.0	0.0	0.0	0.0	0.0	0.0	0.0	
Northern House Wren	3.65E-4	0.0	0.0	0.0	0.0	0.0	0.0	0.0	0.0	0.0	0.0	0.0	7.479E-4	0.003003	0.0279085	0.1330441	0.2358945	0.2031377	0.1681614	0.123337	0.1109338	0.0914062	0.0970425	0.0879713	0.1094038	0.0944546	0.0726469	0.0533005	0.0503295	0.0559175	0.0652425	0.067242	0.0778633	0.0761948	0.0798958	0.0702341	0.0694639	0.0571665	0.0247241	0.0118044	0.0052483	0.002728	0.0012043	0.0030276	0.0018182	0.0	0.0052788	0.0013387	
Winter Wren	0.0538419	0.030828	0.0242322	0.0277853	0.0204529	0.0175648	0.0159496	0.0183824	0.0229561	0.0182213	0.0224285	0.0256891	0.0302917	0.015015	0.0060525	0.0026512	0.0017012	8.115E-4	0.0	2.772E-4	0.0	0.0	0.0	0.0	0.0	0.0	0.0	0.0	0.0	0.0	0.0	0.0	4.527E-4	4.509E-4	0.0017369	0.0052025	0.016317	0.029826	0.0463576	0.0448567	0.0585386	0.045986	0.0389402	0.0435967	0.04	0.0490082	0.0725833	0.048639	
Pacific/Winter Wren	0.0	0.0	0.0	0.0	0.0	0.0	0.0	0.0	0.0	0.0	0.0	0.0	0.0	0.0	0.0	0.0	0.0	0.0	0.0	0.0	0.0	0.0	0.0	0.0	0.0	0.0	0.0	0.0	0.0	0.0	0.0	0.0	0.0	0.0	0.0	0.0	0.0	4.143E-4	0.0	0.0	0.0	0.0	0.0	0.0	0.0	0.0	0.0	0.0	
Sedge Wren	0.0	0.0	0.0	0.0	0.0	0.0	0.0	0.0	0.0	0.0	0.0	0.0	0.0	0.0	0.0	0.0	0.0	0.0	0.0	0.0	0.0	0.0	0.0	0.0	0.0	0.0	0.0	0.0	0.0	0.0	0.0	0.0	0.0	0.0	0.0	3.716E-4	0.0015	0.0015	0.0	0.0	0.0	0.0	0.003613	0.0	0.0	0.0	0.0	0.0015	
Marsh Wren	0.0040153	0.0015	8.453E-4	0.0040464	0.0	0.0	6.296E-4	0.0013369	0.0028192	0.0	3.867E-4	0.0	0.0	0.0015	0.0047075	0.0067486	0.015594	0.0281309	0.053171	0.0656874	0.0538707	0.0457031	0.0563771	0.0587971	0.0620774	0.0585009	0.0625395	0.0483805	0.0425404	0.0260586	0.0265589	0.0201366	0.0226347	0.0288548	0.0330004	0.0405054	0.0331002	0.0318973	0.0282561	0.0198988	0.008478	0.0070148	0.0052188	0.0042386	0.0022727	0.0023337	0.0013197	0.0031236	
Carolina Wren	0.15167	0.1365238	0.1203156	0.1367683	0.1303871	0.1420065	0.1412382	0.1798128	0.1945228	0.2034707	0.2200309	0.2408349	0.2827225	0.2942943	0.327505	0.3745481	0.3779416	0.3199892	0.2642537	0.2081486	0.1963288	0.1480469	0.1672828	0.188061	0.2108175	0.174284	0.1680354	0.1705617	0.1731576	0.2030402	0.2627021	0.2901834	0.30421	0.2980162	0.3030829	0.2530658	0.2461538	0.2183099	0.212362	0.2290051	0.2196205	0.1827747	0.1706142	0.1574326	0.1618182	0.168417	0.2500825	0.1622044	
wren sp.	0.0	0.0	0.0	2.698E-4	0.0	0.0	0.0	0.0	0.0	0.0	0.0	0.0	0.0	0.0	0.0	0.0	0.0	0.0	0.0015	0.0	0.0	0.0	0.0	0.0	0.0	0.0	0.0	0.0	0.0	0.0	0.0	0.0	0.0	0.0	4.342E-4	3.716E-4	0.0	0.0	0.0	0.0	0.0	0.0	0.0	0.0	0.0	0.0	0.0	0.0	
European Starling	0.3283446	0.3314739	0.3060017	0.368492	0.3681519	0.3593331	0.3714586	0.397393	0.4462344	0.4633406	0.4775715	0.480867	0.5284218	0.5315315	0.5911231	0.5702579	0.5772611	0.5756018	0.5768738	0.5570953	0.5806065	0.5253906	0.5462107	0.5489228	0.5464044	0.5496648	0.5135818	0.4743747	0.4859197	0.4733985	0.4699769	0.4602661	0.4422816	0.4670875	0.4259661	0.4500186	0.4130536	0.4345485	0.4309051	0.4290051	0.3916027	0.3741231	0.3930149	0.370875	0.3754545	0.3251653	0.3418014	0.3491745	
Gray Catbird	0.0326702	0.02202	0.0166244	0.021311	0.0164354	0.0157785	0.0102833	0.0130348	0.0120822	0.0117137	0.0158546	0.0090982	0.013089	0.0146813	0.0198386	0.2034225	0.5925716	0.6275358	0.590647	0.4872506	0.4600958	0.4175781	0.4468577	0.4923698	0.4763368	0.4649604	0.4415666	0.3878639	0.4086279	0.4163952	0.4642032	0.5012585	0.4843821	0.525248	0.5531915	0.5269417	0.4713287	0.410522	0.3041943	0.181113	0.081954	0.0479345	0.0256925	0.0330003	0.0240909	0.0268378	0.0336523	0.0354752	
Brown Thrasher	0.006023	0.0076336	0.0025359	0.0051254	0.0062089	0.0053587	0.004617	0.0036765	0.0036246	0.0056399	0.0042537	0.0058871	0.0153328	0.0377044	0.0699395	0.0896602	0.0830734	0.0603192	0.0647021	0.0521064	0.0446927	0.0421875	0.0540665	0.045781	0.0356484	0.0438757	0.0404296	0.0328003	0.0305572	0.0255157	0.0294457	0.032722	0.0452694	0.0536519	0.0681719	0.090301	0.0801865	0.0534383	0.0260486	0.0269815	0.0096891	0.0070148	0.0032116	0.0063579	0.0027273	0.0054454	0.0072583	0.0071397	
Northern Mockingbird	0.3119182	0.3220787	0.267681	0.3034799	0.3151936	0.275975	0.2606506	0.3238636	0.3322594	0.364859	0.3623357	0.3628579	0.3885565	0.3943944	0.4045057	0.4046758	0.4009073	0.3781444	0.4071108	0.4199002	0.4569034	0.4457031	0.4727357	0.47307	0.4837124	0.4942108	0.4807328	0.4436244	0.4331935	0.4131379	0.4081986	0.4135203	0.3757356	0.3917944	0.3768997	0.4392419	0.4741259	0.5223695	0.5289183	0.5025295	0.4343964	0.4306313	0.4146929	0.3835907	0.3709091	0.3333333	0.3246453	0.3514056	
Eastern Bluebird	0.0040153	0.004404	0.0061989	0.0032371	0.0069394	0.0056564	0.0041973	0.0040107	0.0056383	0.0086768	0.0065739	0.0109714	0.0067315	0.0066733	0.0100874	0.011087	0.0090729	0.0067622	0.0054452	0.0072062	0.0043895	0.0082031	0.0060074	0.0062837	0.0067609	0.0012188	0.0031586	0.0	0.0011983	0.0010858	0.0	0.0010787	0.0	9.017E-4	4.342E-4	0.0022297	0.0032634	0.001657	0.0030905	0.0266442	0.0347194	0.0265004	0.021678	0.0121102	0.0081818	0.0027227	0.0112174	0.0053548	
Mountain Bluebird	0.0	0.0	0.0	0.0	0.0	0.0	0.0	0.0	0.0	0.0	0.0	0.0	0.0	0.0	0.0	0.0	0.0	0.0	0.0	0.0	0.0	0.0	0.0	0.0	0.0	0.0	0.0	0.0	0.0	0.0	0.0	0.0	0.0	0.0	0.0	0.0	0.0	0.0	4.415E-4	0.0	0.0	0.0	0.0	0.0	0.0	0.0	0.0	0.0	
Townsend's Solitaire	0.0023727	0.002936	5.635E-4	0.0	0.0	0.0	0.0	0.0	0.0	0.0	0.0	0.0	0.0	0.0	0.0	0.0	0.0	0.0	0.0	0.0015	0.0	0.0	0.0	0.0	0.0	0.0	0.0	0.0	0.0	0.0	0.0	0.0	0.0	0.0	0.0	0.0	0.0	0.0	0.0	0.0	0.0	0.0	0.0	0.0	0.0	0.0	3.299E-4	0.0026774	
Varied Thrush	0.0	0.0	0.0	0.0015	0.0	0.0	0.0	0.0	0.0	0.0	0.0015	0.0	0.0	0.0	0.0	0.0	0.0	0.0	0.0	0.0	0.0	0.0	0.0	0.0	0.0	0.0	0.0	0.0	0.0	0.0	0.0	0.0	0.0	0.0	0.0	0.0	4.662E-4	0.0	0.0	0.0	0.0	0.0	0.0	0.0	0.0	0.0	0.0	0.0	
Veery	0.0	0.0	0.0	0.0	0.0	0.0	0.0	0.0	0.0	0.0	0.0	0.0	0.0	0.0	0.0	0.0086768	0.0788205	0.0730322	0.0454837	0.0199557	0.0135674	0.0066406	0.0064695	0.005386	0.0098341	0.0018282	0.0037903	0.00123	0.0	0.0010858	0.0051963	0.0294858	0.0656406	0.0820559	0.0590534	0.0241546	0.006993	0.0012428	0.0	0.0	0.0	0.0	0.0	0.0	0.0	0.0015	0.0	0.0	
Gray-cheeked Thrush	0.0	0.0	0.0	0.0	0.0	0.0	0.0	0.0	0.0	0.0	0.0	0.0	0.0	0.0	0.0	0.0	0.0039694	0.0059508	0.008328	0.0033259	0.0	0.0	0.0	0.0	0.0	0.0	0.0	0.0	0.0	0.0	0.0	0.0	4.527E-4	0.0036069	0.0078159	0.0092902	0.0121212	0.008285	0.0022075	3.373E-4	0.0	0.0	0.0	0.0	0.0	0.0	0.0	0.0	
Gray-cheeked/Bicknell's Thrush	0.0	0.0	0.0	0.0	0.0	0.0	0.0	0.0	0.0	0.0	0.0	0.0	0.0	0.0	0.0	0.0	0.0011341	0.0015	0.0	2.772E-4	0.0	0.0	0.0	0.0	0.0	0.0	0.0	0.0	0.0	0.0	0.0	0.0	0.0	0.0	0.0	0.0	0.0	0.0	0.0	0.0	0.0	0.0	0.0	0.0	0.0	0.0	0.0	0.0	
Swainson's Thrush	0.0	0.0	0.0	0.0	0.0	0.0	0.0	0.0	0.0	0.0	0.0	0.0	0.0	0.0	0.0	0.0012051	0.0292033	0.0451718	0.0711083	0.0149667	7.981E-4	0.0	0.0	0.0	0.0	0.0	0.0	0.0	0.0	0.0	0.0	0.0010787	0.0108646	0.0351668	0.0594876	0.0654032	0.0522145	0.0327258	0.0207506	0.0013491	0.0016149	0.0	0.0	0.0	0.0	0.0	0.0	0.0	
Hermit Thrush	0.0312101	0.0202584	0.014652	0.028055	0.0164354	0.0202441	0.013851	0.0210561	0.0104712	0.0173536	0.0224285	0.018464	0.0613313	0.1307975	0.1153329	0.0889371	0.0802382	0.0316473	0.0118514	0.0080377	0.0	0.0	0.0	0.0	0.0	0.0	6.317E-4	0.0	0.0	0.0	0.0	0.0	9.054E-4	9.017E-4	4.342E-4	0.0026013	0.0237762	0.0952775	0.2172185	0.2816189	0.2176019	0.1605612	0.1176234	0.0784136	0.0536364	0.0357837	0.0422303	0.029228	
Catharus sp.	0.0	0.0	0.0	0.0	0.0	0.0	0.0	3.342E-4	0.0	0.0	0.0	0.0	3.74E-4	0.0	0.0	2.41E-4	5.671E-4	0.0013524	0.0019218	8.315E-4	7.981E-4	0.0	0.0	4.488E-4	0.0	0.0	0.0	0.0	0.0	0.0	0.0	0.0	4.527E-4	0.0027051	0.0026053	0.0022297	0.0027972	0.0024855	0.001766	0.0013491	4.037E-4	0.0	0.0	0.0	0.0	0.0	0.0	0.0	
Wood Thrush	0.0	0.0	0.0	0.0	0.0	0.0	0.0	0.0	0.0	0.0	0.0	0.0	3.74E-4	3.337E-4	0.0015	0.0294047	0.1477176	0.1633757	0.1476618	0.0776053	0.0650439	0.0515625	0.0540665	0.0520646	0.0633067	0.0469226	0.0410613	0.0241902	0.0155782	0.0190011	0.0230947	0.0341604	0.0362155	0.0360685	0.0247503	0.0174656	0.0121212	0.0053853	8.83E-4	6.745E-4	0.0	0.0	0.0	0.0	0.0	0.0	0.0	0.0	
American Robin	0.2255886	0.243394	0.2076641	0.2408956	0.2461651	0.2310211	0.2358867	0.2937834	0.3717277	0.472885	0.5638051	0.6465079	0.7198953	0.7384051	0.7542031	0.7869366	0.7774312	0.7427644	0.706278	0.6615854	0.6652035	0.6429687	0.6451017	0.6745961	0.659496	0.6514321	0.6291851	0.5625256	0.5026962	0.4782845	0.4965358	0.516361	0.5043006	0.522092	0.5366913	0.5239688	0.5263403	0.5310688	0.5284768	0.5355818	0.4856681	0.4243959	0.41389	0.3281865	0.2959091	0.26021	0.2801056	0.2545739	
thrush sp.	0.0	0.0	0.0	0.0	0.0	0.0	0.0	0.0	0.0	0.0	0.0	0.0	0.0	3.337E-4	3.362E-4	4.82E-4	0.0028353	0.0016229	0.0028828	5.543E-4	0.0	7.813E-4	0.0	4.488E-4	6.146E-4	0.0	0.0	4.1E-4	5.992E-4	0.0016287	0.0017321	3.596E-4	0.0013581	0.0027051	0.0030395	0.0029729	4.662E-4	4.143E-4	0.0	0.0	0.0	0.0	0.0	0.0	0.0	0.0	0.0	0.0	
Northern Wheatear	0.0	0.0	0.0	0.0	0.0	0.0	0.0	0.0	0.0	0.0	0.0	0.0	0.0	0.0	0.0	0.0	0.0	0.0	0.0	0.0	0.0	0.0	0.0	0.0	0.0	0.0	0.0	0.0	0.0	0.0	0.0	0.0	0.0	0.0	0.0091185	0.0015	0.0	0.0	0.0	0.0	0.0	0.0	0.0	0.0	0.0	0.0	0.0	0.0	
Bohemian Waxwing	0.0	0.0	0.0	2.698E-4	3.652E-4	0.0068473	0.0027282	0.0	0.0	0.0	0.0	0.0	0.0	0.0	0.0	0.0	0.0	0.0	0.0	0.0	0.0	0.0	0.0	0.0	0.0	0.0	0.0	0.0	0.0	0.0	0.0	0.0	0.0	0.0	0.0	0.0	0.0	0.0	0.0	0.0	0.0	0.0	0.0	0.0	0.0	3.89E-4	0.0	0.0	
Cedar Waxwing	0.0151487	0.0108632	0.007326	0.006744	0.0105917	0.0083358	0.0079748	0.0086898	0.009263	0.0117137	0.0112142	0.0133797	0.0145849	0.0096763	0.0117687	0.0134972	0.0187128	0.0522045	0.1297245	0.1574279	0.1755786	0.1886719	0.1945471	0.190754	0.1727105	0.1645338	0.1522426	0.1176712	0.1180348	0.1091205	0.1114319	0.1262136	0.13445	0.1496844	0.1654364	0.1479004	0.1477855	0.1263463	0.1147903	0.1160202	0.1207105	0.0791115	0.0626255	0.0342113	0.0254545	0.0190587	0.0293632	0.0176261	
Zebra Finch	0.0	0.0	0.0	0.0	0.0	0.0	0.0	0.0	0.0	0.0	0.0	0.0	0.0	0.0	0.0	0.0	0.0	0.0	0.0	0.0	0.0	0.0	0.0	0.0	0.0	0.0	0.0	0.0	5.992E-4	0.0	0.0	0.0	0.0	0.0	0.0	0.0	0.0	0.0	0.0	0.0	0.0	0.0	0.0	0.0	0.0	0.0	0.0	0.0	
House Sparrow	0.2889213	0.2806812	0.2538743	0.3431346	0.3447772	0.397142	0.4449108	0.3619652	0.3902537	0.4177874	0.4021655	0.3882794	0.4192221	0.4240908	0.4737727	0.4974693	0.5372838	0.5528807	0.5534914	0.5310421	0.5714286	0.5347656	0.6012015	0.6207361	0.6570375	0.6051188	0.6247631	0.598196	0.5751947	0.5575461	0.5248268	0.4825602	0.4219104	0.4165915	0.3842814	0.3991081	0.3920746	0.4134217	0.4304636	0.4313659	0.382721	0.3671083	0.3584906	0.3511959	0.365	0.3255543	0.2880238	0.313253	
American Pipit	0.0065705	0.0085144	0.014652	0.0186134	0.0058437	0.0116106	0.0056663	0.0040107	0.0036246	0.0017354	0.0023202	0.0024083	0.0011219	3.337E-4	3.362E-4	4.82E-4	2.835E-4	0.0013524	0.0	0.0	0.0	0.0	0.0	0.0	0.0	0.0	0.0	0.0	0.0	0.0	0.0	0.0	0.0	0.0	4.342E-4	0.0048309	0.0074592	0.013256	0.0163355	0.0266442	0.0383528	0.0226033	0.0256925	0.0278535	0.0163636	0.0097238	0.0052788	0.0084784	
Evening Grosbeak	0.0	0.0	0.0	0.0	0.0	0.0	0.0	0.0	0.0	0.0	0.0	0.0	0.0	0.0	0.0	0.0015	8.506E-4	0.0015	0.0	0.0	0.0	0.0	0.0	0.0	0.0	0.0	0.0	0.0	0.0	0.0	0.0	0.0	0.0	0.0	0.0	0.0	0.0	0.0	0.0	0.0010118	4.037E-4	0.0265004	0.0020072	0.001211	0.0018182	0.0	0.0	0.0	
House Finch	0.1551378	0.1629477	0.1437025	0.1634745	0.1647188	0.2015481	0.2235047	0.168115	0.1820379	0.1991323	0.1887084	0.1830345	0.1933433	0.1928595	0.1980498	0.2248735	0.246385	0.2323506	0.2226137	0.231153	0.2366321	0.2058594	0.2365989	0.2428187	0.2845728	0.2778793	0.269741	0.2361624	0.2306771	0.2307275	0.2286374	0.2286947	0.1914894	0.207394	0.192792	0.2118172	0.2251748	0.2381939	0.2366446	0.2583474	0.2523214	0.2591582	0.2585307	0.2425068	0.2331818	0.2236484	0.2207192	0.1851852	
Purple Finch	0.0040153	0.005872	0.0039448	0.005665	0.0029218	0.0038702	0.0033578	0.0016711	0.0012082	0.0013015	0.0015468	0.0048167	0.0052356	0.0096763	0.0080699	0.0072307	0.0130422	0.0073032	6.406E-4	2.772E-4	0.0	0.0	4.621E-4	0.0	0.0	0.0	0.0	0.0015	0.0	0.0	5.774E-4	3.596E-4	0.0022635	0.0054103	0.0130265	0.0104051	0.0195804	0.043082	0.0600442	0.1143339	0.1049657	0.0791115	0.0578081	0.0323948	0.0145455	0.0108907	0.0161663	0.0062472	
House/Purple Finch	7.301E-4	0.0017616	8.453E-4	8.093E-4	0.0018262	0.0041679	0.007765	0.0013369	0.0020137	8.677E-4	0.0023202	0.0010704	0.0011219	0.001001	3.362E-4	7.231E-4	0.0011341	0.0027049	3.203E-4	0.0	0.0011971	0.0	0.0013863	0.0013465	6.146E-4	6.094E-4	0.0012634	8.2E-4	0.0011983	0.0016287	0.0034642	7.192E-4	0.0	0.0013526	0.0013026	0.001858	4.662E-4	0.0020713	0.0013245	0.0013491	0.0012111	0.0015588	4.014E-4	3.028E-4	0.0	3.89E-4	0.0015	8.925E-4	
Redpoll	0.0032853	0.0017616	0.0019724	0.0043162	0.004748	0.0059542	0.0048269	0.0053476	0.0020137	8.677E-4	0.0015468	2.676E-4	0.0	0.0	3.362E-4	0.0	0.0	0.0	0.0	0.0	0.0	0.0	0.0	0.0	0.0	0.0	0.0	0.0	0.0	0.0	0.0	0.0	0.0	0.0	0.0	0.0	0.0	0.0	0.0	0.0	0.0	0.0015588	0.0016058	0.0018165	0.0018182	0.0019448	0.0016496	0.0035698	
Red Crossbill	0.0151487	0.016148	0.0028177	0.0024278	7.305E-4	0.002084	0.001469	0.0036765	8.055E-4	8.677E-4	0.0	0.0	3.74E-4	0.0	0.0015	0.0	0.0	0.0	0.0	0.0	0.0	0.0	0.0	0.0015	0.0	0.0	0.0	0.0	0.0	0.0	0.0	0.0	0.0	0.0	0.0	0.0	0.0	0.0	8.83E-4	6.745E-4	0.002826	0.0116913	0.0349257	0.0221011	0.0068182	0.0143913	0.0062686	0.0200803	
White-winged Crossbill	9.126E-4	2.936E-4	0.0011271	8.093E-4	0.0018262	8.931E-4	4.197E-4	6.684E-4	0.0024164	4.338E-4	0.0	0.0	3.74E-4	0.0	0.0	0.0	0.0	0.0	0.0	0.0	0.0	0.0	0.0	0.0	0.0	0.0	0.0	0.0	0.0	0.0	0.0	0.0	0.0	0.0	0.0	0.0	0.0	0.0	0.0	3.373E-4	4.037E-4	0.0011691	0.007226	0.0063579	0.0018182	0.0015558	9.898E-4	8.925E-4	
crossbill sp.	0.0	0.0	2.818E-4	0.0	0.0	0.0	0.0	0.0	0.0	0.0	0.0	0.0	0.0	0.0	0.0	0.0	0.0	0.0	0.0	0.0	0.0	0.0	0.0	0.0	0.0	0.0	0.0	0.0	0.0	0.0	0.0	0.0	0.0	0.0	0.0	0.0	0.0	0.0	0.0	0.0	0.0	0.0	0.0	0.0	0.0	0.0	0.0	0.0	
European Goldfinch	0.0	0.0	0.0	0.0	0.0	0.0	0.0	0.0	0.0	0.0	3.867E-4	2.676E-4	0.0	0.0	0.0	0.0	0.0	0.0	0.0	0.0041574	0.0039904	3.906E-4	0.0	0.0015	0.0	0.0	0.0	0.0	0.0	0.0	0.0	0.0	4.527E-4	9.017E-4	0.0	3.716E-4	4.662E-4	0.0012428	0.0	0.0	0.0	0.0	0.0	0.0	0.0	0.0	0.0	0.0	
Pine Siskin	0.005658	0.0064592	0.0042265	0.0053952	0.0036523	0.0059542	0.0037775	0.003008	0.0032219	0.0030369	0.0046404	0.0080278	0.0082274	0.006006	0.0023537	0.0028923	0.0056705	0.0027049	9.609E-4	0.001663	0.0019952	0.0027344	0.0013863	4.488E-4	0.0012293	0.0	0.0	0.0	0.0	0.0	0.0	0.0	0.0	0.0	0.0	0.0	0.0051282	0.0310688	0.0481236	0.056661	0.0645943	0.0849571	0.0698515	0.0275507	0.0090909	0.0066122	0.0065985	0.0046854	
American Goldfinch	0.109509	0.1127422	0.0980558	0.0946857	0.092038	0.1131289	0.1231899	0.0879011	0.0906162	0.0954447	0.0858469	0.1051646	0.1379955	0.1715048	0.2111634	0.3270668	0.3600794	0.2840141	0.2222934	0.1679601	0.1636073	0.1378906	0.1451017	0.1763914	0.1979103	0.2169409	0.2482628	0.2742927	0.3175554	0.3083605	0.3337182	0.3434017	0.2652784	0.2335437	0.198871	0.172055	0.15338	0.1926263	0.1766004	0.232715	0.2466694	0.2996882	0.3271778	0.2921586	0.2345455	0.1723065	0.1992742	0.1454708	
Acanthis/Spinus sp.	0.0	0.0	0.0	0.0	0.0	0.0	0.0	0.0	0.0	0.0	0.0015	2.676E-4	0.0	0.0	0.0	0.0	0.0	0.0	0.0	0.0	0.0	0.0	0.0	0.0	0.0	0.0	0.0	8.2E-4	0.0	0.0	0.0	0.0	0.0	0.0	4.342E-4	3.716E-4	0.0	0.0	0.0	0.0	8.074E-4	3.897E-4	4.014E-4	6.055E-4	0.0	0.0	0.0	0.0	
finch sp.	0.0	0.0	0.0	0.0	0.0	2.977E-4	0.0	0.0	0.0	0.0	0.0	0.0	0.0	0.0	0.0	0.0	0.0	2.705E-4	0.0	0.0	0.0	0.0	0.0	0.0	0.0	0.0	0.0	0.0	0.0	0.0	0.0	0.0	0.0	0.0	0.0	0.0	0.0	0.0	4.415E-4	6.745E-4	4.037E-4	0.0	8.029E-4	3.028E-4	0.0	0.0	3.299E-4	0.0	
Lapland Longspur	0.0065705	0.011744	0.0135249	0.0175344	0.0244704	0.0294731	0.0142707	0.0116979	0.0249698	0.008243	0.0019335	0.0053519	0.0022438	0.001001	3.362E-4	0.0	0.0	0.0	0.0	0.0	0.0	0.0	0.0	0.0	0.0	0.0	0.0	0.0	0.0	0.0	0.0	0.0	0.0	0.0	0.0	0.0	4.662E-4	0.0037283	0.0013245	0.0010118	0.0064594	0.0085737	0.0076275	0.0233121	0.01	0.0163361	0.0052788	0.009817	
Chestnut-collared Longspur	0.0015	0.0	0.0	0.0	0.0	0.0	0.0015	0.0	0.0	0.0	0.0	0.0	0.0	0.0	0.0	0.0	0.0	0.0	0.0	0.0	0.0015	0.0015	0.0	0.0	0.0	0.0	0.0	0.0	0.0	0.0	0.0	0.0	0.0	0.0	0.0	0.0	0.0	0.0	0.0	0.0	0.0	0.0	0.0	0.0	0.0	0.0	0.0	0.0	
Smith's Longspur	0.0	0.0	0.0	0.0015	0.0015	0.0065496	0.0010493	3.342E-4	0.0028192	0.002603	0.0015	0.0	0.0	0.0	0.0	0.0	0.0	0.0	0.0	0.0	0.0	0.0	0.0	0.0	0.0	0.0	0.0	0.0	0.0	0.0	0.0	0.0	0.0	0.0	0.0	0.0	0.0	0.0	0.0	0.0	0.0	0.0	0.0	0.0	0.0	0.0	0.0	0.0	
Snow Bunting	0.0512867	0.0504991	0.0493097	0.0496358	0.0595325	0.0598392	0.0442812	0.0421123	0.0418848	0.021692	0.0073473	0.0040139	3.74E-4	0.0	0.0	0.0	0.0	0.0	0.0	0.0	0.0	0.0	0.0	0.0	0.0	0.0	0.0	0.0	0.0	0.0	0.0	0.0	0.0	0.0	0.0	0.0	0.0	0.0	0.0	0.0030354	0.0149374	0.0253313	0.0517864	0.1014229	0.0677273	0.0552314	0.0409106	0.0749665	
Cassin's Sparrow	0.0	0.0	0.0	0.0	0.0	0.0	0.0	0.0	0.0	0.0	0.0	0.0	0.0	0.0	0.0	0.0	0.0	0.0	0.0	0.0	0.0	0.0	0.0	0.0	0.0	0.0	0.0	0.0	0.0	0.0	0.0	0.0	0.0	0.0	0.0	0.0	4.662E-4	4.143E-4	0.0	0.0	0.0	0.0	0.0	0.0	0.0	0.0	0.0	0.0	
Grasshopper Sparrow	0.0	0.0	0.0	0.0	0.0	0.0014885	0.003148	0.0	0.0	0.0	0.0	0.0	0.0	0.0	0.0	2.41E-4	0.0	0.0027049	6.406E-4	2.772E-4	0.0015	0.0015	0.0015	0.0	0.0	0.0	0.0	0.0	0.0	0.0	0.0	0.0	0.0	0.0	0.0	0.0014864	0.0013986	4.143E-4	8.83E-4	0.0033727	0.0	0.0	0.0	3.028E-4	0.0	0.0	0.0	0.0	
Chipping Sparrow	0.0038328	0.0064592	8.453E-4	0.0026976	0.0054785	0.0035725	0.0020986	0.0033422	0.0040274	0.0039046	0.0023202	0.0128445	0.0478684	0.1414748	0.1775387	0.2402989	0.2339098	0.1560725	0.1101858	0.0814856	0.0698324	0.0660156	0.064695	0.056553	0.0688384	0.0706886	0.0518004	0.0451005	0.0329539	0.0304017	0.0300231	0.0298454	0.0321412	0.0302074	0.038211	0.0594575	0.0736597	0.1362883	0.180574	0.1696459	0.1065805	0.0600156	0.0276997	0.0208901	0.02	0.0062233	0.0102276	0.0029005	
Clay-colored Sparrow	0.0	0.0	0.0	0.0	0.0	0.0	0.0	0.0	0.0	0.0	0.0	0.0	0.0	0.0	0.0	0.0015	0.0	0.0	0.0	0.0	0.0	0.0	0.0	0.0	0.0	0.0	0.0	0.0	0.0	0.0	0.0	0.0	0.0	0.0018034	0.0043422	0.0130063	0.0149184	0.0306545	0.018543	0.0158516	0.0076706	0.0023383	0.0	3.028E-4	0.0	0.0015	0.0	0.0	
Field Sparrow	0.0102208	0.0061656	0.0050719	0.0048557	0.0065741	0.0086335	0.0088143	0.0023396	0.0068466	0.0043384	0.0061872	0.0155205	0.0299177	0.04004	0.0316073	0.0368764	0.0223986	0.0110901	0.0048046	0.0047118	0.0019952	0.0019531	0.0027726	0.0017953	0.0018439	0.0018282	0.0012634	8.2E-4	0.0017975	5.429E-4	5.774E-4	0.0010787	0.0	4.509E-4	0.0030395	0.0059457	0.0181818	0.062966	0.0940397	0.0998314	0.0545014	0.0272798	0.0100361	0.0121102	0.0063636	0.0066122	0.013197	0.007809	
Spizella sp.	0.0	0.0	0.0	0.0	0.0	0.0	0.0	0.0	0.0	0.0	0.0	0.0	0.0	0.0	3.362E-4	0.0	0.0	0.0	0.0	0.0	0.0	0.0	0.0	0.0	0.0	0.0	0.0	0.0	0.0	0.0	0.0	0.0	0.0	0.0	4.342E-4	3.716E-4	0.0015	0.0	0.0	3.373E-4	0.0	0.0	0.0	0.0	0.0	0.0	0.0	2.231E-4	
Lark Sparrow	5.475E-4	0.002936	0.0019724	0.0013488	0.0062089	0.0	0.0015	0.0043449	4.027E-4	0.0013015	3.867E-4	0.001338	0.0	0.0015	0.0	0.0	0.0	0.0	0.0	0.0	0.0	0.0	0.0	0.0	0.0	0.0	0.0	0.0	0.0	0.0108578	0.0103926	0.0100683	0.0018108	0.0018034	0.0013026	0.0081754	0.0037296	0.0091135	0.015011	0.008769	0.0048446	7.794E-4	0.0	0.0	0.0	0.0	0.0	0.0	
American Tree Sparrow	0.0410659	0.0325895	0.0371936	0.060696	0.0606282	0.0550759	0.0535152	0.0544786	0.0499396	0.0481562	0.0406032	0.0248863	0.0153328	0.0073407	0.0023537	0.0014461	0.0	0.0	0.0	0.0	0.0	0.0	0.0	0.0	0.0	0.0	0.0	0.0	0.0	0.0	0.0	0.0	0.0	0.0	0.0	0.0	0.0	4.143E-4	0.0	0.0023609	0.0044409	0.0124708	0.0200723	0.0302755	0.0295455	0.0229483	0.0399208	0.046631	
Spizella sp./American Tree Sparrow	0.0	0.0	0.0	0.0	0.0	0.0	0.0	0.0	0.0	0.0	0.0	0.0	0.0	0.0	0.0	0.0	0.0	0.0	0.0	0.0	0.0	0.0	0.0	0.0	0.0	0.0	0.0	0.0	0.0	0.0	0.0	0.0	0.0	0.0	0.0	0.0	0.0	0.0	0.0	0.0	4.037E-4	0.0	0.0	0.0	0.0	0.0	0.0	0.0	
Fox Sparrow	0.0594999	0.0519671	0.043956	0.0542217	0.0504018	0.0547782	0.0459601	0.0464572	0.053967	0.0607375	0.0556845	0.0388012	0.0295438	0.0086753	0.0016812	0.0012051	2.835E-4	2.705E-4	0.0	0.0	0.0	0.0	0.0	0.0	0.0	0.0	0.0	0.0	0.0	0.0	0.0	0.0	0.0	0.0	0.0	0.0	0.0	0.0028998	0.0057395	0.0114671	0.0177634	0.035074	0.0634283	0.0784136	0.0818182	0.0762349	0.0996371	0.0702811	
Dark-eyed Junco	0.1401716	0.1494422	0.1451113	0.1702185	0.1643535	0.2357845	0.2503673	0.1293449	0.1538462	0.1605206	0.1802011	0.1969494	0.1933433	0.1551552	0.0743107	0.0231381	0.0085058	0.0016229	0.0012812	5.543E-4	0.0	0.0	0.0	0.0	0.0	0.0	0.0	0.0	0.0	0.0	0.0	0.0	0.0	0.0	0.0034737	0.0263842	0.0904429	0.1955261	0.2622517	0.3419899	0.3693985	0.3600935	0.3018868	0.2936724	0.2545455	0.2038117	0.2639393	0.1762606	
White-crowned Sparrow	0.0016426	0.0046976	0.0022542	0.0029674	0.004748	0.0026794	0.0037775	0.0020053	0.0024164	0.002603	0.0050271	0.0024083	0.0037397	0.006006	0.00269	0.0065076	0.0260845	0.0227211	0.0067265	5.543E-4	0.0	0.0	0.0	0.0	0.0	0.0	0.0	0.0	0.0	0.0	0.0	0.0	0.0	0.0	0.0015	0.0100334	0.0531469	0.1358741	0.1492274	0.1298482	0.0512717	0.0374123	0.0188679	0.0042386	0.0027273	0.0019448	0.0013197	0.0024543	
Golden-crowned Sparrow	0.0	0.0	0.0	0.0015	0.0	0.0	0.0	0.0	0.0	0.0	0.0	0.0	0.0	0.0	0.0	0.0	0.0	0.0	0.0	0.0	0.0	0.0	0.0	0.0	0.0	0.0	0.0	0.0	0.0	0.0	0.0	0.0	0.0	0.0	0.0	0.0	0.0	0.0	4.415E-4	0.0	0.0	0.0	0.0	0.0015	0.0	0.0	0.0	0.0	
Harris's Sparrow	3.65E-4	0.0011744	0.0015	0.0015	0.0	0.0	0.0	0.0	0.0	0.0	0.0	0.0	0.0	0.0	0.0	0.0	0.0	0.0	0.0	0.0	0.0	0.0	0.0	0.0	0.0	0.0	0.0	0.0	0.0	0.0	0.0	0.0	0.0	0.0	0.0	0.0	0.0	0.0	0.0	3.373E-4	0.0	0.0	0.0	0.0	0.0	0.0	0.0	0.0	
White-throated Sparrow	0.3358277	0.3490898	0.3023387	0.3709199	0.3356465	0.363501	0.3867786	0.3659759	0.3834072	0.3848156	0.3897912	0.3740969	0.4435303	0.4861528	0.5302623	0.5642323	0.4794443	0.2293752	0.0650224	0.0088692	0.0031923	0.0	0.0	0.0	6.146E-4	0.0012188	0.0	4.1E-4	0.0	0.0	0.0	0.0015	0.0	4.509E-4	0.0178029	0.1233742	0.3314685	0.4589892	0.5562914	0.594941	0.5591441	0.5319564	0.490566	0.4750227	0.4431818	0.4060677	0.4810294	0.3913432	
Dark-eyed Junco x White-throated Sparrow (hybrid)	0.0	0.0	0.0	0.0	0.0	2.977E-4	0.0	0.0	0.0	0.0	0.0	0.0	0.0	0.0	0.0	0.0	0.0	0.0	0.0	0.0	0.0	0.0	0.0	0.0	0.0	0.0	0.0	0.0	0.0	0.0	0.0	0.0	0.0	0.0	0.0	0.0	0.0	0.0	0.0	0.0	0.0	0.0	0.0	0.0	0.0	0.0	0.0	0.0	
Vesper Sparrow	0.0	0.0	0.0	0.0	3.652E-4	0.0	0.0	0.0	0.0	0.0	0.0	2.676E-4	0.0014959	0.002002	0.0016812	4.82E-4	0.0	2.705E-4	0.0	0.0	0.0	0.0	0.0	0.0	0.0	0.0	0.0	0.0	0.0	0.0	0.0	0.0	0.0	0.0	0.0	3.716E-4	0.0032634	0.0095278	0.015011	0.0468803	0.0213969	0.0081839	0.0068246	0.0021193	0.0022727	0.0011669	0.0019795	4.462E-4	
LeConte's Sparrow	0.0	0.0	0.0	0.0	0.0	0.0	0.0	0.0	0.0	0.0	0.0	0.0	0.0	0.0	0.0	0.0	0.0	0.0	0.0	0.0	0.0	0.0	0.0	0.0	0.0	0.0	0.0	0.0	0.0	0.0	0.0	0.0	0.0	0.0	0.0	0.0	0.0	0.0	0.0	0.0013491	0.0	0.0	4.014E-4	0.0	0.0	0.0	0.0	0.0	
Seaside Sparrow	0.0015	0.0	2.818E-4	0.0	0.0	0.0	0.0	0.0	0.0	0.0	0.0	0.0	0.0	3.337E-4	0.0036987	0.0036153	0.0153105	0.0292129	0.0371557	0.0532151	0.0558659	0.0574219	0.0536044	0.0713645	0.0491703	0.0585009	0.0606443	0.0569906	0.0617136	0.0461455	0.0427252	0.0355987	0.0153916	0.012624	0.0091185	0.0074322	0.006993	0.003314	0.0022075	0.0023609	4.037E-4	0.0	0.0	0.0	4.545E-4	0.0	0.0	2.231E-4	
Nelson's Sparrow	7.301E-4	0.0	0.0	0.0	0.0	0.0	0.0	0.0	0.0	0.0	0.0	0.0	0.0	0.0	6.725E-4	0.0	0.0	2.705E-4	3.203E-4	0.0	0.0	7.813E-4	0.0	4.488E-4	0.0	0.0	0.0	0.0	0.0	0.0	0.0	0.0	0.0	0.0	0.0	0.0	9.324E-4	0.003314	0.0022075	0.0013491	0.0020186	0.0	4.014E-4	0.0	0.0	0.0	3.299E-4	2.231E-4	
Saltmarsh Sparrow	7.301E-4	0.0	0.0	0.0	0.0084003	0.005061	0.0035677	0.0066845	0.0112767	0.0104121	0.0085073	0.0096334	0.0082274	0.0083417	0.0134499	0.0122921	0.0275021	0.0457127	0.070788	0.0903548	0.1089385	0.1023437	0.1155268	0.1485637	0.1382913	0.1523461	0.1617183	0.1500615	0.1479928	0.1286645	0.1235566	0.0996045	0.0710729	0.0653742	0.0612245	0.0605723	0.0587413	0.04971	0.0366446	0.0350759	0.0020186	0.0	4.014E-4	0.0	9.091E-4	0.0	0.0	2.231E-4	
Nelson's/Saltmarsh Sparrow (Sharp-tailed Sparrow)	1.825E-4	0.0	0.0	0.0	0.0	0.0	0.0	0.0	0.0	0.0	0.0	0.0	0.0	0.0	0.0	0.0	0.0	0.0	9.609E-4	8.315E-4	0.0	0.0	0.0	4.488E-4	6.146E-4	6.094E-4	0.0	0.0	0.0	0.0	5.774E-4	3.596E-4	4.527E-4	0.0	0.0	3.716E-4	0.0	0.0	0.0	0.0	0.0	0.0	4.014E-4	0.0	0.0	0.0	0.0	2.231E-4	
Ammospiza sp.	0.0	0.0	0.0	0.0	0.0	0.0	0.0	0.0	0.0	0.0	0.0	0.0	0.0	0.0	0.0	0.0	0.0	0.0	3.203E-4	2.772E-4	3.99E-4	0.0011719	0.0	0.0	6.146E-4	0.0	6.317E-4	4.1E-4	0.0	0.0	0.0	7.192E-4	0.0	4.509E-4	0.0	3.716E-4	4.662E-4	0.0	0.0	3.373E-4	0.0	0.0	0.0	0.0	0.0	0.0	0.0	0.0	
Savannah Sparrow	0.0321227	0.0325895	0.0278952	0.03372	0.0350621	0.0285799	0.0214061	0.0190508	0.0241643	0.0338395	0.0266821	0.0214075	0.0299177	0.0587254	0.1123067	0.1046035	0.0929969	0.0792534	0.0323511	0.0135809	0.0023943	3.906E-4	0.0	0.0	0.0	6.094E-4	0.0	0.00164	0.0	0.0	0.0040416	0.0032362	0.0086012	0.0356177	0.08033	0.1497585	0.2172494	0.2597349	0.2375276	0.2256324	0.1400888	0.104053	0.0903252	0.0632758	0.0577273	0.0478413	0.0425602	0.0499777	
Song Sparrow	0.3712356	0.3690546	0.3307974	0.3833288	0.3948137	0.3873177	0.3796432	0.4451872	0.4925493	0.5457701	0.5564578	0.5565962	0.5815258	0.5588922	0.5954943	0.615088	0.6002268	0.5490939	0.5317104	0.5712306	0.5853951	0.5472656	0.5896488	0.6117594	0.6207744	0.5886654	0.609602	0.5641656	0.5446375	0.5016287	0.4226328	0.377562	0.3336351	0.345807	0.3577942	0.4072835	0.4717949	0.5405965	0.5788079	0.5821248	0.521195	0.4902572	0.4572461	0.4247654	0.4390909	0.4161805	0.4331904	0.4292726	
Lincoln's Sparrow	7.301E-4	0.0	2.818E-4	0.0	0.0	0.0	0.0	0.0	0.0	0.0	0.0	0.0	3.74E-4	3.337E-4	0.0	4.82E-4	0.0019847	0.0054098	0.0038437	0.0015	0.0	0.0	0.0	0.0	0.0	0.0	0.0	0.0	0.0	0.0	0.0	0.0	4.527E-4	0.0018034	0.009987	0.0211817	0.0335664	0.043082	0.0384106	0.0222597	0.0088817	0.0015588	0.0012043	0.001211	0.0	0.0	9.898E-4	6.693E-4	
Swamp Sparrow	0.0511042	0.0519671	0.0481826	0.0593472	0.0518627	0.0357249	0.0279119	0.0394385	0.0438985	0.0412148	0.0348028	0.0420123	0.0590875	0.0834168	0.0901143	0.0836346	0.0955486	0.0733027	0.0409994	0.0279933	0.019154	0.0164063	0.017098	0.018851	0.0196681	0.0121877	0.0113708	0.0106601	0.0125824	0.0130293	0.01097	0.0057533	0.0067904	0.0054103	0.0134607	0.0880713	0.2223776	0.2601491	0.2935982	0.303204	0.1921679	0.1157443	0.1075873	0.0693309	0.0686364	0.0641774	0.0772022	0.0626952	
Lincoln's/Swamp Sparrow	0.0	0.0	0.0	0.0	0.0	0.0	0.0	0.0	0.0	0.0	0.0	0.0	0.0	0.0	0.0	0.0	0.0	0.0	0.0	0.0	0.0	0.0	0.0	0.0	0.0	0.0	0.0	0.0	0.0	0.0	0.0	0.0	0.0	0.0	0.0	0.0	4.662E-4	4.143E-4	0.0	0.0	0.0	0.0	0.0	0.0	0.0	0.0	0.0	0.0	
Spotted Towhee	0.0094908	0.004404	5.635E-4	0.0	0.0	0.0062519	0.0039874	0.0020053	0.0	0.0	0.0	0.0	0.0	0.0	0.0	0.0	0.0	0.0	0.0	0.0	0.0	0.0	0.0	0.0	0.0	0.0	0.0	0.0	0.0	0.0	0.0	0.0	0.0	0.0	0.0	0.0	0.0	0.0	0.0	0.0	0.0	0.0	0.0	0.0	0.0	0.0	0.0	0.0	
Eastern Towhee	0.0171564	0.0076336	0.0101437	0.0107904	0.0113221	0.0110152	0.0102833	0.0160428	0.0140959	0.0104121	0.0162413	0.0214075	0.0415108	0.0997664	0.1839274	0.2846469	0.2551744	0.1906952	0.1643177	0.1380266	0.1288907	0.1242188	0.1016636	0.0780969	0.100799	0.1072517	0.1092862	0.0897909	0.1036549	0.0928339	0.0889145	0.0913341	0.0814848	0.1095582	0.1250543	0.1631364	0.1794872	0.2096106	0.1770419	0.1136594	0.0569237	0.0327358	0.0136491	0.0181653	0.0159091	0.0151692	0.0254042	0.0171798	
new world sparrow sp.	0.0031028	0.0041104	0.0028177	0.0029674	0.0043828	0.0029771	0.0104932	0.003008	0.0028192	0.002603	0.0023202	0.0040139	0.0029918	0.005005	0.0057162	0.0048204	0.0014176	0.0032459	0.0025625	0.0027716	0.0	0.0015625	0.0018484	4.488E-4	0.0012293	0.0030469	0.0037903	0.00123	0.0029958	5.429E-4	0.0034642	0.0017979	0.005885	0.0036069	0.0030395	0.0074322	0.0079254	0.008285	0.0145695	0.0067454	0.0080743	0.0050663	0.0056202	0.0051468	0.0036364	0.0046674	0.0026394	0.0051316	
Yellow-breasted Chat	0.0067531	0.00734	0.0045083	0.0	0.0	0.0015	0.0	0.0	0.0	8.677E-4	0.0	8.028E-4	0.0011219	3.337E-4	0.0	0.0	0.0014176	0.0	0.0015	0.0027716	0.0047885	0.0011719	0.0	0.0	0.0	0.0	0.0	0.0	0.0	0.0	0.0011547	0.0010787	0.0031689	0.0049594	0.0021711	0.0015	0.002331	0.0012428	0.009713	0.0016863	0.0	0.0	4.014E-4	0.0039358	0.0045455	0.0011669	0.0036292	0.002008	
Yellow-headed Blackbird	0.0	0.0	0.0	0.0	0.0	2.977E-4	0.0	0.0	0.0	0.0	0.0	0.0	0.0	0.0	0.0	0.0	0.0	0.0	0.0	0.0	0.0	0.0	0.0	0.0	0.0018439	0.0030469	0.0012634	0.0015	0.0	0.0010858	5.774E-4	0.0014383	4.527E-4	4.509E-4	4.342E-4	0.0	0.0018648	0.006628	0.005298	0.0013491	4.037E-4	0.0	0.0	0.0	0.0	0.0	0.0	0.0	
Bobolink	0.0	0.0	0.0	0.0	0.0	0.0	0.0	0.0	0.0	0.0	0.0	0.0	0.0	0.0	0.0	0.0026512	0.0059541	0.0100081	0.0054452	0.0024945	7.981E-4	0.0015	4.621E-4	8.977E-4	0.0	0.0012188	6.317E-4	0.00123	0.0017975	0.0032573	0.0121247	0.0204962	0.0253508	0.0229937	0.0191055	0.0133779	0.0172494	0.0178128	8.83E-4	3.373E-4	4.037E-4	0.0	0.0015	0.0	0.0	0.0	0.0	0.0	
Eastern Meadowlark	0.0020077	2.936E-4	0.0011271	0.0016186	3.652E-4	0.0011908	0.0025184	0.0016711	0.001611	0.0043384	0.0058005	0.0082954	0.0048616	0.0033367	0.0060525	0.0016872	0.0022682	2.705E-4	9.609E-4	0.0011086	3.99E-4	0.0015	4.621E-4	4.488E-4	0.0	6.094E-4	6.317E-4	0.0	0.0011983	0.0021716	0.0	0.0014383	4.527E-4	0.003156	0.0	7.432E-4	0.0065268	0.0169843	0.0423841	0.0411467	0.0193783	0.0171473	0.0084303	0.0036331	0.0013636	0.0019448	6.598E-4	0.0022311	
Orchard Oriole	0.0	0.0	0.0	0.0	0.0	0.0	0.0	0.0	0.0	0.0	0.0	0.0	0.0	0.0	0.0010087	0.0279585	0.0567054	0.0549094	0.045804	0.027439	0.0259377	0.0183594	0.0221811	0.0192998	0.0135218	0.0152346	0.0094757	0.0069701	0.0017975	5.429E-4	5.774E-4	0.0010787	0.0040742	0.0013526	0.0	7.432E-4	0.0	0.0	0.0	0.0	0.0	3.897E-4	0.0	0.0	0.0	0.0	0.0	0.0	
Venezuelan Troupial	0.0	0.0	0.0	0.0	0.0	0.0	0.0	0.0	0.0	0.0	0.0	0.0	0.0	0.0	0.0	0.0	0.0	0.0	0.0	0.0	0.0	0.0	0.0	0.0	0.0	0.0	0.0	0.0	0.0	0.0	0.0	0.0	0.0	0.0	0.0	0.0	0.0	0.0	0.0	0.0	0.0	0.0	0.0	3.028E-4	0.0	0.0	0.0	0.0	
Bullock's Oriole	0.0	0.0	0.0	0.0	0.0	0.0	0.0	0.0	0.0	0.0	0.0	0.0	0.0	0.0	0.0	0.0	0.0	0.0	0.0	0.0	0.0	0.0	0.0	0.0	0.0	0.0	0.0	0.0	0.0	0.0	0.0	0.0	0.0	0.0	0.0	0.0	0.0	0.0	0.0	0.0111298	0.0234154	0.0	0.0	0.0	0.0	0.0	0.0	0.0	
Baltimore Oriole	0.0041978	0.0041104	0.0039448	0.0043162	0.0021914	0.0053587	0.0037775	0.0013369	0.0036246	8.677E-4	0.0015468	0.0029435	0.0026178	0.0016683	0.0057162	0.0744758	0.3671676	0.4065458	0.3254324	0.2075942	0.1644054	0.1386719	0.1099815	0.0785458	0.069453	0.0499695	0.037271	0.0377204	0.0443379	0.0711183	0.1177829	0.1319669	0.1090991	0.0685302	0.0425532	0.025641	0.0237762	0.0211268	0.014128	0.0111298	0.0080743	0.0066251	0.0068246	0.0042386	0.0059091	0.0023337	0.0059386	0.0031236	
new world oriole sp.	0.0	0.0	0.0	0.0	0.0	0.0	0.0	0.0	0.0	0.0	0.0	0.0	0.0	0.0	0.0	0.0	0.0	0.0	0.0	0.0	0.0	0.0	0.0	0.0	0.0	0.0	0.0	0.0	0.0	0.0	0.0	0.0	0.0	0.0	0.0	0.0	0.0	0.0	0.0	3.373E-4	0.0	0.0	0.0	0.0	0.0	0.0	0.0	0.0	
Red-winged Blackbird	0.0386932	0.0346447	0.0253593	0.034799	0.0295836	0.0675796	0.1196222	0.2713904	0.3725332	0.4715835	0.4868523	0.5194006	0.565819	0.5782449	0.6075992	0.6577489	0.6424724	0.6058967	0.5951313	0.6000554	0.5917797	0.5671875	0.5924214	0.5987433	0.5599262	0.5734308	0.5502211	0.4776548	0.4248053	0.3621064	0.2857968	0.2078389	0.1263015	0.1073039	0.0898828	0.0869565	0.0904429	0.1263463	0.1479029	0.163575	0.1631005	0.1964147	0.1858691	0.1289737	0.0836364	0.058732	0.0570769	0.0406069	
Brown-headed Cowbird	0.0235444	0.0252496	0.0236686	0.026976	0.031775	0.0267937	0.0300105	0.0374332	0.0467177	0.0685466	0.08314	0.1059674	0.1492147	0.1621622	0.1859449	0.2407809	0.2324922	0.18231	0.1707239	0.1446785	0.1276935	0.1035156	0.1021257	0.1054758	0.1026429	0.0993297	0.0777006	0.0574006	0.070701	0.0754615	0.0681293	0.0492629	0.0384789	0.0365194	0.0299609	0.0356745	0.0433566	0.0459818	0.0565121	0.0458685	0.0504643	0.0440374	0.0437575	0.0333031	0.0295455	0.0303384	0.0257341	0.0263275	
Rusty Blackbird	0.0146012	0.011744	0.0081713	0.020232	0.014244	0.0092289	0.0079748	0.0053476	0.0140959	0.0160521	0.0320959	0.0390688	0.0624533	0.0613947	0.0420309	0.0344661	0.0099234	0.0032459	0.0	0.0	0.0	0.0	0.0	0.0	0.0	0.0	0.0	0.0	0.0	0.0	0.0	3.596E-4	0.0	0.0	0.0	0.0029729	0.0065268	0.004971	0.0119205	0.0131535	0.0165523	0.0296181	0.0301084	0.0178625	0.0131818	0.0175029	0.0184758	0.0140562	
Common Grackle	0.0135061	0.0182032	0.0149338	0.0137578	0.0193572	0.0449539	0.1017838	0.141377	0.2094241	0.2715835	0.2861562	0.2855231	0.3571429	0.370704	0.4098857	0.5030128	0.5639354	0.5645118	0.5259449	0.517184	0.4816441	0.4410156	0.4861368	0.481149	0.4290104	0.3339427	0.2899558	0.2517425	0.2258838	0.2019544	0.2188222	0.2348076	0.2544138	0.2123535	0.1984368	0.1508733	0.1585082	0.1350456	0.1377483	0.1355818	0.1190957	0.0775526	0.0465676	0.0251287	0.0213636	0.017114	0.0250742	0.0162874	
Boat-tailed Grackle	0.0127761	0.0046976	0.0067625	0.0113299	0.0062089	0.0035725	0.0079748	0.0150401	0.0165123	0.0433839	0.0375097	0.0596735	0.0691847	0.1101101	0.1149966	0.0923114	0.0836405	0.1090073	0.1159513	0.1596452	0.1719872	0.1847656	0.1515712	0.1418312	0.1118623	0.0877514	0.0903348	0.0541205	0.0515279	0.0407166	0.0300231	0.0269687	0.0276143	0.028404	0.0364742	0.0453363	0.0428904	0.028169	0.019426	0.0104553	0.0044409	0.0015588	0.0028101	0.002422	0.0018182	0.0015558	0.0023095	0.0084784	
grackle sp.	0.0	2.936E-4	0.0	0.0	0.0	0.0	0.0	0.0	0.0	0.0	0.0	0.0	0.0	0.0	0.0	0.0	0.0	0.0	0.0	0.0	3.99E-4	3.906E-4	0.0	0.0	0.0	0.0	0.0	0.0	0.0	0.0	0.0	0.0	0.0	0.0	0.0	0.0	0.0	0.0	0.0	0.0	4.037E-4	0.0	0.0	0.0	0.0	0.0	0.0	0.0	
blackbird sp.	9.126E-4	0.0017616	0.0	5.395E-4	0.0010957	2.977E-4	0.0027282	0.0020053	0.0040274	0.0013015	0.0027069	0.0010704	7.479E-4	0.0023357	0.0033625	0.0026512	8.506E-4	0.0029754	9.609E-4	0.0027716	0.0011971	0.0019531	0.0013863	8.977E-4	0.0036878	6.094E-4	0.0031586	0.00123	5.992E-4	0.0021716	0.0017321	0.0021575	0.0022635	0.0022543	0.0021711	0.0022297	0.0027972	0.003314	0.0030905	0.0040472	0.005652	0.0038971	0.0028101	0.0033303	0.0022727	3.89E-4	9.898E-4	6.693E-4	
Ovenbird	0.0	0.0	0.0	0.0	0.0	0.0	0.0	0.0	0.0	0.0	0.0	0.0	0.0	3.337E-4	0.001345	0.0322969	0.1556564	0.1549905	0.086483	0.0163525	0.0031923	0.0027344	0.0013863	0.0013465	0.0036878	0.0	0.0	0.0	0.0017975	0.004886	0.0207852	0.0262496	0.0371209	0.0392245	0.0408163	0.0308436	0.0265734	0.008285	0.0039735	3.373E-4	0.0	0.0	4.014E-4	0.0	0.0	0.0	0.0	0.0	
Worm-eating Warbler	0.0	0.0	0.0	0.0	0.0	0.0	0.0	0.0	0.0	0.0	0.0	0.0	0.0	0.0015	3.362E-4	0.0081947	0.0221151	0.0073032	0.0057655	8.315E-4	0.0	0.0	4.621E-4	0.0	0.0	0.0	6.317E-4	0.0	0.0	0.0038002	0.01097	0.0154621	0.0049796	0.0045086	0.0017369	3.716E-4	0.0	0.0	0.0	0.0	0.0	0.0	0.0	0.0	0.0	0.0	0.0	0.0	
Louisiana Waterthrush	0.0	0.0	0.0	0.0	0.0	0.0	0.0	0.0	0.0	0.0	0.0	8.028E-4	0.0160808	0.0273607	0.0198386	0.0137383	0.00482	0.0021639	0.0016015	2.772E-4	0.0	0.0	0.0	0.0	0.0	0.0	6.317E-4	8.2E-4	0.0065908	0.0065147	0.0051963	0.0014383	0.0013581	0.0	0.0	0.0	0.0	0.0	0.0	0.0	0.0	0.0	0.0	0.0	0.0	0.0	0.0	0.0	
Northern Waterthrush	3.65E-4	0.0	0.0	0.0	3.652E-4	0.0	0.0	0.0	0.0	0.0	0.0	0.0	0.0	3.337E-4	0.0087424	0.0400096	0.1054721	0.116581	0.0759129	0.0124723	7.981E-4	0.0	0.0	0.0	0.0	0.0	0.004422	0.0188602	0.052127	0.0830619	0.0894919	0.1049982	0.0805794	0.1077547	0.0764221	0.0386473	0.0363636	0.0062138	0.001766	0.0020236	0.0024223	0.0	0.0	0.0	0.0	0.0	0.0	0.0015	
Louisiana/Northern Waterthrush	0.0	0.0	0.0	0.0	0.0	0.0	0.0	0.0	0.0	0.0	0.0	0.0	0.0	0.0	6.725E-4	9.641E-4	0.0014176	8.115E-4	0.0	0.0015	3.99E-4	3.906E-4	0.0	4.488E-4	0.0	0.0	6.317E-4	0.0	0.0023966	0.0010858	5.774E-4	0.0	0.0	0.0	0.0	0.0	0.0	0.0	0.0	0.0	0.0	0.0	0.0	0.0	0.0	0.0	0.0	0.0	
Golden-winged Warbler	0.0	0.0	0.0	0.0	0.0	0.0	0.0	0.0	0.0	0.0	0.0	0.0	0.0	0.0	0.0	0.0	8.506E-4	0.0	0.0	0.0015	0.0	0.0	0.0	0.0	0.0	0.0	0.0	0.0	0.0	0.0	0.0028868	0.0	0.005885	4.509E-4	4.342E-4	0.0	0.0	4.143E-4	0.0	0.0	0.0	0.0	0.0	0.0	0.0	0.0	0.0	0.0	
Blue-winged Warbler	0.0	0.0	0.0	0.0	0.0	0.0	0.0	0.0	0.0	0.0	0.0	0.0	0.0	0.0	3.362E-4	0.0322969	0.0819393	0.039221	0.0272261	0.0249446	0.0203512	0.0070313	0.0069316	0.0022442	0.0024585	6.094E-4	0.0012634	0.00328	0.0059916	0.0130293	0.0306005	0.0194175	0.0149389	0.0099188	0.0056448	0.001858	4.662E-4	4.143E-4	0.0	0.0	0.0	0.0	0.0	0.0	0.0	0.0	0.0	0.0	
Brewster's Warbler (hybrid)	0.0	0.0	0.0	0.0	0.0	0.0	0.0	0.0	0.0	0.0	0.0	0.0	0.0	0.0	0.0	0.0	0.0	0.0	0.0	0.0	0.0	0.0	0.0	0.0	0.0	0.0	0.0	0.0	0.0	0.0	0.0	0.0	0.0015	0.0	0.0	0.0	0.0	0.0	0.0	0.0	0.0	0.0	0.0	0.0	0.0	0.0	0.0	0.0	
Golden-winged/Blue-winged Warbler	0.0	0.0	0.0	0.0	0.0	0.0	0.0	0.0	0.0	0.0	0.0	0.0	0.0	0.0	0.0	0.0	0.0015	5.41E-4	0.0015	2.772E-4	0.0	3.906E-4	0.0	0.0	0.0	0.0	0.0	0.0	0.0	0.0	0.0	0.0	0.0	0.0	0.0	0.0	0.0	0.0	0.0	0.0	0.0	0.0	0.0	0.0	0.0	0.0	0.0	0.0	
Black-and-white Warbler	0.0	0.0	0.0	0.0	0.0	0.0	0.0	0.0	0.0	0.0	0.0015	0.0	0.0011219	0.0093427	0.0359785	0.1578694	0.3393819	0.2942927	0.1537476	0.018847	0.0055866	0.0015625	9.242E-4	0.0013465	0.0012293	0.0024375	0.0	0.00205	0.0131815	0.0374593	0.0923788	0.1524631	0.1385242	0.1767358	0.1914894	0.1386102	0.0979021	0.038111	0.0092715	0.0057336	8.074E-4	0.0011691	0.0	0.0015	0.0	0.0	0.0	0.0	
Prothonotary Warbler	0.0	0.0	0.0	0.0	0.0	0.0	0.0	0.0	0.0	0.0	0.0	0.0	0.0015	0.002002	0.0232011	0.0139793	0.0087893	0.0015	0.0012812	2.772E-4	0.0	0.0	9.242E-4	0.0	0.0	0.0	0.0	0.0	0.0	0.0	0.0	0.0	0.0	0.0	4.342E-4	0.0	0.0	0.0	0.0013245	0.0	0.0	0.0	0.0	0.0	0.0	0.0	0.0	0.0	
Swainson's Warbler	0.0	0.0	0.0	0.0	0.0	0.0	0.0	0.0	0.0	0.0	0.0	0.0	0.0	0.0	0.0	0.0	0.0015	0.0	0.0	0.0	0.0	0.0	0.0	0.0	0.0	0.0	0.0	0.0	0.0	0.0	0.0	0.0	0.0	0.0	0.0	0.0	0.0	0.0	0.0	0.0	0.0	0.0	0.0	0.0	0.0	0.0	0.0	0.0	
Tennessee Warbler	0.0	0.0	0.0	0.0	0.0	0.0	0.0	0.0	0.0	0.0	0.0	0.0	0.0	0.0	0.0	4.82E-4	0.0079388	0.013254	0.0217809	0.0038803	0.0	0.0	0.0	0.0	0.0	0.0	0.0	4.1E-4	0.0	0.0	0.0017321	0.0115067	0.0525124	0.0495942	0.0555797	0.0371609	0.0181818	0.0186413	0.0057395	0.0020236	4.037E-4	0.0011691	0.0	6.055E-4	0.0	0.0	0.0	0.0	
Orange-crowned Warbler	0.0076656	0.0070464	0.0019724	0.0024278	7.305E-4	2.977E-4	0.0020986	0.0010027	4.027E-4	0.0017354	7.734E-4	2.676E-4	3.74E-4	3.337E-4	0.0077337	0.0012051	0.0011341	0.0015	0.0	0.0	0.0	0.0	0.0	0.0	0.0	0.0	0.0	0.0	0.0	0.0	0.0	0.0	0.0	4.509E-4	8.684E-4	0.0015	0.0013986	0.003314	0.003532	0.0047218	0.0048446	0.0031177	0.0060217	0.0069634	0.0054545	0.0038895	0.004289	0.0120482	
Nashville Warbler	7.301E-4	0.002936	0.0016906	0.0032371	0.0010957	0.0	0.0	0.0	0.0	0.0	3.867E-4	0.0	0.0	0.0	0.0	0.0074717	0.0805217	0.0394915	0.0182575	5.543E-4	0.0	0.0	0.0	0.0	0.0	0.0	0.0	0.0	0.0	5.429E-4	0.0011547	0.0125854	0.0334993	0.0324617	0.042119	0.039019	0.034965	0.0260978	0.015011	0.0040472	0.0024223	0.0015588	0.0	0.001211	4.545E-4	7.779E-4	0.0019795	0.002008	
Connecticut Warbler	0.0	0.0	0.0	0.0	0.0	0.0	0.0	0.0	0.0	0.0	0.0	0.0	0.0	0.0	0.0	0.0	0.0	0.0	0.0	0.0	0.0	0.0	0.0	0.0	0.0	0.0	0.0	0.0	0.0	0.0	0.0	0.0	0.0	0.0058611	0.0095528	0.0029729	0.0013986	0.004971	4.415E-4	0.0	0.0	0.0	0.0	0.0	0.0	0.0	0.0	0.0	
Mourning Warbler	0.0	0.0	0.0	0.0	0.0	0.0	0.0	0.0	0.0	0.0	0.0	0.0	0.0	0.0	0.0	0.0	0.0	0.0018934	0.0032031	0.0027716	0.0019952	0.0	0.0	0.0	0.0	0.0	0.0	0.0	0.0	0.0	0.0	0.0021575	9.054E-4	0.0018034	0.0021711	0.0011148	9.324E-4	0.0	4.415E-4	0.005059	0.0	0.0	0.0	0.0	0.0	0.0	0.0	0.0	
Kentucky Warbler	0.0	0.0	0.0	0.0	0.0	0.0	0.0	0.0	0.0	0.0	0.0	0.0	0.0	0.0	0.0	0.0	0.0014176	8.115E-4	0.0028828	0.0013858	3.99E-4	3.906E-4	0.0	0.0	0.0	0.0	0.0	0.0	0.0	0.0	0.0011547	3.596E-4	0.0	0.0	0.0	0.0	0.0	0.0	0.0	0.0	0.0	0.0	0.0	0.0	0.0	0.0	0.0	0.0	
Common Yellowthroat	0.0012776	0.0	0.0	0.0	0.0	0.0	0.0	0.0	0.0	0.0	0.0	0.0	3.74E-4	0.001001	0.0020175	0.0419378	0.2171817	0.3235055	0.3500961	0.2802106	0.2474062	0.2019531	0.2130314	0.1970377	0.1862323	0.1706277	0.1465572	0.0844608	0.0611144	0.0814332	0.1137413	0.1916577	0.2340426	0.283138	0.3061224	0.2894835	0.2745921	0.2261806	0.1448124	0.0731872	0.0165523	0.0089634	0.007226	0.0033303	0.0022727	7.779E-4	0.0019795	4.462E-4	
Hooded Warbler	0.0	0.0	0.0	0.0	0.0	0.0	0.0	0.0	0.0	0.0	0.0	0.0	0.0	0.0	0.0084062	0.0077127	0.0127587	0.0083852	0.0092889	0.0019401	0.0023943	0.0023437	4.621E-4	0.0	6.146E-4	0.0	0.0	0.0	0.0	5.429E-4	0.0011547	0.0014383	9.054E-4	0.0022543	0.0013026	0.0026013	0.0013986	4.143E-4	0.0	0.0	0.0	0.0	0.0	0.0	0.0	0.0	3.299E-4	0.0	
American Redstart	0.0	0.0	0.0	0.0	0.0	0.0	0.0	0.0	0.0	0.0	0.0	0.0	0.0	0.0	0.0	0.011328	0.1463	0.2307276	0.2607303	0.1230599	0.0706305	0.0308594	0.0378928	0.0300718	0.0233559	0.0152346	0.0113708	0.0098401	0.0329539	0.0656895	0.1293303	0.2358864	0.2593934	0.3151488	0.2904907	0.1828317	0.0797203	0.0418393	0.0083885	0.0023609	0.0012111	0.0	0.0	0.0	0.0	0.0	0.0	0.0	
Cape May Warbler	1.825E-4	0.0	0.0	0.0	0.0	0.0	0.0	0.0	0.0	0.0	0.0	0.0	0.0	0.0	0.0	0.0014461	0.016161	0.0246146	0.0195388	5.543E-4	0.0	0.0	0.0	0.0	0.0	0.0	0.0	0.0	0.0	5.429E-4	0.0103926	0.0298454	0.0543232	0.0865645	0.064264	0.0464511	0.0205128	0.0144988	0.0136865	0.0020236	0.0	0.0023383	0.0	0.0	0.0	0.0	0.0	0.0	
Cerulean Warbler	0.0	0.0	0.0	0.0	0.0	0.0	0.0	0.0	0.0	0.0	0.0	0.0	0.0	0.0	0.0	0.0	0.0059541	0.0024344	0.0	0.0	0.0	0.0	0.0	0.0	0.0	0.0	0.0	0.0	0.0	0.0	0.0	0.0	0.0	0.0	0.0	0.0	0.0	0.0	0.0	0.0	0.0	0.0	0.0	0.0	0.0	0.0	0.0	0.0	
Northern Parula	0.0	0.0	0.0	0.0	0.0	0.0	0.0	0.0	0.0	0.0	0.0	0.0	7.479E-4	0.005005	0.0201748	0.0824295	0.3181174	0.2923992	0.1963485	0.0199557	3.99E-4	0.0	0.0	0.0	0.0	0.0	0.0	0.0	0.0	0.0	0.0017321	0.0312837	0.1136261	0.1632101	0.2171081	0.172055	0.1282051	0.0675228	0.0229581	0.0043845	0.002826	0.0019486	0.0016058	0.0	0.0013636	3.89E-4	0.0	0.0	
Magnolia Warbler	0.0	0.0	0.0	0.0	0.0	0.0	0.0	0.0	0.0	0.0	0.0	0.0	0.0	0.0	0.0	0.0043384	0.0694641	0.128753	0.1787316	0.0554324	0.0075818	3.906E-4	0.0	0.0	0.0	0.0	0.0	0.0	5.992E-4	0.0015	0.0057737	0.0373966	0.0669986	0.0969342	0.1094225	0.0940171	0.0671329	0.051367	0.006181	0.0040472	0.0016149	7.794E-4	0.0	0.0	0.0	0.0	0.0	0.0	
Bay-breasted Warbler	0.0	0.0	0.0	0.0	0.0	0.0	0.0	0.0	0.0	0.0	0.0	0.0	0.0	0.0	0.0	2.41E-4	0.0059541	0.038139	0.0960922	0.0155211	3.99E-4	0.0	0.0	0.0	0.0	0.0	0.0	0.0	0.0	0.0	0.0	0.0010787	0.0113173	0.0333634	0.0273556	0.0178372	0.0074592	0.0037283	4.415E-4	0.0	0.0	0.0	0.0	0.0	0.0	0.0	0.0	0.0	
Blackburnian Warbler	0.0	0.0	0.0	0.0	0.0	0.0	0.0	0.0	0.0	0.0	0.0	0.0	0.0	0.0	0.0	0.0077127	0.0396938	0.0543684	0.0605381	0.0121951	0.0	0.0	0.0	0.0	0.0	0.0	0.0	0.0	0.0	0.0010858	0.0098152	0.0082704	0.0199185	0.0139766	0.0125923	0.0059457	0.0037296	4.143E-4	0.0	3.373E-4	0.0	0.0	0.0	0.0	0.0	0.0	0.0	0.0	
Northern Yellow Warbler	0.0	0.0	0.0	0.0	0.0	0.0	0.0	0.0	0.0	0.0	0.0	0.0	0.0	3.337E-4	0.0127774	0.2342733	0.5032606	0.5298891	0.5454837	0.4844789	0.4473264	0.3710938	0.3451941	0.3231598	0.271051	0.242535	0.2476311	0.2665027	0.2624326	0.2144408	0.1859122	0.1769148	0.1267542	0.1614067	0.1363439	0.0966184	0.0358974	0.0144988	0.0039735	0.0013491	0.0	0.0015588	0.0	0.0	0.0	0.0	0.0	0.0	
Chestnut-sided Warbler	0.0	0.0	0.0	0.0	0.0	0.0	0.0	0.0	0.0	0.0	0.0	0.0	0.0	0.0	3.362E-4	0.0021692	0.0411114	0.0749256	0.0650224	0.0130266	0.0023943	0.0	4.621E-4	0.0	0.0	6.094E-4	0.0	0.0	5.992E-4	0.0054289	0.0265589	0.058612	0.0579448	0.0563571	0.0681719	0.0211817	0.0144522	0.003314	4.415E-4	0.0	0.0	0.0	0.0	0.0	0.0	0.0	0.0	0.0	
Blackpoll Warbler	0.0	0.0	0.0	0.0	0.0	0.0	2.099E-4	0.0	0.0	0.0	0.0	0.0	0.0	0.0	0.0	7.231E-4	0.0394103	0.1200974	0.2389494	0.1094789	0.0155626	7.813E-4	0.0	0.0	0.0	0.0	0.0	0.0	0.0	0.0	0.0	0.0015	0.0049796	0.0338142	0.0408163	0.0650316	0.0927739	0.0642088	0.0322296	0.0205734	0.0032297	0.0023383	0.0012043	6.055E-4	0.0	0.0	0.0	0.0	
Bay-breasted/Blackpoll Warbler	0.0	0.0	0.0	0.0	0.0	0.0	0.0	0.0	0.0	0.0	0.0	0.0	0.0	0.0	0.0	0.0	0.0	0.0	0.0	0.0	0.0	0.0	0.0	0.0	0.0	0.0	0.0	0.0	0.0	0.0	0.0	7.192E-4	0.0018108	0.0018034	0.0021711	0.0022297	0.002331	8.285E-4	0.0	0.0	0.0	0.0	0.0	0.0	0.0	0.0	0.0	0.0	
Black-throated Blue Warbler	0.0	0.0	0.0	0.0	0.0	0.0	0.0	0.0	0.0	0.0	0.0	0.0	0.0	0.0	0.0	0.0130152	0.1295719	0.1517447	0.0842409	0.0055432	0.0011971	0.0	0.0	0.0	0.0	0.0	0.0	0.0	5.992E-4	5.429E-4	0.0023095	0.0262496	0.0606609	0.0955816	0.1128962	0.1059086	0.1240093	0.1110191	0.0587196	0.0148398	8.074E-4	0.0011691	0.0	0.0	0.0	0.0	0.0	0.0	
Palm Warbler	0.0100383	0.0076336	0.0061989	0.0072835	0.0069394	0.0044656	0.0018888	0.006016	0.0068466	0.0065076	0.0042537	0.0069575	0.0878833	0.1981982	0.1738399	0.1573873	0.0703147	0.0146064	9.609E-4	2.772E-4	0.0	0.0	0.0	0.0	0.0	0.0	0.0	0.0	0.0	0.0	0.0	0.0017979	0.0258035	0.0861136	0.1932262	0.2333705	0.2559441	0.2671914	0.2534216	0.1807757	0.081954	0.0565082	0.0317142	0.0175598	0.0195455	0.0190587	0.0155064	0.009817	
Pine Warbler	0.0027377	8.808E-4	0.0016906	0.0097114	0.0065741	8.931E-4	0.0023085	0.003008	0.0012082	0.0013015	0.0158546	0.0623495	0.1544503	0.1851852	0.1203766	0.0696553	0.0445138	0.0275899	0.0221012	0.0166297	0.0143655	0.0140625	0.0106285	0.0085278	0.0141364	0.0115783	0.0025268	8.2E-4	0.0011983	0.0043431	0.0040416	0.0082704	0.0203712	0.0311091	0.0416848	0.0546265	0.0629371	0.0849213	0.0529801	0.0205734	0.0104966	0.0132502	0.0068246	0.0045413	0.0036364	7.779E-4	0.0062686	0.0031236	
Yellow-rumped Warbler	0.1257529	0.1426894	0.1042547	0.1159968	0.1300219	0.1092587	0.0763903	0.1099599	0.104712	0.1136659	0.1175561	0.1297832	0.1750187	0.2352352	0.3076664	0.4186551	0.4437199	0.3075467	0.1425368	0.006929	7.981E-4	7.813E-4	0.0	0.0	0.0	0.0	0.0	0.0	5.992E-4	0.0016287	0.0011547	0.0032362	0.0072431	0.0279531	0.0686062	0.2162765	0.4167832	0.564623	0.584989	0.543339	0.4162293	0.3374903	0.2521076	0.2185892	0.1518182	0.1462466	0.0923788	0.1506024	
Yellow-throated Warbler	0.0	0.0	0.0	0.0	0.0	0.0	0.0	0.0	0.0	0.0	0.0	0.0016056	0.0093493	0.0106773	0.0124412	0.011087	0.0036859	0.0	0.0012812	0.0	0.0	0.0	0.0	0.0	0.0	0.0	0.0	0.0	0.0	0.0	0.0011547	0.0	0.0	0.0	0.0	3.716E-4	0.0	4.143E-4	0.0015	0.0015	0.0	0.0	0.0	0.0	0.0	0.0	0.0	2.231E-4	
Prairie Warbler	0.0	0.0	0.0	0.0	0.0	0.0	0.0	0.0	0.0	0.0	0.0	0.0	0.0	0.003003	0.0067249	0.0310918	0.0938475	0.0319178	0.0131326	0.0036031	3.99E-4	0.0015625	0.0	0.0	0.0	0.0	6.317E-4	0.0	0.0011983	0.0016287	0.0069284	0.0244516	0.0289724	0.0486925	0.0455927	0.0405054	0.0055944	0.0070423	8.83E-4	0.0010118	4.037E-4	3.897E-4	0.0	0.0015	0.0	0.0	0.0	0.0	
Grace's Warbler	0.0058405	0.0	0.0	0.0	0.0	0.0	0.0	0.0	0.0	0.0	0.0	0.0	0.0	0.0	0.0	0.0	0.0	0.0	0.0	0.0	0.0	0.0	0.0	0.0	0.0	0.0	0.0	0.0	0.0	0.0	0.0	0.0	0.0	0.0	0.0	0.0	0.0	0.0	0.0	0.0	0.0	0.0	0.0	0.0	0.0	0.0	0.0	0.0	
Black-throated Gray Warbler	0.0	0.0	0.0	0.0	0.0	0.0	0.0	0.0	0.0	0.0	0.0	0.0	0.0	0.0	0.0	0.0	0.0	0.0	0.0	0.0	0.0	0.0	0.0	0.0	0.0	0.0	0.0	0.0	0.0	0.0	0.0	0.0	0.0	0.0	0.0	0.0015	0.0	0.0	0.0	0.0	0.0	0.0	0.0020072	0.0	0.0	0.0	0.0	0.0	
Townsend's Warbler	1.825E-4	0.0	0.0	0.0	0.0	0.0	0.0	0.0	0.0	0.0	0.0	0.0	0.0	3.337E-4	0.0015	0.0015	0.0	0.0015	0.0	0.0	0.0	0.0	0.0	0.0	0.0	0.0	0.0	0.0	0.0	0.0	0.0	0.0	0.0	0.0	0.0	0.0	0.0	0.0	0.0	0.0	0.0	0.0	0.0	0.0	0.0	0.0015	0.0015	0.0109326	
Townsend's x Hermit Warbler (hybrid)	0.0	0.0	0.0	0.0	0.0	0.0	0.0	0.0	0.0	0.0	0.0	0.0	0.0	0.0	0.0	0.0	0.0	0.0	0.0	0.0	0.0	0.0	0.0	0.0	0.0	0.0	0.0	0.0	0.0	0.0	0.0	0.0	0.0	0.0	0.0	0.0	0.0	0.0	0.0	0.0	0.0	0.0	0.0	0.001211	0.0	0.0	0.0	0.0	
Black-throated Green Warbler	0.0	0.0	0.0	0.0	0.0	0.0	0.0	0.0	0.0	0.0	0.0	0.0	3.74E-4	0.0016683	6.725E-4	0.0344661	0.1494188	0.1484988	0.082319	0.011918	0.0011971	3.906E-4	0.0	0.0	0.0	0.0	0.0	0.0	0.0	0.0	0.0023095	0.0143833	0.0348574	0.0495942	0.0551455	0.0587142	0.0620047	0.028169	0.009713	0.0033727	0.0	7.794E-4	0.0	3.028E-4	0.0	0.0	0.0	0.0	
Canada Warbler	0.0	0.0	0.0	0.0	0.0	0.0	0.0	0.0	0.0	0.0	0.0	0.0	0.0	0.0	0.0	0.0015	0.005387	0.026508	0.0640615	0.0152439	0.0019952	0.0	0.0	0.0	0.0	0.0	0.0	0.0	0.0	0.0065147	0.0230947	0.0320029	0.0122227	0.0180343	0.0082501	0.0037161	4.662E-4	0.0	0.0	0.0	0.0	0.0	0.0	0.0	0.0	0.0	0.0	0.0	
Wilson's Warbler	0.0	0.0	0.0	0.0	0.0	0.0	0.0	0.0	0.0	0.0	0.0	0.0	0.0	0.0015	0.0	0.0	0.0062376	0.0329997	0.0349135	0.006929	3.99E-4	0.0	0.0015	0.0	0.0	0.0	0.0	0.0	0.0	5.429E-4	5.774E-4	0.0046746	0.0067904	0.0153291	0.0178029	0.0092902	0.0027972	0.0012428	8.83E-4	3.373E-4	4.037E-4	0.0	0.0	0.0015	0.0	0.0	0.0	0.0	
new world warbler sp.	0.0	0.0	0.0	0.0	3.652E-4	0.0	0.0	0.0	0.0	0.0	0.0	0.0	7.479E-4	0.0013347	0.0023537	0.0036153	0.0059541	0.0070327	0.0051249	0.0030488	0.0015962	0.0019531	0.0013863	8.977E-4	0.0012293	0.0018282	0.0012634	4.1E-4	0.003595	0.0038002	0.0103926	0.0151025	0.0190131	0.0229937	0.032132	0.0204385	0.0205128	0.0140845	0.00883	0.0060708	8.074E-4	0.0019486	4.014E-4	9.083E-4	0.0	7.779E-4	0.0	0.0	
Summer Tanager	0.0	0.0	0.0	0.0	0.0	0.0	0.0	0.0	0.0	0.0	0.0	0.0	0.0015	3.337E-4	0.0050437	0.011328	0.0127587	0.0070327	0.0048046	0.0011086	7.981E-4	7.813E-4	0.0013863	0.0	6.146E-4	0.0	0.0	0.0	0.0	0.0	0.0	0.0	0.0	0.0013526	0.0	3.716E-4	0.0	0.0	0.0	0.0	0.0	0.0	0.0	0.0	0.0	0.0	0.0	0.0	
Scarlet Tanager	0.0	0.0	0.0	0.0	0.0	0.0	0.0	0.0	0.0	0.0	0.0	0.0	0.0	0.0	6.725E-4	0.011328	0.0929969	0.1136056	0.0919283	0.0388027	0.0195531	0.0136719	0.0152495	0.0139138	0.0104487	0.0140158	0.0082123	0.0061501	0.0059916	0.0032573	0.0075058	0.0212154	0.050249	0.0698828	0.0746852	0.0602007	0.0452214	0.0211268	0.004415	0.0010118	4.037E-4	0.0	0.0	0.0	0.0	0.0	0.0	0.0	
Western Tanager	0.0016426	0.0064592	0.0019724	0.0	3.652E-4	0.0023817	2.099E-4	3.342E-4	4.027E-4	4.338E-4	0.0015	2.676E-4	0.0	0.0	0.0036987	0.0	0.0	0.0	0.0	0.0	0.0	0.0	0.0	0.0	0.0	0.0	0.0	0.0	0.0	0.0	0.0	0.0	0.0015	0.0	0.0	0.0	0.0	0.0	0.0	0.0	0.0	0.0	0.0	0.0	0.0122727	0.0280047	0.0069284	0.0069166	
Northern Cardinal	0.3688629	0.3807986	0.3420682	0.4194767	0.4101534	0.4947901	0.5469045	0.4622326	0.5155054	0.5436009	0.5715391	0.594327	0.6473448	0.6626627	0.6775387	0.7177633	0.7221435	0.675142	0.6085842	0.5365854	0.5023943	0.4578125	0.4949168	0.5408438	0.5642286	0.5124924	0.5255843	0.496105	0.4961055	0.485342	0.5150115	0.5257102	0.5115437	0.5333634	0.5423361	0.5250836	0.5328671	0.491715	0.5108168	0.5166948	0.4650787	0.4559626	0.4439984	0.4411141	0.4490909	0.4216258	0.4714616	0.4199018	
Rose-breasted Grosbeak	3.65E-4	2.936E-4	0.0	0.0	0.0	0.0	0.0	0.0	0.0	0.0	0.0	0.0	0.0	0.0	0.001345	0.0207279	0.1114261	0.1106302	0.0717489	0.0288248	0.0159617	0.0066406	0.0055453	0.0040395	0.0055317	0.0042657	0.0025268	0.00328	0.0011983	0.0027144	0.0034642	0.0079108	0.0289724	0.0441839	0.0759878	0.0587142	0.0223776	0.004971	0.0013245	3.373E-4	4.037E-4	0.0	4.014E-4	0.0	0.0	0.0	0.0	0.0	
Blue Grosbeak	0.0	0.0	0.0	0.0	0.0	0.0	0.0	0.0	0.0	0.0	0.0	0.0	0.0	0.0036703	0.0016812	0.0115691	0.0070882	0.0035164	0.0012812	2.772E-4	3.99E-4	0.0	0.0	0.0	0.0015	0.0	0.0	4.1E-4	0.0	5.429E-4	0.0	0.0	0.0	9.017E-4	0.0069475	0.0048309	0.0083916	0.0045568	0.0030905	0.0010118	4.037E-4	0.0	0.0	0.0	0.0	0.0	0.0	0.0	
Indigo Bunting	0.0	0.0	0.0	0.0	0.0	0.0	0.0	0.0	0.0	0.0	0.0	0.0	0.0	0.001001	0.0215198	0.0421788	0.0711653	0.0432783	0.0387572	0.0224501	0.0219473	0.0132812	0.0184843	0.0130162	0.0184388	0.0127971	0.0075805	0.0069701	0.0053925	0.0108578	0.006351	0.0079108	0.0108646	0.0108206	0.0234477	0.0315868	0.044289	0.0422535	0.0260486	0.0064081	0.0012111	0.0	4.014E-4	0.0	0.0	0.0	3.299E-4	0.0	
Painted Bunting	0.0089432	0.0011744	0.0016906	5.395E-4	0.0	0.0	0.0	0.0167112	4.027E-4	0.0013015	0.0034803	2.676E-4	0.0	0.0	0.0	0.0	2.835E-4	0.0	0.0	0.0	0.0	0.0	0.0	0.0	0.0	0.0	0.0	0.0	0.0	0.0	0.0	0.0	0.0	0.0	0.0	0.0	0.0	0.0	0.0	0.0	0.0	0.0	0.0	0.0	0.0	0.0178919	6.598E-4	0.0111557	
Dickcissel	3.65E-4	2.936E-4	0.0	0.0	0.0	0.0	0.0015	0.0050134	0.0048329	0.0	3.867E-4	0.0	0.0	0.0026693	0.0	0.0	0.0015	0.0	0.0	2.772E-4	0.0	3.906E-4	0.0	0.0	0.0	0.0	0.0	0.0	0.0	0.0015	5.774E-4	0.0010787	0.0022635	0.0058611	0.0069475	0.0048309	0.0079254	0.013256	0.0181015	0.0047218	4.037E-4	0.005456	0.0016058	6.055E-4	0.0072727	0.0023337	0.0046189	0.0	
passerine sp.	0.0018252	0.0032296	0.0014088	0.0021581	0.0010957	0.002084	0.0020986	0.0033422	0.0028192	0.002603	0.0011601	0.0032111	0.0037397	0.0033367	0.00269	0.0021692	0.0039694	0.0048688	0.0016015	0.0030488	7.981E-4	7.813E-4	0.0023105	0.0044883	0.0030731	0.0012188	0.0031586	0.00164	5.992E-4	0.0010858	0.0017321	0.0028767	0.0049796	0.0067628	0.0030395	0.0063174	0.0060606	0.0062138	0.0136865	0.0047218	0.011304	0.0066251	0.0060217	0.0057523	0.0054545	0.0042785	0.0013197	0.0037929	
bird sp.	7.301E-4	0.001468	8.453E-4	0.0013488	7.305E-4	8.931E-4	0.0041973	0.0023396	0.0024164	0.0017354	0.0	0.0037463	0.0033657	0.0023357	6.725E-4	0.0031333	0.0017012	0.0016229	0.0028828	0.001663	0.0027933	0.0011719	9.242E-4	0.0022442	0.0018439	6.094E-4	0.0015	8.2E-4	0.0011983	5.429E-4	0.0034642	0.0025171	0.0027162	0.0040577	0.0017369	0.0011148	0.0018648	0.0028998	0.0022075	0.0020236	0.0068631	0.002728	0.0028101	0.0018165	0.0018182	7.779E-4	3.299E-4	0.0017849	

