









Frequency of observations in the selected location(s).:
Number of taxa: 	540

	Jan				Feb				Mar				Apr				May				Jun				Jul				Aug				Sep				Oct				Nov				Dec				
Sample Size:	4981.0	3676.0	3531.0	4944.0	3399.0	3550.0	3872.0	3482.0	3483.0	4177.0	4514.0	6671.0	6093.0	7395.0	7588.0	12289.0	12728.0	12931.0	10270.0	7676.0	3553.0	2617.0	2320.0	2606.0	1943.0	1918.0	1912.0	2980.0	2330.0	2572.0	2925.0	4972.0	4263.0	5568.0	6217.0	7676.0	6510.0	6249.0	5813.0	7245.0	4623.0	4068.0	3841.0	4800.0	3320.0	3171.0	3438.0	4405.0	

Snow Goose	0.0214816	0.023395	0.0665534	0.0368123	0.0120624	0.0146479	0.0245351	0.0361861	0.0137812	0.0040699	0.0028799	0.0059961	1.641E-4	1.352E-4	1.318E-4	0.0	0.0	0.0	0.0	0.0	0.0	0.0	0.0	0.0	0.0	0.0	0.0	0.0	0.0	0.0	0.0	0.0	0.0	0.0	0.0	0.0015	7.68E-4	0.0028805	0.0030965	0.0031746	0.0019468	0.0012291	0.0013017	0.0027083	0.0027108	0.0072532	0.0052356	0.0070375	
Ross's Goose	0.0	0.0	0.0	0.0	0.0	0.0	0.0	0.0	0.0	0.0	0.0	0.0	0.0	0.0	0.0	0.0	0.0	0.0	0.0	0.0	0.0	0.0	0.0	0.0	0.0	0.0	0.0	0.0	0.0	0.0	0.0	0.0	0.0	0.0	0.0	0.0	0.0	0.0	0.0	0.0	0.0	0.0	0.0	0.0	0.0	0.0	0.0011635	0.0	
Snow/Ross's Goose	0.0	0.0	0.0	0.0	0.0	0.0	0.0	0.0	0.0	0.0	0.0	0.0	0.0	0.0	0.0	0.0	0.0	0.0	0.0	0.0	0.0	0.0	0.0	0.0	0.0	0.0	0.0	0.0	0.0	0.0	0.0	0.0	0.0	0.0	0.0	0.0	0.0	1.6E-4	0.0	0.0	0.0	0.0	0.0	0.0015	3.012E-4	0.0	0.0	0.0	
Graylag Goose	0.0	0.0	0.0	8.091E-4	2.942E-4	5.634E-4	0.0025826	0.0037335	0.0015	0.0	0.0	0.0	0.0	0.0	0.0	0.0	0.0	0.0	0.0	0.0	0.0	0.0	0.0	0.0	0.0	0.0	0.0	0.0	0.0	0.0	0.0	0.0	0.0	0.0	0.0	0.0	0.0	0.0	0.0	0.0	0.0	0.0	0.0	0.0	0.0	0.0	0.0	0.0	
Swan Goose	0.0	0.0	0.0	0.0	0.0	0.0	0.0	0.0	0.0	2.394E-4	0.0	0.0	0.0	0.0	0.0	0.0	0.0	0.0	0.0	0.0	0.0	0.0	0.0	0.0	0.0	0.0	0.0	0.0	0.0	0.0	0.0	0.0	2.346E-4	0.0	0.0	0.0	0.0	0.0	0.0	0.0	0.0	0.0	0.0	0.0	0.0	0.0	0.0	0.0	
Graylag x Swan Goose (hybrid)	0.0	0.0	0.0	0.0	2.942E-4	0.0	5.165E-4	5.744E-4	0.0	0.0	0.0	0.0	0.0	0.0	0.0	0.0	0.0	0.0	0.0	0.0	0.0	0.0	0.0	0.0	0.0	0.0	0.0	0.0	0.0	0.0	0.0	0.0	0.0	0.0	0.0	0.0	0.0	0.0	0.0	0.0	0.0	0.0	0.0	0.0	0.0	0.0	0.0	0.0	
Greater White-fronted Goose	0.0074282	2.72E-4	0.027471	0.0050566	0.0038247	5.634E-4	0.0	0.0	0.0	0.0	0.0	0.0	0.0	0.0	0.0	0.0	0.0	0.0	0.0	0.0	0.0	0.0	0.0	0.0	0.0	0.0	0.0	0.0	0.0	0.0	0.0	0.0	0.0	0.0	0.0	0.0	0.0	0.0	0.0	0.0	0.0	0.0	2.603E-4	0.0	0.0	0.0	0.0017452	0.0108967	
Domestic goose sp. (Domestic type)	2.008E-4	2.72E-4	0.0	2.023E-4	0.0	0.0	5.165E-4	2.872E-4	0.0	0.0015	0.0	4.497E-4	0.0	1.352E-4	0.0	2.441E-4	2.357E-4	3.867E-4	1.947E-4	0.0	0.0	0.0	0.0	0.0	0.0	0.0	0.0	0.0	0.0	0.0	0.0	0.0	7.037E-4	3.592E-4	3.217E-4	0.0	1.536E-4	4.801E-4	0.0	0.0	0.0	4.916E-4	0.0	0.0	6.024E-4	0.0	0.0	0.0	
Brant	0.0698655	0.0797062	0.0801473	0.0709951	0.073551	0.0659155	0.0885847	0.0950603	0.0829744	0.0660761	0.0750997	0.0691051	0.0461185	0.0469236	0.0430944	0.0349093	0.0337052	0.0326348	0.0334956	0.0166754	0.008725	0.0053496	0.0012931	0.0019186	0.0	0.0	5.23E-4	0.0	0.0	0.0	0.0	0.0	0.0	1.796E-4	0.0	1.303E-4	0.0024578	0.0166427	0.0316532	0.0414079	0.0655419	0.0435103	0.0627441	0.0545833	0.0385542	0.0526648	0.059046	0.077185	
Barnacle Goose	0.0	0.0	0.0	0.006877	0.0020594	0.0	0.0	0.0	0.0	0.0	0.0	0.0	0.0	0.0	0.0	0.0	0.0	0.0	0.0	0.0	0.0	0.0	0.0	0.0	0.0	0.0	0.0	0.0	0.0	0.0	0.0	0.0	0.0	0.0	0.0	0.0	0.0	0.0	0.0	0.0	0.0	0.0017207	0.0	0.0	0.0015	0.0	0.0	0.0	
Cackling Goose	2.008E-4	0.0	0.0	0.0	5.884E-4	2.817E-4	0.0	0.0	0.0	0.0	2.215E-4	2.998E-4	1.641E-4	0.0	0.0	0.0	0.0	0.0	0.0	0.0	0.0	0.0	0.0	0.0	0.0	0.0	0.0	0.0	0.0	0.0	0.0	0.0	0.0	0.0	0.0	0.0	0.0	0.0	1.72E-4	8.282E-4	4.326E-4	0.0046706	0.0020828	0.00125	6.024E-4	0.0015	0.0	0.0	
Brant x Cackling Goose (hybrid)	0.0	0.0	0.0	2.023E-4	2.942E-4	0.0	0.0	0.0	0.0	0.0	4.431E-4	1.499E-4	0.0	0.0	0.0	0.0	0.0	0.0	0.0	0.0	0.0	0.0	0.0	0.0	0.0	0.0	0.0	0.0	0.0	0.0	0.0	0.0	0.0	0.0	0.0	0.0	0.0	0.0	0.0	0.0	0.0	0.0	0.0	0.0	0.0	0.0	0.0	0.0	
Canada Goose	0.4362578	0.4268226	0.4721042	0.4514563	0.4504266	0.4433803	0.451188	0.44888	0.4487511	0.4577448	0.4536996	0.466197	0.4661086	0.4650439	0.4694254	0.4747335	0.4511314	0.4314438	0.4261928	0.4287389	0.4005066	0.3354987	0.3060345	0.3035303	0.2928461	0.2872784	0.3132845	0.3177852	0.3223176	0.3230949	0.317265	0.2962591	0.3011963	0.277658	0.2917806	0.2953361	0.2872504	0.3370139	0.3218648	0.3166322	0.3162449	0.3370206	0.3176256	0.3416667	0.3560241	0.3598234	0.3813264	0.4190692	
Graylag x Canada Goose (hybrid)	2.008E-4	0.0	0.0	0.0	0.0	0.0	0.0	0.0	0.0	0.0	0.0	0.0	0.0	0.0	0.0	0.0	0.0	0.0	0.0	0.0	0.0	0.0	0.0	0.0	0.0	0.0	0.0	0.0	0.0	0.0	0.0	0.0	0.0	0.0	0.0	0.0	0.0	0.0	0.0	0.0	0.0	0.0	0.0	0.0	0.0	0.0	0.0	0.0	
Domestic goose sp. x Canada Goose (hybrid)	0.0	0.0	0.0	0.0	0.0	0.0	0.0	0.0	0.0	0.0	0.0	0.0	0.0	0.0	0.0	0.0	0.0	0.0	0.0	0.0	0.0	0.0	0.0	0.0	0.0	0.0	0.0	0.0	0.0	3.888E-4	3.419E-4	0.0	0.0	0.0	0.0	0.0	0.0	0.0	0.0	0.0	0.0	0.0	0.0	0.0	0.0	0.0	0.0	0.0	
Cackling/Canada Goose	6.023E-4	2.72E-4	2.832E-4	2.023E-4	5.884E-4	0.0014085	0.0012913	5.744E-4	0.0	4.788E-4	4.431E-4	2.998E-4	0.0	1.352E-4	0.0015	4.069E-4	1.571E-4	1.547E-4	9.74E-5	2.606E-4	5.629E-4	3.821E-4	0.0	0.0	0.0	5.214E-4	0.0	0.0015	0.0	0.0	0.0	2.011E-4	0.0	0.0	3.217E-4	1.303E-4	4.608E-4	4.801E-4	3.441E-4	0.0015	4.326E-4	4.916E-4	5.207E-4	0.00125	9.036E-4	9.461E-4	5.817E-4	6.81E-4	
Branta sp.	0.0	0.0	0.0	0.0	0.0	0.0	0.0	0.0	2.871E-4	0.0015	2.215E-4	0.0	0.0	0.0	1.318E-4	3.255E-4	2.357E-4	0.0015	0.0	0.0	0.0	0.0	0.0	0.0	0.0	0.0	0.0	0.0015	0.0	0.0	0.0	0.0	2.346E-4	1.796E-4	3.217E-4	0.0	0.0	0.0	3.441E-4	2.761E-4	0.0	2.458E-4	2.603E-4	0.0	3.012E-4	6.307E-4	0.0	0.0	
Mute Swan	0.0102389	0.0168662	0.0079298	0.0133495	0.0085319	0.0225352	0.0253099	0.0080414	0.0071777	0.0057458	0.0079752	0.0080947	0.0082061	0.0048682	0.0050079	0.008707	0.0158705	0.004176	0.003408	0.0045597	0.0039403	0.0022927	0.0056034	0.0053722	0.004632	0.0036496	0.0052301	0.0033557	0.0051502	0.001944	0.0020513	0.0040225	0.0049261	0.0052083	0.0048255	0.0082074	0.0070661	0.0080013	0.0053329	0.0096618	0.0093013	0.0127827	0.0065087	0.0116667	0.0069277	0.0081993	0.0095986	0.0097616	
Tundra Swan	0.0	0.0	0.0	0.0015	0.0	0.0	0.0	0.0	0.0	0.0	0.0	0.0	0.0	0.0	0.0	0.0	0.0	0.0	0.0	0.0	0.0	0.0	0.0	0.0	0.0	0.0	0.0	0.0	0.0	0.0	0.0	0.0	0.0	0.0	0.0	0.0	0.0	0.0	1.72E-4	0.0	0.0	0.0	0.0	4.167E-4	0.0	0.0	0.0	0.0	
swan sp.	0.0	5.441E-4	2.832E-4	2.023E-4	0.0	5.634E-4	2.583E-4	0.0	0.0	0.0	2.215E-4	0.0015	0.0	0.0	0.0	0.0	7.86E-5	0.0	0.0	0.0	0.0	0.0	0.0	0.0	0.0	0.0	0.0	0.0	0.0	0.0	0.0	0.0	2.346E-4	0.0	0.0	0.0	0.0	0.0	0.0	0.0	0.0	0.0	2.603E-4	2.083E-4	3.012E-4	0.0	0.0	0.0	
goose sp.	4.015E-4	2.72E-4	2.832E-4	6.068E-4	0.0	5.634E-4	0.0015496	0.001436	0.0011484	0.0016758	0.0	4.497E-4	4.924E-4	2.705E-4	3.954E-4	3.255E-4	6.285E-4	7.73E-5	6.816E-4	3.908E-4	5.629E-4	3.821E-4	4.31E-4	0.0	5.147E-4	0.0	0.0	0.0	8.584E-4	0.0015	0.0	2.011E-4	2.346E-4	1.796E-4	4.825E-4	2.606E-4	4.608E-4	6.401E-4	0.0022364	0.0012422	6.489E-4	9.833E-4	0.0015621	0.0014583	0.003012	0.0022075	0.0026178	6.81E-4	
Muscovy Duck	0.0078298	0.0106094	0.0048145	0.0040453	0.0038247	0.0014085	0.0023244	0.0028719	0.0028711	0.0026335	6.646E-4	0.0010493	0.0011489	6.761E-4	5.271E-4	4.882E-4	7.86E-5	6.187E-4	2.921E-4	3.908E-4	2.815E-4	3.821E-4	4.31E-4	0.0015	0.0010293	0.0	0.001046	0.0016779	4.292E-4	0.0011664	0.0047863	8.045E-4	9.383E-4	0.0019756	0.002091	0.0011725	0.0023041	0.0017603	0.0020643	0.0016563	0.0019468	0.0019666	0.0031242	0.0027083	0.0033133	0.0028382	0.0055265	0.0049943	
Wood Duck	0.1035937	0.0963003	0.1112999	0.1227751	0.0941453	0.0859155	0.0738636	0.0850086	0.0786678	0.0938473	0.0664599	0.0807975	0.0679468	0.0420554	0.036505	0.0416633	0.0230987	0.0187147	0.0161636	0.0224075	0.0239234	0.0221628	0.0206897	0.0268611	0.0319094	0.0234619	0.0251046	0.0302013	0.0339056	0.0248834	0.0379487	0.0267498	0.0330753	0.0325072	0.0217147	0.0222772	0.0365591	0.0480077	0.0614141	0.0726018	0.0919316	0.0801377	0.073158	0.0779167	0.0689759	0.0633869	0.0599186	0.0808173	
Mandarin Duck	0.0036137	0.0046246	0.0031153	0.0012136	0.0023536	8.451E-4	0.0018079	8.616E-4	0.0017227	0.0014364	0.0015507	4.497E-4	0.0	0.0	0.0	0.0	7.86E-5	0.0	0.0	0.0	0.0	0.0	0.0	0.0	0.0	0.0	0.0	0.0	0.0	0.0	0.0	0.0	0.0	0.0	0.0	0.0	0.0	8.001E-4	0.0	0.0017943	0.0056241	0.0034415	0.0028638	0.0045833	0.0045181	0.0100915	0.0061082	0.0074915	
Blue-winged Teal	0.0	0.0	0.0	0.0	0.0	0.0	0.0	0.0	0.0	0.0	0.0	0.0	3.282E-4	0.0	0.0032947	2.441E-4	4.714E-4	0.0	0.0	0.0	0.0	0.0	0.0	0.0057559	0.0	0.0	0.0	0.0	8.584E-4	0.0108865	0.0023932	6.034E-4	4.692E-4	0.0016164	0.0043429	0.0029964	0.0107527	0.0	8.601E-4	0.0	0.0	0.0	0.0	0.0	0.0	0.0	0.0	0.0	
Northern Shoveler	0.2756475	0.2279652	0.2469555	0.269822	0.2486025	0.2402817	0.2239153	0.2145319	0.2167672	0.2537706	0.2239699	0.2127117	0.1887412	0.1331981	0.0997628	0.0358044	0.0171276	0.006496	8.763E-4	0.0029964	5.629E-4	0.0015	4.31E-4	7.675E-4	0.0	0.0	0.0	3.356E-4	0.0012876	3.888E-4	0.002735	0.0042237	0.0084448	0.014727	0.0160849	0.0333507	0.0572965	0.0990558	0.1140547	0.1291925	0.1812676	0.1823992	0.172351	0.19625	0.2012048	0.1807001	0.1783013	0.2281498	
Gadwall	0.1268822	0.1001088	0.1033702	0.0938511	0.0738452	0.0740845	0.0823864	0.1122918	0.086994	0.0773282	0.0859548	0.0736022	0.0873133	0.0815416	0.0972588	0.083652	0.0850094	0.0914082	0.0799416	0.0747785	0.0638897	0.0561712	0.0551724	0.052571	0.0463201	0.0406674	0.0282427	0.0328859	0.0261803	0.0221617	0.0280342	0.0287611	0.0354211	0.0576509	0.0747949	0.0803804	0.0960061	0.1121779	0.1126785	0.099931	0.0945274	0.0870206	0.0757615	0.078125	0.063253	0.0655944	0.0622455	0.0828604	
Eurasian Wigeon	0.0	0.0015	0.0	0.0	0.0	0.0	0.0	0.0	0.0	0.0	0.0	0.0	0.0	0.0020284	0.0	0.0	0.0	0.0	0.0	0.0	0.0	0.0	0.0	0.0	0.0	0.0	0.0	0.0	0.0	0.0	0.0	0.0	0.0	0.0	0.0	0.0	0.0	0.0	0.0	0.0015	0.0	0.0	0.0	0.0	0.0	0.0	0.0	0.0	
American Wigeon	4.015E-4	2.72E-4	0.0016992	0.0012136	0.0011768	0.0025352	0.0025826	0.0017231	8.613E-4	0.0055063	0.0064245	0.0037476	0.0014771	0.0	2.636E-4	0.0	0.0	0.0	0.0	0.0	0.0	0.0	0.0	0.0	0.0	0.0	0.0	0.0	0.0	0.0	0.0	0.0	0.0	0.0	3.217E-4	3.908E-4	0.0030722	0.0073612	0.0015483	0.0020704	2.163E-4	0.0049164	5.207E-4	0.0010417	9.036E-4	0.0015768	5.817E-4	0.0027242	
Mallard	0.4824332	0.4474973	0.4820164	0.4605583	0.4630774	0.4569014	0.4540289	0.4658242	0.4596612	0.4864735	0.4714222	0.5191126	0.5251928	0.513455	0.5395361	0.5592807	0.5491829	0.5192947	0.5099318	0.5059927	0.466085	0.418418	0.4077586	0.4155794	0.3839424	0.3383733	0.3410042	0.3510067	0.395279	0.3946345	0.4061538	0.3899839	0.3790758	0.3591954	0.3786392	0.3587806	0.3646697	0.3783005	0.3886117	0.38951	0.41618	0.4174041	0.407446	0.4229167	0.4054217	0.3878903	0.3917976	0.430647	
Muscovy Duck x Mallard (hybrid)	0.0	0.0	0.0	0.0	0.0	0.0	0.0	0.0	0.0	0.0	0.0	0.0	0.0	0.0	0.0	8.14E-5	0.0	0.0	0.0	0.0	0.0	0.0	0.0	0.0	0.0	0.0	0.0	0.0	0.0	0.0	0.0	0.0	0.0	3.592E-4	0.0	0.0	0.0	0.0	0.0	0.0	6.489E-4	0.0	0.0	0.0	0.0	0.0	0.0	0.0	
American Black Duck	0.1188516	0.1074538	0.1316907	0.1233819	0.1097382	0.0969014	0.0893595	0.1099943	0.0801034	0.067752	0.0655738	0.053815	0.0375841	0.0236646	0.0202952	0.0163561	0.0237272	0.0200294	0.0200584	0.0226681	0.0664227	0.042415	0.0387931	0.0353031	0.0308801	0.0234619	0.0345188	0.0362416	0.0433476	0.0474339	0.0379487	0.0364039	0.0309641	0.0292744	0.0291137	0.0354351	0.0380952	0.0521683	0.0500602	0.0668047	0.0741942	0.0789086	0.0788857	0.0783333	0.073494	0.0788395	0.09395	0.0985244	
Mallard x American Black Duck (hybrid)	0.0200763	0.0138738	0.0181252	0.022856	0.0135334	0.0188732	0.0142045	0.0129236	0.0143554	0.0146038	0.0139566	0.0100435	0.009355	0.0079784	0.0075119	0.0049638	0.0051069	0.0035573	0.0047712	0.0058624	0.0039403	0.0076423	0.0064655	0.009977	0.0082347	0.0072993	0.0078452	0.0080537	0.0077253	0.0128305	0.0095726	0.0076428	0.006099	0.0055675	0.0056297	0.0053413	0.0038402	0.0049608	0.0055049	0.0067633	0.0064893	0.0056539	0.0039052	0.01125	0.0075301	0.0113529	0.0104712	0.0127128	
Mallard/American Black Duck	0.0020076	0.0024483	0.001416	0.0014159	0.001471	0.0016901	0.0015496	0.0011488	0.0014355	0.001197	8.861E-4	0.0010493	9.847E-4	9.466E-4	0.0010543	6.51E-4	7.071E-4	2.32E-4	4.869E-4	2.606E-4	2.815E-4	0.0019106	4.31E-4	7.675E-4	0.0	0.0010428	0.0020921	0.0016779	0.0025751	0.0011664	0.0061538	0.0020113	0.001642	0.0019756	0.0012868	0.0024752	0.0010753	0.0011202	6.881E-4	0.0016563	0.0025957	0.0014749	0.0018224	0.001875	9.036E-4	0.0015768	0.0014543	9.081E-4	
Northern Pintail	0.0244931	0.0152339	0.011045	0.006877	0.0067667	0.0059155	0.0067149	0.0071798	0.008039	0.0028729	0.0046522	0.004647	0.001313	0.001217	0.0011861	0.0	7.86E-5	0.0	0.0	0.0015	0.0	0.0	0.0	0.0	5.147E-4	0.0	0.0	0.0	0.0	0.0	0.0	0.0	0.0	0.0	0.0098118	0.0	7.68E-4	0.0019203	0.0043007	0.0077295	0.0067056	0.0076205	0.0091122	0.0108333	0.0129518	0.0059918	0.0084351	0.0145289	
Green-winged Teal	0.0299137	0.0410773	0.0254885	0.0277104	0.0188291	0.0183099	0.0152376	0.0281447	0.0226816	0.0208283	0.0188303	0.0248838	0.0198589	0.0223124	0.0234581	0.0221336	0.0071496	1.547E-4	9.74E-5	0.0	0.0	0.0	0.0	0.0	0.0	0.0	0.0	0.0	0.0	0.0	0.0013675	0.0036203	0.0039878	0.0104167	0.0278269	0.0294424	0.0456221	0.0390462	0.0342336	0.0425121	0.0538611	0.0331858	0.0213486	0.0264583	0.0222892	0.0182908	0.0215241	0.0263337	
Anas sp.	0.0	0.0	0.0	0.0	0.0	0.0	0.0	0.0	0.0	0.0	0.0	0.0	0.0	0.0	0.0	0.0	0.0	0.0	0.0	1.303E-4	0.0	0.0	0.0	0.0	0.0	0.0	0.0	0.0	0.0	0.0	0.0	4.023E-4	0.0	0.0	0.0	0.0	0.0	1.6E-4	0.0	0.0	0.0	0.0	0.0	0.0	0.0	0.0	0.0	0.0	
teal sp.	0.0	0.0	0.0	0.0	0.0	0.0	0.0	0.0	0.0	0.0	0.0	0.0	0.0	0.0	0.0	0.0	0.0	0.0	0.0	0.0	0.0	0.0	0.0	0.0	0.0	0.0	0.0	0.0	0.0	0.0	0.0	0.0	0.0	0.0	0.0	0.0	1.536E-4	0.0	0.0	0.0	0.0	0.0	0.0	0.0	0.0	0.0	0.0	0.0	
dabbling duck sp.	0.0	0.0	0.0	2.023E-4	0.0	2.817E-4	0.0	5.744E-4	2.871E-4	9.576E-4	6.646E-4	2.998E-4	3.282E-4	4.057E-4	0.0	0.0	2.357E-4	2.32E-4	9.74E-5	1.303E-4	0.0	0.0	0.0	0.0	0.0	5.214E-4	0.0	3.356E-4	0.0	7.776E-4	3.419E-4	0.0	4.692E-4	1.796E-4	4.825E-4	5.211E-4	0.0	3.201E-4	5.161E-4	9.662E-4	0.0	0.0	7.81E-4	0.0	3.012E-4	0.0	5.817E-4	0.0	
Canvasback	0.0058221	0.0043526	0.0045313	0.0078883	0.0061783	0.0047887	0.0061983	0.0066054	0.0028711	0.0067034	0.0073106	0.0010493	1.641E-4	0.0	0.0	0.0	0.0	0.0	0.0	0.0	0.0	0.0	0.0	0.0	0.0	0.0	0.0	0.0	0.0	0.0	0.0	0.0	0.0	0.0	0.0	0.0	0.0	0.0	0.0	0.0	0.0	0.0	0.0015	0.0014583	6.024E-4	9.461E-4	0.0017452	0.0024972	
Redhead	0.0281068	0.0138738	0.0099122	0.0086974	0.0047073	0.0059155	0.0108471	0.006031	0.010623	0.0074216	0.0022153	0.0	1.641E-4	0.0	0.0	0.0	0.0	0.0	0.0	0.0	0.0	0.0	0.0	0.0	0.0	0.0	0.0	0.0	0.0	0.0	0.0	0.0	0.0	0.0	0.0	0.0	0.0	0.0	0.0	0.0	0.0	0.0	0.0	6.25E-4	0.0015	0.0	0.0037813	0.0124858	
Ring-necked Duck	0.0216824	0.0201306	0.0555084	0.0190129	0.0061783	0.0084507	0.0028409	0.0114877	0.0094746	0.0148432	0.0126274	0.0170889	0.0136222	0.0036511	0.0	8.14E-5	7.86E-5	0.0	0.0	0.0	0.0	0.0	0.0	0.0	0.0	0.0	0.0	0.0	0.0	0.0	0.0	0.0	0.0	0.0	1.608E-4	5.211E-4	0.0	0.0	1.72E-4	0.0017943	0.0010815	0.0105703	0.0091122	0.0135417	0.0138554	0.0113529	0.0101803	0.0208854	
Tufted Duck	0.0010038	2.72E-4	2.832E-4	0.0	2.942E-4	2.817E-4	0.0	2.872E-4	0.0	0.0	0.0	0.0	0.0	0.0	0.0	0.0	0.0	0.0	0.0	0.0	0.0	0.0	0.0	0.0	0.0	0.0	0.0	0.0	0.0	0.0	0.0	0.0	0.0	0.0	0.0	0.0	0.0	0.0	0.0	0.0	0.0	0.0	0.0	0.0	0.0	6.307E-4	2.909E-4	4.54E-4	
Greater Scaup	0.0050191	0.0106094	0.0042481	0.0084951	0.0126508	0.0160563	0.009814	0.0037335	0.0083262	0.0102945	0.0053168	0.0023984	3.282E-4	4.057E-4	0.0	8.14E-5	7.86E-5	7.73E-5	0.0	0.0	0.0	0.0	0.0	0.0	0.0	0.0	0.0	0.0	0.0	0.0	0.0	0.0	0.0	0.0	0.0	0.0	0.0	0.0	0.0	0.0	0.0021631	2.458E-4	0.0010414	0.0010417	6.024E-4	0.004415	0.0061082	0.0061294	
Lesser Scaup	0.0106404	0.0097933	0.0198244	0.0086974	0.0064725	0.0050704	0.0046488	0.0037335	0.0028711	0.0028729	0.0057599	0.0065957	0.0037748	5.409E-4	0.0014497	8.137E-4	0.0	0.0	0.0	0.0	0.0	0.0	0.0	0.0	0.0	0.0	0.0	0.0	0.0	0.0	0.0	0.0	0.0	0.0	0.0	0.0	0.0	0.0	0.0	0.0031746	0.0023794	7.375E-4	0.0023431	0.0045833	0.0087349	0.0059918	0.0055265	0.0120318	
Greater/Lesser Scaup	0.0056214	0.0027203	0.0067969	0.003843	0.0038247	0.0014085	0.0030992	0.0028719	0.0017227	0.0033517	0.0037661	0.0023984	0.0014771	0.0	1.318E-4	8.14E-5	0.0	0.0	0.0	0.0	0.0	0.0	0.0	0.0	0.0	0.0	0.0	0.0	0.0	0.0	0.0	0.0	0.0	0.0	0.0	0.0	0.0	0.0	3.441E-4	9.662E-4	0.0021631	0.0014749	0.0015621	0.0025	0.0027108	0.0015768	0.0029087	0.0047673	
Aythya sp.	4.015E-4	0.0	2.832E-4	0.0	0.0	2.817E-4	0.0	0.0	0.0	2.394E-4	0.0	0.0	1.641E-4	0.0	0.0	0.0	0.0	0.0	0.0	0.0	0.0	0.0	0.0	0.0	0.0	0.0	0.0	0.0	0.0	0.0	0.0	0.0	0.0	0.0	0.0	0.0	0.0	0.0	0.0	1.38E-4	6.489E-4	4.916E-4	0.0	4.167E-4	0.0	0.0	0.0	0.0	
King Eider	0.0	0.0	2.832E-4	0.0	0.0	0.0	0.0	0.0	0.0	0.0	0.0	0.0	0.0	0.0	0.0	0.0	0.0	0.0	0.0	0.0	0.0	0.0	0.0	0.0	0.0	0.0	0.0	0.0	0.0	0.0	0.0	0.0	0.0	0.0	0.0	0.0	0.0	0.0	0.0	0.0	0.0	0.0	0.0	0.0	0.0	0.0	0.0	0.0	
Common Eider	0.0	0.0	0.0	0.0	0.0	0.0	0.0	0.0	0.0	0.0	0.0	0.0	0.0	0.0	0.0	0.0	0.0	0.0	0.0	0.0	0.0	0.0	0.0	0.0	0.0	0.0	0.0	0.0	0.0	0.0	0.0	0.0	0.0	0.0	0.0	0.0	0.0	0.0	0.0	0.0	0.0	0.0	2.603E-4	0.0015	0.0	0.0	0.0	0.0	
Harlequin Duck	0.0	0.0	0.0	0.0	0.0	0.0	2.583E-4	0.0	0.0	0.0	0.0	0.0	0.0	0.0	0.0	0.0	0.0	0.0	0.0	0.0	0.0	0.0	0.0	0.0	0.0	0.0	0.0	0.0	0.0	0.0	0.0	0.0	0.0	0.0	0.0	0.0	0.0	0.0	0.0	0.0	0.0	0.0	0.0	0.0	0.0	0.0	0.0	0.0	
Surf Scoter	0.0	0.0	0.0	0.0	0.0	2.817E-4	0.0	0.0	0.0	0.0	0.0	1.499E-4	3.282E-4	0.0	0.0	0.0	0.0	7.73E-5	9.74E-5	0.0	0.0	0.0	0.0	3.837E-4	0.0	0.0	0.0	0.0	0.0	0.0	0.0	0.0	0.0	0.0	0.0	1.303E-4	0.0	3.201E-4	6.881E-4	0.0011042	0.0	0.0	2.603E-4	4.167E-4	0.0	0.0	0.0	0.0015	
White-winged Scoter	0.0	0.0	0.0015	0.0	2.942E-4	0.0	0.0	0.0	0.0017227	0.0043093	0.0019938	0.0015	1.641E-4	0.0	0.0	0.0	7.86E-5	0.0	9.74E-5	0.0	0.0	0.0	0.0	0.0	0.0	0.0	0.0	0.0	0.0	0.0	0.0	0.0	0.0	0.0	0.0	0.0	1.536E-4	0.0	5.161E-4	5.521E-4	0.0010815	0.002704	0.0026035	0.00125	3.012E-4	3.154E-4	0.0	4.54E-4	
Black Scoter	0.0	0.0	0.0	0.0	2.942E-4	0.0	0.0	0.0	0.0	0.0	0.0	0.0	0.0	0.0	0.0	0.0	0.0	0.0	0.0015	0.0	2.815E-4	0.0	0.0	0.0	0.0	0.0	0.0	0.0	0.0	0.0	0.0	0.0	0.0	0.0	0.0	0.0	0.0	1.6E-4	0.0	0.0022084	0.0012979	7.375E-4	0.0028638	0.0010417	0.0	0.0	0.0	2.27E-4	
Surf/Black Scoter	0.0	0.0	0.0	0.0	0.0	0.0	0.0	0.0	0.0	0.0	0.0	0.0	0.0	0.0	0.0	0.0	0.0	0.0	9.74E-5	0.0	0.0	0.0	0.0	0.0	0.0	0.0	0.0	0.0	0.0	0.0	0.0	0.0	0.0	0.0	0.0	1.303E-4	1.536E-4	1.6E-4	0.0	2.761E-4	0.0	0.0	2.603E-4	0.0	0.0	0.0	0.0	0.0	
scoter sp.	0.0	0.0	0.0	0.0	0.0	0.0	0.0	0.0	0.0	0.0	0.0	0.0	0.0	0.0	0.0	0.0	0.0	0.0	0.0	1.303E-4	0.0	0.0	0.0	0.0	0.0	0.0	0.0	0.0	0.0	0.0	0.0	0.0	0.0	0.0	0.0	0.0	0.0	1.6E-4	0.0	1.38E-4	0.0	7.375E-4	5.207E-4	0.0	0.0	0.0	0.0	0.0	
Long-tailed Duck	0.0022084	2.72E-4	0.0011328	0.0256877	2.942E-4	0.0016901	0.0023244	0.0015	0.0028711	0.0050275	2.215E-4	7.495E-4	8.206E-4	0.0016227	1.318E-4	0.0	2.357E-4	7.73E-5	0.0	0.0	0.0	0.0	0.0	0.0	0.0	0.0	0.0	0.0	0.0	0.0	0.0	0.0	0.0	0.0	0.0	0.0	0.0	0.0	0.0	2.761E-4	8.652E-4	0.0063913	0.0018224	0.0022917	6.024E-4	0.0015768	5.817E-4	2.27E-4	
Bufflehead	0.2389078	0.20321	0.2611158	0.2368528	0.2344807	0.2101408	0.2014463	0.1993107	0.1883434	0.1817094	0.1710235	0.1638435	0.1416379	0.1093982	0.0913284	0.0577752	0.0209774	0.007424	0.0042843	1.303E-4	0.0	0.0	0.0	0.0	0.0	0.0	0.0	0.0	0.0	0.0	0.0	0.0	0.0	0.0	0.0	0.0	3.072E-4	0.0	0.0024084	0.0241546	0.1105343	0.1231563	0.1221036	0.1439583	0.126506	0.1296121	0.13758	0.2018161	
Common Goldeneye	0.0092351	0.0106094	0.009629	0.0337783	0.0167696	0.0092958	0.008781	0.0054566	0.0060293	0.0052669	0.0048737	0.0019487	3.282E-4	2.705E-4	1.318E-4	0.0	0.0	0.0	0.0	0.0	0.0	0.0	0.0	0.0	0.0	0.0	0.0	0.0	0.0	0.0	0.0	0.0	0.0	0.0	0.0	0.0	0.0	0.0	0.0	0.0	0.0051914	2.458E-4	5.207E-4	0.00125	6.024E-4	0.0066225	0.0046539	0.0072645	
Common x Barrow's Goldeneye (hybrid)	0.0	0.0	2.832E-4	0.0	0.0	0.0	0.0	0.0	0.0	0.0	0.0	0.0	0.0	0.0	0.0	0.0	0.0	0.0	0.0	0.0	0.0	0.0	0.0	0.0	0.0	0.0	0.0	0.0	0.0	0.0	0.0	0.0	0.0	0.0	0.0	0.0	0.0	0.0	0.0	0.0	0.0	0.0	0.0	0.0	0.0	0.0	0.0	0.0	
Hooded Merganser	0.1929331	0.1531556	0.1976777	0.2105583	0.1838776	0.1611268	0.1237087	0.1140149	0.0999139	0.0948049	0.0766504	0.0698546	0.052191	0.0187965	0.0131787	0.0017902	3.928E-4	2.32E-4	9.74E-5	6.514E-4	5.629E-4	0.0019106	0.0015	0.0011512	0.0020587	5.214E-4	0.0041841	0.0010067	0.0	0.0015552	0.0034188	0.0034191	2.346E-4	7.184E-4	0.0024127	0.0019541	0.0033794	0.0012802	0.0075692	0.0325742	0.092148	0.116765	0.122364	0.13875	0.138253	0.1135289	0.1186736	0.1595914	
Common Merganser	0.0180687	0.0106094	0.0300198	0.049555	0.0326567	0.0264789	0.018595	0.020965	0.0123457	0.0100551	0.0062029	1.499E-4	3.282E-4	0.0	2.636E-4	2.441E-4	1.571E-4	0.0	0.0	0.0	0.0	0.0	0.0	0.0	0.0	0.0	0.0	0.0	0.0	0.0	0.0	0.0	0.0	0.0	0.0	0.0	0.0	0.0	0.0	2.761E-4	0.0010815	0.0012291	0.0020828	0.0029167	0.0090361	0.0091454	0.0052356	0.0138479	
Red-breasted Merganser	0.0748846	0.0750816	0.0968564	0.0942557	0.0897323	0.0938028	0.1118285	0.1010913	0.0947459	0.077807	0.0744351	0.058462	0.0416872	0.0273158	0.0171323	0.0056962	0.0032998	0.0017013	9.74E-5	2.606E-4	0.0	0.0	0.0015	0.0	5.147E-4	0.0	0.0	0.0	0.0	0.0	0.0	0.0	0.0	0.0	1.608E-4	0.0	0.0	8.001E-4	3.441E-4	0.0026225	0.0032446	0.0039331	0.0078105	0.0289583	0.0177711	0.0324819	0.0456661	0.0740068	
Common/Red-breasted Merganser	0.0026099	0.0021763	0.0022656	0.0034385	0.0038247	0.003662	0.0012913	0.0020103	0.0028711	9.576E-4	0.0015507	8.994E-4	6.565E-4	2.705E-4	3.954E-4	2.441E-4	3.143E-4	0.0015	0.0	0.0	0.0	0.0	0.0	0.0	0.0	0.0	0.0	0.0	0.0	3.888E-4	0.0	0.0	0.0	0.0	0.0	0.0	0.0	0.0	1.72E-4	2.761E-4	0.0	9.833E-4	0.0015621	8.333E-4	0.0012048	3.154E-4	0.0011635	4.54E-4	
merganser sp.	0.0	0.0	2.832E-4	0.0	0.0	0.0	0.0	0.0	0.0	0.0	2.215E-4	0.0	0.0	0.0	0.0	0.0	0.0	0.0	0.0	0.0	0.0	0.0	0.0	0.0	0.0	0.0	0.0	0.0	0.0	0.0	0.0	0.0	0.0	0.0	0.0	0.0	0.0	0.0	0.0	0.0	0.0	0.0	0.0	0.0	0.0	0.0	0.0	0.0	
Ruddy Duck	0.2138125	0.1757345	0.2220334	0.2057039	0.1223889	0.1104225	0.1237087	0.1355543	0.1237439	0.1043811	0.1065574	0.1164743	0.1078287	0.0820825	0.0682657	0.0336073	0.0227058	0.010904	0.0079844	0.0016936	0.0025331	0.0019106	0.0025862	7.675E-4	0.001544	0.0036496	0.0031381	6.711E-4	0.0	3.888E-4	0.0010256	2.011E-4	4.692E-4	5.388E-4	0.0022519	0.0058624	0.0156682	0.0318451	0.0622742	0.0781228	0.1237292	0.1189774	0.117938	0.1302083	0.1216867	0.106591	0.1204188	0.1639047	
duck sp.	0.0048183	0.0068009	0.0033985	0.0046521	0.0064725	0.0056338	0.0056818	0.0051694	0.0054551	0.0062246	0.0062029	0.004647	0.0044313	0.0025693	0.002504	0.0026853	0.0011785	0.001624	0.0012658	0.0016936	0.0016887	0.0049675	0.0017241	0.0046048	0.0051467	0.0036496	0.0020921	0.0057047	0.0077253	0.003888	0.0051282	0.0052293	0.0056298	0.0066451	0.0027344	0.0036477	0.0041475	0.0049608	0.0070532	0.0071774	0.0095176	0.0071288	0.0062484	0.0058333	0.0078313	0.0063072	0.0049447	0.0072645	
waterfowl sp.	2.008E-4	0.0	0.0	4.045E-4	5.884E-4	2.817E-4	0.0	2.872E-4	2.871E-4	2.394E-4	2.215E-4	0.0	1.641E-4	1.352E-4	0.0	8.14E-5	7.86E-5	7.73E-5	0.0	0.0	0.0	0.0	0.0	0.0	0.0	0.0	0.0	0.0	0.0	0.0	0.0	0.0	0.0	0.0	0.0	0.0	0.0	4.801E-4	3.441E-4	2.761E-4	8.652E-4	0.0012291	0.0013017	4.167E-4	0.0	6.307E-4	0.0	0.0	
Helmeted Guineafowl	0.0	0.0	0.0	0.0	0.0	0.0	0.0	0.0	0.0	0.0	0.0	0.0	0.0	0.0	0.0	0.0	0.0	0.0	0.0	0.0	0.0	0.0	0.0	0.0	0.0	0.0	0.0	0.0	0.0015	0.0	0.0	0.0	0.0	0.0	0.0	0.0	0.0	0.0	0.0	1.38E-4	0.0	0.0	0.0	0.0	0.0	0.0	0.0	0.0	
Northern Bobwhite	0.0	0.0	0.0	0.0015	0.0	0.0	0.0	0.0	0.0	0.0	0.0	0.0	0.0	0.0	0.0	0.0	0.0	0.0	0.0	0.0	0.0	0.0	0.0	0.0	0.0	0.0	0.0	0.0	0.0	0.0	0.0	0.0	0.0	0.0	0.0	0.0	0.0	0.0	0.0	0.0	0.0	0.0	0.0	0.0	0.0	0.0	0.0	0.0	
Wild Turkey	0.0012046	0.0010881	2.832E-4	2.023E-4	0.0	2.817E-4	7.748E-4	2.872E-4	2.871E-4	2.394E-4	0.0015	8.994E-4	6.565E-4	0.0013523	0.0060622	0.0044755	0.0024356	0.0024747	0.0015579	0.0019541	0.0011258	0.0011464	0.0012931	7.675E-4	0.0020587	5.214E-4	0.0020921	3.356E-4	8.584E-4	0.0015552	3.419E-4	0.0012068	9.383E-4	0.0012572	0.0022519	0.0013028	0.0024578	0.0011202	0.0018923	0.0012422	0.0015142	7.375E-4	0.0010414	0.0020833	0.0012048	0.0028382	0.0023269	0.0015891	
Ring-necked Pheasant	0.0	0.0	0.0015	0.0	0.0015	0.0	2.583E-4	0.0	0.0	2.394E-4	0.0015	1.499E-4	6.565E-4	2.705E-4	6.589E-4	9.765E-4	6.285E-4	3.867E-4	6.816E-4	5.211E-4	0.0	0.0	4.31E-4	0.0	0.0	0.0	5.23E-4	0.0	0.0	0.0	0.0015	0.0	2.346E-4	0.0	0.0	1.303E-4	0.0	3.201E-4	0.0	0.0	0.0	2.458E-4	0.0	0.0015	0.0	0.0	0.0	2.27E-4	
Indian Peafowl	0.0	0.0	0.0	0.0	0.0	0.0	0.0	0.0	0.0	0.0	0.0	0.0	0.0	0.0	0.0	0.0	7.86E-5	0.0	0.0	0.0	0.0	0.0	4.31E-4	0.0	0.0	0.0	0.0	0.0	4.292E-4	0.0	0.0	0.0	0.0	0.0	0.0	0.0	0.0	0.0	0.0	0.0	0.0	0.0	0.0	0.0	0.0	0.0	0.0	0.0	
Red Junglefowl	0.0	0.0	0.0	0.0	0.0	0.0	0.0	0.0	0.0	2.394E-4	0.0	0.0	0.0	0.0	0.0	0.0	0.0	0.0	0.0	0.0	0.0	0.0	0.0	0.0	0.0	0.0	0.0	0.0	0.0	0.0	0.0	0.0	0.0	0.0	0.0	0.0	0.0	0.0	0.0	0.0	0.0	0.0	0.0	0.0	0.0	0.0	0.0	0.0	
old world quail sp.	0.0	0.0	0.0	0.0	0.0	0.0	0.0	0.0	0.0	0.0	0.0	0.0	0.0	0.0	1.318E-4	0.0	0.0	0.0	0.0	0.0	0.0	0.0	0.0	0.0	0.0	0.0	0.0	0.0	0.0	0.0	0.0	0.0	0.0	0.0	0.0	0.0	0.0	0.0	0.0	0.0	0.0	0.0	0.0	0.0	0.0	0.0	0.0	0.0	
Rock Pigeon	0.5543064	0.5511425	0.510337	0.5036408	0.4933804	0.5073239	0.541064	0.5577254	0.5590009	0.570984	0.577315	0.5903163	0.5964221	0.6102772	0.6242752	0.6274717	0.6339566	0.626247	0.6179163	0.6341845	0.6898396	0.6752006	0.6961207	0.6811205	0.6922285	0.6976017	0.6872385	0.6798658	0.6733906	0.6784603	0.6516239	0.6351569	0.615529	0.6025503	0.6231301	0.6085201	0.6056836	0.5895343	0.5716498	0.5608006	0.556565	0.5597345	0.5376204	0.556875	0.5572289	0.5588143	0.58726	0.5246311	
Eurasian Collared-Dove	0.0	0.0	0.0	0.0	0.0	0.0	0.0	0.0	0.0	0.0	0.0	0.0	0.0	0.0	0.0	0.0	0.0	0.0	0.0	0.0	0.0	0.0	0.0	3.837E-4	0.0020587	0.0057351	0.0041841	3.356E-4	0.0	3.888E-4	0.0	0.0	2.346E-4	0.0	0.0	0.0	0.0	0.0	0.0	0.0	0.0	0.0	2.603E-4	6.25E-4	3.012E-4	3.154E-4	0.0	4.54E-4	
African Collared-Dove	0.0	0.0	0.0	0.0	0.0	0.0	0.0	0.0	0.0	0.0	0.0	0.0	0.0	0.0	0.0	0.0	0.0	0.0	0.0	0.0	0.0	0.0	0.0	0.0	0.0	5.214E-4	5.23E-4	0.0	0.0	0.0	0.0015	0.0	0.0	0.0015	0.0	0.0	0.0	0.0	0.0	0.0	0.0	0.0	0.0	0.0	0.0	0.0	0.0	0.0	
Eurasian/African Collared-Dove	0.0	0.0	0.0	0.0	0.0	0.0	0.0	0.0	0.0	0.0	0.0	0.0	0.0	0.0	0.0	0.0	0.0	0.0	0.0	0.0	0.0	0.0	0.0	0.0	0.0	0.0	0.0	0.0	0.0	0.0	0.0	0.0	0.0	0.0	0.0	0.0	0.0	0.0	1.72E-4	0.0	0.0	0.0	0.0	0.0	0.0	0.0	0.0	0.0	
Streptopelia sp.	0.0	0.0	0.0	0.0	0.0	0.0	0.0	0.0	0.0	0.0	0.0	0.0	0.0	0.0	0.0	8.14E-5	7.86E-5	0.0	0.0	0.0	0.0	0.0	0.0	0.0	0.0	0.0015	0.0	0.0	0.0	0.0	0.0	0.0	0.0	0.0	0.0	0.0	0.0	0.0	0.0	0.0	0.0	0.0	0.0	0.0	0.0	0.0	0.0	0.0	
Diamond Dove	0.0	0.0	0.0	0.0	0.0	0.0	0.0	0.0	0.0	0.0	0.0	0.0	0.0	0.0	0.0	0.0	0.0	0.0	0.0	0.0	2.815E-4	0.0	0.0	0.0	0.0	0.0	0.0	0.0	0.0	0.0	0.0	0.0	0.0	0.0	0.0	0.0	0.0	0.0	0.0	0.0	0.0	0.0	0.0	0.0	0.0	0.0	0.0	0.0	
White-winged Dove	0.0	0.0	0.0	0.0	0.0	0.0	0.0	0.0	0.0	0.0	0.0	0.0	0.0	0.0025693	0.0	0.0	0.0	0.0	0.0	0.0	0.0	0.0	0.0	0.0	0.0	0.0	0.0	0.0	0.0	0.0	0.0	0.0	0.0	0.0	0.0	0.0	0.0	0.0	0.0	0.0	0.0	0.0	0.0	0.0	0.0	0.0	0.0	0.0	
Mourning Dove	0.369203	0.3152884	0.3106769	0.3042071	0.2936158	0.3101408	0.3473657	0.3667433	0.3896067	0.4206368	0.422685	0.4819367	0.5084523	0.5399594	0.5764365	0.603792	0.6134507	0.5929162	0.575073	0.5676133	0.5311005	0.4898739	0.5137931	0.5249424	0.505404	0.5015641	0.4932008	0.5104027	0.5669528	0.566874	0.6071795	0.5989541	0.5829228	0.5702227	0.5742319	0.5367379	0.5341014	0.5028004	0.4844314	0.4552105	0.4250487	0.4144543	0.4386878	0.4052083	0.4120482	0.3989278	0.4019779	0.3668558	
pigeon/dove sp.	2.008E-4	2.72E-4	0.0	0.0012136	5.884E-4	0.0011268	0.0023244	5.744E-4	0.0	0.0015	4.431E-4	1.499E-4	9.847E-4	1.352E-4	3.954E-4	4.882E-4	4.714E-4	3.867E-4	6.816E-4	2.606E-4	0.0	0.0	0.0	0.0011512	5.147E-4	0.0	5.23E-4	0.0	8.584E-4	7.776E-4	0.0010256	0.0015	2.346E-4	1.796E-4	4.825E-4	2.606E-4	4.608E-4	1.6E-4	0.0	2.761E-4	4.326E-4	4.916E-4	0.0	2.083E-4	3.012E-4	3.154E-4	2.909E-4	0.0	
Yellow-billed Cuckoo	0.0	0.0	0.0	0.0	0.0	0.0	0.0	0.0	0.0	0.0	0.0	0.0	0.0	0.0	1.318E-4	9.765E-4	0.0146135	0.0228907	0.02074	0.0115946	0.0081621	0.0045854	4.31E-4	0.0026861	5.147E-4	0.0046924	0.001569	3.356E-4	0.0060086	0.0081649	0.0129915	0.0132743	0.019939	0.0290948	0.0160849	0.0183689	0.0211982	0.0228837	0.0027525	8.282E-4	6.489E-4	0.0	0.0	0.0	0.0	0.0	0.0	0.0	
Black-billed Cuckoo	0.0	0.0	0.0	0.0	0.0	0.0	0.0	0.0	0.0	0.0	0.0	0.0	0.0	0.0	1.318E-4	0.002604	0.0100566	0.0133787	0.0185005	0.0080771	0.005629	0.0019106	8.621E-4	3.837E-4	5.147E-4	5.214E-4	0.0	0.0016779	0.0038627	0.0046656	0.0071795	0.0062349	0.0154821	0.012033	0.0030561	0.0035175	0.0021505	0.0022404	0.0024084	2.761E-4	2.163E-4	0.0	0.0	0.0	0.0	0.0	0.0	0.0	
Yellow-billed/Black-billed Cuckoo	0.0	0.0	0.0	0.0	0.0	0.0	0.0	0.0	0.0	0.0	0.0	0.0	0.0	0.0	0.0	0.0	3.928E-4	0.0010827	5.842E-4	3.908E-4	5.629E-4	3.821E-4	4.31E-4	0.0	0.0	0.0	0.0	0.0	8.584E-4	3.888E-4	3.419E-4	0.0	7.037E-4	0.0044899	8.042E-4	3.908E-4	4.608E-4	0.0015	0.0	0.0	0.0	0.0	0.0	0.0	0.0	0.0	0.0	0.0	
Coccyzus sp.	0.0	0.0	0.0	0.0	0.0	0.0	0.0	0.0	0.0	0.0	0.0	0.0	0.0	0.0	0.0	0.0	0.0	0.0	0.0	0.0	0.0	0.0	0.0	0.0	0.0	0.0	0.0	0.0	0.0	0.0	0.0	0.0	0.0	3.592E-4	0.0	1.303E-4	0.0	0.0	0.0	1.38E-4	0.0	0.0	0.0	0.0	0.0	0.0	0.0	0.0	
Common Nighthawk	0.0	0.0	0.0	0.0	0.0	0.0	0.0	0.0	0.0	0.0	0.0	0.0	0.0	0.0	1.318E-4	1.627E-4	0.0017285	0.014152	0.0219085	0.0095102	0.0033774	3.821E-4	0.0015	0.0	0.0015	0.0	0.0	0.0	0.0	0.0015552	0.0017094	0.0114642	0.0100868	0.0298132	0.0221972	0.0071652	0.0059908	0.0016003	6.881E-4	0.0	0.0	0.0	0.0	0.0	0.0	0.0	0.0	0.0	
Chuck-will's-widow	0.0	0.0	0.0	0.0	0.0	0.0	0.0	0.0	0.0	0.0	0.0	0.0	0.0	0.0085193	0.0050079	0.0	0.0075424	0.011832	0.007887	1.303E-4	0.0	0.0	0.0	0.0	0.0	0.0	0.0	0.0	0.0	0.0	0.0	0.0	0.0	0.0	0.0	0.0010422	0.0	0.0	0.0	0.0	0.0	0.0	0.0	0.0	0.0	0.0	0.0	0.0	
Eastern Whip-poor-will	0.0	0.0	0.0	0.0	0.0	0.0	0.0	0.0	0.0	0.0	0.0	0.0	0.0	0.0	6.589E-4	0.0035804	7.071E-4	0.0017013	9.74E-5	2.606E-4	0.0	0.0	0.0	0.0	0.0	0.0	0.0	0.0	0.0	0.0	0.0	0.0	0.0037532	7.184E-4	0.0048255	0.0044294	0.0061444	0.0	0.0	1.38E-4	0.0	0.0	0.0	0.0	0.0	0.0	0.0	0.0	
nightjar sp.	0.0	0.0	0.0	0.0	0.0	0.0	0.0	0.0	0.0	0.0	0.0	0.0	0.0	0.0	0.0	0.0	0.0	7.73E-5	0.0	0.0	0.0	0.0	0.0	0.0	0.0	0.0	0.0	0.0	0.0	0.0	0.0	0.0	2.346E-4	0.0	0.0	1.303E-4	0.0	0.0	0.0	0.0	0.0	0.0	0.0	0.0	0.0	0.0	0.0	0.0	
Chimney Swift	0.0	0.0	0.0	0.0	0.0	0.0	0.0	0.0	0.0	0.0	0.0	1.499E-4	1.641E-4	6.761E-4	0.0175277	0.1357311	0.2882621	0.3329982	0.3737098	0.3896561	0.3456234	0.3110432	0.3056034	0.2931696	0.2768914	0.2726799	0.2672594	0.2697987	0.2875536	0.2741058	0.2430769	0.230893	0.1862538	0.2449713	0.2412739	0.2406201	0.1827957	0.1019363	0.0326854	0.0136646	0.0041099	0.0012291	5.207E-4	2.083E-4	0.0	0.0	0.0	0.0	
small swift sp.	0.0	0.0	0.0	0.0	0.0	0.0	0.0	0.0	0.0	0.0	0.0	0.0	0.0	0.0	0.0	0.0	0.0	0.0	0.0	0.0	0.0	0.0	0.0	0.0	0.0	0.0	0.0	0.0	0.0	0.0	0.0	0.0	0.0	0.0	1.608E-4	0.0	0.0	0.0	0.0	0.0	0.0015	0.0	0.0	0.0	0.0	0.0	0.0	0.0	
Ruby-throated Hummingbird	0.0	0.0	0.0	0.0	0.0	0.0	0.0	0.0	0.0	0.0	0.0	0.0	0.0	1.352E-4	1.318E-4	0.0153796	0.0414833	0.0487975	0.0321324	0.0195414	0.0067549	0.0042033	0.0034483	0.0015349	0.009264	0.0130344	0.0146444	0.0124161	0.0188841	0.0311042	0.0588034	0.1279163	0.1651419	0.2645474	0.2678141	0.1628452	0.0470046	0.012482	0.0166867	0.0060732	2.163E-4	0.0	0.0	0.0	0.0	0.0	0.0	0.0	
Black-chinned Hummingbird	0.0	0.0	0.0	0.0	0.0	0.0	0.0	0.0	0.0	0.0	0.0	0.0	0.0	0.0	0.0	0.0	0.0	0.0	0.0	0.0	0.0	0.0	0.0	0.0	0.0	0.0	0.0	0.0	0.0	0.0	0.0	0.0	0.0	0.0	0.0	0.0	0.0	0.0	0.0	0.0	0.0	0.0	0.0497266	0.0164583	0.0027108	0.0063072	0.0020361	0.0	
Calliope Hummingbird	0.0	0.0	0.0	0.0	0.0	0.0	0.0	0.0	0.0	0.0	0.0	0.0	0.0	0.0	0.0	0.0	0.0	0.0	0.0	0.0	0.0	0.0	0.0	0.0	0.0	0.0	0.0	0.0	0.0	0.0	0.0	0.0	0.0	0.0	0.0	0.0	0.0	0.0	0.0	0.0	0.0	0.0	0.0015	0.0015	0.0018072	6.307E-4	0.0017452	4.54E-4	
Rufous Hummingbird	0.003413	0.0027203	2.832E-4	0.0020227	0.0011768	0.0014085	7.748E-4	5.744E-4	0.0017227	0.0014364	0.0	0.0	0.0	0.0	0.0	0.0	0.0	0.0	0.0	0.0	0.0	0.0	0.0	0.0	0.0	0.0	0.0	0.0	0.0	0.0	0.0	0.0	0.0	0.0	0.0	0.0	0.0	0.0	0.0	0.0	0.0	4.916E-4	0.0023431	0.0	3.012E-4	6.307E-4	0.0029087	0.0015891	
Rufous/Allen's Hummingbird	0.0	0.0	0.0	0.0	0.0	0.0	0.0	0.0	0.0	0.0	0.0	0.0	0.0	0.0	0.0	0.0	0.0	0.0	0.0	0.0	0.0	0.0	0.0	0.0	0.0	0.0	0.0	0.0	0.0	0.0	0.0	0.0	0.0	0.0	0.0	0.0	0.0	0.0	0.0	0.0	0.0	2.458E-4	2.603E-4	0.0015	0.0	0.0	0.0015	0.0	
hummingbird sp.	0.0	0.0	0.0	0.0	0.0	0.0	0.0	0.0	0.0	0.0	0.0	0.0	0.0	0.0	0.0	0.0	0.0	0.0	0.0	0.0	0.0	0.0	0.0	0.0	0.0	0.0	0.0	0.0	0.0	0.0	0.0	0.0	0.0	0.0	1.608E-4	0.0	0.0	1.6E-4	0.0	0.0	0.0	0.0	0.0	0.0	0.0	0.0	0.0	0.0	
Clapper Rail	0.0	0.0	0.0	0.0	0.0	0.0	0.0	0.0	0.0	0.0	0.0	0.0	0.0	0.0	0.0	8.137E-4	1.571E-4	0.0034027	0.0	0.0	0.0	0.0	0.0	0.0	0.0	0.0	0.0	0.0	0.0	0.0	0.0	0.0	2.346E-4	0.0	0.0	0.0	0.0	0.0	0.0	0.0	0.0	0.0	0.0	0.0	0.0	0.0	0.0	0.0	
King/Clapper Rail	0.0	0.0	0.0	0.0	0.0	0.0	0.0	0.0	0.0	0.0	0.0	0.0	0.0	0.0	0.0	0.0	0.0	0.0	0.0	0.0015	0.0	0.0	0.0	0.0	0.0	0.0	0.0	0.0	0.0	0.0	0.0	0.0	0.0	0.0	0.0	0.0	0.0	0.0	0.0	0.0	0.0	0.0	0.0	0.0	0.0	0.0	0.0	0.0	
Virginia Rail	0.0015	0.0	0.0	0.0	0.0	0.0	0.0	0.0	0.0	0.0	0.0	0.0	0.0170688	0.0048682	0.0063258	0.0014647	0.0062854	7.73E-5	0.0	0.0	0.0	0.0	0.0	0.0	0.0	0.0	0.0	0.0	0.0	0.0	0.0	0.0	7.037E-4	0.0046695	1.608E-4	0.0042991	0.0079877	6.401E-4	0.0044727	0.0022084	0.0073545	0.0049164	0.0	0.0060417	0.0	0.0	0.0	0.0	
Sora	0.0	0.0	0.0	0.0	0.0	0.0	0.0	0.0	0.0	0.0	0.0	0.0	0.0	0.0015	0.0	0.0	0.0015713	0.0	0.0	1.303E-4	0.0	0.0	0.0	0.0	0.0	0.0	0.0	0.0	0.0	0.0	0.0	0.0	0.0046915	0.0019756	0.014959	0.0069046	0.003533	0.0073612	0.0053329	0.0022084	0.0017305	0.0	0.0	0.0	0.0	0.0	0.0	0.0	
Common Gallinule	0.0	0.0	0.0	0.0	0.0	0.0	0.0	0.0	0.0	0.0	0.0	0.0	0.0	0.0	1.318E-4	0.0	2.357E-4	0.0010053	4.869E-4	0.0	0.0	0.0	0.0015	0.0	0.0015	0.0	0.0	0.0	0.0	0.0	0.0	0.0	4.692E-4	1.796E-4	0.0	0.0	0.0	0.0	0.0	0.0	0.0	0.0	0.0	0.0	0.0	0.0	0.0	0.0	
American Coot	0.1832965	0.1512514	0.1968281	0.1856796	0.1691674	0.1473239	0.1180269	0.1177484	0.1059432	0.1098875	0.1030128	0.1005846	0.0866568	0.0604462	0.0397997	0.0233542	0.0031427	0.0045627	0.0016553	0.0018239	0.0	0.0	0.0	0.0	0.0	0.0	0.0	0.0	0.0	0.0	0.0	4.023E-4	7.037E-4	0.002694	0.0051472	0.003778	0.0061444	0.0086414	0.0172028	0.0408558	0.0893359	0.0966077	0.0848737	0.095	0.098494	0.0980763	0.0930774	0.1409762	
Purple Gallinule	0.0	0.0	0.0	0.0	0.0	0.0	0.0	0.0	0.0	0.0	0.0	0.0	0.0	0.0	0.0	0.0	0.0	0.0	0.0	0.0	0.0	0.0	0.0015	0.0	0.0	0.0	0.0	0.0	0.0	0.0	0.0	0.0	0.0	0.0	0.0	0.0	0.0	0.0	0.0	0.0	0.0064893	0.0	0.0	0.0	0.0	0.0	0.0	0.0	
rail/crake sp.	0.0	0.0	0.0	0.0	0.0	0.0	0.0	0.0	0.0	0.0	0.0	0.0	0.0	0.0	0.0	0.0	0.0	0.0	0.0	0.0	0.0	0.0	0.0	0.0	0.0	0.0	0.0	0.0	0.0	0.0	0.0	0.0	2.346E-4	8.98E-4	0.0	0.0	0.0	0.0	0.0	0.0	0.0	0.0	0.0	0.0	0.0	0.0	0.0	0.0	
Sandhill Crane	0.0015	0.0	0.0	0.0	0.0	0.0	0.0	2.872E-4	0.0	0.0	0.0	0.0	0.0	0.0	0.0	8.14E-5	0.0	0.0	0.0	0.0	0.0	0.0	0.0	0.0	0.0	0.0	0.0	0.0	0.0	0.0	0.0	0.0	0.0	0.0	0.0	0.0	0.0	0.0	1.72E-4	0.0	0.0	0.0	5.207E-4	2.083E-4	0.0015	0.0	0.0	0.0	
American Avocet	0.0	0.0	0.0	0.0	0.0	0.0	0.0	0.0	0.0	0.0	0.0	0.0	0.0	0.0	0.0	0.0	0.0	0.0	0.0	0.0	0.0	0.0	0.0	0.0	0.0	0.0	0.001046	0.0	0.0	0.0	0.0	0.0	0.0	0.0	0.0	0.0	0.0	0.0	0.0	0.0	0.0	0.0	0.0	0.0	0.0	0.0	0.0	0.0	
American Oystercatcher	0.0	0.0	0.0	0.0	0.0	0.0	0.0	0.0	0.0	0.0	2.215E-4	0.0011992	6.565E-4	2.705E-4	5.271E-4	1.627E-4	4.714E-4	3.867E-4	9.74E-5	5.211E-4	0.0	0.0026748	0.0012931	7.675E-4	0.0	0.0010428	0.0	0.0013423	8.584E-4	0.0	6.838E-4	0.0	0.0	0.0	0.0	0.0	0.0	0.0	0.0	2.761E-4	0.0	0.0	0.0	0.0	0.0	0.0	0.0	0.0	
Black-bellied Plover	0.0	0.0	0.0	0.0	0.0	0.0	0.0	0.0	0.0	0.0	0.0	0.0	0.0	0.0	0.0	0.0	7.86E-5	0.0	2.921E-4	5.211E-4	0.0	0.0	0.0	0.0	0.0	0.0	0.0	0.0	0.0	3.888E-4	0.0	2.011E-4	0.0	1.796E-4	0.0	1.303E-4	0.0	3.201E-4	1.72E-4	1.38E-4	0.0	0.0	0.0	0.0	0.0	0.0	0.0	0.0	
American Golden-Plover	0.0	0.0	0.0	0.0	0.0	0.0	0.0	0.0	0.0	0.0	0.0	0.0	0.0	0.0	0.0	0.0	0.0	0.0	0.0	0.0	0.0	0.0	0.0	0.0	0.0	0.0	0.0	0.0	0.0	0.0	0.0	0.0	2.346E-4	0.0	1.608E-4	2.606E-4	0.0	0.0049608	1.72E-4	0.0	0.0	0.0	0.0	0.0	0.0	0.0	0.0	0.0	
Killdeer	0.0024092	0.0046246	0.0104786	0.0012136	0.002942	0.0059155	0.0059401	0.0201034	0.0226816	0.0220254	0.0254763	0.0191875	0.0150993	0.0133874	0.0147601	0.0126129	0.0151634	0.0139974	0.0205453	0.0326993	0.0315227	0.035919	0.0456897	0.0460476	0.0488935	0.052659	0.0617155	0.0600671	0.0656652	0.0466563	0.0362393	0.0251408	0.02768	0.016523	0.0156024	0.019802	0.0147465	0.0208033	0.0099776	0.0082816	0.0064893	0.0049164	0.0039052	0.0045833	0.0024096	0.0037843	0.0029087	0.0036322	
Semipalmated Plover	0.0	0.0	0.0	0.0	0.0	0.0	0.0	0.0	0.0	0.0	0.0	0.0	0.0	0.0	0.0	8.14E-5	7.86E-5	0.0	0.0012658	3.908E-4	2.815E-4	0.0	0.0	0.0	0.0	0.0	0.0	0.004698	0.0107296	0.0066096	0.008547	0.0044248	0.0042224	0.0010776	4.825E-4	0.0032569	0.0013825	3.201E-4	0.0	0.0	0.0	0.0	0.0	0.0	0.0	0.0	0.0	0.0	
small plover sp.	0.0	0.0	0.0	0.0	0.0	0.0	0.0	0.0	0.0	0.0	0.0	0.0	0.0	0.0	0.0	0.0	0.0	0.0	0.0	0.0	0.0	0.0	0.0	0.0	0.0	5.214E-4	0.0	0.0	0.0	0.0	3.419E-4	0.0	0.0	0.0	1.608E-4	0.0	0.0	0.0	0.0	0.0	0.0	0.0	0.0	0.0	0.0	0.0	0.0	0.0	
plover sp.	0.0	0.0	0.0	0.0	0.0	0.0	0.0	0.0	0.0	0.0	0.0	0.0	0.0	0.0	0.0	0.0	0.0	0.0	0.0	0.0	0.0	0.0	0.0	0.0	0.0	0.0	0.0	0.0	0.0	0.0	0.0	0.0	0.0015	0.0	0.0	0.0	0.0	0.0	0.0	0.0	0.0	0.0	0.0	0.0	0.0	0.0	0.0	0.0	
Upland Sandpiper	0.0	0.0	0.0	0.0	0.0	0.0	0.0	0.0	0.0	0.0	0.0	0.0	0.0	0.0	0.0	0.0	0.0	0.0	0.0	0.0	0.0	0.0	0.0	0.0	0.0	0.0	0.0	0.0	0.0015	0.0	0.0	0.0015	0.0015	1.796E-4	0.0	0.0	0.0	0.0	0.0	0.0	0.0	0.0	0.0	0.0	0.0	0.0	0.0	0.0	
Hudsonian Whimbrel	0.0	0.0	0.0	0.0	0.0	0.0	0.0	0.0	0.0	0.0	0.0	0.0	0.0	0.0	0.0	0.0	0.0	7.73E-5	9.74E-5	0.0	0.0	0.0	0.0	0.0	0.0	0.0	0.0	0.0	0.0	0.001944	0.0	2.011E-4	0.0	0.0	0.0	0.0011725	0.0	0.0	0.0	0.0	0.0	0.0	0.0	0.0	0.0	0.0	0.0	0.0	
Hudsonian Godwit	0.0	0.0	0.0	0.0	0.0	0.0	0.0	0.0	0.0	0.0	0.0	0.0	0.0	0.0	0.0	0.0	0.0	0.0	0.0	0.0	0.0	0.0	0.0	0.0	0.0	0.0	0.0	0.0	0.0	0.0	0.0	2.011E-4	0.0	0.0	0.0	0.0	0.0	0.0	0.0	0.0	0.0	0.0	0.0	0.0	0.0	0.0	0.0	0.0	
Short-billed Dowitcher	0.0	0.0	0.0	0.0	0.0	0.0	0.0	0.0	0.0	0.0	0.0	0.0	0.0	0.0	0.0	0.0	0.0	0.0	3.895E-4	1.303E-4	0.0	0.0	0.0	0.0	0.0	0.0	0.0	0.0	0.0017167	0.0	0.0	0.0	0.0	0.0	0.0	0.0	0.0	0.0	0.0	0.0	0.0	0.0	0.0	0.0	0.0	0.0	0.0	0.0	
Long-billed Dowitcher	0.0	0.0	0.0	0.0	0.0	0.0	0.0	0.0	0.0	0.0	0.0	0.0	0.0	0.0	0.0	8.14E-5	0.0	0.0	0.0	0.0	0.0	0.0	0.0	0.0	0.0	0.0	0.0	0.0	0.0	0.0	0.0	0.0	0.0	0.0	0.0	0.0	0.0	4.801E-4	0.0	0.0	0.0	0.0	0.0	0.0	0.0	0.0	0.0	0.0	
Short-billed/Long-billed Dowitcher	0.0	0.0	0.0	0.0	0.0	0.0	0.0	0.0	0.0	0.0	0.0	0.0	0.0	0.0	0.0	0.0	0.0	0.0	0.0	0.0	0.0	0.0	0.0	0.0	0.0	0.0	0.0	3.356E-4	0.0	0.0	0.0	0.0	0.0	0.0	0.0	0.0	0.0	0.0	0.0	0.0	0.0	0.0	0.0	0.0	0.0	0.0	0.0	0.0	
American Woodcock	0.0058221	0.0038085	0.0053809	2.023E-4	5.884E-4	0.0039437	0.0061983	0.0206778	0.0648866	0.0904956	0.0941515	0.0371758	0.0315116	0.0189317	0.0067211	0.0030922	0.0033784	0.0017787	0.0093476	0.0041688	0.0106952	0.0095529	0.0038793	0.0015	0.0010293	0.0010428	5.23E-4	0.0	0.0	7.776E-4	0.0010256	2.011E-4	0.0015	3.592E-4	1.608E-4	0.0015	1.536E-4	0.0012802	0.0030965	0.0110421	0.0069219	0.0108161	0.011195	0.0047917	0.0051205	0.004415	0.0034904	0.0029512	
Wilson's Snipe	0.0	0.0	0.0	0.0	0.0067667	0.0	0.0	0.0	2.871E-4	4.788E-4	0.0135135	0.0028481	0.0072214	0.0036511	3.954E-4	0.0034177	0.0015	0.0	0.0	0.0	0.0	0.0	0.0	0.0	0.0	0.0	0.0	0.0	0.0	3.888E-4	0.0	0.003218	0.0	0.0012572	0.0	0.0	6.144E-4	0.0033605	0.0013762	8.282E-4	8.652E-4	2.458E-4	0.0015	6.25E-4	0.0	0.0	0.0	0.0	
Red Phalarope	0.0	0.0	0.0	0.0	0.0	0.0	0.0	0.0	0.0	0.0	0.0	0.0	0.0	0.0	0.0	8.14E-5	0.0	0.0	0.0	0.0	0.0	0.0	0.0	0.0	0.0	0.0	0.0	0.0	0.0	0.0	0.0	0.0	0.0	0.0075431	0.0	0.0	1.536E-4	0.0	0.0	2.761E-4	0.0	0.0	0.0	0.0	0.0	0.0	0.0	0.0	
Red-necked Phalarope	0.0	0.0	0.0	0.0	0.0	0.0	0.0	0.0	0.0	0.0	0.0	0.0	0.0	0.0	0.0	0.0	0.0	7.73E-5	0.0	0.0	0.0	0.0	0.0	0.0	0.0	0.0	0.0	0.0	0.0	3.888E-4	0.0010256	2.011E-4	0.0	0.0	0.0	0.0	0.0	0.0	0.0	0.0	0.0	0.0	0.0	0.0	0.0	0.0	0.0	0.0	
phalarope sp.	0.0	0.0	0.0	0.0	0.0	0.0	0.0	0.0	0.0	0.0	0.0	0.0	0.0	0.0	0.0	0.0	0.0	0.0	0.0	0.0	0.0	0.0	0.0	0.0	0.0	0.0	0.0	0.0	0.0	0.0	3.419E-4	0.0	0.0	0.0	0.0	0.0	0.0	0.0	0.0	0.0	0.0	0.0	0.0	0.0	0.0	0.0	0.0	0.0	
Spotted Sandpiper	0.0	0.0	0.0	0.0	0.0	0.0	0.0	0.0	0.0	0.0	0.0	0.0	1.641E-4	1.352E-4	0.0022404	0.0164375	0.0506757	0.0611708	0.0548199	0.0224075	0.0070363	0.0011464	8.621E-4	0.0026861	0.0082347	0.0187696	0.0376569	0.0473154	0.0592275	0.0458787	0.0444444	0.0353982	0.0241614	0.0161638	0.0123854	0.0088588	0.0089094	0.0052808	0.0020643	0.0020704	0.0010815	4.916E-4	2.603E-4	0.0	0.0	0.0	0.0	0.0	
Solitary Sandpiper	0.0	0.0	0.0	0.0	0.0	0.0	0.0	0.0	0.0	0.0	0.0	0.0	0.0	0.0	2.636E-4	0.0074864	0.0372407	0.0573042	0.0224927	0.0027358	0.0	0.0	0.0	0.0	0.0	0.0	0.0020921	0.009396	0.0064378	0.0124417	0.0191453	0.0390185	0.0623974	0.0384339	0.0411774	0.0170662	0.0127496	0.0019203	8.601E-4	1.38E-4	0.0	0.0	0.0	0.0	0.0	0.0	0.0	0.0	
Lesser Yellowlegs	0.0	0.0	0.0	0.0	0.0	0.0	0.0	0.0	0.0	0.0	0.0	0.0	1.641E-4	0.0	1.318E-4	4.882E-4	4.714E-4	3.093E-4	4.869E-4	1.303E-4	0.0	0.0	0.0	0.0	0.0	5.214E-4	0.0	0.0010067	0.0051502	0.0027216	0.0034188	0.001609	0.0039878	0.0016164	0.0024127	0.001433	0.0	9.602E-4	0.0	0.0	0.0	0.0	0.0	0.0	0.0	0.0	0.0	0.0	
Willet	0.0	0.0	0.0	0.0	0.0	0.0	0.0	0.0	0.0	0.0	0.0	0.0	0.0	0.0	0.0	3.255E-4	0.0	7.73E-5	0.0	0.0	0.0	0.0	0.0	0.0	0.0	5.214E-4	0.0	0.0	0.0	0.0	0.0	2.011E-4	0.0	0.0	1.608E-4	0.0	0.0	0.0	0.0	0.0	0.0	0.0	0.0	0.0	0.0	0.0	0.0	0.0	
Greater Yellowlegs	0.0	0.0	0.0	0.0	0.0	0.0	0.0	0.0	0.0	0.0	0.0	1.499E-4	6.565E-4	1.352E-4	6.589E-4	0.002604	0.0021999	0.002088	0.0010711	1.303E-4	0.0	0.0	0.0	0.0	0.0	0.0	0.0	0.0016779	0.0051502	0.005832	0.0167521	0.0024135	0.0014075	0.0014368	0.0012868	0.0010422	0.0	6.401E-4	0.0	1.38E-4	4.326E-4	0.0	0.0	0.0	0.0	3.154E-4	0.0	0.0	
Lesser/Greater Yellowlegs	0.0	0.0	0.0	0.0	0.0	0.0	0.0	0.0	0.0	0.0	0.0	0.0	0.0	0.0	1.318E-4	0.0	0.0	0.0	0.0	0.0	0.0	0.0	0.0	0.0	0.0	0.0	0.0	0.0	0.0	3.888E-4	6.838E-4	6.034E-4	4.692E-4	0.0	1.608E-4	0.0	0.0	0.0	0.0	0.0	0.0	0.0	0.0	0.0	0.0	0.0	0.0	0.0	
Tringa sp.	0.0	0.0	0.0	0.0	0.0	0.0	0.0	0.0	0.0	0.0	0.0	0.0	0.0	0.0	0.0	8.14E-5	0.0	7.73E-5	9.74E-5	0.0	0.0	0.0	0.0	0.0	0.0	0.0	0.0	0.0	0.0	0.0	0.0	0.0	0.0	3.592E-4	1.608E-4	0.0	0.0	1.6E-4	0.0	0.0	0.0	0.0	0.0	0.0	0.0	0.0	0.0	0.0	
Ruddy Turnstone	6.023E-4	0.0	0.0	0.0	0.0	0.0	0.0	2.872E-4	0.0	0.0	0.0	2.998E-4	3.282E-4	0.0	0.0	0.0	0.0	0.0	1.947E-4	0.0	0.0	0.0	0.0	0.0	0.0	0.0	0.0	3.356E-4	0.0	3.888E-4	0.0	2.011E-4	0.0	1.796E-4	0.0	0.0	0.0	0.0	0.0	0.0	0.0	0.0	0.0010414	8.333E-4	0.0	0.0040997	0.0017452	0.0022701	
Red Knot	0.0	0.0	0.0	0.0	0.0	0.0	0.0	0.0	0.0	0.0	0.0	0.0	0.0	0.0	0.0	0.0	0.0	0.0	0.0	0.0	0.0	0.0	0.0	0.0	0.0	0.0	0.0	0.0	0.0	0.0	0.0	2.011E-4	0.0	0.0	0.0	0.0	0.0	0.0	0.0	0.0	0.0	0.0	0.0	0.0	0.0	0.0	0.0	0.0	
Stilt Sandpiper	0.0	0.0	0.0	0.0	0.0	0.0	0.0	0.0	0.0	0.0	0.0	0.0	0.0	0.0	0.0	0.0	0.0	0.0	0.0	0.0	0.0	0.0	0.0	0.0	0.0	0.0	0.0	0.0	0.0	3.888E-4	0.0	0.0	0.0	0.0	0.0	0.0	0.0	0.0	0.0	0.0	0.0	0.0	0.0	0.0	0.0	0.0	0.0	0.0	
Buff-breasted Sandpiper	0.0	0.0	0.0	0.0	0.0	0.0	0.0	0.0	0.0	0.0	0.0	0.0	0.0	0.0	0.0	0.0	0.0	0.0	0.0	0.0	0.0	0.0	0.0	0.0	0.0	0.0	0.0	0.0	0.0	0.0	0.0	0.0	0.0	0.0	0.0040212	0.0031266	0.0	0.0	0.0	0.0	0.0	0.0	0.0	0.0	0.0	0.0	0.0	0.0	
Sanderling	0.0	0.0	0.0	0.0	0.0	0.0	0.0	0.0	0.0	0.0	0.0	0.0	0.0	0.0	0.0	0.0	0.0	0.0	0.0	1.303E-4	0.0	0.0	0.0	0.0	0.0	0.0	0.0	6.711E-4	0.0012876	7.776E-4	3.419E-4	0.0014079	0.0014075	1.796E-4	3.217E-4	0.0	0.0	0.0	0.0	5.521E-4	0.0	0.0	0.0	0.0	0.0	0.0	0.0	0.0	
Dunlin	4.015E-4	2.72E-4	0.0	0.0	0.0	0.0	0.0	0.0	0.0	0.0	0.0	0.0	0.0	0.0	0.0	0.0	0.0	0.0	9.74E-5	0.0	0.0	0.0	0.0	0.0	0.0	0.0	0.0	0.0	0.0	0.0	0.0	0.0	0.0	0.0	0.0014476	0.0	0.0	0.0	1.72E-4	9.662E-4	0.0	0.0	0.0	0.0	0.0	0.0	0.0	4.54E-4	
Purple Sandpiper	0.0058221	0.0087051	0.0039649	0.003034	0.0047073	0.0030986	0.0023244	0.0037335	0.0031582	0.0016758	0.0031015	0.0011992	9.847E-4	0.0016227	3.954E-4	0.0013834	0.0021213	0.001392	5.842E-4	0.0	0.0	0.0	0.0	0.0	0.0	0.0	0.0	0.0	0.0	0.0	0.0	0.0	0.0	0.0	0.0	0.0	0.0	0.0	0.0	0.0	0.0	0.0	0.0	2.083E-4	0.001506	0.0050457	0.0069808	0.0063564	
White-rumped Sandpiper	0.0	0.0	0.0	0.0	0.0	0.0	0.0	0.0	0.0	0.0	0.0	0.0	0.0	0.0	0.0	0.0	0.0	0.0	0.0	0.0	0.0	0.0	0.0	0.0	0.0	0.0	0.0	0.0015	0.0	0.0034992	0.0	0.0	0.0	0.0	0.0	1.303E-4	1.536E-4	0.0	0.0	0.0	0.0	0.0	0.0	0.0	0.0	0.0	0.0	0.0	
Least Sandpiper	0.0	0.0	0.0	0.0	0.0	0.0	0.0	0.0	0.0	0.0	0.0	0.0	0.0	0.0	1.318E-4	6.51E-4	0.0037712	0.005104	0.0064265	0.001433	0.0	0.0	0.0	0.0	0.0010293	0.012513	0.0266736	0.0234899	0.0472103	0.0384914	0.0417094	0.0384151	0.0206427	0.0071839	0.0043429	0.0035175	9.217E-4	0.0	0.0	0.0	0.0	0.0	0.0	0.0	0.0	0.0	0.0	0.0	
Pectoral Sandpiper	0.0	0.0	0.0	0.0	0.0	0.0	0.0	0.0	0.0	0.0	0.0	0.0	0.0	0.0	0.0	0.0	0.0	0.0	0.0	0.0	0.0	0.0	0.0	0.0	0.0	0.0	0.0	3.356E-4	4.292E-4	0.0011664	0.0	0.0	4.692E-4	0.0	9.651E-4	0.0065138	0.0015	0.0	0.0	0.0	0.0	0.0	0.0	0.0	0.0	0.0	0.0	0.0	
Western Sandpiper	0.0	0.0	0.0	0.0	0.0	0.0	0.0	0.0	0.0	0.0	0.0	0.0	0.0	0.0	0.0	0.0	0.0	0.0	0.0	0.0	0.0	0.0	0.0	0.0	0.0	0.0	0.0	0.0	0.0	0.0	0.0	0.0	0.0015	0.0	0.0	0.0	0.0	0.0	0.0	0.0	0.0	0.0	0.0	0.0	0.0	0.0	0.0	0.0	
Semipalmated Sandpiper	0.0	0.0	0.0	0.0	0.0	0.0	0.0	0.0	0.0	0.0	0.0	0.0	0.0	0.0	0.0	3.255E-4	7.86E-5	3.867E-4	0.0019474	0.0010422	0.0022516	3.821E-4	0.0	0.0	0.0025733	0.0010428	0.0041841	0.0167785	0.039485	0.031493	0.0208547	0.0197104	0.0117288	0.0082615	0.0080425	0.006123	0.0019969	0.0	3.441E-4	0.0	0.0	0.0	0.0	0.0	0.0	0.0	0.0	0.0	
peep sp.	0.0	0.0	0.0	0.0	0.0	0.0	0.0	0.0	0.0	0.0	0.0	0.0	0.0	0.0	0.0	3.255E-4	7.071E-4	4.64E-4	7.79E-4	2.606E-4	0.0	0.0	0.0	0.0	0.0	0.0015641	0.0041841	0.007047	0.0111588	0.0062208	0.0044444	0.0042237	4.692E-4	5.388E-4	9.651E-4	5.211E-4	1.536E-4	0.0	0.0	0.0	0.0	0.0	0.0	0.0	0.0	0.0	0.0	0.0	
Calidris sp.	0.0	0.0	0.0	0.0	0.0	0.0	0.0	0.0	0.0	0.0	0.0	0.0	0.0	0.0	0.0	0.0	0.0	0.0	0.0	1.303E-4	0.0	0.0	0.0	0.0	0.0	0.0	0.0	6.711E-4	0.0	0.0015	6.838E-4	0.0	2.346E-4	1.796E-4	0.0	0.0	0.0	0.0	0.0	0.0	0.0	0.0	0.0	0.0	0.0	0.0	0.0	0.0	
Scolopacidae sp.	0.0	0.0	0.0	0.0	0.0	0.0	0.0	0.0	0.0	0.0	0.0	0.0	0.0	0.0	0.0	0.0	0.0	7.73E-5	0.0	0.0	0.0	0.0	0.0	0.0	0.0	0.0	0.0	0.0	0.0	3.888E-4	0.0	0.0	0.0	0.0	0.0	0.0	0.0	0.0	0.0	0.0	0.0	0.0	0.0	0.0	0.0	0.0	0.0	0.0	
large shorebird sp.	4.015E-4	0.0	0.0	0.0	0.0	0.0	0.0	0.0	0.0	0.0	2.215E-4	0.0	0.0	1.352E-4	0.0	0.0	0.0	7.73E-5	9.74E-5	0.0	0.0	0.0	0.0	0.0	0.0	0.0	0.0	0.0	0.0	0.0	0.0	0.0	0.0015	0.0	1.608E-4	0.0	0.0	3.201E-4	1.72E-4	0.0	2.163E-4	0.0	0.0	0.0	0.0	0.0	0.0	0.0	
shorebird sp.	2.008E-4	2.72E-4	0.0	0.0	0.0	0.0	0.0	0.0	0.0	2.394E-4	6.646E-4	0.0	1.641E-4	0.0	3.954E-4	4.069E-4	9.428E-4	5.413E-4	6.816E-4	7.817E-4	0.0014073	0.0015	8.621E-4	0.0	0.0	0.0026069	0.0026151	0.0057047	0.0081545	0.0046656	0.0047863	0.0012068	4.692E-4	0.0025144	4.825E-4	9.119E-4	4.608E-4	6.401E-4	3.441E-4	8.282E-4	6.489E-4	0.0	0.0	0.0	0.0	3.154E-4	0.0	0.0	
Parasitic Jaeger	0.0	0.0	0.0	0.0	0.0	0.0	0.0	0.0	0.0	0.0	0.0	0.0	0.0	0.0	0.0	0.0	0.0	0.0	0.0	0.0	0.0	0.0	0.0	0.0	0.0	0.0	0.0	0.0	0.0	0.0	0.0	0.0	0.0	0.0	0.0	0.0	0.0	0.0	0.0	1.38E-4	0.0	0.0	0.0	0.0	0.0	0.0	0.0	0.0	
Pomarine Jaeger	0.0	0.0	0.0	0.0	0.0	0.0	0.0	0.0	0.0	0.0	0.0	0.0	0.0	0.0	0.0	0.0	0.0	0.0	0.0	0.0	0.0	0.0	0.0	0.0	0.0	0.0	0.0	0.0	0.0	0.0	0.0	0.0	0.0	0.0	0.0	0.0	0.0	0.0	0.0	5.521E-4	0.0	0.0	0.0	0.0	0.0	0.0	0.0	0.0	
Parasitic/Pomarine Jaeger	0.0	0.0	0.0	0.0	0.0	0.0	0.0	0.0	0.0	0.0	0.0	0.0	0.0	0.0	0.0	0.0	0.0	0.0	0.0	0.0	0.0	0.0	0.0	0.0	0.0	0.0	0.0	0.0	0.0	0.0	0.0	0.0	0.0	0.0	0.0	0.0	0.0	0.0	0.0	1.38E-4	0.0	0.0	0.0	0.0	0.0	0.0	0.0	0.0	
South Polar Skua	0.0	0.0	0.0	0.0	0.0	0.0	0.0	0.0	0.0	0.0	0.0	0.0	0.0	0.0	0.0	0.0	0.0	0.0	0.0	0.0	0.0	0.0	0.0	0.0	0.0	0.0	0.0	0.0	8.584E-4	0.0	0.0	0.0	0.0	0.0	0.0	0.0	0.0	0.0	0.0	0.0	0.0	0.0	0.0	0.0	0.0	0.0	0.0	0.0	
jaeger sp.	0.0	0.0	0.0	0.0	0.0	0.0	0.0	0.0	0.0	0.0	0.0	0.0	0.0	0.0	0.0	0.0	0.0	0.0	0.0	0.0	0.0	0.0	0.0	0.0	0.0	0.0	0.0	0.0	0.0	0.0	0.0	0.0	0.0	0.0	0.0	0.0	0.0	0.0	0.0	2.761E-4	0.0	0.0	0.0	0.0	0.0	0.0	0.0	0.0	
Razorbill	0.0	0.0	0.0	0.0	2.942E-4	0.0	0.0	0.0	2.871E-4	0.0	0.0	2.998E-4	0.0	0.0	0.0	0.0	0.0	0.0	0.0	0.0	0.0	0.0	0.0	0.0	0.0	0.0	0.0	0.0	0.0	0.0	0.0	0.0	0.0	0.0	0.0	0.0	0.0	0.0	0.0	0.0	0.0	0.0	0.0	0.0	0.0	0.0	0.0	0.0	
Dovekie	0.0	0.0	0.0	0.0	0.0	0.0	0.0	0.0	0.0	0.0	0.0	0.0	0.0	0.0	0.0	0.0	0.0	0.0	0.0	0.0	0.0	0.0	0.0	0.0	0.0	0.0	0.0	0.0	0.0	0.0	0.0	0.0	0.0	0.0	0.0	0.0	0.0	0.0	0.0	0.0	0.0	0.0	0.0015	0.0	0.0	0.0	0.0	0.0	
Little Gull	0.0	0.0	0.0	0.0	0.0	0.0	0.0	0.0	0.0	0.0	0.0	0.0	0.0	0.0	0.0	0.0	1.571E-4	0.0	0.0	0.0	0.0	0.0	0.0	0.0	0.0	0.0	0.0	0.0	0.0	0.0	0.0	0.0	0.0	0.0	0.0	0.0	0.0	0.0	0.0	0.0	0.0	0.0	0.0	0.0	0.0	0.0	0.0	0.0	
Black-legged Kittiwake	0.0	0.0	0.0	0.0015	0.0	0.0	0.0	0.0	0.0	0.0	0.0	0.0	0.0	0.0	0.0	0.0	0.0	0.0	0.0	0.0	0.0	0.0	0.0	0.0	0.0	0.0	0.0	0.0	0.0	0.0	0.0	0.0	0.0	0.0	0.0	0.0	0.0	0.0	0.0	0.0	2.163E-4	4.916E-4	0.0	0.0	0.0	0.0	0.0	2.27E-4	
Bonaparte's Gull	0.003413	0.0021763	0.0036817	0.0016181	8.826E-4	2.817E-4	0.0	2.872E-4	0.0	2.394E-4	0.0	7.495E-4	4.924E-4	9.466E-4	2.636E-4	3.255E-4	0.0034569	1.547E-4	0.0	0.0	0.0	3.821E-4	0.0	0.0	0.0	0.0	0.0	3.356E-4	0.0	0.0	0.0	0.0	0.0	1.796E-4	0.0	0.0	1.536E-4	8.001E-4	0.0	0.0019324	0.0036773	0.004179	5.207E-4	4.167E-4	0.0	0.0012614	8.726E-4	4.54E-4	
Black-headed Gull	0.0030114	2.72E-4	0.0062305	0.0042476	0.0091203	0.0015	2.583E-4	0.0025847	8.613E-4	2.394E-4	0.0064245	0.0022485	1.641E-4	0.0	0.0015	0.0	0.0	0.0015	0.0	0.0	0.0	0.0	0.0	0.0	0.0	0.0	0.0	0.0	0.0	0.0	0.0	0.0	0.0	0.0	0.0	0.0	0.0	0.0	0.0	0.0	0.0	2.458E-4	7.81E-4	2.083E-4	0.0	6.307E-4	5.817E-4	0.0043133	
Chroicocephalus sp.	0.0	0.0	0.0	0.0	0.0	0.0	0.0	0.0	0.0	0.0	0.0	0.0	0.0	0.0	0.0	0.0	0.0	0.0	0.0	0.0	0.0	0.0	0.0	0.0	0.0	0.0	0.0	0.0	0.0	0.0	0.0	0.0	0.0	0.0	0.0	0.0	0.0	0.0	0.0	0.0	0.0	0.0	0.0	0.0	3.012E-4	0.0	0.0	0.0	
Laughing Gull	0.0	0.0	0.0	0.0	0.0	0.0	0.0	0.0	2.871E-4	0.0	4.431E-4	0.001499	0.0083703	0.0170385	0.022272	0.0282366	0.0403048	0.0381254	0.0420643	0.0498958	0.1007599	0.0901796	0.1068966	0.1212586	0.1405044	0.1433785	0.1631799	0.1473154	0.1484979	0.1205288	0.0847863	0.081255	0.0609899	0.0434626	0.0413383	0.0562793	0.0539171	0.0475276	0.0385343	0.0440304	0.0380705	0.023353	0.0190055	0.0052083	0.0012048	6.307E-4	0.0	4.54E-4	
Franklin's Gull	0.0	0.0	0.0	0.0	0.0	0.0	0.0	0.0	0.0	0.0	0.0	0.0	0.0	0.0	0.0	0.0	0.0	0.0	0.0	0.0	0.0	0.0	0.0	0.0	0.0	0.0	0.0	0.0	0.0	0.0	0.0	0.0	0.0	0.0	0.0	0.0	0.0	0.0	0.0	0.0	0.0	4.916E-4	0.0	0.0	0.0	0.0	0.0	0.0	
Short-billed Gull	0.0030114	0.0	0.0042481	4.045E-4	0.0	0.0	0.0	0.0	0.0	0.0	0.0	0.0	0.0	0.0	0.0	0.0	0.0	0.0	0.0	0.0	0.0	0.0	0.0	0.0	0.0	0.0	0.0	0.0	0.0	0.0	0.0	0.0	0.0	0.0	0.0	0.0	0.0	0.0	0.0	0.0	0.0	0.0	0.0	0.0	0.0	0.0	5.817E-4	0.0020431	
Ring-billed Gull	0.4175868	0.4015234	0.4384027	0.4294094	0.4374816	0.4152113	0.3757748	0.4075244	0.3634798	0.3337323	0.3203367	0.280018	0.2163138	0.1853955	0.1676331	0.1482627	0.1366279	0.1229603	0.1150925	0.107999	0.1491697	0.1188384	0.1310345	0.1450499	0.1580031	0.2127216	0.2730126	0.2812081	0.3171674	0.2838258	0.2222222	0.2306919	0.194464	0.1605603	0.1687309	0.1921574	0.2052227	0.2243559	0.2525374	0.2819876	0.3162449	0.3266962	0.323874	0.3377083	0.3412651	0.3705456	0.3787086	0.4077185	
American Herring Gull	0.3314595	0.3090316	0.3395639	0.3327265	0.3377464	0.3115493	0.2871901	0.2949454	0.2667241	0.2434762	0.2410279	0.2239544	0.2008863	0.1931034	0.1931998	0.1861014	0.1986172	0.1889258	0.185297	0.2033611	0.2552772	0.2579289	0.2719828	0.3104375	0.3134328	0.3258603	0.3394351	0.3077181	0.3253219	0.3059876	0.2649573	0.2705149	0.2334037	0.216056	0.2190767	0.2357999	0.2359447	0.2514002	0.2549458	0.2880607	0.3006706	0.2881023	0.2941942	0.2814583	0.2725904	0.2932829	0.2920303	0.3112372	
Great Black-backed Gull	0.2856856	0.2709467	0.3033135	0.2993528	0.2956752	0.2656338	0.2376033	0.2530155	0.2236578	0.1917644	0.1909615	0.1771848	0.1486952	0.1287356	0.1253295	0.1038327	0.1020585	0.1025443	0.1077897	0.1272798	0.182944	0.1822698	0.1771552	0.1972371	0.1945445	0.2221064	0.2248954	0.1939597	0.2064378	0.1963453	0.1651282	0.1727675	0.1320666	0.1081178	0.1117903	0.1150339	0.1222734	0.1341015	0.1470841	0.1910283	0.2256111	0.2350049	0.2134861	0.2216667	0.2066265	0.2172816	0.2280396	0.2503973	
Glaucous Gull	4.015E-4	0.0054407	0.0045313	0.0074838	0.0085319	8.451E-4	7.748E-4	2.872E-4	8.613E-4	2.394E-4	2.215E-4	0.0	1.641E-4	0.0013523	0.0015	8.14E-5	7.86E-5	0.0	0.0	0.0	0.0	0.0	0.0	0.0	0.0	0.0	0.0	0.0	0.0	0.0	0.0	0.0	0.0	0.0	0.0	0.0	0.0	0.0	0.0	0.0	0.0	0.0	0.0	0.0	3.012E-4	0.0031536	0.0	0.0011351	
American Herring x Glaucous Gull (hybrid)	0.0	0.0	0.0	0.0	0.0	0.0	0.0	0.0	0.0	0.0	0.0	0.0	3.282E-4	0.0	0.0	0.0	0.0	0.0	0.0	0.0	0.0	0.0	0.0	0.0	0.0	0.0	0.0	0.0	0.0	0.0	0.0	0.0	0.0	0.0	0.0	0.0	0.0	0.0	0.0	0.0	0.0	0.0	0.0	0.0	0.0	0.0	0.0	0.0	
Lesser Black-backed Gull	0.0014053	5.441E-4	8.496E-4	0.0091019	0.0220653	0.0140845	5.165E-4	5.744E-4	0.0011484	7.182E-4	2.215E-4	0.0010493	1.641E-4	0.0	3.954E-4	0.0015	0.0	0.0	2.921E-4	0.0	0.0	0.0	0.0	0.0	0.0	0.0	0.0	3.356E-4	8.584E-4	3.888E-4	0.0	6.034E-4	0.0	0.0	0.0	0.001433	1.536E-4	3.201E-4	5.161E-4	8.282E-4	6.489E-4	9.833E-4	7.81E-4	4.167E-4	3.012E-4	9.461E-4	8.726E-4	0.0022701	
Slaty-backed Gull	0.0	0.0	0.0	0.0016181	0.0188291	0.0146479	0.0	0.0	0.0	0.0	0.0	0.0	0.0	0.0	0.0	0.0	0.0	0.0	0.0	0.0	0.0	0.0	0.0	0.0	0.0	0.0	0.0	0.0	0.0	0.0	0.0	0.0	0.0	0.0	0.0	0.0	0.0	0.0	0.0	0.0	0.0	0.0	0.0	0.0	0.0	0.0	0.0	0.0	
Iceland Gull	0.0054206	0.0059848	0.017842	0.0155744	0.0323625	0.023662	0.0046488	0.0020103	0.002584	0.001197	4.431E-4	8.994E-4	0.0029542	0.0015	3.954E-4	0.0	0.0	7.73E-5	9.74E-5	0.0	0.0	0.0	0.0	0.0	0.0	0.0	0.0	0.0	0.0	0.0	0.0	0.0	0.0	0.0	0.0	0.0	0.0	0.0	0.0	1.38E-4	2.163E-4	2.458E-4	0.0	2.083E-4	3.012E-4	0.0018921	0.0020361	0.0045403	
American Herring/Iceland Gull	0.0	0.0	0.0	0.0	0.0	2.817E-4	0.0	0.0	0.0	0.0	0.0	0.0	0.0	0.0	0.0	0.0	0.0	0.0	0.0	0.0	0.0	0.0	0.0	0.0	0.0	0.0	0.0	0.0	0.0	0.0	0.0	0.0	0.0	0.0	0.0	0.0	0.0	0.0	0.0	0.0	0.0	0.0	0.0	0.0	0.0	0.0	0.0	0.0	
Larus sp.	0.0269022	0.0193145	0.0209572	0.016788	0.0203001	0.0174648	0.0154959	0.0166571	0.0186621	0.0155614	0.0163934	0.0127417	0.0095191	0.0120352	0.011729	0.011555	0.0102923	0.0096667	0.010224	0.0095102	0.0132283	0.0156668	0.0090517	0.0157329	0.0133814	0.0187696	0.0125523	0.0083893	0.016309	0.0174961	0.0109402	0.0130732	0.0107905	0.0102371	0.0114203	0.0125065	0.012596	0.0145623	0.0149665	0.0176674	0.0192516	0.0253196	0.0218693	0.0241667	0.0253012	0.025544	0.0197789	0.0261067	
gull sp.	0.061835	0.0655604	0.0532427	0.0513754	0.0538394	0.051831	0.0570764	0.0519816	0.0416308	0.0414173	0.0443066	0.0451207	0.0365994	0.0311021	0.0260938	0.0252258	0.0221559	0.0191787	0.0180136	0.0205836	0.0160428	0.0286588	0.0262931	0.0253262	0.0211014	0.0250261	0.0245816	0.0288591	0.0253219	0.0283826	0.0287179	0.0299678	0.0326061	0.0334052	0.0295963	0.0293121	0.0285714	0.0371259	0.0349217	0.0409938	0.0521307	0.0528515	0.0656079	0.0666667	0.0668675	0.0652791	0.0663176	0.0699205	
Black Skimmer	0.0	0.0	0.0	0.0	0.0	0.0	0.0	0.0	0.0	0.0	0.0	0.0	0.0	0.0	0.0	0.0	0.0	0.0	1.947E-4	2.606E-4	0.0014073	0.0026748	0.0051724	0.0053722	0.0036027	0.0026069	0.0020921	0.0013423	0.0	3.888E-4	0.0015	4.023E-4	0.0015	1.796E-4	0.0	1.303E-4	0.0	0.0	0.0	1.38E-4	0.0	0.0	0.0	0.0	0.0	0.0	0.0	0.0	
Sooty Tern	0.0	0.0	0.0	0.0	0.0	0.0	0.0	0.0	0.0	0.0	0.0	0.0	0.0	0.0	0.0	0.0	0.0	0.0	0.0	0.0	0.0	0.0	0.0	0.0	0.0	0.0	0.0	0.0	0.0034335	0.0	0.0	4.023E-4	0.0	0.0	0.0	0.0	0.0	0.0	0.0	0.0	0.0	0.0	0.0	0.0	0.0	0.0	0.0	0.0	
Bridled Tern	0.0	0.0	0.0	0.0	0.0	0.0	0.0	0.0	0.0	0.0	0.0	0.0	0.0	0.0	0.0	0.0	0.0	0.0	0.0	0.0	0.0	0.0	0.0	0.0	0.0	0.0	0.0	0.0	0.0	0.0	0.0	2.011E-4	0.0	0.0	0.0	0.0	0.0	0.0	0.0	0.0	0.0	0.0	0.0	0.0	0.0	0.0	0.0	0.0	
Least Tern	0.0	0.0	0.0	0.0	0.0	0.0	0.0	0.0	0.0	0.0	0.0	0.0	0.0	0.0	0.0	0.0	0.0	0.0	0.0	0.0	0.0015	3.821E-4	4.31E-4	0.0011512	5.147E-4	0.0010428	5.23E-4	0.0	0.0021459	0.0	0.0	0.0012068	0.0	0.0	0.0	0.0	0.0	0.0	0.0	0.0	0.0	0.0	0.0	0.0	0.0	0.0	0.0	0.0	
Caspian Tern	0.0	0.0	0.0	0.0	0.0	0.0	0.0	0.0	0.0	0.0	0.0	0.0	0.0	0.0	0.0	8.14E-5	0.0	7.73E-5	1.947E-4	0.0	2.815E-4	0.0	0.0	0.0015	0.0	5.214E-4	0.0	0.0	0.0012876	0.0027216	6.838E-4	0.0038214	0.0014075	0.0	3.217E-4	0.0	1.536E-4	4.801E-4	1.72E-4	0.0	0.0	0.0	0.0	0.0	0.0	0.0	0.0	0.0	
Black Tern	0.0	0.0	0.0	0.0	0.0	0.0	0.0	0.0	0.0	0.0	0.0	0.0	0.0	0.0	0.0	0.0	7.86E-5	0.0	9.74E-5	0.0	0.0	0.0	0.0	0.0	0.0	0.0	0.0	0.0	8.584E-4	3.888E-4	0.0	0.001609	0.0	1.796E-4	0.0	0.0	0.0	0.0	0.0	0.0	0.0	0.0	0.0	0.0	0.0	0.0	0.0	0.0	
Forster's Tern	0.0	0.0	0.0	0.0	0.0	0.0	0.0	0.0	0.0	0.0	0.0	0.0	0.0	1.352E-4	1.318E-4	2.441E-4	1.571E-4	6.187E-4	3.895E-4	1.303E-4	0.0	0.0	8.621E-4	7.675E-4	0.0010293	0.0010428	5.23E-4	6.711E-4	0.0012876	0.0066096	0.0010256	0.0024135	0.0	5.388E-4	4.825E-4	0.002345	0.0021505	0.0016003	6.881E-4	0.0019324	0.0	4.916E-4	2.603E-4	0.0	0.0	0.0	0.0	0.0	
Arctic Tern	0.0	0.0	0.0	0.0	0.0	0.0	0.0	0.0	0.0	0.0	0.0	0.0	0.0	0.0	0.0	0.0	0.0	9.28E-4	0.0	0.0	0.0	0.0	0.0	0.0	0.0	0.0	0.0	0.0	0.0	0.0	0.0	0.0	0.0	0.0	0.0	0.0	0.0	0.0	0.0	0.0	0.0	0.0	0.0	0.0	0.0	0.0	0.0	0.0	
Common Tern	0.0	0.0	0.0	0.0	0.0	0.0	0.0	0.0	0.0	0.0	0.0	0.0	0.0	0.0	0.0	5.696E-4	0.0095852	0.010208	0.0204479	0.0324388	0.0450324	0.0569354	0.0715517	0.0817345	0.0869789	0.0901981	0.0957113	0.0785235	0.0905579	0.0676516	0.0437607	0.0327836	0.0192353	0.0075431	0.002091	0.0019541	0.0	0.0	0.0	2.761E-4	0.0	0.0015	0.0	0.0	0.0	0.0	0.0	0.0	
Forster's/Common Tern	0.0	0.0	0.0	0.0	0.0	0.0	0.0	0.0	0.0	0.0	0.0	0.0	1.641E-4	0.0	0.0015	0.0	7.86E-5	0.0	2.921E-4	1.303E-4	2.815E-4	3.821E-4	0.0	3.837E-4	0.0010293	0.0010428	5.23E-4	3.356E-4	0.0012876	7.776E-4	0.0	4.023E-4	0.0	0.0	3.217E-4	2.606E-4	0.0	0.0	0.0	0.0	0.0	0.0	0.0	0.0	0.0	0.0	0.0	0.0	
Common/Arctic Tern	0.0	0.0	0.0	0.0	0.0	0.0	0.0	0.0	0.0	0.0	0.0	0.0	0.0	0.0	0.0	0.0	0.0	1.547E-4	0.0	0.0	0.0	0.0015	0.0	0.0	0.0	0.0	5.23E-4	0.0	4.292E-4	0.0	0.0	0.0	2.346E-4	0.0	0.0	0.0	0.0	0.0	0.0	1.38E-4	0.0	0.0	0.0	0.0	0.0	0.0	0.0	0.0	
Sterna sp.	0.0	0.0	0.0	0.0	0.0	0.0	0.0	0.0	0.0	0.0	0.0	0.0	0.0	0.0	0.0	0.0	4.714E-4	3.093E-4	3.895E-4	5.211E-4	0.0	7.642E-4	0.0012931	0.0	5.147E-4	0.0015641	0.0020921	0.0015	0.0034335	0.001944	0.0010256	0.0014079	7.037E-4	0.0012572	3.217E-4	1.303E-4	0.0	0.0	0.0	2.761E-4	0.0	0.0	0.0	0.0	0.0	0.0	0.0	0.0	
Sandwich Tern	0.0	0.0	0.0	0.0	0.0	0.0	0.0	0.0	0.0	0.0	0.0	0.0	0.0	0.0	0.0	0.0	0.0	0.0	0.0	0.0	0.0	0.0	0.0	0.0	0.0	0.0	0.0	0.0	0.0	0.0	0.0	2.011E-4	0.0	0.0	0.0	0.0	0.0	0.0	0.0	0.0	0.0	0.0	0.0	0.0	0.0	0.0	0.0	0.0	
Royal Tern	0.0	0.0	0.0	0.0	0.0	0.0	0.0	0.0	0.0	0.0	0.0	0.0	0.0	0.0	0.0	0.0	0.0	0.0	0.0	0.0	0.0	0.0	0.0	0.0	0.0051467	0.0	0.0	0.0	0.0	0.0	0.0	0.0012068	0.0	0.0	0.0	3.908E-4	0.0	6.401E-4	0.0	2.761E-4	0.0	0.0	0.0	0.0	0.0	0.0	0.0	0.0	
large tern sp.	0.0	0.0	0.0	0.0	0.0	0.0	0.0	0.0	0.0	0.0	0.0	0.0	0.0	0.0	0.0	0.0	7.86E-5	0.0	0.0	0.0	0.0	0.0	4.31E-4	0.0	5.147E-4	0.0	5.23E-4	0.0	0.0	0.0	0.0	2.011E-4	0.0	0.0	0.0	0.0	0.0	0.0	0.0	0.0	0.0	0.0	0.0	0.0	0.0	0.0	0.0	0.0	
tern sp.	0.0	0.0	0.0	0.0	0.0	0.0	0.0	0.0	0.0	0.0	0.0	0.0	0.0	0.0	0.0	8.14E-5	3.928E-4	1.547E-4	2.921E-4	2.606E-4	2.815E-4	7.642E-4	4.31E-4	0.0011512	0.0	0.0026069	5.23E-4	6.711E-4	8.584E-4	0.0011664	6.838E-4	0.0020113	0.0	0.0	0.0015	1.303E-4	3.072E-4	0.0	0.0	0.0	0.0	0.0	0.0	0.0	0.0	0.0	0.0	0.0	
gull/tern sp.	2.008E-4	0.0	0.0	0.0	0.0	0.0	0.0	0.0	2.871E-4	0.0	0.0	1.499E-4	0.0	0.0	0.0	1.627E-4	1.571E-4	0.0	9.74E-5	3.908E-4	0.0	3.821E-4	0.0	0.0	0.0	0.0010428	0.0	6.711E-4	0.0	3.888E-4	0.0	0.0	0.0	5.388E-4	3.217E-4	2.606E-4	0.0	1.6E-4	0.0	4.141E-4	0.0015142	4.916E-4	0.0	0.0	0.0	6.307E-4	2.909E-4	2.27E-4	
Pied-billed Grebe	0.0491869	0.0378128	0.0470122	0.0440939	0.038835	0.0312676	0.0315083	0.0226881	0.0272753	0.0237012	0.0159504	0.0139409	0.0185459	0.0048682	0.0031629	4.069E-4	3.143E-4	0.0	4.869E-4	1.303E-4	0.0	0.0	0.0	0.0015349	0.0	0.0	0.0	3.356E-4	0.0015	0.0	3.419E-4	0.0042237	9.383E-4	0.0014368	0.0019302	0.0031266	0.006298	0.006561	0.0147944	0.0111801	0.0246593	0.0223697	0.0192658	0.0225	0.0271084	0.0230211	0.0244328	0.031101	
Horned Grebe	0.0230877	0.0027203	0.0016992	0.0020227	0.0047073	5.634E-4	0.0046488	0.001436	0.0068906	0.0047881	0.0053168	0.0047969	0.002626	4.057E-4	1.318E-4	8.951E-4	0.0015713	1.547E-4	0.0	0.0	0.0067549	0.0038212	0.0	0.0	0.0	0.0	0.0	0.0	0.0	0.0	0.0	0.0	0.0	0.0	0.0	0.0	1.536E-4	0.0	5.161E-4	0.0020704	0.0012979	2.458E-4	7.81E-4	0.0010417	0.0	0.0	0.0011635	0.0136209	
Red-necked Grebe	2.008E-4	0.0	0.0015	0.0010113	0.0120624	0.0064789	0.0059401	0.0048823	0.002584	0.0074216	0.0106336	0.0068955	0.0050878	0.0045977	0.0028993	0.0016275	1.571E-4	7.73E-5	0.0	0.0	0.0	0.0	0.0	0.0	0.0	0.0	0.0	0.0	0.0	0.0	0.0	0.0	0.0	0.0	0.0	0.0	0.0	0.0	0.0	0.0	0.0	0.0	0.0	0.0	0.0	0.0	0.0	2.27E-4	
grebe sp.	0.0	0.0	0.0	0.0	0.0	2.817E-4	0.0	0.0	2.871E-4	0.0	0.0	0.0	0.0	0.0	0.0	0.0	0.0	0.0	0.0	0.0	0.0	0.0	0.0	0.0	0.0	0.0	0.0	0.0	0.0	0.0	0.0	2.011E-4	0.0	0.0	0.0	0.0	0.0	0.0	0.0	0.0	0.0	0.0	0.0	0.0	0.0	0.0	0.0	0.0	
White-tailed Tropicbird	0.0	0.0	0.0	0.0	0.0	0.0	0.0	0.0	0.0	0.0	0.0	0.0	0.0	0.0	0.0	0.0	0.0	0.0	0.0	0.0	0.0	0.0	0.0	0.0	0.0	0.0	0.0	0.0	0.0	0.0	0.0	4.023E-4	0.0	0.0	0.0	0.0	0.0	0.0	0.0	0.0	0.0	0.0	0.0	0.0	0.0	0.0	0.0	0.0	
Red-throated Loon	0.007629	0.0048966	0.0062305	0.0091019	0.0094145	0.0194366	0.0276343	0.0252728	0.0341659	0.0356715	0.0261409	0.0271324	0.025439	0.0167681	0.0122562	0.0104972	0.0035355	0.0015467	9.737E-4	0.0013028	0.0011258	7.642E-4	0.0	0.0	0.0	0.0	0.0	0.0	0.0	0.0	0.0	0.0	0.0015	0.0	0.0	0.0	0.0	0.0	0.0034406	0.0031746	0.002812	0.0014749	0.0039052	0.0029167	0.0012048	0.0025229	0.0069808	0.0079455	
Pacific Loon	0.0	0.0	0.0	0.0	0.0	0.0	0.0	0.0	0.0	0.0	0.0	0.0	0.0	0.0	0.0	0.0	0.0015	0.0	9.74E-5	0.0	0.0	0.0	0.0	0.0	0.0	0.0	0.0	0.0	0.0	0.0	0.0	0.0	0.0	0.0	0.0	0.0	0.0	0.0	0.0	0.0	0.0	0.0	0.0	0.0	0.0	0.0	0.0	0.0	
Common Loon	0.0140534	0.0057127	0.0368168	0.0301375	0.0141218	0.0174648	0.0222107	0.0201034	0.0192363	0.0136462	0.0119628	0.0131914	0.0192024	0.0183908	0.017923	0.0129384	0.0103708	0.0084294	0.0030185	0.0020844	0.0011258	0.0015285	0.0030172	7.675E-4	5.147E-4	0.0	5.23E-4	0.002349	0.0030043	0.0	0.0	0.0034191	2.346E-4	0.002694	0.0028953	0.0011725	0.0038402	0.0072012	0.0084294	0.0140787	0.0160069	0.0049164	0.0054673	0.0025	0.001506	0.0022075	0.0029087	0.0059024	
loon sp.	0.0	0.0	0.0	6.068E-4	2.942E-4	2.817E-4	5.165E-4	0.0022975	0.0020098	7.182E-4	0.0011077	0.0017988	0.0011489	8.114E-4	5.271E-4	6.51E-4	3.928E-4	1.547E-4	9.74E-5	2.606E-4	0.0	0.0	0.0	0.0	0.0	0.0	0.0	0.0	0.0	0.0	0.0	0.0	0.0	0.0	0.0	1.303E-4	1.536E-4	4.801E-4	3.441E-4	0.0013803	0.0017305	0.0012291	0.0013017	6.25E-4	3.012E-4	9.461E-4	5.817E-4	4.54E-4	
Wilson's Storm-Petrel	0.0	0.0	0.0	0.0	0.0	0.0	0.0	0.0	0.0	0.0	0.0	0.0	0.0	0.0	0.0	0.0	0.0	0.0	0.0	0.0	0.0	0.0	0.0	0.0	0.0	0.0	0.0	0.0	0.0	0.0	0.0	0.0014079	0.0	0.0	0.0	0.0	0.0	0.0	0.0	0.0	0.0	0.0	0.0	0.0	0.0	0.0	0.0	0.0	
White-faced Storm-Petrel	0.0	0.0	0.0	0.0	0.0	0.0	0.0	0.0	0.0	0.0	0.0	0.0	0.0	0.0	0.0	0.0	0.0	0.0	0.0	0.0	0.0	0.0	0.0	0.0	0.0	0.0	0.0	0.0	0.0	0.0	0.0	0.0	0.0015	0.0	0.0	0.0	0.0	0.0	0.0	0.0	0.0	0.0	0.0	0.0	0.0	0.0	0.0	0.0	
Leach's Storm-Petrel	0.0	0.0	0.0	0.0	0.0	0.0	0.0	0.0	0.0	0.0	0.0	0.0	0.0	0.0	0.0	0.0	0.0	0.0	0.0	0.0	0.0	0.0	0.0	0.0	0.0	0.0	0.0	0.0	0.0	0.0	0.0	6.034E-4	0.0	0.0	0.0	0.0	0.0	0.0	0.0	2.761E-4	0.0	0.0	0.0	0.0	0.0	0.0	0.0	0.0	
Band-rumped Storm-Petrel	0.0	0.0	0.0	0.0	0.0	0.0	0.0	0.0	0.0	0.0	0.0	0.0	0.0	0.0	0.0	0.0	0.0	0.0	0.0	0.0	0.0	0.0	0.0	0.0	0.0	0.0	0.0	0.0	0.0	0.0	0.0	4.023E-4	0.0	0.0	0.0	0.0	0.0	0.0	0.0	0.0	0.0	0.0	0.0	0.0	0.0	0.0	0.0	0.0	
Hydrobates sp.	0.0	0.0	0.0	0.0	0.0	0.0	0.0	0.0	0.0	0.0	0.0	0.0	0.0	0.0	0.0	0.0	0.0	0.0	0.0	0.0	0.0	0.0	0.0	0.0	0.0	0.0	0.0	0.0	0.0	0.0	0.0	4.023E-4	0.0	0.0	0.0	0.0	0.0	0.0	0.0	0.0	0.0	0.0	0.0	0.0	0.0	0.0	0.0	0.0	
storm-petrel sp. (white-rumped)	0.0	0.0	0.0	0.0	0.0	0.0	0.0	0.0	0.0	0.0	0.0	0.0	0.0	0.0	0.0	0.0	0.0	0.0	0.0	0.0	0.0	0.0	0.0	0.0	0.0	0.0	0.0	0.0	0.0	0.0	0.0	4.023E-4	0.0	0.0	0.0	0.0	0.0	0.0	0.0	0.0	0.0	0.0	0.0	0.0	0.0	0.0	0.0	0.0	
Great Shearwater	0.0	0.0	0.0	0.0	0.0	0.0	0.0	0.0	0.0	0.0	0.0	0.0	0.0	0.0	0.0	0.0	0.0	0.0	0.0	0.0	0.0	0.0	0.0	0.0	0.0	5.214E-4	0.0	0.0	0.0	0.0	0.0	0.0	0.0	0.0	0.0	0.0	0.0	0.0	0.0	0.0	0.0	0.0	0.0	0.0	0.0	0.0	0.0	0.0	
Northern Gannet	0.0	0.0	0.0	0.0	0.0	0.0	0.0	0.0	0.0	0.0	0.0	1.499E-4	0.0015	1.352E-4	0.0	0.0	0.0	0.0	0.0	0.0	0.0	0.0	0.0	0.0	0.0	0.0	0.0	0.0	0.0	0.0	0.0	0.0	0.0	0.0	0.0	0.0	0.0	0.0	0.0	2.761E-4	0.0021631	0.0	2.603E-4	0.0	9.036E-4	0.0	0.0	0.0	
Brown Booby	0.0	0.0	0.0	0.0	0.0	0.0	0.0	0.0	0.0	0.0	0.0	0.0	0.0	0.0	0.0	0.0	0.0	0.0	0.0	0.0	0.0	0.0	0.0	0.0	0.0	0.0	0.0	0.0	0.0	0.0	0.0	0.0	2.346E-4	0.0	0.0	0.0	0.0	0.0	0.0	0.0	0.0	0.0	0.0	4.167E-4	0.0	0.0	0.0	0.0	
Anhinga	0.0	0.0	0.0	0.0	0.0	0.0	0.0	0.0	0.0	0.0	0.0	0.0	0.0	0.0	0.0	0.0015	0.0	0.0015	0.0	0.0	0.0	0.0	0.0	0.0	0.0	0.0	0.0	0.0	0.0	0.0	0.0	0.0	0.0	0.0	0.0	0.0	0.0	0.0	0.0	0.0	0.0	0.0	0.0	0.0	0.0	0.0	0.0	0.0	
Great Cormorant	0.0130496	0.0174102	0.0215236	0.0169903	0.0223595	0.0171831	0.0105888	0.0123492	0.0146425	0.0093368	0.0119628	0.0068955	0.0044313	0.0033807	6.589E-4	2.441E-4	2.357E-4	7.73E-5	0.0	0.0	0.0	0.0	0.0	0.0	5.147E-4	0.0	0.0	0.0	0.0	0.0	0.0	0.0	0.0	1.796E-4	0.0	5.211E-4	0.0018433	0.0043207	0.0056769	0.0048309	0.0043262	0.0054081	0.0078105	0.01	0.0057229	0.0129297	0.013089	0.0183882	
Double-crested Cormorant	0.1072074	0.124864	0.1254602	0.0962783	0.0909091	0.0783099	0.0940083	0.1102814	0.081826	0.1012689	0.1269384	0.232349	0.3136386	0.3622718	0.3862678	0.4054032	0.3905563	0.360065	0.3503408	0.3548723	0.3461863	0.3290027	0.3443966	0.3679969	0.3494596	0.3566215	0.3546025	0.3332215	0.3330472	0.2877138	0.2246154	0.2198311	0.1801548	0.1573276	0.1550587	0.1621939	0.1628264	0.1702672	0.1758128	0.1824707	0.1576898	0.1420846	0.1327779	0.1060417	0.0993976	0.1087985	0.120128	0.1087401	
Great/Double-crested Cormorant	0.0014053	0.0016322	0.0019824	8.091E-4	0.0011768	0.0016901	0.0	0.0011488	0.0011484	7.182E-4	0.0011077	0.0013491	9.847E-4	6.761E-4	6.589E-4	3.255E-4	3.143E-4	6.96E-4	3.895E-4	7.817E-4	2.815E-4	7.642E-4	8.621E-4	0.0015	5.147E-4	0.0	0.0	3.356E-4	4.292E-4	0.0	0.0	0.0	0.0	1.796E-4	0.0015	2.606E-4	9.217E-4	6.401E-4	8.601E-4	6.901E-4	0.0015142	0.0012291	0.0018224	0.001875	0.001506	0.0031536	0.0011635	0.0013621	
cormorant sp.	0.0044168	0.0035365	0.0039649	0.0046521	0.0035305	0.0016901	0.0028409	0.0022975	0.0034453	0.0026335	0.0026584	0.0032979	0.0018054	0.0021636	0.0014497	8.137E-4	2.357E-4	6.187E-4	0.0011685	0.0010422	2.815E-4	0.0019106	8.621E-4	0.0	0.0	0.0	5.23E-4	0.0	4.292E-4	0.0	0.0	0.0	2.346E-4	1.796E-4	1.608E-4	0.0	7.68E-4	0.0020803	0.0010322	0.0017943	0.0025957	0.0022124	0.0031242	0.0027083	0.0018072	0.0050457	0.004363	0.0059024	
Glossy Ibis	0.0	0.0	0.0	0.0	0.0	0.0	0.0	0.0	0.0	0.0	0.0	1.499E-4	3.282E-4	6.761E-4	3.954E-4	4.069E-4	4.714E-4	4.64E-4	6.816E-4	1.303E-4	0.0	7.642E-4	0.0	0.0	0.0	0.0	5.23E-4	3.356E-4	0.0017167	0.001944	0.0	2.011E-4	2.346E-4	1.796E-4	0.0	0.0	0.0	0.0	0.0	0.0	0.0	0.0	0.0	0.0	0.0	0.0	0.0	0.0	
American Bittern	0.0	0.0	0.0	0.0	0.0	0.0	0.0	0.0	0.0	0.0	0.0	0.0157398	1.641E-4	0.0040568	0.0031629	0.0015461	0.0015713	0.0070374	7.79E-4	0.0015	0.0	0.0	0.0	0.0	0.0	0.0	0.0	3.356E-4	0.0	0.0	0.0	0.0	7.037E-4	0.0010776	0.0077208	3.908E-4	0.0	1.6E-4	3.441E-4	2.761E-4	4.326E-4	2.458E-4	0.0	0.0	0.0	0.0	0.0	0.0	
Least Bittern	0.0	0.0	0.0	0.0	0.0	0.0	0.0	0.0	0.0	0.0	0.0	0.0	0.0	0.0	3.954E-4	0.0045569	0.0	0.0	0.0	1.303E-4	0.0	0.0	0.0	0.0	0.0	0.0015	0.0	0.0053691	8.584E-4	0.0	0.0	0.0	0.0	3.592E-4	0.0	0.0	0.0	0.0	0.0	0.0	0.0	0.0	0.0	0.0	0.0	0.0	0.0	0.0	
Yellow-crowned Night Heron	0.008432	0.0087051	0.0045313	0.0024272	0.0011768	0.0011268	7.748E-4	5.744E-4	0.0054551	0.0033517	0.0013292	0.0016489	0.0011489	4.057E-4	2.636E-4	0.0083815	0.0097423	0.0133014	0.0113924	0.0118551	0.0126654	0.0168131	0.025431	0.0257099	0.0195574	0.031804	0.0271967	0.0268456	0.0261803	0.0182737	0.0147009	0.0100563	0.0105559	0.0062859	0.0070774	0.0092496	0.0076805	0.0057609	0.0077413	0.0019324	8.652E-4	9.833E-4	0.0033845	0.0020833	0.003012	0.0018921	0.0017452	0.0029512	
Black-crowned Night Heron	0.0072275	0.0068009	0.0045313	0.0020227	0.0011768	0.0030986	0.004907	0.0022975	0.0020098	0.0059852	0.0073106	0.0229351	0.0635155	0.0777552	0.0973906	0.1015542	0.1249214	0.135179	0.1357352	0.1581553	0.123839	0.1253344	0.1318966	0.1446662	0.1461657	0.124609	0.1208159	0.1322148	0.1424893	0.0972006	0.1094017	0.10358	0.0889045	0.0797414	0.0612836	0.0493747	0.0400922	0.0337654	0.0342336	0.0165631	0.0129786	0.0157325	0.0067691	0.01	0.0051205	0.0059918	0.0037813	0.0065834	
Yellow-crowned/Black-crowned Night Heron	0.0	0.0	0.0	0.0	0.0	0.0	0.0	0.0	0.0	0.0	0.0	0.0	0.0	2.705E-4	0.0	8.14E-5	3.143E-4	7.73E-5	0.0	1.303E-4	0.0015	0.0015	0.0	0.0	0.0	0.0	0.0	3.356E-4	4.292E-4	0.0	3.419E-4	0.0	0.0	3.592E-4	0.0	2.606E-4	0.0	1.6E-4	3.441E-4	0.0	0.0	0.0	2.603E-4	0.0	0.0	0.0	0.0	0.0	
Little Blue Heron	0.0	0.0	0.0	0.0	0.0	0.0	0.0	0.0	0.0	0.0	0.0	0.0	0.0	0.0	0.0	0.0022785	0.0	0.0	0.0	1.303E-4	0.0	0.0	0.0	0.0	0.0	5.214E-4	0.0078452	3.356E-4	0.0	3.888E-4	0.0	4.023E-4	0.0	0.0	0.0	0.0	0.0	0.0	0.0	0.0	0.0	0.0	0.0	0.0	0.0	0.0	0.0	0.0	
Tricolored Heron	0.0	0.0	0.0	0.0	0.0	0.0	0.0	0.0	0.0	0.0	0.0	0.0	0.0	0.0	0.0	0.0	0.0	0.0	0.0	1.303E-4	0.0	0.0	0.0	0.0	0.0	0.0	0.0	0.0	0.0	0.0	0.0	0.0	0.0	0.0	0.0	0.0	0.0	0.0	0.0	0.0	0.0	0.0	0.0	0.0	0.0	0.0	0.0	0.0	
Snowy Egret	0.0	0.0	0.0	0.0	0.0	0.0	0.0	0.0	0.0	0.0	0.0	8.994E-4	0.0042672	0.0085193	0.011729	0.0177394	0.0236486	0.0273761	0.021519	0.0302241	0.0163242	0.0187237	0.0237069	0.0176516	0.0200721	0.0224192	0.0183054	0.0295302	0.0244635	0.0213841	0.0133333	0.0088496	0.004457	0.0030532	0.0022519	0.0036477	0.0013825	0.0016003	0.0015	1.38E-4	0.0	0.0	0.0	0.0	0.0	0.0	0.0	0.0	
Green Heron	0.0	0.0	0.0	0.0	0.0	0.0	0.0	0.0	0.0	0.0	0.0	0.0	0.0016412	0.0093306	0.0147601	0.0403613	0.0417976	0.0250561	0.0282376	0.0313966	0.0104137	0.0057318	0.0064655	0.0088258	0.0097787	0.0072993	0.0088912	0.0181208	0.0223176	0.025661	0.0211966	0.0299678	0.0311987	0.0335848	0.0242882	0.0214956	0.0192012	0.006561	0.0017203	2.761E-4	0.0	0.0	2.603E-4	0.0	0.0	0.0	0.0	0.0	
Western Cattle-Egret	0.0	0.0	0.0	0.0	0.0	0.0	0.0	0.0	0.0	0.0	0.0	0.0	0.0	0.0074375	0.0026357	4.882E-4	3.928E-4	3.093E-4	0.0	0.0	0.0	0.0	0.0	0.0	0.0	0.0	0.0	0.0	0.0	3.888E-4	0.0	0.0	0.0	0.0	0.0	0.0	0.0	0.0	0.0	0.0	0.0015	2.458E-4	0.0015	0.0	0.0	0.0	0.0	0.0	
Great Egret	0.0	2.72E-4	0.0	0.0	0.0	0.0	0.0	0.0	0.0015	4.788E-4	0.0077537	0.0593614	0.09355	0.0958756	0.1448339	0.1861828	0.2010528	0.2008352	0.2013632	0.1998437	0.1471995	0.147115	0.1288793	0.151957	0.1595471	0.1517205	0.1506276	0.1463087	0.1746781	0.12986	0.1022222	0.078037	0.0448041	0.0233477	0.020267	0.0148515	0.0165899	0.0166427	0.0104937	0.005107	0.0030283	0.0024582	7.81E-4	4.167E-4	9.036E-4	0.0	0.0	2.27E-4	
Great Blue Heron	0.074483	0.0878672	0.0608893	0.0568366	0.0444248	0.0467606	0.0573347	0.0597358	0.0499569	0.05243	0.0376606	0.0455704	0.0320039	0.0178499	0.0187138	0.0200179	0.02522	0.0222721	0.0183057	0.021235	0.0208275	0.022927	0.0331897	0.0418266	0.0669068	0.0698644	0.1056485	0.1090604	0.1351931	0.122084	0.1035897	0.1080048	0.0975839	0.0770474	0.0709345	0.0763418	0.0731183	0.0835334	0.0811973	0.0774327	0.0597015	0.0698132	0.0749805	0.0804167	0.0813253	0.0838852	0.0674811	0.0726447	
Ardea sp.	0.0	0.0	0.0	0.0	0.0	0.0	0.0	0.0	0.0	0.0	0.0	0.0	0.0	0.0	0.0	0.0	1.571E-4	0.0	0.0	0.0	0.0	0.0	0.0	0.0	0.0	0.0	0.0	0.0	0.0	0.0	0.0	0.0	0.0	1.796E-4	0.0	0.0	0.0	0.0	0.0	0.0	0.0	0.0	0.0	0.0	0.0	0.0	0.0	0.0	
heron sp.	0.0	0.0	0.0	0.0	0.0	0.0	0.0	0.0	5.742E-4	0.0	4.431E-4	0.0	0.0	1.352E-4	1.318E-4	1.627E-4	7.86E-5	4.64E-4	4.869E-4	3.908E-4	5.629E-4	0.0	0.0015	0.0011512	5.147E-4	0.0010428	0.0	6.711E-4	4.292E-4	3.888E-4	3.419E-4	6.034E-4	4.692E-4	0.0010776	3.217E-4	2.606E-4	0.0015	1.6E-4	5.161E-4	1.38E-4	0.0	0.0	0.0	2.083E-4	0.0	0.0	0.0	0.0	
white egret sp.	0.0	0.0	0.0	0.0	0.0	0.0	0.0	0.0	2.871E-4	0.0	0.0	0.0	3.282E-4	2.705E-4	0.0015814	8.137E-4	7.071E-4	0.0012373	6.816E-4	0.001433	8.444E-4	0.0026748	8.621E-4	7.675E-4	5.147E-4	0.0010428	0.001569	0.0013423	8.584E-4	0.0011664	0.0010256	2.011E-4	4.692E-4	1.796E-4	0.0	0.0	0.0	0.0	0.0	1.38E-4	0.0	0.0	0.0	2.083E-4	0.0	0.0	0.0	0.0	
American White Pelican	0.0	0.0	0.0	0.0	0.0	0.0	0.0	0.0	0.0	0.0	0.0	0.0	0.0	0.0	0.0	0.0	0.0022784	0.0	0.0	0.0	0.0	0.0	0.0	0.0	0.0	0.0	0.0	0.0	0.0	0.0	0.0	0.0	0.0	0.0	0.0	0.0	0.0	0.0	0.0	0.0	0.0	0.0	0.0	0.0	0.0	0.0	0.0	0.0	
Brown Pelican	0.0	0.0	5.664E-4	0.0	0.0	0.0	0.0	0.0	0.0	0.0	0.0	0.0	0.0	0.0	0.0	0.0	0.0	0.0	0.0	0.0	0.0	0.0	0.0	0.0015	0.0	0.0	0.0	0.0	0.0	0.0	0.0	0.0	0.0	0.0	0.0	0.0	0.0	0.0	0.0	0.0	0.0	2.458E-4	0.0	0.0	0.0	3.154E-4	0.0	0.0	
Black Vulture	8.031E-4	0.0	0.001416	0.0016181	0.0026478	0.0014085	0.0028409	0.0022975	0.0066035	0.0059852	0.0050953	0.003148	0.0037748	0.0036511	0.0027675	0.0031736	0.002357	0.002088	0.0021422	0.0028661	0.0014073	0.0011464	0.0017241	0.0011512	0.0015	0.0	0.001046	6.711E-4	0.0017167	0.0034992	0.0023932	0.001609	0.0018766	5.388E-4	0.0040212	0.001433	0.0012289	0.0036806	0.0049888	0.0059351	0.0093013	0.0093412	0.0065087	0.004375	0.0051205	0.0015768	0.0017452	6.81E-4	
Turkey Vulture	0.0064244	0.0054407	0.0093458	0.0095065	0.0088261	0.0104225	0.0074897	0.0132108	0.0215332	0.0299258	0.0316792	0.0358267	0.034794	0.0290737	0.0307064	0.0297014	0.0245129	0.0245147	0.0210321	0.0173267	0.0126654	0.0087887	0.0125	0.0111282	0.00772	0.008342	0.0052301	0.0083893	0.0098712	0.0089425	0.0095726	0.0076428	0.0084448	0.0059267	0.0151198	0.0105524	0.0176651	0.0297648	0.0519525	0.0416839	0.042613	0.0410521	0.0307212	0.0302083	0.0228916	0.0173447	0.0104712	0.0049943	
new world vulture sp.	0.0015	0.0	0.0	0.0	0.0	2.817E-4	0.0	0.0	0.0	0.0	4.431E-4	2.998E-4	3.282E-4	1.352E-4	0.0	8.14E-5	7.86E-5	2.32E-4	0.0	1.303E-4	0.0	3.821E-4	8.621E-4	0.0	0.0	0.0	0.0	0.0	0.0	0.0	3.419E-4	0.0	0.0015	0.0	0.0	0.0	0.0	3.201E-4	1.72E-4	2.761E-4	2.163E-4	2.458E-4	5.207E-4	0.0	9.036E-4	0.0	0.0	0.0	
Osprey	0.0	0.0	0.0	0.0	0.0	0.0	0.0	2.872E-4	0.0015	9.576E-4	0.006646	0.0194873	0.0303627	0.0323191	0.0300474	0.024168	0.0239629	0.0254427	0.0259007	0.0230589	0.023642	0.0252197	0.0284483	0.0230238	0.0216161	0.0323253	0.0277197	0.0362416	0.0502146	0.0583204	0.0553846	0.074819	0.0710767	0.0802802	0.0797812	0.0651381	0.0514593	0.0371259	0.0204714	0.0128364	0.0075708	0.0066372	0.0075501	0.0	0.0	0.0	0.0015	0.0	
Swallow-tailed Kite	0.0	0.0	0.0	0.0	0.0	0.0	0.0	0.0	0.0	0.0	0.0	0.0	1.641E-4	0.0	0.0	0.0	0.0	0.0	0.0	0.0	0.0	0.0	0.0	0.0	0.0	0.0	0.0	0.0	0.0	0.0	0.0	0.0	0.0	0.0	0.0	0.0	0.0	0.0	0.0	0.0	0.0	0.0	0.0	0.0	0.0	0.0	0.0	0.0	
Golden Eagle	0.0	0.0	0.0	0.0	0.0	0.0	0.0	0.0	0.0	0.0	0.0	0.0	0.0	0.0	0.0	0.0	0.0	0.0	0.0	0.0	0.0	0.0	0.0	0.0	0.0	0.0	0.0	0.0	0.0	0.0	0.0	0.0	0.0	0.0	0.0	0.0	0.0	0.0	1.72E-4	1.38E-4	0.0025957	0.0	0.0010414	0.0	0.0	0.0	0.0	0.0	
Sharp-shinned Hawk	0.0168641	0.0122416	0.0079298	0.0091019	0.0052957	0.0064789	0.008781	0.0155083	0.0077519	0.0050275	0.0055383	0.0032979	0.0050878	0.0044625	0.0038218	0.0022785	8.642E-4	3.093E-4	2.921E-4	0.0	0.0	0.0	0.0	0.0	0.0	0.0	0.0	0.0	0.0	0.0	0.0	0.0014079	0.0023458	0.0140086	0.0387647	0.0286608	0.03149	0.0364858	0.0354378	0.0296756	0.0248756	0.0149951	0.0130174	0.0120833	0.0096386	0.0094607	0.0110529	0.0083995	
Cooper's Hawk	0.1606103	0.1322089	0.1291419	0.1199434	0.1185643	0.1171831	0.1056302	0.0959219	0.0867069	0.0878621	0.0626938	0.0431719	0.0356146	0.0170385	0.0109383	0.008056	0.0040069	0.0043307	0.0020448	0.0016936	8.444E-4	0.0011464	0.0012931	0.0011512	0.0010293	0.0015641	0.0020921	0.0030201	0.006867	0.007776	0.0150427	0.0201126	0.0211119	0.0281968	0.0579057	0.056149	0.083871	0.1110578	0.1252365	0.1170462	0.1211335	0.1130777	0.1444936	0.1375	0.1490964	0.1554715	0.1701571	0.1505108	
Sharp-shinned/Cooper's Hawk	0.0018069	0.0016322	0.0022656	0.0018204	0.002942	0.0014085	2.583E-4	0.0011488	0.0011484	7.182E-4	8.861E-4	0.001499	0.0011489	0.0015	3.954E-4	4.069E-4	3.143E-4	1.547E-4	2.921E-4	0.0	0.0	0.0	0.0	3.837E-4	0.0	0.0	0.0	0.0	8.584E-4	0.0015	3.419E-4	6.034E-4	0.0	8.98E-4	0.0028953	0.0020844	0.0026114	0.0041607	0.0049888	0.0046929	0.0047588	0.0034415	0.0044259	0.003125	0.0027108	0.0031536	0.0017452	0.0015891	
American Goshawk	0.0	2.72E-4	0.0	0.0	0.0	0.0	0.0015	0.0	0.0	2.394E-4	0.0	0.0	0.0	0.0	0.0	0.0	0.0	0.0	0.0	0.0	0.0	0.0	0.0	0.0	0.0	0.0	0.0	0.0	0.0	0.0	0.0	0.0	0.0	0.0	0.0	0.0	0.0	0.0	1.72E-4	1.38E-4	0.0015	0.0015	0.0	0.0	0.0	0.0015	0.0015	2.27E-4	
Cooper's Hawk/American Goshawk	0.0	2.72E-4	0.0	0.0	0.0	0.0	0.0	0.0	0.0	0.0	0.0	0.0	0.0	0.0	0.0	0.0	0.0	0.0	0.0	0.0	0.0	0.0	0.0	0.0	0.0	0.0	0.0	0.0	0.0	0.0	0.0	0.0	0.0	0.0	0.0	0.0	0.0	0.0	0.0015	0.0	0.0	0.0	0.0	0.0	0.0	0.0	0.0	0.0	
Accipitrine hawk sp. (former Accipiter sp.)	0.0030114	0.0021763	0.0022656	0.0018204	0.0020594	0.0022535	0.0018079	0.0017231	0.0014355	9.576E-4	6.646E-4	8.994E-4	0.0011489	2.705E-4	0.0010543	7.324E-4	7.857E-4	8.507E-4	3.895E-4	5.211E-4	0.0	3.821E-4	4.31E-4	3.837E-4	0.0	0.0	0.0	0.0	0.0	0.0	3.419E-4	2.011E-4	4.692E-4	0.0028736	0.0051472	0.003778	0.003533	0.0056009	0.0072252	0.0042788	0.0051914	0.0036873	0.0044259	0.0029167	0.0021084	0.0015768	0.0011635	0.0018161	
Northern Harrier	0.0010038	2.72E-4	8.496E-4	0.0014159	0.0015	2.817E-4	0.0020661	5.744E-4	8.613E-4	2.394E-4	8.861E-4	0.0010493	4.924E-4	0.0013523	9.225E-4	7.324E-4	3.143E-4	4.64E-4	9.74E-5	1.303E-4	0.0015	0.0	0.0	0.0	0.0	0.0	0.0	0.0	0.0	0.0	0.0	4.023E-4	9.383E-4	0.0048491	0.006434	0.0046899	0.0079877	0.0054409	0.0101497	0.0117322	0.0105992	0.0031957	0.0062484	0.0033333	0.0018072	3.154E-4	0.0029087	0.0015891	
Bald Eagle	0.0126481	0.0168662	0.0246389	0.0287217	0.0294204	0.028169	0.0167872	0.012062	0.0189492	0.0158008	0.017058	0.0149903	0.0086985	0.0110886	0.0141012	0.0117178	0.0078567	0.0065734	0.0054528	0.0031266	0.0025331	0.0042033	0.0017241	0.0023024	0.0020587	0.0031283	0.001046	0.002349	0.0042918	0.0116641	0.0102564	0.0160901	0.0126671	0.0159842	0.0286312	0.019802	0.0152074	0.0273644	0.0290728	0.0321601	0.0343933	0.0361357	0.027597	0.0333333	0.0292169	0.0252286	0.0223967	0.0177072	
Golden/Bald Eagle	0.0	0.0	0.0	0.0	0.0	0.0	0.0	0.0	0.0	0.0	0.0	0.0	0.0	0.0	0.0	0.0	0.0	0.0	0.0	0.0	0.0	0.0	0.0	0.0	0.0	0.0	0.0	0.0	0.0	0.0	0.0	0.0	0.0	0.0	0.0	1.303E-4	0.0	0.0	0.0	0.0	0.0	0.0	0.0	0.0	0.0	0.0	0.0	0.0	
Mississippi Kite	0.0	0.0	0.0	0.0	0.0	0.0	0.0	0.0	0.0	0.0	0.0	0.0	0.0	0.0	0.0	0.0	0.0	7.73E-5	2.921E-4	5.211E-4	0.0	3.821E-4	0.0	0.0	0.0	0.0	0.0	0.0	0.0	0.0	0.0	0.0	0.0015	0.0	0.0	0.0	0.0	0.0	0.0	0.0	0.0	0.0	0.0	0.0	0.0	0.0	0.0	0.0	
Broad-winged Hawk	0.0	0.0	0.0	0.0	0.0	0.0	0.0	0.0	0.0	0.0	0.0	0.0	1.641E-4	6.761E-4	0.0023722	0.0022785	0.0014928	0.0022427	8.763E-4	6.514E-4	0.0015	3.821E-4	0.0	0.0	0.0	0.0	0.0	6.711E-4	8.584E-4	0.0011664	0.0030769	0.0042237	0.0037532	0.0134698	0.025575	0.0277488	0.0101382	0.0054409	0.0027525	0.0013803	0.0010815	0.0012291	0.0	0.0	0.0	0.0	0.0	0.0	
Red-shouldered Hawk	0.0040153	0.0087051	0.0050977	0.0014159	0.0044131	0.0014085	0.0018079	2.872E-4	0.0028711	0.0031123	0.0024369	0.003148	3.282E-4	9.466E-4	0.0010543	0.0012206	7.86E-5	6.187E-4	2.921E-4	0.0015	0.0	3.821E-4	0.0	3.837E-4	0.0	0.0	0.0	0.0	4.292E-4	0.0	6.838E-4	0.0	0.0011729	0.001796	0.0012868	0.0032569	0.0032258	0.0057609	0.0135902	0.0129745	0.0237941	0.0307276	0.0252538	0.01875	0.0126506	0.0097761	0.0125073	0.0097616	
Swainson's Hawk	0.0	0.0	0.0	0.0	0.0	0.0	0.0	0.0	0.0	0.0	0.0	0.0	0.0	0.0	0.0	0.0	0.0	0.0	0.0	0.0	0.0	0.0	0.0	0.0	0.0	0.0	0.0	0.0	0.0	0.0	0.0	0.0	0.0	0.0	0.0	1.303E-4	0.0	0.0	0.0	0.0	0.0	0.0	0.0	0.0	0.0	0.0	0.0	0.0	
Red-tailed Hawk	0.350532	0.3394995	0.3401303	0.3359628	0.3109738	0.3064789	0.3236054	0.3026996	0.3077806	0.3045248	0.2897652	0.3073003	0.295421	0.2765382	0.2767528	0.2694279	0.2585638	0.2108886	0.1831548	0.1797811	0.1733746	0.134123	0.1224138	0.1381427	0.1230057	0.12878	0.1182008	0.1211409	0.1356223	0.1314152	0.1452991	0.1494368	0.1679568	0.1896552	0.2245456	0.2169098	0.2175115	0.2510802	0.2676759	0.278813	0.2874757	0.3038348	0.3124186	0.3420833	0.3430723	0.3535162	0.3720186	0.3257662	
Rough-legged Hawk	0.0	0.0	0.0	0.0015	0.0	0.0	0.0	0.0	0.0	0.0	0.0	0.0	0.0	0.0	0.0	0.0	0.0	0.0	0.0	0.0	0.0	0.0	0.0	0.0	0.0	0.0	0.0	0.0	0.0	0.0	0.0	0.0	0.0	0.0	0.0	0.0	0.0	0.0	0.0	0.0015	0.0	0.0	0.0	0.0015	0.0	0.0	2.909E-4	0.0	
Buteo sp.	4.015E-4	5.441E-4	0.001416	6.068E-4	8.826E-4	0.0011268	0.0012913	2.872E-4	5.742E-4	2.394E-4	6.646E-4	5.996E-4	8.206E-4	6.761E-4	0.0011861	5.696E-4	6.285E-4	3.093E-4	1.947E-4	3.908E-4	2.815E-4	3.821E-4	0.0	0.0	5.147E-4	5.214E-4	5.23E-4	0.0	4.292E-4	0.0	0.0023932	0.0012068	7.037E-4	5.388E-4	0.0022519	0.001433	7.68E-4	0.0017603	0.0029245	0.0040028	0.0036773	0.0036873	0.0031242	0.0014583	0.0027108	9.461E-4	0.0011635	0.0018161	
Buteo/eagle sp.	0.0	0.0	2.832E-4	0.0	0.0	0.0	0.0	0.0	0.0	0.0	0.0	0.0	0.0	0.0	0.0	0.0	0.0	0.0	0.0	0.0	0.0	0.0	0.0	0.0	0.0	0.0	0.0	0.0	0.0	0.0	0.0	0.0	0.0	0.0	0.0	0.0	0.0	1.6E-4	0.0	0.0	0.0	2.458E-4	0.0	0.0	0.0	0.0	0.0	0.0	
hawk sp.	0.0028107	0.0029924	0.0031153	0.0026294	0.0032362	0.0039437	0.0041322	0.0057438	0.0045937	0.0040699	0.0015507	0.0035977	0.0019695	0.0024341	0.0022404	0.0014647	0.0020427	0.0017013	0.0011685	0.0010422	5.629E-4	3.821E-4	8.621E-4	0.0011512	5.147E-4	5.214E-4	0.001046	0.0016779	0.0012876	3.888E-4	0.0013675	0.0028158	0.0018766	0.0019756	0.005308	0.0050808	0.0029186	0.0046407	0.0055049	0.0035887	0.0047588	0.0039331	0.0039052	0.0054167	0.0039157	0.0015768	0.0040721	0.0022701	
eagle sp.	0.0	0.0	2.832E-4	0.0	0.0	0.0	0.0	0.0	0.0	0.0	0.0	0.0	0.0	0.0	0.0	0.0	0.0	0.0	0.0	0.0	0.0	0.0	0.0	0.0	0.0	0.0	0.0	0.0	0.0	0.0	0.0	0.0	0.0	0.0	1.608E-4	0.0	0.0	0.0	0.0	0.0	2.163E-4	2.458E-4	0.0	0.0	0.0	0.0	0.0	0.0	
American Barn Owl	4.015E-4	0.0015	0.0	0.0	0.0	0.0	0.0	0.0	0.0	0.0	0.0	1.499E-4	0.0	0.0121704	0.0081708	0.0015	0.0	0.0	0.0	0.0	0.0	0.0015	0.0	0.0	0.0	0.0	0.0	0.0	0.0	0.0	0.0	4.023E-4	0.0	0.0	1.608E-4	1.303E-4	0.0015	3.201E-4	0.0	0.0015	4.326E-4	0.0	0.0015	0.004375	0.0015	0.0015	0.0015	0.0015891	
Eastern Screech-Owl	0.0030114	0.0092492	0.0099122	0.0147654	0.0126508	0.0095775	0.0074897	0.0132108	0.0180879	0.0181949	0.0106336	0.0118423	0.0088626	0.0132522	0.0131787	0.0052893	0.0036141	0.0026293	0.0010711	7.817E-4	0.0011258	3.821E-4	0.0015	0.0	0.0015	0.0	0.0	0.0	8.584E-4	0.0015	0.0010256	0.0015	4.692E-4	1.796E-4	1.608E-4	2.606E-4	7.68E-4	9.602E-4	3.441E-4	6.901E-4	0.0019468	0.0063913	0.005207	0.0052083	0.0054217	0.0028382	0.0029087	0.0043133	
Snowy Owl	0.0	5.441E-4	2.832E-4	0.0125405	0.0091203	0.0025352	0.003874	0.0057438	2.871E-4	0.0	0.0015	2.998E-4	0.0	0.0	0.0	0.0	0.0	0.0	0.0	0.0	0.0	0.0	0.0	0.0	0.0	0.0	0.0	0.0	0.0	0.0	0.0	0.0	0.0	0.0	0.0	0.0	0.0	0.0	0.0	0.0	0.0	0.0	0.0	0.0010417	0.0015	0.0015	0.0014543	2.27E-4	
Great Horned Owl	0.0351335	0.0220348	0.0167091	0.0279126	0.0200059	0.0219718	0.0074897	0.0189546	0.0120586	0.0093368	0.0079752	0.0097437	0.0134581	0.021501	0.0268846	0.0204248	0.0063639	0.0059547	0.0074976	0.0088588	0.0059105	0.0034391	0.0077586	0.0034536	0.0010293	0.0015641	5.23E-4	0.002349	0.0	0.0066096	0.0015	0.0	0.0030495	1.796E-4	6.434E-4	1.303E-4	0.0039939	0.0019203	3.441E-4	0.0064872	0.0093013	0.0152409	0.0268159	0.0420833	0.0355422	0.043204	0.034904	0.031328	
Eurasian Eagle-Owl	0.0015	0.0032644	8.496E-4	0.0015	0.0050015	0.003662	0.0043905	0.0043079	0.008039	0.0045487	0.0068675	0.0062959	0.0088626	0.0056795	0.0081708	0.0062658	0.0014928	9.28E-4	0.0011685	0.0026055	0.0014073	0.0019106	4.31E-4	0.0026861	0.0041173	0.0015	0.001569	3.356E-4	0.0025751	0.001944	6.838E-4	0.0012068	0.0014075	5.388E-4	0.0014476	0.0015633	0.0024578	0.0016003	0.0015483	0.0035887	2.163E-4	0.0	0.0013017	0.0	0.0	0.0	0.0015	0.0015	
Barred Owl	0.0254969	0.0152339	0.0257717	0.0135518	0.0147102	0.0109859	0.012655	0.0080414	0.0137812	0.0155614	0.0223748	0.0175386	0.0170688	0.0123056	0.0108065	0.0181463	0.0073853	0.0080427	0.0015579	0.0018239	0.0016887	0.0034391	0.0012931	0.0026861	0.0025733	0.0026069	0.001569	0.002349	0.0025751	0.0	0.0	0.0	0.0	0.0	0.0	9.119E-4	0.0	0.0145623	0.0022364	0.0082816	0.0229288	0.0228614	0.0281177	0.0410417	0.0355422	0.0495112	0.0279232	0.0263337	
Long-eared Owl	0.0030114	0.0059848	0.0036817	0.0374191	0.0326567	0.02	0.0085227	0.0025847	0.0063164	0.0031123	2.215E-4	0.0	0.0103397	0.0015	3.954E-4	0.0015	0.0	0.0	0.0	0.0	0.0	0.0	0.0	0.0	0.0	0.0	0.0	0.0	0.0	0.0	0.0	0.0	0.0	0.0	0.0	0.0	0.0	0.0	5.161E-4	0.0015	0.0023794	2.458E-4	0.0020828	8.333E-4	0.0021084	0.0018921	0.0125073	0.0059024	
Short-eared Owl	0.0	0.0	0.0	0.0	0.0	0.0	0.0	0.0	0.0	0.0	0.0	2.998E-4	0.0	1.352E-4	0.0	0.0	0.0	0.0	0.0	0.0	0.0	0.0	0.0	0.0	0.0	0.0	0.0	0.0	0.0	0.0	0.0	0.0	0.0	0.0	0.0	0.0	0.0	0.0015	3.441E-4	2.761E-4	6.489E-4	4.916E-4	0.0	2.083E-4	0.0	0.0	0.0	0.0	
Long-eared/Short-eared Owl	0.0	0.0	0.0	0.0	0.0	0.0	0.0	0.0	0.0	0.0	0.0	0.0	0.0	0.0	1.318E-4	0.0	0.0	0.0	0.0	0.0	0.0	0.0	0.0	0.0	0.0	0.0	0.0	0.0	0.0	0.0	0.0	0.0	0.0	0.0	0.0	0.0	0.0	0.0	0.0	0.0	0.0	0.0	0.0	0.0	0.0	0.0	0.0	0.0	
Boreal Owl	0.0010038	0.0016322	0.0	0.0	0.0	0.0	0.0	0.0	0.0	0.0	0.0	0.0	0.0	0.0	0.0	0.0	0.0	0.0	0.0	0.0	0.0	0.0	0.0	0.0	0.0	0.0	0.0	0.0	0.0	0.0	0.0	0.0	0.0	0.0	0.0	0.0	0.0	0.0	0.0	0.0	0.0	0.0	0.0	0.0	0.0015	0.0	0.0023269	0.0027242	
Northern Saw-whet Owl	0.0273038	0.0019042	0.0042481	0.0026294	8.826E-4	0.0011268	0.0064566	0.0031591	5.742E-4	4.788E-4	0.0037661	0.0059961	0.002626	9.466E-4	0.0	0.0	0.0015	0.0	0.0	0.0	0.0	0.0	0.0	0.0	0.0	0.0	0.0	0.0	0.0	0.0	0.0	0.0	0.0	0.0	0.0	0.0	0.0	1.6E-4	1.72E-4	0.0024845	0.0036773	0.0019666	0.0088519	0.0133333	0.0210843	0.013245	0.0325771	0.0283768	
owl sp.	0.0	0.0	0.0	4.045E-4	0.0	2.817E-4	0.0	0.0	0.0	0.0	0.0	0.0	0.0015	0.0	0.0	0.0	7.86E-5	0.0	0.0	0.0	0.0	0.0	0.0	0.0	0.0	0.0	0.0	0.0	0.0	0.0	0.0	0.0	0.0	0.0	0.0	0.0	1.536E-4	0.0	0.0	0.0	2.163E-4	0.0	0.0	2.083E-4	0.0	0.0	0.0	0.0	
hornbill sp.	0.0	0.0	0.0	0.0	0.0	0.0	0.0	0.0	0.0	0.0	0.0	0.0	0.0	0.0	0.0	0.0	0.0	0.0	0.0	0.0	2.815E-4	0.0	0.0	0.0	0.0	0.0	0.0	0.0	0.0	0.0	0.0	0.0	0.0	0.0	0.0	0.0	0.0	0.0	0.0	0.0	0.0	0.0	0.0	0.0	0.0	0.0	0.0	0.0	
Belted Kingfisher	0.0319213	0.0329162	0.0249221	0.0139563	0.0079435	0.0121127	0.0095558	0.007467	0.0120586	0.0093368	0.0079752	0.0131914	0.0303627	0.0250169	0.0245124	0.0270974	0.0153206	0.007192	0.0033106	0.0035175	0.0132283	0.0022927	0.0012931	0.0015349	0.0025733	0.0031283	0.0057531	0.0097315	0.0218884	0.0361586	0.0369231	0.0386163	0.0258034	0.0323276	0.0503458	0.0565399	0.0695853	0.0633701	0.0445553	0.0281573	0.0300671	0.0304818	0.0356678	0.036875	0.0361446	0.0321665	0.0296684	0.0329171	
Yellow-bellied Sapsucker	0.1365188	0.1077258	0.1036534	0.1027508	0.0759047	0.0707042	0.0787707	0.0689259	0.0683319	0.0799617	0.0852902	0.1454055	0.2606269	0.2795132	0.2195572	0.0994385	0.0431332	0.01508	0.0047712	0.0024752	0.0025331	0.0015285	0.0021552	0.0011512	5.147E-4	5.214E-4	0.0015	6.711E-4	4.292E-4	7.776E-4	0.0010256	4.023E-4	0.0015	0.0016164	0.0283095	0.1934601	0.3849462	0.4419907	0.4015138	0.2676329	0.186459	0.1285644	0.1241864	0.1554167	0.1581325	0.1598865	0.1852821	0.1309875	
Red-headed Woodpecker	0.0128488	0.0179543	0.011045	0.0066748	0.0050015	0.0053521	0.0069731	0.0045951	0.0091875	0.0086186	0.0055383	0.0034478	0.0045954	0.0055443	0.002504	0.0089511	0.0172847	0.0126827	6.816E-4	0.0024752	0.0028145	0.0	4.31E-4	0.0	0.0015	0.0	0.0	0.0	0.0	0.0	0.0	6.034E-4	0.0014075	0.0066451	0.0024127	0.0024752	0.0013825	0.0072012	0.0024084	0.0049689	0.0060567	0.0086037	0.0101536	0.0129167	0.0042169	0.004415	0.0055265	0.0086266	
Red-bellied Woodpecker	0.323429	0.2913493	0.2945341	0.285801	0.270962	0.2611268	0.2683368	0.2558874	0.2842377	0.3114676	0.3147984	0.3543697	0.3745281	0.3775524	0.4123616	0.4565058	0.4493243	0.4007424	0.359591	0.3135748	0.2161554	0.1688957	0.1487069	0.1546431	0.1384457	0.1183525	0.1202929	0.1389262	0.1682403	0.1815708	0.2099145	0.226066	0.2355149	0.2507184	0.2818079	0.3014591	0.3345622	0.3419747	0.3631516	0.336922	0.3344149	0.320059	0.3452226	0.3666667	0.348494	0.3276569	0.3266434	0.3135074	
Black-backed Woodpecker	0.0	0.0	0.0	0.0	0.0	0.0	0.0	0.0	0.0	0.0	0.0	0.0	0.0	0.0	0.0	0.0	0.0	0.0	0.0	0.0	0.0	0.0	0.0	0.0	0.0	0.0	0.0	0.0	0.0	0.0	0.0	0.0	0.0	0.0	0.0	0.0015	0.0	0.0	0.0	0.0	0.0	0.0015	0.0	0.0	0.0	0.0	0.0	0.0	
Downy Woodpecker	0.287894	0.2687704	0.2582838	0.2692152	0.2621359	0.2430986	0.2815083	0.2725445	0.2681596	0.2827388	0.2871068	0.3248389	0.3508945	0.3502366	0.3902214	0.4006835	0.3617222	0.3176088	0.2612463	0.217431	0.1494512	0.1268628	0.1375	0.1534919	0.1811631	0.1595412	0.1558577	0.1761745	0.1879828	0.2177294	0.2482051	0.248391	0.2718743	0.2728089	0.2779476	0.2574257	0.2394777	0.231557	0.2201961	0.2086957	0.20809	0.2114061	0.2442072	0.2775	0.2722892	0.2683696	0.2760326	0.2494892	
Hairy Woodpecker	0.0405541	0.0359086	0.0337015	0.0372168	0.0291262	0.0397183	0.0333161	0.0304423	0.0390468	0.0342351	0.0345591	0.0448209	0.0382406	0.0411089	0.0392725	0.0329563	0.0339409	0.0275307	0.0240506	0.0225378	0.0197017	0.0179595	0.0206897	0.0149655	0.0180134	0.0161627	0.0203975	0.0177852	0.0236052	0.0307154	0.0369231	0.0335881	0.0347173	0.0262213	0.0297571	0.0233194	0.0271889	0.0289646	0.0259763	0.0277433	0.030716	0.0299902	0.0372299	0.0333333	0.046988	0.0450962	0.0424666	0.0376844	
Downy/Hairy Woodpecker	0.0018069	0.0013602	0.0011328	0.0018204	0.0011768	0.0011268	0.0023244	0.0011488	0.0017227	0.0033517	0.0026584	0.0017988	0.0024618	0.0022989	0.0013179	0.0015461	0.0021213	0.0017787	0.0017527	0.0015633	5.629E-4	0.0011464	0.0012931	3.837E-4	5.147E-4	0.0015641	0.001046	3.356E-4	8.584E-4	3.888E-4	0.0023932	6.034E-4	9.383E-4	0.0014368	0.0014476	0.0013028	0.0026114	0.0024004	0.0020643	5.521E-4	6.489E-4	4.916E-4	0.0010414	0.0016667	0.001506	0.0012614	8.726E-4	0.0015891	
Pileated Woodpecker	0.0	0.0	0.0	0.0	0.0	0.0	0.0	0.0	0.0	0.0	0.0	0.0015	0.0	0.0027045	0.0035582	0.0030108	0.0015	7.73E-5	0.0015	0.0	0.0	0.0	0.0	0.0	0.0	0.0	0.0	0.0	0.0	0.0	0.0	0.0	0.0	0.0	0.0	0.0	0.0	0.0	0.0	0.0	0.0	0.0	0.0	0.0	0.0	0.0	0.0	0.0	
Northern Flicker	0.0453724	0.0457018	0.0402152	0.0374191	0.0294204	0.0292958	0.0281508	0.0275704	0.0292851	0.0529088	0.1063358	0.2295008	0.4068603	0.4774848	0.4915656	0.4504028	0.3705217	0.2840461	0.2435248	0.2124805	0.1460737	0.1364157	0.1262931	0.1438987	0.1513124	0.149635	0.1569038	0.1755034	0.2188841	0.2581649	0.3005128	0.3081255	0.3406052	0.3891882	0.4725752	0.4351225	0.4116743	0.3533365	0.2829864	0.2271912	0.1566083	0.1199607	0.0916428	0.065625	0.0587349	0.0495112	0.0517743	0.0345062	
woodpecker sp.	2.008E-4	0.0013602	8.496E-4	0.0014159	0.0011768	5.634E-4	0.0015496	0.0025847	0.0022969	0.0019153	0.0019938	0.0029981	0.0039389	0.0032454	0.0022404	0.0032549	0.0024356	0.0017787	0.0010711	0.0019541	0.0025331	0.0019106	0.0025862	0.004221	0.0010293	0.0020855	5.23E-4	3.356E-4	0.0021459	0.0015	0.0013675	0.0014079	0.0011729	0.0012572	0.0012868	7.817E-4	0.0024578	0.0027204	0.0020643	0.0022084	0.0017305	0.0017207	7.81E-4	0.0010417	3.012E-4	0.0012614	0.0011635	0.0018161	
American Kestrel	0.0558121	0.0448857	0.0441801	0.0402508	0.0373639	0.0338028	0.0428719	0.034463	0.0376113	0.0335169	0.040319	0.0434717	0.0416872	0.0335362	0.0376911	0.0392221	0.037005	0.0279947	0.0208374	0.0196717	0.0337743	0.0378296	0.0314655	0.0349194	0.0391148	0.0458811	0.0507322	0.0422819	0.0484979	0.0559876	0.0441026	0.0549075	0.0595825	0.0822557	0.0897539	0.0792079	0.0847926	0.099696	0.1087218	0.1007591	0.0869565	0.0808751	0.078365	0.073125	0.0665663	0.0700095	0.0837696	0.0594779	
Merlin	0.0044168	0.0073449	0.0090626	0.0121359	0.0097087	0.0067606	0.0054236	0.0051694	0.0048808	0.0071822	0.0070891	0.006146	0.0086985	0.0100068	0.008039	0.0042314	0.0030641	0.0013147	2.921E-4	0.0	0.0015	0.0	0.0	0.0	0.0	0.0	0.0	3.356E-4	0.0015	7.776E-4	3.419E-4	0.0012068	0.0032841	0.0061063	0.0110986	0.0074257	0.0124424	0.012642	0.0172028	0.0162871	0.0136275	0.0172075	0.011195	0.0114583	0.0084337	0.0069379	0.0084351	0.0063564	
Peregrine Falcon	0.0700663	0.0642002	0.065987	0.0970874	0.0667843	0.0588732	0.0534607	0.0459506	0.0485214	0.0373474	0.0398759	0.0349273	0.0311833	0.0275862	0.0311017	0.0235983	0.0213702	0.0244374	0.0235638	0.0278791	0.0478469	0.0401223	0.0405172	0.0314658	0.0344828	0.0380605	0.0230126	0.0295302	0.0257511	0.0268274	0.0225641	0.0293644	0.0258034	0.0409483	0.0395689	0.0354351	0.0357911	0.0460874	0.0531567	0.058109	0.0594852	0.0661259	0.0650872	0.05875	0.0503012	0.0611794	0.0573008	0.0531215	
large falcon sp.	2.008E-4	0.0	0.0	2.023E-4	0.0	0.0	2.583E-4	0.0	2.871E-4	0.0	4.431E-4	1.499E-4	1.641E-4	0.0	0.0	1.627E-4	7.86E-5	0.0	0.0	0.0	0.0	0.0	0.0	0.0	0.0	0.0	0.0	0.0	0.0	0.0	0.0	2.011E-4	0.0	0.0	1.608E-4	0.0	0.0	0.0	3.441E-4	2.761E-4	2.163E-4	0.0	0.0	0.0	0.0	0.0	0.0	2.27E-4	
small falcon sp.	4.015E-4	2.72E-4	8.496E-4	0.0	0.0	0.0	2.583E-4	0.0	2.871E-4	4.788E-4	6.646E-4	4.497E-4	6.565E-4	8.114E-4	5.271E-4	1.627E-4	1.571E-4	3.867E-4	9.74E-5	0.0	2.815E-4	3.821E-4	0.0	0.0	0.0	0.0	0.0	3.356E-4	0.0015	7.776E-4	0.0	2.011E-4	4.692E-4	7.184E-4	0.0014476	0.001433	7.68E-4	0.0020803	0.0012042	6.901E-4	0.0015142	2.458E-4	7.81E-4	6.25E-4	3.012E-4	0.0012614	5.817E-4	2.27E-4	
falcon sp.	6.023E-4	8.161E-4	0.0	4.045E-4	2.942E-4	0.0015	0.0	2.872E-4	5.742E-4	0.0014364	8.861E-4	5.996E-4	8.206E-4	1.352E-4	9.225E-4	7.324E-4	6.285E-4	3.867E-4	4.869E-4	2.606E-4	0.0	0.0	0.0	0.0	5.147E-4	5.214E-4	0.0	6.711E-4	0.0	0.0015552	3.419E-4	4.023E-4	9.383E-4	0.001796	0.002091	0.001433	0.0013825	0.0014402	0.0029245	0.0015183	0.0017305	9.833E-4	0.0018224	0.0010417	6.024E-4	9.461E-4	0.0014543	4.54E-4	
diurnal raptor sp.	0.0	5.441E-4	2.832E-4	0.0	0.0	5.634E-4	5.165E-4	0.001436	8.613E-4	2.394E-4	6.646E-4	7.495E-4	3.282E-4	6.761E-4	2.636E-4	2.441E-4	3.143E-4	3.867E-4	2.921E-4	2.606E-4	0.0	0.0	4.31E-4	0.0	0.0010293	0.0010428	0.001046	6.711E-4	8.584E-4	3.888E-4	0.0010256	0.0012068	0.0011729	0.0012572	0.0011259	0.0011725	7.68E-4	0.0017603	0.0017203	9.662E-4	8.652E-4	0.0019666	0.0010414	0.001875	9.036E-4	6.307E-4	8.726E-4	6.81E-4	
Cockatiel	0.0	0.0	0.0	0.0	0.0	0.0	0.0	0.0	0.0	0.0	0.0	0.0	0.0	0.0	0.0	8.14E-5	0.0	0.0	0.0	0.0	0.0	0.0	0.0	0.0	0.0	0.0	0.0	0.0	0.0	0.0	0.0	0.0	0.0	0.0015	0.0	0.0	0.0	0.0	0.0	0.0	0.0	0.0	0.0	0.0	0.0	0.0	0.0	0.0	
Budgerigar	0.0	0.0	0.0	0.0	0.0	5.634E-4	0.0	0.0	0.0	0.0	2.215E-4	0.0	0.0	4.057E-4	0.0	0.0	2.357E-4	0.0	0.0015	1.303E-4	2.815E-4	0.0	0.0017241	7.675E-4	5.147E-4	0.0	0.0	0.0010067	0.0012876	7.776E-4	0.0017094	0.001609	0.0018766	0.0016164	0.0028953	0.0029964	0.0024578	0.0020803	0.0027525	0.0019324	4.326E-4	7.375E-4	0.0015	0.0	0.0	0.0	0.0	0.0	
Gray Parrot	0.0	0.0	0.0	0.0	0.0	0.0	0.0	0.0	0.0	0.0	0.0	0.0	0.0	0.0	0.0	0.0	0.0	0.0	0.0	1.303E-4	0.0	0.0	0.0	0.0	0.0	0.0	0.0	0.0	0.0	0.0	0.0	0.0	2.346E-4	0.0	0.0	0.0	0.0	0.0	0.0	0.0	0.0	0.0	0.0	0.0	0.0	0.0	0.0	0.0	
Monk Parakeet	0.0010038	2.72E-4	0.0	6.068E-4	0.0	5.634E-4	2.583E-4	2.872E-4	2.871E-4	4.788E-4	2.215E-4	0.0015	6.565E-4	6.761E-4	9.225E-4	9.765E-4	3.143E-4	4.64E-4	7.79E-4	3.908E-4	5.629E-4	0.0022927	0.0047414	0.0069071	0.0041173	0.0046924	0.0026151	0.0013423	0.0021459	0.0015552	3.419E-4	0.001609	0.0021112	8.98E-4	8.042E-4	5.211E-4	9.217E-4	6.401E-4	0.0018923	0.0020704	0.0025957	9.833E-4	0.0015621	8.333E-4	9.036E-4	0.0018921	0.0023269	9.081E-4	
White-winged Parakeet	0.0	0.0	0.0	0.0	0.0	0.0	0.0	0.0	0.0	0.0	0.0	0.0	0.0	0.0	0.0	0.0	0.0	0.0	0.0	0.0	0.0	0.0	0.0	0.0	0.0	0.0	0.0	0.0	0.0	0.0	0.0	0.0	0.0	0.0	0.0	0.0	0.0	0.0	0.0	0.0	2.163E-4	0.0	0.0	0.0	0.0	0.0	0.0	0.0	
Sun Parakeet	0.0	0.0	0.0	0.0	0.0	0.0	0.0	0.0	0.0	0.0	0.0	0.0	0.0	0.0	0.0	0.0	0.0	0.0	0.0	0.0	0.0	0.0	0.0	0.0	0.0	0.0	0.0	0.0	0.0	0.0	0.0	0.0	0.0	0.0	1.608E-4	0.0	0.0	0.0	0.0	0.0	0.0	0.0	0.0	0.0	0.0	0.0	0.0	0.0	
Mitred Parakeet	0.0	0.0	0.0	0.0	0.0	0.0	2.583E-4	0.0	0.0	0.0	0.0	0.0	0.0	0.0	0.0	0.0	0.0	0.0	0.0	0.0	0.0	0.0	0.0	0.0	0.0	0.0	0.0	0.0	0.0	0.0	0.0	0.0	0.0	0.0	0.0	0.0	0.0	0.0	0.0	0.0	0.0	0.0	0.0	0.0	0.0	0.0	0.0	0.0	
parakeet sp.	0.0	0.0	0.0	0.0	0.0	0.0	0.0	0.0	0.0	0.0	0.0	0.0	0.0	0.0	0.0	0.0	0.0	0.0	0.0	0.0	0.0	0.0	0.0	0.0	0.0	0.0	0.0	0.0	0.0	0.0	0.0	0.0	0.0	0.0	0.0	0.0	0.0	0.0	0.0	0.0	0.0	0.0	0.0	0.0	0.0	3.154E-4	0.0	0.0	
Olive-sided Flycatcher	0.0	0.0	0.0	0.0	0.0	0.0	0.0	0.0	0.0	0.0	0.0	0.0	0.0	0.0	0.0	8.14E-5	0.0022784	0.0199521	0.0280428	0.0280094	0.0070363	0.0	4.31E-4	0.0	0.0015	0.0	0.0	0.0	0.0012876	0.0031104	0.0092308	0.0152856	0.0145437	0.0249641	0.0088467	0.0024752	3.072E-4	0.0	3.441E-4	0.0	0.0	0.0	0.0	0.0	0.0	0.0	0.0	0.0	
Eastern Wood-Pewee	0.0	0.0	0.0	0.0	0.0	0.0	0.0	0.0	0.0	0.0	0.0	0.0	0.0	0.0	0.0	5.696E-4	0.0165776	0.0824376	0.1820837	0.2157374	0.1277793	0.0397402	0.0211207	0.014198	0.0128667	0.0104275	0.0104603	0.002349	0.0094421	0.0147745	0.0482051	0.1377715	0.1693643	0.237967	0.2391829	0.2255081	0.1491551	0.0548888	0.012214	0.0024845	0.0	0.0	0.0	0.0	0.0	0.0	0.0	0.0	
pewee sp. (Contopus sp.)	0.0	0.0	0.0	0.0	0.0	0.0	0.0	0.0	0.0	0.0	0.0	0.0	0.0	0.0	0.0	0.0	0.0	0.0	9.74E-5	0.0	0.0	0.0	0.0	0.0	0.0	0.0	0.0	0.0	0.0	0.0	0.0	2.011E-4	0.0	0.0012572	0.0	0.0015	0.0	0.0	0.0	0.0	0.0	0.0	0.0	0.0	0.0	0.0	0.0	0.0	
Yellow-bellied Flycatcher	0.0	0.0	0.0	0.0	0.0	0.0	0.0	0.0	0.0	0.0	0.0	0.0	0.0	0.0	0.0	0.0	7.86E-5	0.0015467	0.0143135	0.0405159	0.0222347	0.0015285	0.0	0.0	0.0	0.0	0.0	3.356E-4	0.0012876	0.0085537	0.0088889	0.0466613	0.0361248	0.0337644	0.0165675	0.005211	0.0016897	3.201E-4	0.0	0.0	0.0	0.0	0.0	0.0	0.0	0.0	0.0	0.0	
Acadian Flycatcher	0.0	0.0	0.0	0.0	0.0	0.0	0.0	0.0	0.0	0.0	0.0	0.0	0.0	0.0	0.0	0.0	9.428E-4	0.0022427	0.0042843	0.0229286	0.014917	0.0149026	4.31E-4	0.0011512	0.0	0.0	0.0	0.0	0.0	3.888E-4	0.0	2.011E-4	4.692E-4	1.796E-4	1.608E-4	0.0	1.536E-4	0.0	0.0	0.0	0.0	0.0	0.0	0.0	0.0	0.0	0.0	0.0	
Alder Flycatcher	0.0	0.0	0.0	0.0	0.0	0.0	0.0	0.0	0.0	0.0	0.0	0.0	0.0	0.0	0.0	0.0	0.0	9.28E-4	0.0031159	0.0070349	0.0019702	0.0	0.0	0.0	0.0	0.0	0.0	0.0	0.0	0.0	3.419E-4	8.045E-4	0.0	7.184E-4	0.0	0.0	0.0	0.0	0.0	0.0	0.0	0.0	0.0	0.0	0.0	0.0	0.0	0.0	
Willow Flycatcher	0.0	0.0	0.0	0.0	0.0	0.0	0.0	0.0	0.0	0.0	0.0	0.0	0.0	0.0	0.0	0.0	7.86E-5	0.00232	0.006037	0.0135487	0.0101323	0.0038212	0.0030172	0.0019186	0.0041173	0.0	5.23E-4	0.002349	0.0012876	0.0027216	0.0034188	0.0026146	7.037E-4	0.0012572	1.608E-4	0.0	0.0	0.0	0.0	0.0	0.0	0.0	0.0	0.0	0.0	0.0	0.0	0.0	
Alder/Willow Flycatcher (Traill's Flycatcher)	0.0	0.0	0.0	0.0	0.0	0.0	0.0	0.0	0.0	0.0	0.0	0.0	0.0	0.0	0.0	0.0	0.0	6.96E-4	0.0024343	0.006123	0.003096	0.0	0.0	0.0	5.147E-4	0.0010428	0.0	3.356E-4	0.0	7.776E-4	0.0044444	0.004827	0.0042224	0.0062859	0.0024127	7.817E-4	3.072E-4	1.6E-4	0.0	0.0	0.0	0.0	0.0	0.0	0.0	0.0	0.0	0.0	
Least Flycatcher	0.0	0.0	0.0	0.0	0.0	0.0	0.0	0.0	0.0	0.0	0.0	0.0	0.0	0.0	1.318E-4	0.0063471	0.0653677	0.0726935	0.0650438	0.0246222	0.0047847	0.0	0.0	0.0	0.0	0.0	0.0	0.0013423	0.0051502	0.0167185	0.0232479	0.0434433	0.0391743	0.0378951	0.0349043	0.0173267	0.009831	0.0027204	0.0	1.38E-4	0.0015	0.0	0.0	0.0	0.0	0.0	0.0	0.0	
Hammond's Flycatcher	0.0	0.0	0.0	0.0	0.0	0.0	0.0	0.0	0.0	0.0	0.0	0.0	0.0	0.0	0.0	0.0	0.0	0.0	0.0	0.0	0.0	0.0	0.0	0.0	0.0	0.0	0.0	0.0	0.0	0.0	0.0	0.0	0.0	0.0	0.0	0.0	0.0	0.0	0.0	0.0	0.0	0.0	0.0	0.0189583	0.0144578	0.0034689	0.0	0.0	
Western Flycatcher	0.0	0.0	0.0	0.0	0.0	0.0	0.0	0.0	0.0	0.0	0.0	0.0	0.0	0.0	0.0	0.0	0.0	0.0	0.0	0.0	0.0	0.0	0.0	0.0	0.0	0.0	0.0	0.0	0.0	0.0	0.0	0.0	0.0	0.0	0.0	0.0	0.0	0.0	0.0	0.0	0.0	0.0	0.0072898	0.0054167	0.0	0.004415	0.0	0.0	
Empidonax sp.	0.0	0.0	0.0	0.0	0.0	0.0	0.0	0.0	0.0	0.0	0.0	0.0	0.0	0.0	2.636E-4	8.951E-4	0.0106065	0.0191014	0.034372	0.0429911	0.0219533	0.0026748	0.0017241	0.0	5.147E-4	5.214E-4	0.001046	0.0013423	0.0051502	0.0178849	0.0287179	0.0482703	0.0534835	0.0608836	0.0365128	0.0226681	0.003533	9.602E-4	3.441E-4	4.141E-4	0.0	0.0	2.603E-4	0.0	0.0	0.0	0.0	0.0	
Eastern Phoebe	0.0026099	0.0013602	5.664E-4	8.091E-4	0.0	2.817E-4	0.0	0.0015	0.002584	0.0363898	0.1019052	0.2840654	0.3801083	0.2688303	0.0904059	0.0227032	0.0109994	0.0144614	0.0093476	0.0071652	0.0042218	0.0038212	0.0017241	0.0011512	0.003088	5.214E-4	0.0047071	0.0020134	0.0107296	0.0073872	0.0082051	0.0197104	0.0187661	0.0281968	0.1261058	0.2549505	0.36851	0.3490158	0.2881473	0.1958592	0.1064244	0.0213864	0.005207	0.0033333	0.0012048	6.307E-4	0.0011635	0.0013621	
Ash-throated Flycatcher	0.0	0.0	0.0	0.0	0.0	0.0	0.0	0.0	0.0	0.0	0.0	0.0	0.0	0.0	0.0	0.0	0.0	0.0	0.0	0.0	0.0	0.0	0.0	0.0	0.0	0.0	0.0	0.0	0.0	0.0	0.0	0.0	0.0	0.0	0.0	0.0	0.0	0.0	1.72E-4	1.38E-4	0.0	0.0015	0.0	0.0	0.0036145	0.0100915	0.0011635	0.0015	
Great Crested Flycatcher	0.0	0.0	0.0	0.0	0.0	0.0	0.0	0.0	0.0	0.0	0.0	0.0	0.0	0.0	2.636E-4	0.0406054	0.1396135	0.1521151	0.1411879	0.1539865	0.1007599	0.0599924	0.0448276	0.0395242	0.0375708	0.0250261	0.0125523	0.0194631	0.0356223	0.0416019	0.08	0.1331456	0.11635	0.1029095	0.0397298	0.0046899	0.0018433	4.801E-4	5.161E-4	1.38E-4	2.163E-4	0.0	5.207E-4	0.0	0.0	0.0	0.0	0.0	
Myiarchus sp.	0.0	0.0	0.0	0.0	0.0	0.0	0.0	0.0	0.0	0.0	0.0	0.0	0.0	0.0	0.0	0.0	0.0	0.0	0.0	0.0	0.0	0.0	0.0	0.0	0.0	0.0	0.0	0.0	0.0	0.0	0.0	0.0	0.0	0.0	0.0	0.0	0.0	0.0	0.0015	0.0015	2.163E-4	0.0	0.0	0.0	0.0	0.0	0.0	0.0	
Couch's Kingbird	0.0190725	0.0010881	0.0	0.0	0.0	0.0	0.0	0.0	0.0	0.0	0.0	0.0	0.0	0.0	0.0	0.0	0.0	0.0	0.0	0.0	0.0	0.0	0.0	0.0	0.0	0.0	0.0	0.0	0.0	0.0	0.0	0.0	0.0	0.0	0.0	0.0	0.0	0.0	0.0	0.0	0.0	0.0	0.0	0.0	0.0	0.0	0.0	0.0238365	
Western Kingbird	0.0	0.0	0.0	0.0	0.0	0.0	0.0	0.0	0.0	0.0	0.0	0.0	0.0	0.0	0.0	0.0	0.0	0.0	0.0	0.0	0.0	0.0	0.0	0.0	0.0	0.0	0.0	0.0	0.0	0.0	0.0	0.0	0.0	0.0	4.825E-4	2.606E-4	0.0015361	0.0020803	0.0015	0.0	8.652E-4	0.0	0.0	0.0	0.0	0.0	0.0	0.0	
Eastern Kingbird	0.0	0.0	0.0	0.0	0.0	0.0	0.0	0.0	0.0	0.0	0.0	0.0	0.0	1.352E-4	1.318E-4	0.0214013	0.078017	0.117083	0.1516066	0.1651902	0.120743	0.0840657	0.0724138	0.0844206	0.0946989	0.1037539	0.0910042	0.1221477	0.1622318	0.1426905	0.111453	0.0623492	0.0309641	0.0170618	0.0040212	0.001433	3.072E-4	1.6E-4	5.161E-4	0.0015	0.0	0.0	0.0	0.0	0.0	0.0	0.0	0.0	
Fork-tailed Flycatcher	0.0	0.0	0.0	0.0	0.0	0.0	0.0	0.0	0.0	0.0	0.0	0.0	0.0	0.0	0.0	0.0	0.0	0.0	0.0065239	0.0281397	0.0	0.0	0.0	0.0	0.0	0.0	0.0	0.0	0.0	0.0	0.0	0.0	0.0	0.0	0.0	0.0	0.0	0.0	0.0	0.0	0.0	0.0	0.0	0.0	0.0	0.0	0.0	0.0	
Tyrannus sp.	0.0	0.0	0.0	0.0	0.0	0.0	0.0	0.0	0.0	0.0	0.0	0.0	0.0	0.0	0.0	0.0	0.0	0.0	0.0	0.0	0.0	0.0	0.0	0.0	0.0	0.0	0.0	0.0	0.0	0.0	0.0	0.0	0.0	0.0	0.0	1.303E-4	0.0	0.0	0.0	0.0	0.0	0.0	0.0	0.0	0.0	0.0	0.0	0.0	
new world flycatcher sp.	0.0	0.0	0.0	0.0	0.0	0.0	0.0	0.0	0.0	0.0	4.431E-4	0.0	0.0	2.705E-4	0.0	2.441E-4	0.0010999	0.0017013	0.0027264	0.0033872	0.0011258	7.642E-4	4.31E-4	7.675E-4	0.0	5.214E-4	0.0	0.0010067	4.292E-4	0.0011664	0.0047863	0.0062349	0.0049261	0.0064655	0.0061123	0.0059927	0.0049155	0.0035206	0.0017203	0.0013803	2.163E-4	0.0	0.0	0.0	3.012E-4	0.0	0.0	0.0	
White-eyed Vireo	0.0	0.0	0.0	0.0	0.0	0.0	0.0	0.0	0.0	0.0	0.0	0.0	3.282E-4	0.0040568	0.0109383	0.0273415	0.0348052	0.0153894	0.0098345	0.0015633	2.815E-4	3.821E-4	0.0	0.0015349	5.147E-4	0.0	0.0	0.0	0.0	7.776E-4	0.0	0.0010056	0.0014075	0.0057471	0.0056297	0.0018239	0.0059908	6.401E-4	8.601E-4	8.282E-4	0.0	0.0	0.0	0.0	0.0	0.0	0.0	0.0	
Bell's Vireo	0.0	0.0	0.0	0.0	0.0	0.0	0.0	0.0	0.0	0.0	0.0	0.0	0.0	0.0	0.0	0.0	0.0	0.0015	0.0	0.0	0.0	0.0	0.0	0.0	0.0	0.0	0.0	0.0	0.0	0.0	0.0	0.0	0.0	0.0	0.0015	0.0	0.0	0.0	0.0	0.0	0.0	0.0	0.0	0.0	0.0	0.0	0.0	0.0	
Yellow-throated Vireo	0.0	0.0	0.0	0.0	0.0	0.0	0.0	0.0	0.0	0.0	0.0	0.0	0.0	2.705E-4	0.0044808	0.0246562	0.0689818	0.0503441	0.0263875	0.0027358	5.629E-4	0.0	8.621E-4	0.0	0.0	0.0	0.0	0.0	4.292E-4	0.0	0.0010256	0.001609	0.0039878	0.003592	0.0027344	0.0016936	0.0019969	3.201E-4	3.441E-4	0.0	0.0	0.0	0.0	0.0	0.0	0.0	0.0	0.0	
Blue-headed Vireo	0.0	0.0	0.0	0.0	0.0	0.0	0.0	0.0	0.0	0.0	0.0	0.0	0.0037748	0.0212306	0.1026621	0.2509561	0.2914833	0.1921738	0.0767283	0.0039083	2.815E-4	0.0	0.0	0.0	0.0	0.0	0.0	0.0	0.0	0.0	3.419E-4	4.023E-4	4.692E-4	0.0104167	0.0369953	0.0733455	0.1138249	0.1307409	0.1247205	0.0641822	0.0194679	0.0061455	0.005207	0.0025	3.012E-4	0.0	0.0	0.0	
Philadelphia Vireo	0.0	0.0	0.0	0.0	0.0	0.0	0.0	0.0	0.0	0.0	0.0	0.0	0.0	0.0	0.0	0.0	0.0015	0.00232	0.0037001	0.0024752	0.0	0.0	0.0	0.0	0.0	0.0	0.0	0.0	0.0	3.888E-4	3.419E-4	0.0012068	0.0058644	0.0152658	0.0312048	0.0140698	0.00553	3.201E-4	0.0	0.0	0.0	2.458E-4	0.0	0.0	0.0	0.0	0.0	0.0	
Eastern Warbling Vireo	0.0	0.0	0.0	0.0	0.0	0.0	0.0	0.0	0.0	0.0	0.0	0.0	0.0	0.0	0.0019768	0.1039141	0.2719987	0.2936354	0.3245375	0.3256905	0.2169997	0.1784486	0.1456897	0.1389102	0.1307257	0.0907195	0.0915272	0.0691275	0.0802575	0.0738725	0.0789744	0.1033789	0.1332395	0.0822557	0.0246099	0.0026055	0.0018433	4.801E-4	1.72E-4	0.0	0.0	0.0	0.0	0.0	0.0	0.0	0.0	0.0	
Philadelphia/Eastern Warbling Vireo	0.0	0.0	0.0	0.0	0.0	0.0	0.0	0.0	0.0	0.0	0.0	0.0	0.0	0.0	0.0	0.0	1.571E-4	6.96E-4	0.0012658	2.606E-4	0.0	0.0	0.0	0.0	0.0	0.0	0.0	0.0	0.0	0.0	0.0	0.0014079	7.037E-4	7.184E-4	0.0019302	0.001433	3.072E-4	0.0	0.0	0.0	0.0	0.0	0.0	0.0	0.0	0.0	0.0	0.0	
Red-eyed Vireo	0.0	0.0	0.0	0.0	0.0	0.0	0.0	0.0	0.0	0.0	0.0	0.0	0.0	0.0	0.0	0.0170071	0.129164	0.2431366	0.3208374	0.2691506	0.1244019	0.0439434	0.0344828	0.0218726	0.0283067	0.0229406	0.0135983	0.0157718	0.0407725	0.0532659	0.082735	0.1653258	0.2430213	0.2722701	0.2530159	0.1890307	0.1113671	0.0388862	0.0084294	0.0013803	6.489E-4	0.0	0.0	0.0	0.0	0.0	0.0	0.0	
Philadelphia/Red-eyed Vireo	0.0	0.0	0.0	0.0	0.0	0.0	0.0	0.0	0.0	0.0	0.0	0.0	0.0	0.0	0.0	0.0	0.0	0.0015	9.74E-5	1.303E-4	0.0	0.0	0.0	0.0	0.0	0.0	0.0	0.0	0.0	0.0	0.0	2.011E-4	2.346E-4	1.796E-4	1.608E-4	2.606E-4	0.0	0.0	0.0	1.38E-4	0.0	0.0	0.0	0.0	0.0	0.0	0.0	0.0	
vireo sp.	0.0	0.0	0.0	0.0	0.0	0.0	0.0	0.0	0.0	0.0	0.0	0.0	0.0	0.0	2.636E-4	8.951E-4	7.071E-4	0.0010827	0.0017527	9.119E-4	0.0011258	0.0	0.0	3.837E-4	0.0	0.0	0.0	6.711E-4	8.584E-4	3.888E-4	0.0020513	0.001609	0.0021112	0.002694	0.003217	0.0013028	9.217E-4	4.801E-4	0.0	2.761E-4	0.0	0.0	0.0	2.083E-4	0.0	0.0	0.0	0.0	
Loggerhead Shrike	0.0	0.0	0.0	0.0	0.0	0.0	0.0	0.0	0.0	0.0	0.0	0.0	0.0	0.0015	0.0	0.0	0.0	0.0	0.0	0.0	0.0	0.0	0.0	0.0	0.0	0.0	0.0	0.0	0.0	0.0	0.0	0.0	0.0	0.0	0.0	0.0015	0.0	0.0	0.0	0.0	0.0	0.0	0.0	0.0	0.0	0.0	0.0	0.0	
Northern Shrike	0.0	0.0	0.0	0.0	0.0	0.0	0.0	0.0	0.0	0.0	0.0	0.0	0.0	1.352E-4	0.0	0.0	0.0	0.0	0.0	0.0	0.0	0.0	0.0	0.0	0.0	0.0	0.0	0.0	0.0	0.0	0.0	0.0	0.0	0.0	0.0	0.0	0.0	0.0	0.0	0.0	0.0	0.0	0.0	0.0	0.0	0.0	0.0	0.0	
shrike sp.	0.0	0.0	0.0	0.0	0.0	0.0	0.0	0.0	0.0	0.0	0.0	0.0	0.0	0.0	0.0	0.0	0.0	0.0	0.0	0.0	0.0	0.0	0.0	0.0	0.0	0.0	0.0	0.0	0.0	0.0	0.0	0.0	0.0	0.0	0.0	0.0	0.0	0.0	0.0	0.0	4.326E-4	0.0	0.0	0.0	0.0	0.0	0.0	0.0	
Blue Jay	0.5298133	0.5010881	0.4953271	0.5097087	0.5048544	0.4980282	0.504907	0.5132108	0.5104795	0.5152023	0.5330084	0.60006	0.6361398	0.6381339	0.6497101	0.6763772	0.6546983	0.6058309	0.5774099	0.5472903	0.4683366	0.3951089	0.4073276	0.4320798	0.4441585	0.4332638	0.4408996	0.4597315	0.4935622	0.5458787	0.5924786	0.6100161	0.6012198	0.5989583	0.6308509	0.6383533	0.6675883	0.6615458	0.6511268	0.6060732	0.5976639	0.5902163	0.5639156	0.5620833	0.5509036	0.5537685	0.5314136	0.5639047	
American Crow	0.1688416	0.1713819	0.1670915	0.2032767	0.1679906	0.171831	0.1652893	0.2044802	0.1981051	0.182667	0.1991582	0.2023685	0.1610044	0.1461799	0.1452293	0.1489137	0.15077	0.1449231	0.1431353	0.1387441	0.1570504	0.1161635	0.1198276	0.1224098	0.1075656	0.096976	0.1035565	0.0946309	0.1055794	0.1045879	0.0988034	0.1061947	0.1097818	0.1318247	0.1474988	0.1874674	0.1946237	0.2014722	0.2019611	0.2299517	0.2059269	0.1855949	0.1744337	0.1783333	0.1798193	0.196468	0.2059337	0.1900114	
Fish Crow	0.0108412	0.0149619	0.0101954	0.0133495	0.0117682	0.0084507	0.0183368	0.0456634	0.0229687	0.0186737	0.0292424	0.0383751	0.0379124	0.0350237	0.0450712	0.0470339	0.042819	0.0393628	0.0390458	0.0483325	0.0506614	0.0615208	0.0659483	0.0748273	0.0674215	0.0808133	0.084728	0.0657718	0.0523605	0.0451011	0.0307692	0.0245374	0.0105559	0.0102371	0.0069165	0.0085982	0.0079877	0.0083213	0.0104937	0.0081435	0.009085	0.0110619	0.0088519	0.0095833	0.0150602	0.0116682	0.0183246	0.0111237	
American/Fish Crow	0.0018069	0.0016322	0.0031153	0.0016181	0.0017652	0.0014085	0.0018079	0.001436	0.0028711	0.0031123	0.0028799	0.004647	0.0045954	0.0028398	0.0028993	0.0038246	0.0025927	0.0031707	0.0036027	0.0041688	0.0039403	0.0022927	0.0043103	0.0049885	0.0036027	0.0026069	0.0057531	0.0036913	0.0021459	0.0027216	6.838E-4	0.0014079	0.001642	8.98E-4	0.0012868	0.0027358	0.0023041	0.0014402	0.0030965	0.0019324	0.0047588	0.0044248	0.0033845	0.0033333	0.0018072	0.0025229	0.0040721	0.0024972	
crow sp.	0.0106404	0.0065288	0.0065137	0.006068	0.0055899	0.0076056	0.0072314	0.0071798	0.0103359	0.0093368	0.0093044	0.0106431	0.0114886	0.0118999	0.0139694	0.0151355	0.0140635	0.0101307	0.0103213	0.0110735	0.0140726	0.0206343	0.0224138	0.0126631	0.0144107	0.016684	0.0109833	0.0114094	0.0090129	0.0085537	0.0044444	0.0082462	0.0072719	0.0050287	0.0046646	0.0065138	0.006298	0.006081	0.0070532	0.0067633	0.009085	0.0076205	0.0101536	0.0085417	0.0060241	0.0075686	0.0104712	0.0054484	
Common Raven	0.022887	0.0225789	0.0339847	0.0256877	0.0191233	0.0225352	0.0183368	0.018093	0.018375	0.022983	0.0179442	0.0200869	0.0150993	0.0093306	0.0121244	0.0144845	0.0136706	0.0102854	0.0135346	0.0153726	0.0092879	0.012992	0.0073276	0.0061397	0.0102934	0.0072993	0.0073222	0.0114094	0.0081545	0.0190513	0.0126496	0.0170957	0.0136054	0.0179598	0.0172109	0.0269672	0.0284178	0.0326452	0.0313091	0.0339545	0.033528	0.0349066	0.0299401	0.0320833	0.0271084	0.0305897	0.0282141	0.0256527	
crow/raven sp.	0.0	5.441E-4	0.0	4.045E-4	2.942E-4	8.451E-4	2.583E-4	0.0011488	2.871E-4	2.394E-4	4.431E-4	4.497E-4	9.847E-4	6.761E-4	0.0	2.441E-4	2.357E-4	3.093E-4	3.895E-4	6.514E-4	2.815E-4	7.642E-4	0.0	0.0	0.0015	5.214E-4	5.23E-4	6.711E-4	0.0	3.888E-4	0.0	2.011E-4	0.0	8.98E-4	1.608E-4	0.0	1.536E-4	6.401E-4	3.441E-4	4.141E-4	0.0010815	7.375E-4	0.0010414	6.25E-4	9.036E-4	3.154E-4	5.817E-4	6.81E-4	
corvid sp.	0.0	0.0	0.0	0.0	2.942E-4	0.0	0.0	5.744E-4	5.742E-4	0.0	0.0	0.0	1.641E-4	0.0	0.0	0.0	0.0	0.0	9.74E-5	1.303E-4	0.0	3.821E-4	4.31E-4	0.0	0.0	0.0010428	0.0	3.356E-4	4.292E-4	3.888E-4	3.419E-4	2.011E-4	4.692E-4	3.592E-4	0.0	0.0	1.536E-4	0.0	0.0	0.0	0.0	0.0	2.603E-4	2.083E-4	0.0	0.0	0.0	2.27E-4	
Black-capped Chickadee	0.2551696	0.2162677	0.2299632	0.2230987	0.2109444	0.2101408	0.228564	0.2294658	0.2253804	0.2360546	0.2208684	0.2588817	0.2381421	0.172549	0.126252	0.0755147	0.0655248	0.0512721	0.0401168	0.0291819	0.0126654	0.0106993	0.0116379	0.0118956	0.0082347	0.0067779	0.0104603	0.0134228	0.0197425	0.0186625	0.0259829	0.0279566	0.0344828	0.0242457	0.0260576	0.0281397	0.0382488	0.1091375	0.1520729	0.1835749	0.2390223	0.2576205	0.2340536	0.2270833	0.2310241	0.2444024	0.2146597	0.2088536	
Boreal Chickadee	0.0	0.0	0.0	0.0	0.0	0.0	0.0	0.0	0.0	0.0	0.0	0.0	0.0	0.0	0.0	0.0	0.0	0.0	0.0	0.0	0.0	0.0	0.0	0.0	0.0	0.0	0.0	0.0	0.0	0.0	0.0	0.0	0.0	0.0	0.0	0.0	0.0	0.0	0.0	0.0	0.0	0.0015	0.0	0.0	0.0	0.0	0.0	0.0	
Tufted Titmouse	0.3688014	0.320457	0.3316341	0.3096683	0.2877317	0.2822535	0.2926136	0.2848937	0.2813666	0.2851329	0.292202	0.3426773	0.3356311	0.2904665	0.2523722	0.1602246	0.1015085	0.0760962	0.051704	0.0446847	0.0377146	0.0221628	0.0206897	0.0234075	0.0211014	0.0156413	0.0135983	0.0161074	0.02103	0.0178849	0.0215385	0.0225261	0.0269763	0.0235273	0.0205887	0.0286608	0.0895545	0.2422788	0.3203165	0.3286404	0.3292234	0.33235	0.3316845	0.3379167	0.3581325	0.3582466	0.3470041	0.354597	
parid sp.	0.0	0.0	0.0	2.023E-4	0.0	0.0	0.0	0.0	0.0	0.0	0.0	0.0	0.0	0.0	0.0	0.0	0.0	0.0	0.0	0.0	0.0	0.0	0.0	0.0	0.0	0.0	0.0	0.0	0.0	0.0	0.0	0.0	0.0	0.0	0.0	0.0	0.0	0.0	1.72E-4	0.0	2.163E-4	0.0	0.0	0.0	0.0	0.0	0.0	0.0	
Horned Lark	0.0010038	2.72E-4	2.832E-4	8.091E-4	2.942E-4	0.0	0.0020661	0.0	0.0	0.0	0.0	2.998E-4	0.0	0.0	0.0	1.627E-4	0.0	0.0	0.0	0.0	0.0	0.0	0.0	0.0	0.0025733	0.0	0.0	0.0	0.0	0.0	0.0	0.0	0.0	0.0	0.0	0.0	0.0	3.201E-4	1.72E-4	0.0011042	0.0015142	0.0029499	0.0023431	0.0016667	0.0012048	0.0028382	0.0011635	0.0059024	
Bank Swallow	0.0	0.0	0.0	0.0	0.0	0.0	0.0	0.0	0.0	0.0	0.0	0.0	0.0	1.352E-4	0.0	0.0016275	0.0026713	0.0017787	0.0025316	0.0010422	2.815E-4	0.0	0.0	3.837E-4	5.147E-4	0.0010428	0.0	0.0013423	0.0030043	3.888E-4	6.838E-4	0.0024135	0.0	0.0	1.608E-4	1.303E-4	0.0	0.0	0.0	0.0015	0.0	0.0	0.0	0.0	0.0	0.0	0.0	0.0	
Tree Swallow	0.0	0.0	0.0	0.0	0.0	0.0	0.0	0.0	2.871E-4	0.0019153	0.0077537	0.0121421	0.0172329	0.0273158	0.0369004	0.0470339	0.0519327	0.0493388	0.0478092	0.0588848	0.0481283	0.0531143	0.0577586	0.0502686	0.0365414	0.0213764	0.0219665	0.016443	0.0167382	0.0147745	0.008547	0.0100563	0.001642	0.0062859	0.003217	0.0019541	0.0023041	0.0025604	0.0034406	0.0031746	0.0019468	0.0017207	5.207E-4	0.0	0.0	0.0	0.0	0.0	
Purple Martin	0.0	0.0	0.0	0.0	0.0	0.0	0.0	0.0	0.0	0.0	0.0	0.0	1.641E-4	1.352E-4	2.636E-4	2.441E-4	4.714E-4	5.413E-4	8.763E-4	2.606E-4	0.0	3.821E-4	8.621E-4	3.837E-4	5.147E-4	0.0	5.23E-4	6.711E-4	4.292E-4	0.0015552	0.0	0.0012068	0.0	0.0	0.0	0.0	0.0015	0.0	0.0	0.0	0.0	0.0	0.0	0.0	0.0	0.0	0.0	0.0	
new world martin sp. (Progne sp.)	0.0	0.0	0.0	0.0	0.0	0.0	0.0	0.0	0.0	0.0	0.0	0.0	0.0	0.0	0.0	0.0	7.86E-5	0.0	0.0	0.0	0.0	0.0	0.0	0.0	0.0	0.0	0.0	0.0	0.0	0.0	0.0	0.0	0.0	0.0	0.0	0.0	0.0	0.0	0.0	0.0	0.0	0.0	0.0	0.0	0.0	0.0	0.0	0.0	
Northern Rough-winged Swallow	0.0	0.0	0.0	0.0	0.0	0.0	0.0	0.0	0.0	0.0	0.0	0.0071953	0.0272444	0.0462475	0.0593042	0.0757588	0.0724387	0.0822056	0.070594	0.085852	0.0565719	0.048911	0.0478448	0.0433615	0.0257334	0.0182482	0.0146444	0.0137584	0.0077253	0.005832	0.0020513	0.0012068	2.346E-4	0.0	0.0	0.0	1.536E-4	3.201E-4	0.0	0.0	0.0	0.0	0.0	0.0	0.0	0.0	0.0	0.0	
Barn Swallow	0.0	0.0	0.0	0.0	0.0	0.0	0.0	0.0	0.0	0.0	0.0	0.0017988	0.0070573	0.0233942	0.0520559	0.0985434	0.1241358	0.1541257	0.1677702	0.2197759	0.2347312	0.2285059	0.2387931	0.2559478	0.2676274	0.2419187	0.250523	0.2379195	0.2506438	0.2239502	0.1558974	0.0695897	0.0114943	0.0089799	0.0048255	0.0032569	9.217E-4	0.0011202	6.881E-4	2.761E-4	2.163E-4	0.0	0.0	0.0	0.0	0.0	0.0	0.0	
Cliff Swallow	0.0	0.0	0.0	0.0	0.0	0.0	0.0	0.0	0.0	0.0	0.0	0.0	0.0	9.466E-4	1.318E-4	3.255E-4	3.928E-4	0.003248	0.005258	0.0059927	0.0039403	0.0042033	0.0068966	0.0049885	0.006176	0.0062565	0.0041841	0.0060403	0.0025751	7.776E-4	0.0	6.034E-4	0.0	1.796E-4	1.608E-4	0.0	0.0	0.0	0.0	0.0	0.0	0.0	0.0	0.0	0.0	0.0	0.0	0.0	
Barn x Cliff Swallow (hybrid)	0.0	0.0	0.0	0.0	0.0	0.0	0.0	0.0	0.0	0.0	0.0	0.0	0.0	0.0	0.0	0.0	0.0	0.0	0.0	0.0010422	0.0	0.0	0.0	0.0	0.0	0.0	0.0	0.0	0.0	0.0	0.0	0.0	0.0	0.0	0.0	0.0	0.0	0.0	0.0	0.0	0.0	0.0	0.0	0.0	0.0	0.0	0.0	0.0	
Cave Swallow	0.0	0.0	0.0	0.0	0.0	0.0	0.0	0.0	0.0	0.0	0.0	0.0	0.0	0.0	0.0	0.0	0.0	0.0	0.0	0.0	0.0	0.0	0.0	0.0	0.0	0.0	0.0	0.0	0.0	0.0	0.0	0.0	0.0	0.0	0.0	0.0	0.0	0.0	0.0	0.0	6.489E-4	0.0	0.0015	2.083E-4	0.0	0.0	0.0	0.0	
swallow sp.	0.0	0.0	0.0	0.0	0.0	0.0	2.583E-4	0.0	0.0	0.0	0.0	5.996E-4	0.0031183	0.0027045	0.004349	0.0052079	0.0062854	0.004176	0.0048685	0.0058624	0.0039403	0.0045854	0.0068966	0.004221	0.0051467	0.0052138	0.0041841	0.0050336	0.0090129	0.0046656	0.0047863	0.0028158	0.0011729	0.0014368	0.0012868	5.211E-4	7.68E-4	1.6E-4	0.0010322	2.761E-4	0.0010815	2.458E-4	0.0	0.0	0.0	0.0	0.0	0.0	
Arctic Warbler	0.0	0.0	0.0	0.0	0.0	0.0	0.0	0.0	0.0	0.0	0.0	0.0	0.0	0.0	0.0	0.0	0.0	0.0	0.0	0.0	0.0	0.0	0.0	0.0	0.0	0.0	0.0	0.0	0.0	0.0	0.0	0.0	0.0	0.0	0.0	0.0148515	0.0	0.0	0.0	0.0	0.0	0.0	0.0	0.0	0.0	0.0	0.0	0.0	
Ruby-crowned Kinglet	0.0303152	0.0220348	0.0229397	0.0194175	0.0161812	0.0135211	0.0142045	0.0137852	0.0143554	0.0186737	0.0243686	0.0460201	0.1404891	0.3601082	0.4947285	0.4706648	0.3972344	0.1787178	0.0124635	0.0010422	2.815E-4	0.0	0.0	0.0	0.0	0.0	0.0	0.0	0.0	0.0	3.419E-4	6.034E-4	0.0023458	0.0088003	0.0776902	0.215086	0.3752688	0.4927188	0.5482539	0.4621118	0.3140818	0.1533923	0.0879979	0.0770833	0.0753012	0.0627562	0.0593368	0.0279228	
Golden-crowned Kinglet	0.0188717	0.0125136	0.0084962	0.0182039	0.0135334	0.0123944	0.009814	0.0091901	0.0071777	0.0179555	0.0770935	0.1857293	0.2814705	0.2200135	0.0776226	0.012857	0.0010214	9.28E-4	1.947E-4	0.0	0.0	0.0	0.0	0.0	0.0	0.0	0.0	0.0015	0.0	0.0	0.0	0.0	0.0	0.0	0.0019302	0.0588848	0.2105991	0.2971675	0.3220368	0.2513458	0.1987887	0.1116028	0.0702942	0.0385417	0.0268072	0.0227058	0.0232693	0.0122588	
Ruby-crowned/Golden-crowned Kinglet	6.023E-4	8.161E-4	0.0015	6.068E-4	0.0015	5.634E-4	2.583E-4	2.872E-4	2.871E-4	4.788E-4	6.646E-4	7.495E-4	0.0018054	0.0018932	0.0022404	5.696E-4	3.143E-4	3.867E-4	0.0	0.0	0.0	0.0	0.0	0.0	0.0	0.0	0.0	0.0	0.0	0.0	0.0	0.0	0.0	0.0	0.0	5.211E-4	0.0024578	0.0052808	0.0053329	0.0028986	0.0038936	7.375E-4	0.0015621	6.25E-4	3.012E-4	6.307E-4	5.817E-4	0.0	
White-breasted Nuthatch	0.2738406	0.2404788	0.2347777	0.2269417	0.2156517	0.2025352	0.223657	0.2228604	0.2233707	0.2231266	0.2190961	0.2557338	0.2435582	0.1906694	0.1663152	0.1159574	0.0832024	0.0599335	0.049075	0.0345232	0.0256122	0.0149026	0.0211207	0.0330008	0.0401441	0.0328467	0.0240586	0.0258389	0.0334764	0.0346034	0.0547009	0.0547064	0.0619282	0.0612428	0.0749558	0.1008338	0.1506912	0.2361978	0.2399794	0.2172533	0.2035475	0.2042773	0.2210362	0.2325	0.2578313	0.2513403	0.2452007	0.2358683	
Red-breasted Nuthatch	0.0283076	0.0111534	0.0099122	0.0165858	0.0141218	0.0138028	0.0260847	0.0057438	0.0089004	0.0093368	0.0104121	0.0118423	0.0159199	0.0139283	0.0212177	0.0416633	0.0528755	0.0208027	0.0083739	7.817E-4	2.815E-4	0.0	4.31E-4	0.0011512	0.0041173	0.0020855	0.0015	0.0020134	4.292E-4	0.001944	0.022906	0.0376106	0.0527797	0.0574713	0.0683609	0.0670922	0.0844854	0.0899344	0.0786169	0.052588	0.0452087	0.0361357	0.0299401	0.02	0.0262048	0.0283822	0.0203607	0.0181612	
nuthatch sp.	0.0	0.0	0.0	0.0	0.0	0.0	0.0	0.0	0.0	2.394E-4	0.0015	1.499E-4	1.641E-4	0.0	0.0	0.0	7.86E-5	0.0015	2.921E-4	0.0	0.0	0.0	4.31E-4	3.837E-4	0.0	0.0	0.0	0.0	0.0	0.0015	0.0	4.023E-4	0.0	1.796E-4	0.0	1.303E-4	3.072E-4	3.201E-4	1.72E-4	1.38E-4	2.163E-4	7.375E-4	2.603E-4	4.167E-4	0.0	3.154E-4	2.909E-4	2.27E-4	
Brown Creeper	0.0574182	0.0437976	0.046729	0.0339806	0.0335393	0.0416901	0.0451963	0.0485353	0.0505312	0.054824	0.0750997	0.1170739	0.2069588	0.2156863	0.1588034	0.0406868	0.0057354	5.413E-4	1.947E-4	0.0015	0.0	0.0	0.0	0.0	0.0	0.0	0.0	0.0	0.0	0.0	0.0015	0.0	9.383E-4	0.001796	0.0114203	0.0459875	0.1167435	0.1566651	0.1666953	0.1160801	0.0843608	0.0575221	0.0518094	0.0510417	0.051506	0.0514033	0.0538104	0.0365494	
Blue-gray Gnatcatcher	0.0	0.0	0.0	0.0	0.0	0.0	0.0	0.0	0.0015	0.0	0.0	4.497E-4	0.0237978	0.0785666	0.1383764	0.1703963	0.1411062	0.0627948	0.0167478	0.005211	0.0022516	0.0022927	4.31E-4	3.837E-4	0.001544	0.0031283	0.0026151	0.0033557	0.0124464	0.0307154	0.0519658	0.0530973	0.0422238	0.0484914	0.0212321	0.0062533	0.002765	8.001E-4	5.161E-4	6.901E-4	2.163E-4	0.0015	0.0	0.0015	6.024E-4	0.0	0.0	0.0	
Northern House Wren	0.0	2.72E-4	2.832E-4	0.0015	0.0	2.817E-4	2.583E-4	0.0	0.0	4.788E-4	2.215E-4	0.0	0.0014771	0.0102772	0.0354507	0.1195378	0.1818825	0.1489444	0.0940604	0.0624023	0.0430622	0.039358	0.0262931	0.0253262	0.0205867	0.0250261	0.0245816	0.0228188	0.0201717	0.0248834	0.0201709	0.0231295	0.0473845	0.0878233	0.1444427	0.1387441	0.1285714	0.099856	0.0533287	0.0207039	0.0073545	0.002704	7.81E-4	0.0010417	9.036E-4	3.154E-4	8.726E-4	6.81E-4	
Winter Wren	0.0136519	0.0130577	0.0169924	0.0151699	0.0135334	0.0112676	0.0100723	0.0089029	0.0126328	0.0114915	0.0139566	0.03073	0.0589201	0.0705882	0.074855	0.0343397	0.0142206	0.0040213	1.947E-4	0.0	0.0	0.0	0.0	0.0	0.0	0.0	0.0	0.0	0.0	3.888E-4	0.0	2.011E-4	4.692E-4	0.001796	0.0258967	0.0885878	0.135023	0.1881901	0.1924996	0.1481021	0.1135626	0.0543265	0.0445197	0.03	0.0259036	0.0230211	0.0209424	0.0138479	
Sedge Wren	0.0	0.0	0.0	0.0	0.0	0.0	0.0	0.0	0.0	0.0	0.0	0.0	0.0	0.0	0.0	0.0	0.0	0.0	0.0	0.0	0.0	0.0	0.0	0.0	0.0	0.0015	0.0	0.0	0.0	0.0	0.0	0.0	0.0	0.0	0.0	0.0	0.0015	6.401E-4	0.0	0.0	0.0	0.0	0.0	0.0	0.0	0.0	0.0	0.0	
Marsh Wren	0.0	0.0	0.0	0.0	0.0	0.0	0.0	0.0	0.0	0.0	0.0	0.0	0.0	0.0	0.0038218	0.0046383	0.0069925	0.0043307	0.0056475	2.606E-4	0.0	0.0	4.31E-4	0.0	0.0	0.0	0.0	0.0	8.584E-4	0.001944	3.419E-4	4.023E-4	0.0098522	0.0048491	0.0135113	0.0149818	0.0087558	0.0113618	0.006021	0.005383	0.0019468	0.002704	0.0	0.0	0.0	0.0	0.0	0.0	
Carolina Wren	0.0875326	0.0753536	0.0764656	0.0709951	0.0611945	0.0664789	0.0821281	0.0873061	0.0760838	0.0648791	0.0717767	0.0704542	0.0590842	0.0709939	0.0839483	0.0834079	0.0850094	0.0746269	0.0614411	0.0549766	0.0833099	0.0515858	0.0383621	0.0556408	0.0663922	0.0839416	0.0862971	0.0942953	0.1253219	0.1493002	0.1825641	0.1900644	0.1979826	0.1833693	0.1737172	0.1361386	0.1385561	0.1337814	0.1133666	0.1100069	0.1049102	0.1010324	0.0788857	0.0860417	0.110241	0.1113213	0.0997673	0.0808173	
Bewick's Wren	0.0	0.0	0.0	0.0	0.0	0.0	0.0	0.0	0.0	0.0	0.0	0.0	0.0	0.0015	0.0	0.0	0.0	0.0	0.0	0.0	0.0	0.0	0.0	0.0	0.0	0.0	0.0	0.0	0.0	0.0	0.0	0.0	0.0	0.0	0.0	0.0	0.0	0.0	0.0	0.0	0.0	0.0	0.0	0.0	0.0	0.0	0.0	0.0	
wren sp.	2.008E-4	0.0	0.0	0.0	0.0	5.634E-4	0.0	0.0	0.0	0.0	2.215E-4	2.998E-4	0.0011489	6.761E-4	6.589E-4	0.0010579	7.857E-4	4.64E-4	3.895E-4	0.0	2.815E-4	0.0	0.0	3.837E-4	5.147E-4	0.0	0.0	0.0	4.292E-4	3.888E-4	3.419E-4	8.045E-4	7.037E-4	0.0014368	0.0019302	0.0024752	0.0033794	0.0020803	0.0025804	0.0017943	0.0010815	7.375E-4	0.0	8.333E-4	0.0	3.154E-4	8.726E-4	4.54E-4	
European Starling	0.4629592	0.461099	0.4350042	0.4403317	0.4315975	0.4259155	0.4566116	0.506031	0.5199541	0.5496768	0.5810811	0.6471294	0.6848843	0.736714	0.7336584	0.7271544	0.7489001	0.7378393	0.7349562	0.7639396	0.7298058	0.7210546	0.7534483	0.7478895	0.7128152	0.7043796	0.6506276	0.6355705	0.6433476	0.6178072	0.6047863	0.6031778	0.5941825	0.580819	0.581631	0.5801199	0.5609831	0.5175228	0.5112678	0.4982747	0.4570625	0.4530482	0.4256704	0.429375	0.4277108	0.457269	0.4808028	0.4447219	
Gray Catbird	0.0361373	0.0345484	0.0331351	0.0256877	0.0182407	0.02	0.0193698	0.0304423	0.0436405	0.0411779	0.0394329	0.0202368	0.024126	0.0182556	0.0258303	0.3245992	0.722973	0.7457273	0.6924051	0.6121678	0.4914157	0.4421093	0.4418103	0.4577897	0.4096758	0.3837331	0.3844142	0.3949664	0.4446352	0.5	0.5688889	0.5746179	0.5885527	0.5984195	0.6258646	0.616988	0.5892473	0.4859978	0.3514536	0.2048309	0.1139952	0.0671091	0.0564957	0.0435417	0.0481928	0.046673	0.0488656	0.0263337	
Brown Thrasher	0.008432	0.007889	0.0065137	0.0056634	0.0067667	0.0098592	0.0103306	0.0054566	0.0074648	0.0124491	0.0097475	0.0155899	0.0247825	0.0536849	0.0611492	0.0603792	0.0500471	0.0230454	0.0099318	0.0062533	0.005629	0.0015285	0.0021552	0.0026861	0.0020587	0.0010428	0.001046	0.0020134	0.0021459	0.0015552	0.0010256	0.0020113	0.0049261	0.03125	0.1619752	0.2231631	0.171275	0.0958553	0.0479959	0.0179434	0.0080035	0.0105703	0.0054673	0.004375	0.0072289	0.0034689	0.0066899	0.0038593	
Northern Mockingbird	0.1608111	0.1670294	0.1328236	0.1401699	0.1279788	0.143662	0.1531508	0.1616887	0.1627907	0.1517836	0.1661498	0.1747864	0.1511571	0.1555105	0.1505008	0.1355684	0.1353708	0.1238883	0.1322298	0.1532048	0.2192513	0.2097822	0.2280172	0.2260169	0.2161606	0.2314911	0.2416318	0.2432886	0.2587983	0.2239502	0.1958974	0.1999195	0.188365	0.1677443	0.1705002	0.210396	0.2182796	0.2381181	0.2145192	0.2089717	0.1994376	0.1929695	0.1825046	0.1639583	0.1677711	0.1696626	0.1858639	0.1632236	
mimid sp.	0.0	0.0	0.0	0.0	0.0	0.0	0.0	0.0	0.0	0.0	0.0	0.0	0.0	0.0	0.0	0.0	7.86E-5	0.0	0.0	0.0	0.0	0.0	0.0	0.0	0.0	0.0	0.0	0.0	0.0	0.0	0.0	2.011E-4	0.0	0.0	0.0015	0.0	0.0	0.0	0.0	0.0	0.0	0.0	0.0	0.0	0.0	0.0	0.0	0.0	
Eastern Bluebird	0.0015	0.0015	0.0	2.023E-4	0.0	0.0	2.583E-4	0.0	0.0	7.182E-4	6.646E-4	0.0019487	0.001313	0.0014875	2.636E-4	3.255E-4	5.5E-4	6.96E-4	1.947E-4	0.0011725	0.0	0.0	0.0	0.0015	0.0	5.214E-4	0.0	0.0	0.0	0.0	0.0	0.0	0.0	0.0015	1.608E-4	1.303E-4	1.536E-4	8.001E-4	0.0024084	0.0114562	0.0255246	0.0213864	0.0200469	0.0052083	0.0012048	0.0015768	0.0	0.0	
Varied Thrush	0.0022084	0.0024483	0.0036817	0.0012136	0.0015	0.003662	7.748E-4	5.744E-4	2.871E-4	7.182E-4	4.431E-4	0.0013491	3.282E-4	4.057E-4	1.318E-4	0.0015	0.0	0.0	0.0	0.0	0.0	0.0	0.0	0.0	0.0	0.0	0.0	0.0	0.0	0.0	0.0	0.0	0.0	0.0	0.0	0.0	0.0	0.0	0.0	0.0015	0.0	0.0	0.0	0.0047917	0.0060241	0.0018921	0.0078534	4.54E-4	
Veery	4.015E-4	0.0038085	0.0033985	0.0	0.0	0.0	0.0	0.0	0.0	0.0	0.0	0.0	0.0	0.0	9.225E-4	0.0657499	0.2694846	0.2959555	0.208666	0.0586243	0.0053476	0.0022927	0.0	0.0	5.147E-4	0.0010428	0.0020921	0.0010067	0.0042918	0.0015552	0.0232479	0.1333467	0.2458363	0.2266523	0.1560238	0.0643564	0.0144393	0.0032005	0.0020643	5.521E-4	8.652E-4	7.375E-4	2.603E-4	0.0	9.036E-4	3.154E-4	0.0015	0.0	
Gray-cheeked Thrush	0.0	0.0	0.0	0.0	0.0	0.0	0.0	0.0	0.0	0.0	0.0	0.0	0.0	0.0	0.0	0.0015	0.0088781	0.0236641	0.0693281	0.0667014	0.0042218	0.0	0.0	0.0	0.0	0.0	0.0	0.0	0.0	0.0	0.0	0.0010056	0.0023458	0.0079023	0.0226797	0.0498958	0.0339478	0.0235238	0.0104937	6.901E-4	2.163E-4	2.458E-4	0.0	0.0	0.0	0.0	0.0	0.0	
Bicknell's Thrush	0.0	0.0	0.0	0.0	0.0	0.0	0.0	0.0	0.0	0.0	0.0	0.0	0.0	0.0	0.0	0.0	0.0	0.010208	0.0203505	0.0031266	0.0	0.0	0.0	0.0	0.0	0.0	0.0	0.0	0.0	0.0	0.0	0.0	0.0	0.0	1.608E-4	0.0	0.0	0.0	0.0	0.0	0.0	0.0	0.0	0.0	0.0	0.0	0.0	0.0	
Gray-cheeked/Bicknell's Thrush	0.0	0.0	0.0	0.0	0.0	0.0	0.0	0.0	0.0	0.0	0.0	0.0	0.0	0.0	0.0	0.0	6.285E-4	0.0027067	0.0133398	0.0110735	5.629E-4	0.0	0.0	0.0	0.0	0.0	0.0	0.0	0.0	0.0	3.419E-4	4.023E-4	0.0	0.0012572	0.0027344	0.0048202	0.0029186	3.201E-4	5.161E-4	0.0	0.0	0.0	0.0	0.0	0.0	0.0	0.0	0.0	
Swainson's Thrush	0.0	5.441E-4	0.0	0.0	0.0	0.0	0.0	0.0	0.0	4.788E-4	8.861E-4	0.0	0.0	0.0	1.318E-4	0.0114737	0.1183218	0.2565927	0.3701071	0.2210787	0.0315227	0.0034391	4.31E-4	0.0	0.0	0.0	0.0	0.0	4.292E-4	3.888E-4	0.0044444	0.01428	0.0830401	0.1986351	0.3102783	0.29247	0.2403994	0.1537846	0.0824015	0.0085576	0.0019468	2.458E-4	2.603E-4	2.083E-4	3.012E-4	3.154E-4	2.909E-4	0.0	
Hermit Thrush	0.0509938	0.0378128	0.0359671	0.0287217	0.0200059	0.0202817	0.0240186	0.0149339	0.0134941	0.0186737	0.0121843	0.0472193	0.2578369	0.4377282	0.4744333	0.4945073	0.3947203	0.1950352	0.0411879	0.0039083	5.629E-4	7.642E-4	4.31E-4	0.0	0.0	0.0	0.0	3.356E-4	8.584E-4	7.776E-4	6.838E-4	0.0014079	0.0018766	0.0032328	0.0051472	0.0182387	0.1270353	0.2958873	0.4737657	0.5048999	0.4397577	0.3082596	0.2488935	0.169375	0.1325301	0.1034374	0.0988947	0.046538	
Catharus sp.	0.0	0.0	0.0	0.0	0.0	0.0	0.0	0.0	0.0	0.0	0.0	0.0	3.282E-4	5.409E-4	3.954E-4	0.0026853	0.0069139	0.0089707	0.0164557	0.0110735	0.0014073	7.642E-4	0.0	0.0	0.0	0.0	0.0	0.0	0.0	0.0011664	0.0023932	0.0078439	0.0086793	0.0210129	0.0146373	0.0175873	0.0107527	0.0108817	0.0092895	0.0040028	0.0023794	4.916E-4	5.207E-4	2.083E-4	0.0	3.154E-4	0.0	0.0	
Wood Thrush	0.0	0.0	0.0	8.091E-4	0.0	0.0	2.583E-4	0.0	0.0	0.0	0.0	0.0	4.924E-4	5.409E-4	0.0052715	0.1072504	0.3042112	0.2771634	0.2111003	0.1347056	0.091472	0.0737486	0.0801724	0.0613968	0.0627895	0.0474453	0.042887	0.0392617	0.032618	0.0283826	0.0324786	0.0368061	0.0586441	0.0930316	0.1064822	0.1130797	0.0872504	0.0464074	0.0166867	0.0049689	0.0025957	0.0029499	0.0036449	0.00125	0.0045181	0.0025229	0.0014543	0.0	
American Robin	0.3874724	0.3677911	0.3426791	0.3543689	0.3583407	0.3484507	0.4041839	0.4428489	0.5067471	0.595164	0.6643775	0.7499625	0.7910717	0.8070318	0.823669	0.8256978	0.8165462	0.8001701	0.7873418	0.804716	0.7441599	0.7176156	0.7431034	0.7436685	0.7370046	0.717414	0.6956067	0.6919463	0.6763948	0.7033437	0.7309402	0.7160097	0.7215576	0.6909124	0.7053241	0.6774362	0.6645161	0.6321011	0.6373645	0.5889579	0.5621891	0.5113078	0.4894559	0.4166667	0.4063253	0.3995585	0.4037231	0.3793417	
thrush sp.	0.0	0.0	0.0	2.023E-4	0.0	0.0	0.0	0.0	0.0	2.394E-4	2.215E-4	2.998E-4	8.206E-4	8.114E-4	6.589E-4	9.765E-4	0.0015713	0.002552	0.0027264	0.0022147	0.0011258	3.821E-4	0.0	0.0	0.0	0.0	0.0	0.0	0.0	3.888E-4	0.0	0.0020113	0.0021112	0.0028736	0.0043429	0.0032569	0.0029186	0.0035206	0.0034406	0.0012422	0.0019468	2.458E-4	7.81E-4	2.083E-4	0.0	3.154E-4	0.0	0.0	
Northern Wheatear	0.0	0.0	0.0	0.0	0.0	0.0	0.0	0.0	0.0	0.0	0.0	0.0	0.0	0.0	0.0	0.0	0.0	0.0	0.0	0.0	0.0	0.0	0.0	0.0	0.0	0.0	0.0	0.0	0.0	0.0	0.0	0.0	0.0	0.0	0.0	0.0015	0.0	0.0	0.0	0.0	0.0	0.0015	0.0	0.0	0.0	0.0	0.0	0.0	
Cedar Waxwing	0.0116442	0.008161	0.0036817	0.0048544	0.0111798	0.0090141	0.0147211	0.0094773	0.0155039	0.0225042	0.0354453	0.0350772	0.0436567	0.0565247	0.0362414	0.0551713	0.0521684	0.1004563	0.2607595	0.350964	0.3017169	0.2273596	0.1681034	0.1557943	0.1343284	0.101147	0.0721757	0.064094	0.0716738	0.0563764	0.0584615	0.0744167	0.0893737	0.1196121	0.1233714	0.0948411	0.0784946	0.0737718	0.0617581	0.0593513	0.0975557	0.0867748	0.0859151	0.0735417	0.0638554	0.0368969	0.0255963	0.014983	
Northern Red Bishop	0.0	0.0	0.0	0.0	0.0	0.0	0.0	0.0	0.0	0.0	0.0	0.0	0.0	0.0	0.0	0.0	0.0	0.0	0.0	0.0015	0.0	0.0	0.0	0.0	0.0	0.0	0.0	0.0	0.0	0.0	0.0	0.0	0.0	0.0	0.0	0.0	0.0	0.0	0.0	0.0	0.0	0.0	0.0	0.0	0.0	0.0	0.0	0.0	
Southern Red Bishop	0.0	0.0	0.0	0.0	0.0	0.0	0.0	0.0	0.0	0.0	0.0	0.0	0.0	0.0	0.0	0.0	0.0	0.0	0.0	0.0	0.0	0.0	0.0	0.0	0.0	0.0	0.0	0.0	0.0	0.0	0.0	0.0	0.0	0.0	0.0	0.0	1.536E-4	0.0	0.0	0.0	0.0	0.0	0.0	0.0	0.0	0.0	0.0	0.0	
bishop sp.	0.0	0.0	0.0	0.0	0.0	0.0	0.0	0.0	0.0	0.0	0.0	0.0	0.0	0.0	0.0	0.0	0.0	0.0	0.0	0.0	0.0	0.0	0.0	0.0	0.0	0.0	0.0	0.0	0.0	0.0	0.0	0.0	0.0	0.0	0.0	0.0	0.0	0.0	0.0	0.0	0.0	2.458E-4	0.0	0.0	0.0	0.0	0.0	0.0	
Red-collared Widowbird	0.0	0.0	0.0	0.0	0.0	0.0	0.0	0.0	0.0	0.0	0.0	0.0	0.0	0.0	0.0	0.0	0.0	0.0	0.0	0.0	0.0	0.0	0.0	0.0	0.0	0.0	0.0	0.0	0.0	0.0	0.0	0.0	0.0	0.0	0.0	0.0	0.0	1.6E-4	0.0	0.0	0.0	0.0	0.0	0.0	0.0	0.0	0.0	0.0	
Euplectes sp.	0.0	0.0	0.0	0.0	0.0	0.0	0.0	0.0	0.0	0.0	0.0	0.0	0.0	0.0	0.0	0.0	0.0	0.0	0.0	0.0	0.0	0.0	0.0	0.0	0.0	0.0	0.0	0.0	0.0	0.0	0.0	0.0	0.0	0.0	0.0	0.0	0.0	1.6E-4	0.0	0.0	0.0	0.0	0.0	0.0	0.0	0.0	0.0	0.0	
Red-cheeked Cordonbleu	0.0	0.0	0.0	0.0	0.0	0.0	0.0	0.0	0.0	0.0	0.0	0.0	0.0	0.0	0.0	0.0	0.0	0.0	0.0	0.0	0.0	0.0	0.0	0.0	0.0	0.0	0.0	0.0	0.0	0.0	3.419E-4	0.0	0.0	0.0	0.0	0.0	0.0	0.0	0.0	0.0	0.0	0.0	0.0	0.0	0.0	0.0	0.0	0.0	
Pin-tailed Whydah	0.0	0.0	0.0	0.0	0.0	0.0	0.0	0.0	0.0	0.0	0.0	0.0	0.0	0.0	0.0	0.0	0.0	0.0	0.0	0.0	0.0	0.0	0.0	0.0	0.0	0.0	0.0	0.0	0.0	0.0	0.0	0.0	0.0	0.0	0.0	0.0	0.0	0.0016003	0.0	0.0	0.0	0.0	0.0	0.0	0.0	0.0	0.0	0.0	
House Sparrow	0.6978518	0.6947769	0.6723308	0.6883091	0.6869668	0.6960563	0.7076446	0.7377944	0.7496411	0.7591573	0.7669473	0.7835407	0.7856557	0.8016227	0.8144439	0.8156075	0.8147392	0.8046555	0.7996105	0.8348098	0.8491416	0.8505923	0.8681034	0.8710668	0.8497169	0.858707	0.8572176	0.8463087	0.823176	0.8098756	0.7962393	0.7608608	0.7454844	0.716954	0.7230175	0.7193851	0.7198157	0.7226756	0.7156374	0.7066943	0.6848367	0.6848574	0.6818537	0.703125	0.7162651	0.7174393	0.7062245	0.6942111	
American Pipit	0.0014053	0.0027203	0.0042481	8.091E-4	5.884E-4	0.0	0.0	0.0	0.0	7.182E-4	2.215E-4	5.996E-4	0.0	0.0	0.0	3.255E-4	0.0	0.0	0.0015	0.0	0.0	0.0	0.0	0.0	0.0	0.0	0.0	0.0	0.0	0.0	0.0	0.0	0.0	0.0	1.608E-4	0.0016936	0.0047619	0.006241	0.0086014	0.0091097	0.0144928	0.0081121	0.0062484	0.0039583	0.0021084	0.0028382	0.0029087	0.0043133	
Common Chaffinch	0.0	0.0	0.0	0.0	0.0	0.0	0.0	0.0	0.0	0.0	0.0	0.0	0.0	0.0	0.0	0.0	7.86E-5	0.0	1.947E-4	1.303E-4	0.0	0.0	0.0	0.0	0.0	0.0	0.0	0.0	0.0	0.0	0.0	0.0	0.0	0.0	0.0	0.0	0.0	0.0	0.0	0.0	0.0	0.0	0.0	0.0	0.0	0.0	0.0	0.0	
Evening Grosbeak	0.0072275	0.0040805	0.0019824	0.0040453	0.0052957	8.451E-4	0.0030992	0.0017231	5.742E-4	0.0	2.215E-4	0.0010493	1.641E-4	1.352E-4	0.0017132	0.0097648	0.0092709	0.0031707	9.74E-5	0.0	0.0	0.0	0.0	0.0	0.0	0.0	0.0	0.0	0.0	0.0	0.0	0.0	0.0	0.0	0.0	0.0	0.0	0.0	0.0	4.141E-4	0.0017305	2.458E-4	0.0013017	0.0072917	0.0	0.0012614	2.909E-4	0.0059024	
Pine Grosbeak	0.0	0.0	0.0	0.0	0.0	0.0	0.0	0.0	0.0	0.0	0.0	0.0015	0.0	0.0	0.0	0.0	0.0	0.0	0.0	0.0	0.0	0.0	0.0	0.0	0.0	0.0	0.0	0.0	0.0	0.0	0.0	0.0	0.0	0.0	0.0	0.0	0.0	0.0	0.0	0.0015	0.0	0.0	0.0015	0.0	0.0	0.0	0.0	0.0015	
House Finch	0.193937	0.1626768	0.1568961	0.1630259	0.1626949	0.1650704	0.1978306	0.1970132	0.1920758	0.1972708	0.1747895	0.1936741	0.1957985	0.2102772	0.2302319	0.2433884	0.2166091	0.2003712	0.1791626	0.1892913	0.2268505	0.1578143	0.1668103	0.1607828	0.1507977	0.1360792	0.1213389	0.1261745	0.1377682	0.1368585	0.1241026	0.1214803	0.1236219	0.1467313	0.1436384	0.1341845	0.1473118	0.1414626	0.1393429	0.1445135	0.1496864	0.1595379	0.1533455	0.1716667	0.1900602	0.166509	0.1835369	0.1464245	
Purple Finch	0.0032122	0.0035365	0.0011328	0.0050566	0.0058841	0.0019718	0.0015496	0.0011488	5.742E-4	0.0021547	0.0024369	0.0011992	0.0041031	0.0073022	0.0234581	0.0433721	0.0311125	0.01044	0.0029211	6.514E-4	8.444E-4	0.0	0.0	3.837E-4	0.0	0.0	0.0	0.0	0.0	0.0	0.0	4.023E-4	0.0025803	0.0030532	0.0072382	0.009901	0.0107527	0.0331253	0.0371581	0.0536922	0.039801	0.0381023	0.0361885	0.0272917	0.0153614	0.0189215	0.0029087	0.0034052	
House/Purple Finch	0.0	2.72E-4	0.0	0.0	0.0	5.634E-4	2.583E-4	2.872E-4	0.0	0.0	0.0	1.499E-4	4.924E-4	8.114E-4	0.0014497	0.0018716	8.642E-4	0.0010827	2.921E-4	3.908E-4	2.815E-4	7.642E-4	8.621E-4	3.837E-4	0.0	0.0	0.0	0.0	4.292E-4	0.0	0.0015	8.045E-4	2.346E-4	0.0015	4.825E-4	1.303E-4	4.608E-4	3.201E-4	3.441E-4	8.282E-4	4.326E-4	7.375E-4	5.207E-4	6.25E-4	9.036E-4	0.0	0.0	0.0	
Yellow-fronted Canary	0.0	0.0	0.0	0.0	0.0	0.0	0.0	0.0	0.0	0.0	0.0	0.0	0.0	0.0	0.0	0.0	0.0	0.0	0.0	0.0	0.0	0.0	0.0	0.0	0.0	0.0	0.0	0.0	0.0	0.0	0.0	0.0	0.0	0.0	0.0	0.0	1.536E-4	0.0	1.72E-4	0.0	4.326E-4	0.0	0.0	0.0	0.0	0.0	0.0	0.0	
Redpoll	0.003413	0.0	0.001416	0.0127427	0.0055899	0.0053521	0.0061983	0.0020103	0.0020098	0.0019153	0.0	0.0	0.0024618	0.0	0.0	0.0	0.0	0.0	0.0	0.0	0.0	0.0	0.0	0.0	0.0	0.0	0.0	0.0	0.0	0.0	0.0	0.0	0.0	0.0	0.0	0.0	0.0	0.0	0.0	0.0	0.0	7.375E-4	2.603E-4	4.167E-4	3.012E-4	0.0037843	0.0011635	2.27E-4	
Red Crossbill	0.0	0.0	0.0	0.0	0.0	0.0	0.0	0.0	0.0	0.0	0.0	0.0	0.0	0.0	0.0	0.0	0.0	0.0	0.0	0.0	0.0	0.0	0.0	0.0	0.0	0.0	0.0	0.0	0.0	0.0	0.0	0.0022124	0.0021112	0.0015	0.0	0.0	1.536E-4	0.0	0.0	0.0	0.0	0.0	0.0020828	2.083E-4	0.0	0.0	0.0	0.0	
White-winged Crossbill	2.008E-4	2.72E-4	5.664E-4	0.0015	0.0	5.634E-4	0.0	0.0	0.0	0.0	0.0	0.0	0.0	0.0	0.0	0.0	0.0	0.0	0.0	0.0	0.0	0.0	0.0	0.0	0.0	0.0	0.0	0.0	0.0	0.0	0.0	0.0	0.0	0.0	0.0	0.0	0.0	0.0	0.0	0.0	0.0032446	0.0015	0.0	0.0	3.012E-4	9.461E-4	0.0023269	4.54E-4	
European Goldfinch	4.015E-4	0.0	0.0	4.045E-4	0.0	0.0014085	0.0036157	0.0011488	0.0017227	9.576E-4	0.0013292	0.0022485	4.924E-4	0.0	1.318E-4	3.255E-4	0.0	3.093E-4	0.0	0.0	0.0	0.0	0.0015	0.0	0.0	0.0	0.0	0.0	4.292E-4	0.0	0.0	0.0	0.0	0.0	0.0	0.0	0.0	0.0	0.0	2.761E-4	0.0	0.0	0.0	0.0	0.0	0.0	8.726E-4	0.0	
Pine Siskin	0.0050191	0.0021763	0.001416	0.0020227	0.001471	0.0042254	0.0020661	0.0020103	0.0011484	9.576E-4	0.0019938	0.0017988	9.847E-4	0.0028398	0.0032947	0.0052079	0.005264	0.0013147	0.0010711	3.908E-4	2.815E-4	0.0	0.0	0.0	0.0	0.0	0.0	0.0	0.0	0.0	0.0	6.034E-4	0.0	0.0	1.608E-4	5.211E-4	0.0013825	0.0219235	0.0211595	0.0346446	0.0339606	0.0235988	0.023171	0.0160417	0.0222892	0.0119836	0.0031995	0.0034052	
American Goldfinch	0.139731	0.1226877	0.1070518	0.1195388	0.1212121	0.1157746	0.1345558	0.1349799	0.1438415	0.1551353	0.1433319	0.1936741	0.2058099	0.2116295	0.2497364	0.3240296	0.2542426	0.1747738	0.089776	0.0690464	0.0788066	0.0481467	0.0426724	0.0518035	0.0633042	0.0735141	0.0878661	0.1043624	0.139485	0.153577	0.1558974	0.1617056	0.137931	0.1348779	0.1354351	0.130667	0.1390169	0.1537846	0.1274729	0.1371981	0.1486048	0.2025565	0.2335329	0.2185417	0.186747	0.1567329	0.1387435	0.0994325	
Spinus sp.	0.0	2.72E-4	0.0	0.0	2.942E-4	0.0	0.0	0.0	2.871E-4	0.0	0.0015	0.0015	0.0	1.352E-4	0.0	8.14E-5	0.0	7.73E-5	0.0015	1.303E-4	0.0	0.0	0.0	0.0	0.0	0.0	0.0	0.0	0.0	0.0	0.0	0.0	0.0	0.0	0.0015	0.0	0.0	3.201E-4	3.441E-4	2.761E-4	0.0015142	7.375E-4	0.0010414	4.167E-4	9.036E-4	6.307E-4	0.0	2.27E-4	
Acanthis/Spinus sp.	0.0	0.0	0.0	0.0	0.0	0.0	0.0	0.0	0.0	0.0	0.0	0.0	0.0	0.0	0.0	0.0	0.0	0.0	0.0	0.0	0.0	0.0	0.0	0.0	0.0	0.0	0.0	3.356E-4	0.0	0.0	0.0	0.0	0.0	1.796E-4	0.0	0.0	0.0	1.6E-4	1.72E-4	0.0	6.489E-4	9.833E-4	5.207E-4	4.167E-4	0.0	0.0	0.0	2.27E-4	
finch sp.	0.0	0.0	2.832E-4	2.023E-4	0.0	0.0	0.0	2.872E-4	2.871E-4	0.0	0.0	0.0	0.0	0.0	0.0	0.0	0.0	1.547E-4	0.0	0.0	0.0	0.0	0.0	0.0	0.0	0.0	0.0	0.0	4.292E-4	3.888E-4	0.0015	0.0	0.0015	0.0	0.0	5.211E-4	3.072E-4	9.602E-4	1.72E-4	9.662E-4	0.0015142	9.833E-4	0.0015621	0.0016667	9.036E-4	9.461E-4	0.0	0.0	
Lapland Longspur	0.0	0.0	0.0	6.068E-4	0.0011768	0.0	0.0	0.0	0.0	0.0	0.0	0.0	0.0	0.0	0.0	0.0	0.0	0.0	0.0	0.0	0.0	0.0	0.0	0.0	0.0	0.0	0.0	0.0	0.0	0.0	0.0	0.0	0.0	0.0	0.0	0.0	0.0	0.0	3.441E-4	0.0	0.0	0.0	0.0	2.083E-4	3.012E-4	0.0015	0.0	0.0	
Smith's Longspur	0.0	0.0	0.0	0.0	0.0	0.0	0.0	0.0	0.0	0.0	0.0	0.0	0.0	0.0033807	0.0	0.0	0.0	0.0	0.0	0.0	0.0	0.0	0.0	0.0	0.0	0.0	0.0	0.0	0.0	0.0	0.0	0.0	0.0	0.0	0.0	0.0	0.0	0.0	0.0	0.0	0.0	0.0	0.0	0.0	0.0	0.0	0.0	0.0	
Snow Bunting	0.0010038	5.441E-4	8.496E-4	0.003843	0.0017652	0.0015	0.0010331	2.872E-4	0.0	4.788E-4	0.0	0.0	0.0	0.0	0.0	0.0	0.0	0.0	0.0	0.0	0.0	0.0	0.0	0.0	0.0	0.0	0.0	0.0	0.0	0.0	0.0	0.0	0.0	0.0	0.0	0.0	0.0	0.0	0.0	0.0	8.652E-4	0.0019666	0.0013017	0.0052083	9.036E-4	6.307E-4	0.0017452	4.54E-4	
Grasshopper Sparrow	0.0	0.0	0.0	0.0	0.0	0.0	0.0	0.0	0.0	0.0	0.0	0.0	0.0	0.0	0.0010543	0.0051265	0.0030641	5.413E-4	9.74E-5	0.0	0.0	0.0	0.0	0.0	0.0	0.0	0.0	0.0	0.0	0.0	0.0	0.0	0.0	0.0	0.0	0.001433	0.0012289	0.0080013	0.0146224	8.282E-4	2.163E-4	0.0054081	0.0	0.0	0.0	0.0018921	0.0	0.0	
Chipping Sparrow	0.0066252	0.008161	0.0053809	0.0155744	0.0147102	0.0132394	0.0043905	0.0057438	0.0074648	0.0105339	0.0112982	0.044671	0.1828328	0.2795132	0.3384291	0.3331435	0.2507857	0.111747	0.0381694	0.0143304	0.0084436	0.0080245	0.0112069	0.0088258	0.0056613	0.0062565	0.0047071	0.0033557	0.0042918	0.005832	0.0044444	0.0068383	0.0072719	0.0088003	0.0120637	0.0360865	0.1138249	0.1949112	0.2391192	0.247343	0.1393035	0.072763	0.0406144	0.0225	0.023494	0.016714	0.0110529	0.0070375	
Clay-colored Sparrow	0.0	0.0	0.0	0.0	0.0	5.634E-4	0.0	0.0	0.0	0.0	0.0	0.0	0.0	0.0	0.0	2.441E-4	0.0066782	6.96E-4	1.947E-4	0.0	0.0	0.0	0.0	0.0	0.0	0.0	0.0	0.0	0.0	0.0	0.0	0.0	0.0	0.0010776	0.006434	0.0041688	0.0076805	0.0036806	0.0041287	0.0069013	6.489E-4	4.916E-4	0.0	2.083E-4	0.0	0.0	0.0	0.0	
Field Sparrow	0.0022084	0.0038085	0.0015	0.0034385	0.0052957	0.0028169	0.0033574	0.0020103	0.0017227	0.0043093	0.0081967	0.027732	0.057443	0.0974983	0.1117554	0.083652	0.0384192	0.0147707	0.0037975	7.817E-4	0.0014073	7.642E-4	0.0	3.837E-4	0.0	0.0	0.0	0.0	0.0	0.0	0.0	8.045E-4	9.383E-4	5.388E-4	0.0019302	0.006123	0.0242704	0.0816131	0.1100981	0.105452	0.0512654	0.0204031	0.0085915	0.0060417	0.0024096	0.0047304	0.0023269	6.81E-4	
Clay-colored x Field Sparrow (hybrid)	0.0	0.0	0.0	0.0	0.0	0.0	0.0	0.0	0.0	0.0	0.0	0.0	0.0	0.0	0.0	0.0	0.0	0.0	0.0	0.0	0.0	0.0	0.0	0.0	0.0	0.0	0.0	0.0	0.0	0.0	0.0	0.0	0.0	0.0	0.0	0.0	1.536E-4	0.0	0.0	0.0	0.0	0.0	0.0	0.0	0.0	0.0	0.0	0.0	
Spizella sp.	0.0	0.0	0.0	0.0	0.0	0.0	0.0	0.0	0.0	0.0	0.0	1.499E-4	0.0	1.352E-4	0.0	8.14E-5	0.0	1.547E-4	0.0	0.0	2.815E-4	0.0	0.0	0.0	0.0	5.214E-4	0.0	0.0	0.0	0.0	0.0	0.0	0.0	0.0	1.608E-4	2.606E-4	3.072E-4	6.401E-4	1.72E-4	4.141E-4	0.0015	0.0	0.0	2.083E-4	0.0	0.0015	0.0	0.0	
Lark Sparrow	0.0	0.0	0.0	0.0	0.0	0.0	0.0	0.0	0.0	0.0	0.0	0.0	0.0	0.0	0.0	0.0	0.0	0.0	0.0	0.0	0.0	0.0	0.0	0.0	0.0	0.0	0.0	0.0	0.0	0.0	6.838E-4	0.0112631	9.383E-4	0.0023348	0.0112594	0.0027358	0.006298	0.0027204	0.0	0.0030366	2.163E-4	0.0	0.0	0.0	0.0	0.0	0.0	0.0	
American Tree Sparrow	0.0100381	0.0048966	0.0039649	0.0131472	0.0223595	0.0228169	0.0167872	0.0094773	0.0126328	0.0074216	0.0024369	7.495E-4	4.924E-4	5.409E-4	1.318E-4	0.0	0.0	0.0	0.0	0.0	0.0	0.0	0.0	0.0	0.0	0.0	0.0	0.0	0.0	0.0	0.0	0.0	0.0	0.0	0.0	0.0	0.0	0.0	3.441E-4	0.0016563	0.0045425	0.0093412	0.0179641	0.0114583	0.0120482	0.0157679	0.0107621	0.0047673	
Spizella sp./American Tree Sparrow	0.0	0.0	0.0	0.0	0.0	0.0	0.0	0.0	0.0	0.0	0.0	0.0	0.0015	0.0	0.0	8.14E-5	1.571E-4	7.73E-5	9.74E-5	0.0	0.0	0.0	0.0	0.0	0.0	0.0	0.0	0.0	0.0	0.0	0.0	0.0	0.0	0.0	0.0	2.606E-4	4.608E-4	0.0	1.72E-4	0.0023464	0.0032446	2.458E-4	0.0	4.167E-4	0.0	0.0	0.0	0.0	
Fox Sparrow	0.088938	0.0647443	0.0651374	0.0772654	0.0656075	0.0664789	0.0645661	0.0689259	0.0861326	0.1386162	0.1493132	0.1539499	0.1529624	0.0881677	0.0260938	0.0025226	5.5E-4	0.001624	5.842E-4	0.0	0.0	0.0	0.0	0.0	0.0	0.0	0.0	0.0	0.0	0.0	0.0	0.0	0.0	0.0	0.0	0.0	6.144E-4	0.0016003	0.0044727	0.0169772	0.0292018	0.0666175	0.1174173	0.1452083	0.1192771	0.0845159	0.0773706	0.0592509	
Dark-eyed Junco	0.1493676	0.1308487	0.1277259	0.148665	0.1423948	0.1532394	0.1490186	0.1542217	0.1722653	0.2688532	0.3026141	0.364563	0.4165436	0.3991886	0.2871639	0.0899992	0.0180704	0.0068054	9.737E-4	9.119E-4	0.0	0.0	0.0	0.0	0.0	0.0	0.0	0.0	0.0	0.0	0.0	0.0	0.0	5.388E-4	0.0093293	0.0519802	0.1599078	0.268683	0.3514536	0.4375431	0.4486264	0.4267453	0.4092684	0.3697917	0.2885542	0.2538631	0.2486911	0.1682179	
White-crowned Sparrow	4.015E-4	0.0016322	0.001416	0.0022249	0.0020594	0.0014085	0.0015496	8.616E-4	0.0040195	0.0014364	0.0024369	2.998E-4	1.641E-4	5.409E-4	9.225E-4	0.0104972	0.059868	0.0487975	0.0205453	0.0018239	2.815E-4	0.0	0.0	0.0	0.0	0.0	0.0	0.0	0.0	0.0	0.0	0.0	0.0	0.0	4.825E-4	0.008468	0.040553	0.0883341	0.0829176	0.0626639	0.0199005	0.0140118	0.005988	0.0035417	0.0027108	0.0025229	0.0026178	0.0020431	
Harris's Sparrow	0.0	0.0	0.0	0.0	0.0	0.0	0.0	0.0	0.0	0.0	0.0	0.0	0.0	0.0	0.0	0.0	0.0	0.0	0.0	0.0015	0.0	0.0	0.0	0.0	0.0	0.0	0.0	0.0	0.0	0.0	0.0	0.0	0.0	0.0	0.0	0.0	0.0	0.0	0.0	0.0	0.002812	0.0	0.0	0.0	0.0	0.0	0.0	0.0	
White-throated Sparrow	0.6143345	0.601469	0.5853866	0.5932443	0.5563401	0.5484507	0.5327996	0.5672028	0.5793856	0.5927699	0.6200709	0.6453305	0.6912851	0.720622	0.7531629	0.7720726	0.7267442	0.5577295	0.3197663	0.1479937	0.1066704	0.0691632	0.0435345	0.0356869	0.0360268	0.0224192	0.0209205	0.0261745	0.0218884	0.0268274	0.0447863	0.0420354	0.0677926	0.0783046	0.1778993	0.3969515	0.6138249	0.7037926	0.7503871	0.7533471	0.730478	0.6973943	0.6696173	0.685	0.6825301	0.6679281	0.6640489	0.5965948	
Dark-eyed Junco x White-throated Sparrow (hybrid)	0.0	0.0	0.0	0.0	0.0	0.0	0.0	0.0	0.0	0.0	0.0	0.0	0.0	0.0	0.0	0.0	0.0	0.0	0.0	0.0	0.0	0.0	0.0	0.0	0.0	0.0	0.0	0.0	0.0	0.0	0.0	0.0	0.0	0.0	0.0	0.0	0.0	1.6E-4	0.0015	0.0	2.163E-4	0.0	0.0	0.0	0.0	0.0	0.0	0.0	
White-crowned/White-throated Sparrow	2.008E-4	5.441E-4	0.0	4.045E-4	8.826E-4	8.451E-4	0.0010331	5.744E-4	5.742E-4	2.394E-4	4.431E-4	4.497E-4	0.0	2.705E-4	2.636E-4	5.696E-4	5.5E-4	1.547E-4	9.74E-5	1.303E-4	0.0	0.0	0.0	0.0	0.0	0.0	0.0	0.0	0.0	0.0	0.0	0.0	0.0	0.0	0.0	1.303E-4	0.0	0.0	0.0	0.0	0.0	0.0	2.603E-4	0.0	3.012E-4	0.0	2.909E-4	4.54E-4	
Vesper Sparrow	2.008E-4	0.0029924	0.0016992	0.0014159	2.942E-4	0.0	2.583E-4	0.0	0.0	0.0	0.0	1.499E-4	0.0022977	0.0104124	0.0083026	0.0	3.928E-4	0.0	0.0	0.0	0.0	0.0	0.0	0.0	0.0	0.0	0.0	0.0	0.0	0.0	0.0	0.0	0.0	0.0	0.0	9.119E-4	0.00553	0.006081	0.0087734	0.0169772	0.0099502	0.0019666	0.0	0.0	0.0	0.0	0.0	0.0	
LeConte's Sparrow	0.0	0.0	0.0	0.0	0.0	0.0	0.0	0.0	0.0	0.0	0.0015	0.0	0.0	0.0	0.0	0.0	0.0	0.0	0.0	0.0	0.0	0.0	0.0	0.0	0.0	0.0	0.0	0.0	0.0	0.0	0.0	0.0	0.0	0.0	0.0	0.0	0.0	8.001E-4	0.0	0.0	0.0	0.0	0.0	0.0	0.0	0.0	0.0	0.0	
Seaside Sparrow	0.0	0.0	0.0	0.0	0.0	0.0	0.0	0.0	0.0	0.0	0.0	0.0	0.0	0.0	0.0056668	8.14E-5	0.0044783	0.0010827	1.947E-4	0.0	0.0	0.0	0.0	0.0	0.0	0.0	0.0	0.0	0.0	0.0	0.0	0.0	0.0	0.0	0.0	0.0	0.0	1.6E-4	0.0	0.0	0.0	0.0	0.0	0.0	0.0	0.0	0.0	0.0	
Nelson's Sparrow	0.0	0.0	0.0	0.0	0.0	0.0	0.0	0.0	0.0	0.0	0.0	0.0	0.0	0.0	0.0	0.0	7.86E-5	0.0	0.0	0.0	0.0	0.0	0.0	0.0	0.0	0.0	0.0	0.0	0.0	0.0	0.0	0.0	0.0	0.0	0.0	0.0011725	0.0105991	0.0163226	0.0115259	0.0099379	0.0019468	7.375E-4	0.0	2.083E-4	0.0	3.154E-4	0.0	0.0	
Saltmarsh Sparrow	0.0	0.0	0.0	0.0	0.0	0.0	0.0	0.0	0.0	0.0	0.0	0.0	0.0	0.0	0.0	8.14E-5	0.0	1.547E-4	0.0	0.0	0.0	0.0	0.0	0.0	0.0	0.0	0.0	0.0	0.0	0.0	0.0	0.0042237	2.346E-4	0.0028736	0.0012868	6.514E-4	0.0047619	0.0051208	0.0020643	0.0099379	6.489E-4	0.0	2.603E-4	0.0	0.0024096	0.0	0.0	0.0	
Nelson's x Saltmarsh Sparrow (hybrid)	0.0	0.0	0.0	0.0	0.0	0.0	0.0	0.0	0.0	0.0	0.0	0.0	0.0	0.0	0.0	0.0	0.0	0.0	0.0	0.0	0.0	0.0	0.0	0.0	0.0	0.0	0.0	0.0	0.0	0.0	0.0	0.0	0.0	0.0	0.0	0.0	0.0	1.6E-4	0.0	0.0	0.0	0.0	0.0	0.0	0.0	0.0	0.0	0.0	
Nelson's/Saltmarsh Sparrow (Sharp-tailed Sparrow)	0.0	0.0	0.0	0.0	0.0	0.0	0.0	0.0	0.0	0.0	0.0	0.0	0.0	0.0	0.0	0.0	0.0	0.0	0.0	0.0	0.0	0.0	0.0	0.0	0.0	0.0	0.0	0.0	0.0	0.0	0.0	0.0	0.0	0.0	0.0	2.606E-4	7.68E-4	0.0014402	0.0013762	8.282E-4	0.0	4.916E-4	2.603E-4	0.0	0.0	0.0	2.909E-4	0.0	
Ammospiza sp.	0.0	0.0	0.0	0.0	0.0	0.0	0.0	0.0	0.0	0.0	0.0	0.0	0.0	0.0	0.0	0.0	0.0	0.0	0.0	0.0	0.0	0.0	0.0	0.0	0.0	0.0	0.0	0.0	0.0	0.0	0.0	0.0	0.0	0.0	0.0	0.0	4.608E-4	0.0	1.72E-4	0.0	2.163E-4	0.0	0.0	0.0	0.0	0.0	0.0	0.0	
Savannah Sparrow	0.0	0.0015	2.832E-4	0.0010113	0.0017652	0.0014085	0.0018079	5.744E-4	8.613E-4	0.001197	0.0015507	0.0025483	0.0177253	0.0397566	0.0623353	0.0489869	0.0425047	0.0240507	0.0116845	0.0010422	2.815E-4	0.0	0.0	3.837E-4	0.0	0.0	0.0	0.0	0.0	0.0	3.419E-4	2.011E-4	0.0014075	0.0086207	0.020267	0.0525013	0.06851	0.0881741	0.0822295	0.0663906	0.0365563	0.0184366	0.0075501	0.0077083	0.001506	0.0018921	0.0020361	6.81E-4	
Baird's Sparrow	0.0	0.0	0.0	0.0	0.0	0.0	0.0	0.0	0.0	0.0	0.0	0.0	0.0	0.0	0.0	0.0	0.0	0.0	0.0	0.0	0.0	0.0	0.0	0.0	0.0	0.0	0.0	0.0	0.0	0.0	0.0	0.0	0.0	0.0	0.0	0.0	0.0	0.0	0.0	0.0015	0.0	0.0	0.0	0.0	0.0	0.0	0.0	0.0	
Henslow's Sparrow	0.0	0.0	0.0	0.0	0.0	0.0	0.0	0.0	0.0	0.0	0.0	0.0	0.0	0.0	0.0	0.0	0.0	0.0	0.0	0.0	0.0	0.0	0.0	0.0	0.0	0.0	0.0	0.0	0.0	0.0	0.0	0.0	0.0	0.0	0.0	0.0	0.0046083	0.0	0.0	0.0	0.0	0.0	0.0	0.0	0.0	0.0	0.0	0.0	
Song Sparrow	0.1567958	0.1741023	0.1662419	0.160801	0.1674022	0.1532394	0.1627066	0.2001723	0.2543784	0.3516878	0.4202481	0.4886824	0.4982767	0.4596349	0.3820506	0.2714623	0.2102451	0.1563684	0.1457644	0.1468213	0.176752	0.1581964	0.1646552	0.1757483	0.1801338	0.1944734	0.2222803	0.2110738	0.1969957	0.1512442	0.1111111	0.1005632	0.0994605	0.0881825	0.1092167	0.1870766	0.3596006	0.5066411	0.5224497	0.5017253	0.4198572	0.3193215	0.261911	0.2266667	0.1918675	0.2002523	0.2001163	0.1636776	
Lincoln's Sparrow	0.0032122	0.0046246	5.664E-4	0.0020227	0.0026478	8.451E-4	7.748E-4	0.0020103	0.0031582	0.0031123	0.0028799	0.0025483	0.0034466	0.0022989	0.0017132	0.0046383	0.0266342	0.0426108	0.050925	0.0121157	0.0098508	0.0084066	4.31E-4	3.837E-4	5.147E-4	5.214E-4	0.0	0.0	0.0	0.0	0.0	2.011E-4	0.0037532	0.0077227	0.0408557	0.0627931	0.0631336	0.0588894	0.0357819	0.0287095	0.0129786	0.0058997	0.0044259	0.00375	0.0057229	0.0053611	0.0072717	0.0047673	
Swamp Sparrow	0.0345312	0.0372688	0.0246389	0.0262945	0.0188291	0.0129577	0.0105888	0.0112005	0.0175136	0.0325593	0.0325654	0.0785489	0.1779091	0.2493577	0.2531629	0.2566523	0.2513356	0.1636378	0.0712756	0.0181084	0.023642	0.019488	0.0047414	0.0023024	5.147E-4	5.214E-4	0.0015	0.0010067	0.0025751	0.0	0.0015	4.023E-4	0.0011729	0.0021552	0.0178543	0.1003127	0.2021505	0.2605217	0.2589025	0.2135266	0.1464417	0.0990659	0.078365	0.06625	0.0496988	0.0444655	0.0433392	0.0233825	
Lincoln's/Swamp Sparrow	0.0	0.0	0.0	0.0	0.0	0.0	0.0	0.0	0.0	0.0	0.0	0.0	0.0	0.0	0.0	0.0	0.0	0.0	0.0	0.0	0.0	0.0	0.0	0.0	0.0	0.0	0.0	0.0	0.0	0.0	0.0	0.0	0.0	5.388E-4	0.0	0.0010422	0.0010753	9.602E-4	8.601E-4	1.38E-4	0.0	0.0	0.0	0.0	0.0	0.0	0.0	2.27E-4	
Eastern Towhee	0.0345312	0.0261153	0.0271878	0.0186084	0.0155928	0.023662	0.0178202	0.0137852	0.0192363	0.0191525	0.0212672	0.0266827	0.0507139	0.1602434	0.3099631	0.3928717	0.3114393	0.1524244	0.055112	0.0261855	0.0098508	0.0103172	0.0077586	0.0076746	0.0087494	0.0046924	0.0031381	0.0057047	0.0051502	0.0042768	0.0037607	0.0044248	0.004457	0.0041307	0.0073991	0.0665711	0.2053763	0.2867659	0.2699123	0.1657695	0.0707333	0.0373648	0.0294194	0.0233333	0.0298193	0.0233365	0.0282141	0.0249716	
Spotted x Eastern Towhee (hybrid)	0.0	0.0	0.0	0.0	0.0	0.0	5.165E-4	0.0	0.0	0.0	0.0	0.0	0.0	0.0	0.0	0.0	0.0	0.0	0.0	0.0	0.0	0.0	0.0	0.0	0.0	0.0	0.0	0.0	0.0	0.0	0.0	0.0	0.0	0.0	0.0	0.0	0.0	0.0	0.0	0.0	0.0	0.0	0.0	0.0	0.0	0.0	0.0	0.0	
Spotted/Eastern Towhee (Rufous-sided Towhee)	0.0	0.0	0.0	0.0	0.0	0.0	0.0	0.0	0.0	0.0	0.0	0.0	0.0	0.0	0.0	0.0	7.86E-5	0.0	0.0	0.0	0.0	0.0	0.0	0.0	0.0	0.0	0.0	0.0	0.0	0.0	0.0	0.0	0.0	0.0	0.0	0.0	0.0	0.0	0.0	0.0	0.0	0.0	0.0	0.0	0.0	0.0	0.0	0.0	
new world sparrow sp.	0.0022084	0.0046246	0.0022656	0.003034	0.0032362	0.004507	0.0064566	0.0048823	0.0034453	0.0055063	0.0044307	0.0025483	0.0034466	0.0043272	0.0028993	0.0027667	0.0019642	0.003248	0.0025316	0.0018239	0.0025331	0.0019106	0.0	0.0019186	0.0020587	0.0026069	0.001046	0.0020134	0.0042918	0.0011664	6.838E-4	0.003218	0.0028149	0.0034124	0.0057906	0.0083377	0.0101382	0.0153625	0.0165147	0.0135266	0.0138438	0.0100787	0.0075501	0.0052083	0.0033133	0.0050457	0.0052356	0.0052213	
Yellow-breasted Chat	0.004216	0.0016322	8.496E-4	0.0018204	0.0011768	0.0015	2.583E-4	8.616E-4	8.613E-4	0.0015	4.431E-4	2.998E-4	1.641E-4	0.0	0.0	0.001953	0.0014142	0.0116774	0.0039922	0.001433	0.0	0.0	0.0	0.0	0.0	0.0	0.0	0.0	0.0	0.0011664	0.002735	0.0020113	0.0236922	0.0199353	0.0141547	0.0095102	0.0159754	0.0027204	0.0192672	0.0236025	0.0162232	0.0090954	0.0062484	0.0154167	0.0072289	0.0050457	0.0040721	0.0018161	
Yellow-headed Blackbird	0.0	0.0	0.0	0.0	0.0	0.0	0.0	0.0	0.0	0.0	0.0	0.0	0.0	0.0	0.0	0.0	0.0	0.0	0.0	0.0	0.0	0.0	0.0	0.0	0.0	0.0	0.0	0.0	0.0	0.0	0.0	0.0	0.0	0.0	0.0	0.0	0.0	0.0	0.0	0.0	0.0	4.916E-4	0.0	0.0015	0.0	0.0	0.0	0.0	
Bobolink	0.0	0.0	0.0	0.0	0.0	0.0	0.0	0.0	0.0	0.0	0.0	0.0	0.0	0.0	0.0	8.14E-5	0.0020427	0.006264	0.0015579	5.211E-4	0.0	3.821E-4	4.31E-4	0.0	0.0	0.0	0.0	6.711E-4	0.0012876	7.776E-4	0.0017094	0.0100563	0.0042224	0.0100575	0.0048255	0.006123	0.0039939	0.0020803	5.161E-4	1.38E-4	0.0	0.0	0.0	0.0	0.0	0.0	0.0	0.0	
Eastern Meadowlark	0.0	0.0	0.0	0.0	0.0	0.0	0.0	0.0	0.0	7.182E-4	0.0	7.495E-4	0.0096832	0.0132522	0.0014497	1.627E-4	7.86E-5	3.093E-4	0.0	0.0	0.0	0.0	0.0	0.0	0.0	0.0	0.0	0.0	0.0	0.0	0.0	0.0	2.346E-4	0.0	0.0	5.211E-4	0.0030722	0.0081613	0.0173748	0.0151829	0.0097339	0.0086037	0.0018224	8.333E-4	0.0	0.0	0.0	0.0	
Western/Eastern Meadowlark	0.0	0.0	0.0	0.0	0.0	0.0	0.0	0.0	0.0	0.0	0.0015	0.0	0.0	0.0	0.0	0.0	0.0	0.0	0.0	0.0	0.0	0.0	0.0	0.0	0.0	0.0	0.0	0.0	0.0	0.0	0.0	0.0	0.0	0.0	0.0	0.0	0.0	0.0	0.0	0.0	0.0	0.0	0.0	0.0	0.0	0.0	0.0	0.0	
Orchard Oriole	0.0	0.0	0.0	0.0	0.0	0.0	0.0	0.0	0.0	0.0	0.0	0.0	1.641E-4	0.0	9.225E-4	0.0316543	0.0788026	0.0557575	0.0361246	0.0315268	0.0287081	0.0256018	0.0271552	0.0207214	0.009264	0.0031283	0.001569	0.004698	0.0038627	0.0034992	0.0044444	0.0020113	2.346E-4	3.592E-4	0.0	0.0	3.072E-4	0.0	0.0	0.0	0.0	0.0	0.0	0.0	0.0	0.0	0.0	0.0	
Baltimore Oriole	0.0082313	0.0068009	0.011045	0.0044498	0.0079435	0.0073239	0.004907	0.0048823	0.0068906	0.0057458	0.0062029	0.0043472	0.0055802	0.0054091	0.0054033	0.1297909	0.4536455	0.4779213	0.449075	0.3613861	0.2431748	0.2078716	0.1866379	0.1258634	0.0833762	0.0490094	0.040795	0.0550336	0.0944206	0.1388025	0.1859829	0.1727675	0.1198686	0.0950072	0.0471288	0.0320479	0.0147465	0.0078413	0.0077413	0.0049689	0.0025957	0.0024582	0.0033845	0.0152083	0.0087349	0.0110375	0.0081443	0.0065834	
Scott's Oriole	0.0015	0.0015	0.0	0.0082929	0.0017652	0.0	0.0015	2.872E-4	0.0	0.0	0.0	0.0	0.0	0.0	0.0	0.0	0.0	0.0	0.0	0.0	0.0	0.0	0.0	0.0	0.0	0.0	0.0	0.0	0.0	0.0	0.0	0.0	0.0	0.0	0.0	0.0	0.0	0.0	0.0	0.0	0.0	0.0	0.0	0.0	0.0015	0.0	0.0	0.0	
new world oriole sp.	0.0	0.0	0.0	0.0	0.0	0.0	0.0	0.0	0.0	0.0	0.0	0.0	0.0	0.0	0.0	0.0	1.571E-4	7.73E-5	0.0	0.0	0.0	0.0	0.0	0.0	0.0	0.0	0.0	0.0	0.0	3.888E-4	0.0	0.0010056	0.0	0.0	0.0	0.0	0.0	0.0	0.0	0.0	2.163E-4	0.0	0.0	0.0	0.0	0.0	0.0	0.0	
Red-winged Blackbird	0.0150572	0.0195865	0.0246389	0.0216424	0.0150044	0.0507042	0.071281	0.0964963	0.1682458	0.2331817	0.255206	0.3180932	0.3510586	0.3894523	0.4384555	0.4922288	0.464802	0.4289691	0.3889971	0.4106305	0.3019983	0.2927016	0.2952586	0.295472	0.2671127	0.2377477	0.2452929	0.1892617	0.1497854	0.1041991	0.0536752	0.0402253	0.0206427	0.0210129	0.0173717	0.0138093	0.0149002	0.0244839	0.0445553	0.0637681	0.0774389	0.0953786	0.0989326	0.0685417	0.0487952	0.0416272	0.0340314	0.0195233	
Brown-headed Cowbird	0.0102389	0.0114255	0.0056641	0.0111246	0.0076493	0.0084507	0.008781	0.0100517	0.0120586	0.0193919	0.0330084	0.0358267	0.0692598	0.1065585	0.1473379	0.1728375	0.134978	0.0983683	0.0781889	0.0717822	0.0481283	0.0427971	0.0400862	0.0333845	0.0380854	0.0370177	0.0360879	0.0389262	0.0407725	0.0419907	0.0324786	0.0289622	0.0286183	0.0265805	0.032009	0.0312663	0.0384025	0.0387262	0.0430071	0.04196	0.0359074	0.0307276	0.0210883	0.0125	0.0108434	0.0078839	0.0125073	0.0065834	
Rusty Blackbird	0.0168641	0.0138738	0.0070801	0.0115291	0.0102971	0.0095775	0.004907	0.0066054	0.0123457	0.0186737	0.0172796	0.0217359	0.0262596	0.0317782	0.040195	0.0131825	0.0071496	0.001856	4.869E-4	0.0	0.0	0.0	0.0	0.0	0.0	0.0	0.0	0.0	0.0	0.0	0.0	0.0	0.0015	0.0	3.217E-4	2.606E-4	0.0023041	0.0035206	0.0072252	0.0153209	0.0205494	0.006883	0.0174434	0.00875	0.0135542	0.0107222	0.0069808	0.0070375	
Brewer's Blackbird	0.0	0.0	0.0	0.0	0.0	0.0	0.0	0.0	0.0	0.0	0.0	0.0	0.0	0.0	0.0	0.0	0.0	0.0	0.0	0.0	0.0	0.0	0.0	0.0	0.0	0.0	0.0	0.0	0.0	0.0	0.0	0.0	0.0	0.0	0.0	0.0	0.0	0.0	0.0	0.0	0.0	0.0	0.0	0.0	0.0015	0.0	0.0	0.0	
Common Grackle	0.1172455	0.1273123	0.1243274	0.1245955	0.1188585	0.1340845	0.1577996	0.1938541	0.248062	0.3169739	0.3411608	0.3886973	0.4336123	0.4504395	0.4967053	0.5623729	0.5813953	0.5763669	0.5614411	0.5544554	0.4418801	0.4489874	0.4581897	0.4501151	0.4266598	0.3816475	0.3807531	0.3751678	0.3849785	0.405521	0.4423932	0.4294047	0.3992494	0.3827227	0.3686666	0.330641	0.2903226	0.2546007	0.2730088	0.2488613	0.2134977	0.1892822	0.1681854	0.140625	0.1033133	0.1002838	0.109075	0.0871737	
Boat-tailed Grackle	4.015E-4	2.72E-4	0.0019824	0.0028317	8.826E-4	0.0	0.0015496	0.0	2.871E-4	0.0	2.215E-4	0.0013491	0.0016412	0.001217	3.954E-4	2.441E-4	7.86E-5	1.547E-4	1.947E-4	0.0	0.0	0.0	0.0	0.0	0.0	0.0	5.23E-4	0.0	0.0	0.0	0.0	2.011E-4	0.0	0.0	0.0	0.0	1.536E-4	0.0	0.0	0.0	0.0	0.0	2.603E-4	2.083E-4	0.0012048	0.0	8.726E-4	2.27E-4	
grackle sp.	2.008E-4	2.72E-4	0.0	0.0	0.0	0.0	0.0	0.0	2.871E-4	0.0	0.0	0.0	0.0	1.352E-4	3.954E-4	2.441E-4	2.357E-4	1.547E-4	3.895E-4	0.0	2.815E-4	0.0	0.0	3.837E-4	0.0	5.214E-4	0.0	0.0	0.0015	3.888E-4	0.0	2.011E-4	2.346E-4	5.388E-4	1.608E-4	0.0	3.072E-4	0.0	0.0	2.761E-4	0.0	0.0	0.0015	0.0	3.012E-4	0.0	0.0	0.0	
blackbird sp.	4.015E-4	0.0016322	2.832E-4	0.0016181	8.826E-4	5.634E-4	0.0010331	0.0031591	0.002584	0.0045487	0.0026584	0.0023984	0.0014771	0.0025693	0.0017132	0.0010579	7.857E-4	9.28E-4	7.79E-4	5.211E-4	0.0014073	0.0	0.0012931	3.837E-4	0.003088	0.004171	0.0047071	0.0067114	0.0038627	0.003888	0.0047863	0.0028158	9.383E-4	8.98E-4	0.0014476	7.817E-4	0.0016897	0.0035206	0.0067091	0.0080055	0.0222799	0.0282694	0.0174434	0.0116667	0.0072289	0.0047304	0.004363	0.0018161	
Ovenbird	0.0060229	0.0051687	0.0033985	0.0012136	0.0	0.0	5.165E-4	2.872E-4	0.0	0.0	4.431E-4	1.499E-4	0.0	1.352E-4	0.0104112	0.1814631	0.5271842	0.5694069	0.445667	0.1591975	0.047284	0.016431	0.0047414	0.0023024	5.147E-4	0.0010428	0.001046	0.0013423	0.0128755	0.037325	0.0947009	0.1383749	0.1740558	0.2277299	0.2533376	0.2395779	0.2129032	0.1299408	0.0719078	0.0342305	0.0237941	0.020649	0.0156209	0.0245833	0.0159639	0.0119836	0.0113438	0.0031782	
Worm-eating Warbler	0.0	0.0	0.0	0.0	0.0	0.0	0.0	0.0	0.0	0.0	0.0	0.0	0.0	0.0	0.001845	0.0379201	0.0801383	0.0618668	0.0201558	0.0027358	0.0014073	7.642E-4	4.31E-4	3.837E-4	5.147E-4	0.0015	5.23E-4	0.0016779	0.0090129	0.0112753	0.0406838	0.0193081	0.0129017	0.0041307	0.0054689	7.817E-4	1.536E-4	9.602E-4	0.0	0.0	0.0	0.0	0.0	0.0	0.0	0.0	0.0	0.0	
Louisiana Waterthrush	0.0	0.0	0.0	0.0	0.0	0.0	0.0	0.0	0.0	0.0	0.0	0.0017988	0.0812408	0.1399594	0.1004217	0.1175848	0.0464331	0.0289227	0.0058423	1.303E-4	0.0	0.0	0.0	0.0	0.0	0.0015641	0.0078452	0.0214765	0.0309013	0.0229393	0.0167521	0.0060338	0.0014075	5.388E-4	3.217E-4	0.0015	0.0015	0.0	0.0	0.0	0.0	0.0	0.0	0.0	0.0	0.0	0.0	0.0	
Northern Waterthrush	0.0	0.0	0.0	0.0	0.0	0.0	0.0	0.0	0.0	0.0	0.0	0.0	1.641E-4	0.0014875	0.059436	0.2277647	0.3565368	0.3420462	0.3142162	0.1195935	0.0160428	0.0019106	0.0012931	0.0011512	0.0	0.0	0.0052301	0.0459732	0.139485	0.1959565	0.2300855	0.2304907	0.216045	0.2144397	0.1983272	0.1288431	0.0869432	0.043527	0.0247721	0.0129745	0.009085	0.0051622	0.0010414	8.333E-4	6.024E-4	0.0	2.909E-4	0.0	
Louisiana/Northern Waterthrush	0.0	0.0	0.0	0.0	0.0	0.0	0.0	0.0	0.0	0.0	0.0	0.0	1.641E-4	0.0020284	0.0028993	0.009358	0.0068353	0.0047173	0.0061344	0.0013028	0.0011258	3.821E-4	0.0	0.0	0.0	0.0	5.23E-4	0.004698	0.0060086	0.0081649	0.0047863	0.0044248	0.0030495	0.0014368	0.0017693	7.817E-4	6.144E-4	3.201E-4	1.72E-4	1.38E-4	0.0	0.0	0.0	0.0	0.0	0.0	0.0	0.0	
Golden-winged Warbler	0.0	0.0	0.0	0.0	0.0	0.0	0.0	0.0	0.0	0.0	0.0	0.0	0.0	0.0015	0.0	0.0012206	0.0044783	0.0015467	2.921E-4	0.0	0.0	0.0	0.0	0.0	0.0	0.0	0.0	0.0	0.0	0.0066096	0.0116239	0.0066372	9.383E-4	8.98E-4	0.0012868	0.0015633	0.0046083	0.0	0.0	0.0	0.0	0.0	0.0	0.0	0.0	0.0	0.0	0.0	
Blue-winged Warbler	0.0	0.0	0.0	0.0	0.0	0.0	0.0	0.0	0.0	0.0	0.0	0.0	0.0	4.057E-4	0.0100158	0.0703882	0.1385135	0.0481015	0.0126582	0.0032569	2.815E-4	0.0	0.0	3.837E-4	0.0	0.0	0.0	6.711E-4	0.0270386	0.0540435	0.0916239	0.0631537	0.0342482	0.0208333	0.0054689	9.119E-4	0.0012289	3.201E-4	1.72E-4	0.0	0.0	0.0	0.0	0.0	0.0	0.0	0.0	0.0	
Golden-winged x Blue-winged Warbler (hybrid)	0.0	0.0	0.0	0.0	0.0	0.0	0.0	0.0	0.0	0.0	0.0	0.0	0.0	0.0	0.0	0.0	4.714E-4	0.0	0.0	0.0	0.0	0.0	0.0	0.0	0.0	0.0	0.0	0.0	0.0	0.0	0.0	0.0014079	0.0	3.592E-4	0.0	0.0	0.0	0.0	0.0	0.0	0.0	0.0	0.0	0.0	0.0	0.0	0.0	0.0	
Brewster's Warbler (hybrid)	0.0	0.0	0.0	0.0	0.0	0.0	0.0	0.0	0.0	0.0	0.0	0.0	0.0	0.0	0.0	0.0	4.714E-4	0.006496	0.0	0.0	0.0	0.0	0.0	0.0	0.0	0.0	0.0	0.0	0.0	0.0	0.0	0.0	4.692E-4	3.592E-4	0.0	0.0	0.0	0.0	0.0	0.0	0.0	0.0	0.0	0.0	0.0	0.0	0.0	0.0	
Lawrence's Warbler (hybrid)	0.0	0.0	0.0	0.0	0.0	0.0	0.0	0.0	0.0	0.0	0.0	0.0	0.0	0.0	0.0	8.14E-5	0.0015	7.73E-5	0.0	0.0	0.0	0.0	0.0	0.0	0.0	0.0	0.0	0.0	0.0	3.888E-4	6.838E-4	0.001609	9.383E-4	0.0	0.0	0.0	0.0	0.0	0.0	0.0	0.0	0.0	0.0	0.0	0.0	0.0	0.0	0.0	
Golden-winged/Blue-winged Warbler	0.0	0.0	0.0	0.0	0.0	0.0	0.0	0.0	0.0	0.0	0.0	0.0	0.0	0.0	0.0	0.0	2.357E-4	7.73E-5	0.0	0.0	0.0	0.0	0.0	0.0	0.0	0.0	0.0	0.0	0.0	3.888E-4	3.419E-4	4.023E-4	2.346E-4	1.796E-4	0.0	0.0	0.0	0.0	0.0	0.0	0.0	0.0	0.0	0.0	0.0	0.0	0.0	0.0	
Black-and-white Warbler	2.008E-4	0.0015	0.0	0.0	0.0	0.0	0.0	0.0	0.0	0.0	0.0	4.497E-4	8.206E-4	0.0152806	0.1097786	0.4115876	0.6258642	0.6004949	0.4498539	0.1297551	0.020546	0.0030569	0.0030172	0.0015349	0.0036027	0.0020855	0.0036611	0.0120805	0.0832618	0.1699067	0.2717949	0.324819	0.3326296	0.4112787	0.4323629	0.3802762	0.2795699	0.1443431	0.0452434	0.0099379	0.0049751	0.0029499	0.0026035	0.00125	0.0027108	6.307E-4	0.0023269	4.54E-4	
Prothonotary Warbler	0.0	0.0	0.0	0.0	0.0	0.0	0.0	0.0	0.0	0.0	0.0	0.0	0.0	2.705E-4	0.0349236	0.0282366	0.0187775	0.0088934	0.0077897	0.0067744	0.0016887	0.0	0.0	0.0	0.0	0.0	0.0	0.0	4.292E-4	0.0054432	0.0246154	0.0052293	0.0018766	1.796E-4	1.608E-4	0.0019541	0.0	0.0030405	8.601E-4	0.0017943	0.0	0.0	0.0	0.0	0.0	0.0	0.0	0.0	
Swainson's Warbler	0.0	0.0	0.0	0.0	0.0	0.0	0.0	0.0	0.0	0.0	0.0	0.0	0.0	0.0	0.0	0.0052893	7.86E-5	7.73E-5	0.0057449	0.0	0.0	0.0	0.0	0.0	0.0	0.0	0.0	0.0	0.0	0.0	0.0	0.0	0.0	0.0	0.0	0.0	0.0	0.0	0.0	0.0	0.0	0.0	0.0	0.0	0.0	0.0	0.0	0.0	
Tennessee Warbler	4.015E-4	0.0010881	2.832E-4	0.0	0.0	0.0	0.0	0.0	0.0	0.0	0.0	0.0	0.0	0.0	1.318E-4	0.0025226	0.0143777	0.0431521	0.0858812	0.0173267	0.0014073	0.0	0.0	0.0	0.0	0.0	0.0	0.0	0.0021459	0.0015552	0.0071795	0.0189059	0.0232231	0.0519037	0.0635355	0.0724336	0.0408602	0.0275244	0.0159986	0.0045549	0.0010815	0.002704	5.207E-4	0.003125	0.0012048	0.0015768	0.0	0.0	
Orange-crowned Warbler	0.0090343	0.0136017	0.0084962	0.006877	0.0032362	0.0016901	0.0033574	0.0011488	0.002584	0.0028729	0.0053168	0.003148	0.0024618	0.0027045	0.0056668	0.0095207	0.0077781	0.00116	7.79E-4	3.908E-4	0.0	0.0	0.0	0.0	0.0	0.0	0.0	0.0	0.0	0.0	0.0	0.0	2.346E-4	0.0	3.217E-4	0.0013028	0.0066052	0.0067211	0.0077413	0.0088337	0.0067056	0.0056539	0.0158813	0.0170833	0.014759	0.0119836	0.013089	0.0083995	
Nashville Warbler	0.0020076	0.0015	0.0	2.023E-4	2.942E-4	0.0	0.0	0.0	0.0	0.0	0.0	0.0	1.641E-4	0.0	1.318E-4	0.0750264	0.196653	0.1469337	0.0481013	0.003778	0.0025331	0.0	0.0	0.0	0.0	0.0	0.0	0.0	0.0	0.0	0.0017094	0.0076428	0.0129017	0.027658	0.0429468	0.0538041	0.044086	0.0393663	0.0218476	0.0135266	0.0084361	0.0014749	0.0078105	0.0241667	0.0150602	0.0110375	0.0098895	0.0013621	
Leiothlypis sp.	0.0	0.0	0.0	0.0	0.0	0.0	0.0	0.0	0.0	0.0	0.0	0.0	0.0	0.0	0.0	0.0	0.0015	0.0	0.0	1.303E-4	0.0	0.0	0.0	0.0	0.0	0.0	0.0	0.0	0.0	0.0	0.0	0.0	0.0	0.0	1.608E-4	0.0	0.0015	0.0	0.0	0.0	0.0	0.0	0.0	0.0	0.0	0.0	0.0	0.0	
Connecticut Warbler	0.0	0.0	0.0	0.0	0.0	0.0	0.0	0.0	0.0	0.0	0.0	0.0	0.0	0.0	0.0	0.0	0.0	0.0	0.0015	0.0	0.0	0.0	0.0	0.0	0.0	0.0	0.0	0.0	0.0	0.0	0.0	2.011E-4	0.004457	0.0136494	0.0230014	0.0299635	0.0030722	0.0099216	0.0024084	0.0015	0.0	0.0	0.0	0.0	0.0	0.0	0.0	0.0	
MacGillivray's Warbler	0.0	0.0	0.0	0.0	0.0	0.0	0.0	0.0	0.0	0.0	0.0	0.0	0.0	0.0	0.0	0.0	0.0	0.0	0.0	0.0	0.0	0.0	0.0	0.0	0.0	0.0	0.0	0.0	0.0	0.0	0.0	0.0	0.0	0.0	0.0	0.0	0.0	0.0	0.0	0.0	0.0	0.0	0.0	0.0	0.0	0.0015	0.0	0.0	
Mourning Warbler	0.0	0.0	0.0	0.0	0.0	0.0	0.0	0.0	0.0	0.0	0.0	0.0	0.0	0.0	0.0	0.0	0.004164	0.0054907	0.0298929	0.06605	0.064734	0.0305694	0.0081897	0.0019186	0.0010293	0.0	0.0	6.711E-4	4.292E-4	0.0069984	0.0126496	0.0078439	0.0126671	0.012931	0.01705	0.0065138	0.0070661	6.401E-4	0.0022364	0.0019324	6.489E-4	0.0	0.0	0.0	0.0	0.0	0.0	0.0	
Connecticut/MacGillivray's/Mourning Warbler	0.0	0.0	0.0	0.0	0.0	0.0	0.0	0.0	0.0	0.0	0.0	0.0	0.0	0.0	0.0	0.0	0.0	0.0	0.0	0.0	0.0	0.0	0.0	0.0	0.0	0.0	0.0	0.0	0.0	0.0	0.0	0.0	0.0	1.796E-4	0.0	0.0	0.0	0.0	0.0	0.0	0.0	0.0	0.0	0.0	0.0	0.0	0.0	0.0	
Kentucky Warbler	0.0	0.0	0.0	0.0	0.0	0.0	0.0	0.0	0.0	0.0	0.0	0.0	0.0	0.0	0.0010543	0.0280739	0.0089566	0.0059547	0.0083739	0.0024752	0.0	0.0	0.0	0.0023024	0.0	0.0	0.0	0.0	0.0	3.888E-4	0.0	0.0018101	2.346E-4	1.796E-4	0.0	0.0	0.0	1.6E-4	0.0	0.0	0.0	0.0	0.0	0.0	0.0	0.0	0.0	0.0	
Common Yellowthroat	0.0036137	0.0048966	0.0033985	0.0016181	2.942E-4	5.634E-4	0.0015496	8.616E-4	5.742E-4	0.0015	2.215E-4	0.0	1.641E-4	0.0027045	0.0126516	0.112621	0.4437461	0.5997216	0.5880234	0.3223033	0.1266535	0.058846	0.0202586	0.0188028	0.0072054	0.0036496	0.0041841	0.0087248	0.0090129	0.0303266	0.0919658	0.2296862	0.3617171	0.4922773	0.5441531	0.5369984	0.4459293	0.3182909	0.1988646	0.0963423	0.0532122	0.0277778	0.0260349	0.0297917	0.0171687	0.0100915	0.0113438	0.0040863	
Hooded Warbler	0.0	0.0	0.0	0.0	0.0	0.0	0.0	0.0	0.0	0.0	0.0	0.0	0.0	0.0109533	0.0196363	0.0528928	0.079824	0.0729255	0.0359299	0.0039083	2.815E-4	0.0	0.0	0.0	0.0	0.0	0.0	0.0	0.0	0.0081649	0.0338462	0.0172969	0.0164204	0.017421	0.0160849	0.0132882	0.0056836	0.0083213	0.0039566	4.141E-4	0.0	0.0	0.0	0.0	0.0	0.0	0.0	0.0	
American Redstart	0.0	0.0	0.0	0.0	0.0	0.0	0.0	0.0	0.0	0.0	0.0	0.0	0.0	0.0015	0.0023722	0.055334	0.326917	0.5285747	0.5995131	0.41037	0.1491697	0.0240734	0.0103448	0.0069071	0.003088	0.0010428	0.0031381	0.0218121	0.1253219	0.2255054	0.36	0.479284	0.5346	0.5996767	0.5885475	0.4464565	0.269278	0.1147384	0.0280406	0.0071774	0.0021631	9.833E-4	5.207E-4	6.25E-4	0.001506	0.0031536	0.0015	0.0	
Kirtland's Warbler	0.0	0.0	0.0	0.0	0.0	0.0	0.0	0.0	0.0	0.0	0.0	0.0	0.0	0.0	0.0	0.0	0.0	0.0126054	0.0	0.0	0.0	0.0	0.0	0.0	0.0	0.0	0.0	0.0	0.0	0.0	0.0	0.0	0.0	0.0	0.0	0.0	0.0	0.0	0.0	0.0	0.0	0.0	0.0	0.0	0.0	0.0	0.0	0.0	
Cape May Warbler	0.0012046	2.72E-4	0.0015	0.0	0.0	0.0	0.0	0.0	0.0	0.0	0.0	0.0	0.0	0.0	0.0021086	0.0219709	0.0963231	0.1925605	0.1062317	0.0072955	2.815E-4	0.0	0.0	0.0	0.0	0.0	0.0	0.0	4.292E-4	0.0031104	0.0133333	0.0197104	0.0239268	0.0522629	0.0720605	0.0842887	0.0502304	0.0540887	0.0383623	0.0099379	0.0015142	9.833E-4	2.603E-4	0.0029167	0.0021084	0.0015768	0.0026178	6.81E-4	
Cerulean Warbler	0.0	0.0	0.0	0.0	0.0	0.0	0.0	0.0	0.0	0.0	0.0	0.0	0.0	0.0	0.0	0.0040687	0.0140635	0.0102854	0.0035054	0.0	0.0	0.0	0.0	0.0	0.0	0.0	0.0	0.0015	0.0030043	0.0	3.419E-4	0.0	2.346E-4	0.0	3.217E-4	9.119E-4	0.0	0.0	0.0	0.0	0.0	0.0	0.0	0.0	0.0	0.0	0.0	0.0	
Northern Parula	0.0	0.0	0.0	0.0	0.0	0.0	0.0	0.0	0.0	0.0	0.0	7.495E-4	0.0131298	0.0144692	0.0097522	0.2094556	0.5256914	0.5442735	0.4484907	0.1335331	0.0242049	0.0076423	0.0043103	0.0030698	0.0020587	0.0015	0.0036611	0.0030201	0.0107296	0.0081649	0.0215385	0.0569187	0.1266714	0.2528736	0.3360142	0.3251694	0.2574501	0.1406625	0.0596938	0.0164251	0.003461	2.458E-4	5.207E-4	0.0016667	6.024E-4	9.461E-4	0.0037813	0.0	
Magnolia Warbler	0.0	0.0	0.0	0.0	0.0	0.0	0.0	0.0	0.0	0.0	0.0	0.0	0.0	0.0	0.0015	0.0207503	0.2711345	0.4654706	0.5136319	0.2722772	0.0540388	0.012992	0.0043103	7.675E-4	0.0020587	0.0	0.0	0.0010067	8.584E-4	0.003888	0.0259829	0.111424	0.1848464	0.2650862	0.3152646	0.3053674	0.1921659	0.0995359	0.0287287	0.0062112	0.0015142	9.833E-4	2.603E-4	4.167E-4	0.001506	3.154E-4	0.0	0.0	
Bay-breasted Warbler	0.0	0.0	0.0	0.0	0.0	0.0	0.0	0.0	0.0	0.0	0.0	0.0	0.0	0.0	0.0	0.0017088	0.0260057	0.1252803	0.242259	0.0620115	0.0022516	0.0	0.0	0.0	0.0	0.0	0.0	0.0013423	8.584E-4	3.888E-4	6.838E-4	0.004827	0.0103214	0.0461566	0.0673959	0.0432517	0.0133641	0.0052808	0.0036126	1.38E-4	0.0	0.0	0.0	0.0	0.0	0.0	0.0	0.0	
Blackburnian Warbler	0.0	0.0	0.0	0.0	0.0	0.0	0.0	0.0	0.0	0.0	0.0	0.0	0.0	0.0	1.318E-4	0.0203434	0.0960088	0.1457737	0.138851	0.052371	0.0157613	0.0	0.0	0.0	0.0	0.0	0.0	0.0	4.292E-4	0.0031104	0.0082051	0.0215205	0.0201736	0.0271193	0.0193019	0.0143304	0.0066052	0.0012802	3.441E-4	0.0	0.0	0.0	0.0	0.0	0.0	0.0	0.0	0.0	
Northern Yellow Warbler	0.0	0.0	0.0	0.0	0.0	0.0	0.0	0.0	0.0	0.0	0.0	0.0	0.0	5.409E-4	0.0102794	0.165107	0.3283312	0.2787874	0.2699124	0.1731371	0.0596679	0.0378296	0.0284483	0.0180353	0.0190427	0.0161627	0.0251046	0.0637584	0.1120172	0.0898134	0.0892308	0.0824618	0.0701384	0.0880029	0.067235	0.0612298	0.0202765	0.0070411	0.0024084	0.0015183	2.163E-4	0.0	0.0015	0.0	0.0	0.0	5.817E-4	0.0	
Chestnut-sided Warbler	0.0	0.0	0.0	0.0	0.0	0.0	0.0	0.0	0.0	0.0	0.0	0.0	0.0	0.0	0.0	0.022866	0.1635764	0.2818808	0.2614411	0.0785565	0.0151984	3.821E-4	8.621E-4	0.0	0.001544	5.214E-4	0.0	3.356E-4	8.584E-4	0.0272162	0.082735	0.1395817	0.1069669	0.140625	0.1257841	0.0647473	0.0230415	0.0033605	0.0020643	1.38E-4	0.0	0.0	0.0	0.0	0.0	0.0	0.0	0.0	
Blackpoll Warbler	0.0	0.0	0.0	0.0	0.0	0.0	0.0	0.0	0.0	0.0	0.0	0.0	0.0	0.0	0.0	0.0098462	0.095066	0.2553553	0.4573515	0.3628192	0.0878131	0.0087887	0.0017241	0.0023024	0.0010293	5.214E-4	0.0	0.0	0.0	0.0	3.419E-4	0.0024135	0.0079756	0.0493894	0.0973138	0.1683168	0.155914	0.099696	0.0565973	0.0184955	0.002812	0.0019666	0.0015621	8.333E-4	0.0036145	0.0	0.0	0.0	
Bay-breasted/Blackpoll Warbler	0.0	0.0	0.0	0.0	0.0	0.0	0.0	0.0	0.0	0.0	0.0	0.0	0.0	0.0	0.0	0.0	0.0	0.0	0.0	0.0	0.0	0.0	0.0	0.0	0.0	0.0	0.0	0.0	0.0	0.0	0.0	0.0014079	0.0025803	0.0046695	0.0043429	0.0039083	0.0026114	9.602E-4	6.881E-4	1.38E-4	0.0	0.0	0.0	0.0	0.0	0.0	0.0	0.0	
Black-throated Blue Warbler	0.0	0.0	0.0	0.0	0.0	0.0	0.0	0.0	2.871E-4	0.0	0.0	0.0	0.0	0.0015	1.318E-4	0.0926845	0.4024199	0.4862733	0.3639727	0.0734758	0.0047847	7.642E-4	0.0	3.837E-4	0.0	0.0	0.0	0.0	0.0	0.0015552	0.017094	0.0973451	0.1339432	0.1867816	0.23484	0.2695414	0.272043	0.2171547	0.1436436	0.0396135	0.0056241	0.0029499	0.0023431	0.0220833	0.0066265	0.0028382	2.909E-4	2.27E-4	
Palm Warbler	0.0026099	5.441E-4	2.832E-4	2.023E-4	0.0	0.0	0.0	0.0	0.0	2.394E-4	2.215E-4	0.0244341	0.1546036	0.2968222	0.3139167	0.3148344	0.1386706	0.0154667	0.0024343	1.303E-4	0.0	0.0	0.0	0.0	0.0	0.0	0.0	0.0	0.0	0.0	3.419E-4	8.045E-4	0.0096176	0.0393319	0.1087341	0.1773059	0.2302611	0.2645223	0.2523654	0.1714286	0.0759247	0.0218781	0.0078105	0.005	0.0021084	0.0081993	0.0046539	0.0022701	
Pine Warbler	0.0012046	8.161E-4	0.0015	8.091E-4	0.0015	8.451E-4	0.0067149	0.0031591	0.0100488	0.0167584	0.019938	0.0625094	0.1252257	0.1690331	0.152214	0.0851981	0.0215273	0.0065734	0.0027264	7.817E-4	2.815E-4	0.0022927	0.0	0.0015	0.0	0.0	5.23E-4	6.711E-4	4.292E-4	0.0011664	0.002735	0.0062349	0.012198	0.03125	0.0702911	0.0846795	0.1016897	0.0929749	0.0565973	0.0270531	0.0086524	0.0078663	0.0026035	0.0016667	0.0018072	0.0015	0.0023269	6.81E-4	
Yellow-rumped Warbler	0.0078298	0.0073449	0.0065137	0.0066748	0.0076493	0.0061972	0.0082645	0.006031	0.0057422	0.0086186	0.013292	0.0194873	0.0512063	0.12238	0.2606747	0.4997152	0.5518542	0.4121104	0.2118793	0.0175873	8.444E-4	0.0	0.0	0.0	0.0	0.0	0.0	0.0	4.292E-4	0.0	6.838E-4	0.0014079	9.383E-4	0.0075431	0.0231623	0.0960135	0.1758833	0.3581373	0.4230174	0.3625949	0.183647	0.089233	0.0471231	0.0354167	0.0204819	0.0157679	0.0157068	0.0061294	
Yellow-throated Warbler	0.0	0.0	0.0	0.0	0.0	0.0	0.0	0.0	0.0	0.0	0.0	0.0	0.0178894	0.0147397	0.0077754	0.0229474	0.0126493	0.002552	0.0010711	2.606E-4	0.0	0.0	0.0	0.0	0.0	0.0	0.0	0.0	8.584E-4	0.0	0.0	0.0	0.0	0.0	1.608E-4	0.0	9.217E-4	0.0	0.0	4.141E-4	0.0	0.0	0.0	0.0179167	0.0081325	0.0047304	0.0040721	0.0015891	
Prairie Warbler	4.015E-4	0.0	0.0	0.0	0.0	0.0	0.0	0.0	0.0	0.0	0.0	1.499E-4	0.0	0.001217	0.012388	0.0877207	0.1770113	0.0994509	0.030964	0.0016936	5.629E-4	0.0	4.31E-4	0.0	5.147E-4	0.0	0.0	6.711E-4	4.292E-4	0.0011664	0.0054701	0.0104586	0.0258034	0.0413075	0.0414991	0.0227983	0.0072197	0.0019203	0.0013762	4.141E-4	2.163E-4	0.0	0.0013017	0.0	0.0012048	6.307E-4	2.909E-4	0.0	
Black-throated Gray Warbler	0.0	0.0	0.0	0.0	0.0	0.0	0.0	0.0	0.0	0.0	0.0	0.0	0.0	0.0	0.0	0.0	0.0	0.0	0.0	0.0	0.0	0.0	0.0	0.0	0.0	0.0	0.0	0.0	0.0	0.0	0.0	0.0	0.0	0.0	4.825E-4	0.0015	0.0	0.0	0.0	0.0	0.0	0.0	0.0	4.167E-4	0.0	0.0	0.0	0.0	
Townsend's Warbler	0.0	0.0	0.0	0.0	0.0	0.0	0.0	0.0	0.0	0.0	0.0	0.0	0.0	0.0	0.0	0.0	0.0	0.0	0.0	0.0	0.0	0.0	0.0	0.0	0.0	0.0	0.0	0.0	0.0	0.0	0.0	0.0	0.0	0.0	0.0	0.0	0.0	0.0	0.0	0.0	0.0	0.0	0.0080708	0.0066667	0.0	0.0	0.0	0.0	
Hermit Warbler	0.0	0.0	0.0	0.0	0.0	0.0	0.0	0.0	0.0	0.0	0.0	0.0	0.0	0.0	0.0	0.0	7.86E-5	0.0	0.0	0.0	0.0	0.0	0.0	0.0	0.0	0.0	0.0	0.0	0.0	0.0	0.0	0.0	0.0	0.0	0.0	0.0	0.0	0.0	0.0	0.0	0.0	0.0	0.0	0.0	0.0	0.0	0.0	0.0	
Black-throated Green Warbler	2.008E-4	2.72E-4	0.0	0.0	0.0	0.0	0.0	0.0	0.0	0.0	0.0	0.0	0.0	0.0	0.0052715	0.0937424	0.2678347	0.2762354	0.1816943	0.0483325	0.0075992	3.821E-4	8.621E-4	0.0	0.0	0.0	0.0	0.0	4.292E-4	0.0011664	0.0020513	0.0156879	0.0351865	0.0723779	0.107769	0.1184211	0.0834101	0.0496079	0.0237399	0.0070393	0.0012979	0.0	2.603E-4	2.083E-4	0.0	3.154E-4	0.0	2.27E-4	
Setophaga sp.	0.0	0.0	0.0	0.0	0.0	0.0	0.0	0.0	0.0	0.0	0.0	0.0	1.641E-4	2.705E-4	0.0	1.627E-4	1.571E-4	7.73E-5	0.0	1.303E-4	2.815E-4	0.0	0.0	0.0	0.0	0.0	0.0	0.0	0.0	0.0	0.0	2.011E-4	0.0	3.592E-4	3.217E-4	1.303E-4	3.072E-4	3.201E-4	5.161E-4	1.38E-4	0.0	0.0	0.0	0.0	0.0	0.0	0.0	0.0	
Canada Warbler	0.0	0.0	0.0	0.0	0.0	0.0	0.0	0.0	0.0	0.0	0.0	0.0	0.0	0.0	0.0	0.001953	0.0432904	0.1718351	0.2907498	0.1616727	0.0365888	0.0022927	4.31E-4	0.0	0.0	0.0	0.0	3.356E-4	0.0072961	0.0843701	0.1702564	0.1952936	0.1250293	0.0917744	0.0427859	0.0117249	0.0012289	8.001E-4	0.0	1.38E-4	0.0	0.0	0.0	0.0	0.0	0.0	0.0	0.0	
Wilson's Warbler	8.031E-4	0.0	0.0	0.0	0.0	0.0	0.0	0.0	0.0	0.0	0.0	0.0	0.0	0.0021636	0.0015	5.696E-4	0.0366122	0.1948805	0.1873418	0.0581032	0.0070363	0.0019106	4.31E-4	0.0	0.0	0.0	0.0	0.0	0.0	0.0	0.0092308	0.0205149	0.024396	0.0425647	0.0519543	0.0343929	0.0150538	0.0048008	0.0024084	6.901E-4	8.652E-4	4.916E-4	0.0013017	0.009375	0.013253	0.0081993	0.0040721	2.27E-4	
new world warbler sp.	4.015E-4	0.0	0.0	0.0	2.942E-4	2.817E-4	0.0	0.0	0.0	0.0	0.0	2.998E-4	0.0034466	0.0050034	0.0068529	0.0123688	0.0131992	0.017168	0.0197663	0.0173267	0.0106952	0.0034391	0.0012931	7.675E-4	0.0025733	0.0010428	0.001569	0.009396	0.0150215	0.023717	0.0239316	0.0462591	0.0401126	0.0752514	0.0514718	0.0521105	0.0399386	0.0369659	0.0280406	0.0147688	0.0105992	0.0051622	0.0041656	0.003125	9.036E-4	6.307E-4	2.909E-4	0.0	
Summer Tanager	0.0	0.0	0.0	0.0	0.0	0.0	0.0	0.0	0.0	0.0	0.0	0.0	0.0	0.0	0.0019768	0.004801	0.0279698	0.0331761	0.0223953	0.0041688	0.0016887	7.642E-4	0.0015	7.675E-4	5.147E-4	0.0	0.0	0.0	0.0	0.0	0.0	2.011E-4	0.0015	3.592E-4	4.825E-4	9.119E-4	4.608E-4	3.201E-4	1.72E-4	1.38E-4	0.0	0.0	2.603E-4	0.0	0.0015	0.0	0.0	0.0	
Scarlet Tanager	0.0	0.0	0.0	0.0	0.0	0.0	0.0	0.0	0.0	0.0	0.0	0.0	0.0	0.0	1.318E-4	0.0334445	0.1808611	0.2766994	0.2534567	0.0610995	0.006192	0.0034391	0.0012931	3.837E-4	0.001544	0.0	5.23E-4	0.0016779	0.0025751	0.0128305	0.0218803	0.0265487	0.0448041	0.091056	0.1193502	0.1383533	0.1187404	0.0531285	0.0096336	9.662E-4	4.326E-4	2.458E-4	0.0	2.083E-4	0.0	0.0	0.0	0.0	
Summer/Scarlet Tanager	0.0	0.0	0.0	0.0	0.0	0.0	0.0	0.0	0.0	0.0	0.0	0.0	0.0	0.0	0.0	8.14E-5	6.285E-4	7.733E-4	8.763E-4	1.303E-4	2.815E-4	0.0	0.0	0.0	0.0	0.0	0.0	0.0	0.0	3.888E-4	3.419E-4	2.011E-4	4.692E-4	0.0	3.217E-4	1.303E-4	1.536E-4	1.6E-4	0.0	0.0	0.0	0.0	0.0	0.0	0.0	0.0	0.0	0.0	
Western Tanager	0.011042	0.0057127	0.0056641	0.0032362	0.0038247	0.0047887	0.0043905	0.0022975	0.0031582	0.0019153	0.0044307	0.0047969	0.001313	9.466E-4	3.954E-4	0.0	0.0	0.0	5.842E-4	0.0	0.0	0.0	0.0015	0.0	0.0	0.0	0.0	0.0	0.0	0.0	0.0	0.0	0.0	0.0	0.0	0.0	0.0	0.0	0.0	0.0	0.0	0.0	0.0	0.0260417	0.0301205	0.0274361	0.0078534	0.0077185	
tanager sp. (Piranga sp.)	0.0	0.0	0.0	0.0	0.0	0.0	0.0	0.0	0.0	0.0	0.0	0.0	0.0	0.0	0.0	1.627E-4	7.86E-5	3.093E-4	2.921E-4	1.303E-4	0.0	0.0	0.0	0.0	0.0	0.0	0.0	0.0	0.0	0.0	0.0	0.0	2.346E-4	0.0	1.608E-4	0.0	3.072E-4	0.0015	0.0	4.141E-4	0.0	0.0	0.0	0.0	0.0	0.0	0.0	0.0	
Northern Cardinal	0.4143746	0.4118607	0.3888417	0.4144417	0.4021771	0.4101408	0.456095	0.4658242	0.480333	0.5027532	0.5190518	0.5730775	0.5995405	0.614334	0.6432525	0.6817479	0.6709617	0.6421777	0.6108082	0.609432	0.5285674	0.4700038	0.4883621	0.490023	0.485332	0.4655892	0.4764644	0.4916107	0.5034335	0.5598756	0.6017094	0.5848753	0.5690828	0.5502874	0.5428663	0.4967431	0.4771121	0.4520723	0.4333391	0.4077295	0.3865455	0.3891347	0.4071856	0.4047917	0.4159639	0.4238411	0.4194299	0.399773	
Rose-breasted Grosbeak	0.0	0.0	0.0	0.0	0.0	0.0	0.0	0.0	0.0	0.0	0.0	0.0	0.0	2.705E-4	5.271E-4	0.0628204	0.2275299	0.2081819	0.1271665	0.0229286	0.0042218	0.0034391	4.31E-4	0.0015349	0.0010293	0.0	0.0041841	0.0016779	0.0038627	0.0027216	0.0105983	0.0283588	0.0734225	0.1679239	0.2259932	0.1697499	0.0752688	0.012802	0.0068811	0.0015183	0.0012979	0.0	2.603E-4	0.0	0.0	0.0	0.0	0.0	
Black-headed Grosbeak	0.0015	0.0	0.0	0.0	0.0	0.0	0.0	0.0	0.0	0.0	0.0	0.0	0.0	0.0	0.0	0.0	0.0	0.0	0.0	0.0	0.0	0.0	0.0	0.0	0.0	0.0	0.0	0.0	0.0	0.0	0.0	0.0	0.0	0.0	0.0	0.0	0.0	0.0	0.0	0.0	0.0	0.0	0.0	0.0	0.0	0.0	0.0	0.0	
Blue Grosbeak	0.0	0.0	0.0	0.0	0.0	0.0	0.0	0.0	0.0	0.0	0.0	0.0	0.0	1.352E-4	0.0071165	0.0034991	0.0074639	0.0087387	0.0011685	5.211E-4	0.0	0.0	0.0	3.837E-4	0.0	0.0	0.0	3.356E-4	0.0	0.0	0.0	0.0	4.692E-4	0.0	0.0014476	0.0016936	0.0082949	0.0052808	0.0025804	1.38E-4	2.163E-4	0.0	0.0	0.0	0.0	0.0	0.0	0.0	
Indigo Bunting	0.0	0.0	0.0	0.0	0.0	0.0	0.0	0.0	0.0	0.0	0.0	0.0	1.641E-4	0.0015	0.002504	0.0316543	0.1298712	0.132395	0.0740993	0.0162845	0.0073178	0.0057318	0.0034483	7.675E-4	0.0010293	0.0015641	0.001569	0.0033557	0.0030043	0.0046656	0.0020513	0.003218	0.0037532	0.0116739	0.0159241	0.0347837	0.0396313	0.0395263	0.0091175	0.0027605	0.0017305	0.0076205	0.0026035	0.0016667	0.0	0.0	0.0	0.0	
Painted Bunting	0.0	0.0	0.0	0.0	0.0	0.0	0.0	0.0	0.0	0.0	0.0	0.0	0.0	0.0	0.0039536	0.0015461	0.0	0.0	0.0015	1.303E-4	0.0	0.0	0.0	0.0	0.0	0.0	0.0	0.0	0.0	0.0	0.0	0.0	0.0	0.0015	0.0	0.0	0.0	0.0	0.0015	0.0	2.163E-4	0.0	0.0	0.0	0.0	0.0	0.0	0.0	
Dickcissel	0.008432	0.0046246	0.0019824	0.0014159	2.942E-4	0.0	0.0	0.0	0.0	0.0	0.0	0.0	0.0	0.0	0.0	0.0	0.0	3.867E-4	9.74E-5	0.0013028	0.0	0.0	0.0	0.0	0.0	0.0	0.0	0.0	0.0	7.776E-4	3.419E-4	2.011E-4	2.346E-4	0.0052083	8.042E-4	0.0085982	0.006298	0.0035206	0.0030965	9.662E-4	0.0019468	0.0056539	0.0018224	0.003125	0.0108434	0.0141911	0.0061082	0.0052213	
Saffron Finch	0.0	0.0	0.0	0.0	0.0	0.0	0.0	0.0	0.0	0.0	0.0	0.0	0.0	0.0	0.0	0.0	0.0	0.0	0.0	0.0	0.0	0.0	0.0	0.0	0.0	0.0	0.0	0.0	0.0	0.0	0.0	0.0	0.0	0.0	0.0	0.0	0.0	1.6E-4	1.72E-4	0.0	6.489E-4	0.0	2.603E-4	2.083E-4	0.0	0.0	0.0	0.0	
Ruddy-breasted Seedeater	0.0	0.0	0.0	0.0	0.0	0.0	0.0	0.0	0.0	0.0	0.0	0.0	0.0	0.0	0.0	0.0	0.0	0.0	0.0	0.0	0.0	0.0	0.0	0.0	0.0	0.0	0.0	0.0	0.0	0.0	0.0	0.0	0.0	0.0	0.0	0.0	1.536E-4	0.0	0.0	0.0	0.0	0.0	0.0	0.0	0.0	0.0	0.0	0.0	
Morelet's Seedeater	0.0	0.0	0.0	0.0	0.0	0.0	0.0	0.0	0.0	0.0	0.0	0.0	0.0	0.0	0.0	0.0	0.0	0.0	0.0	0.0	2.815E-4	0.0	0.0	0.0	0.0	0.0	0.0	0.0	0.0	0.0	0.0	0.0	0.0	0.0	0.0	0.0	0.0	0.0	0.0	0.0	0.0	0.0	0.0	0.0	0.0	0.0	0.0	0.0	
passerine sp.	0.0052198	0.0046246	0.0042481	0.0036408	0.002942	0.0033803	0.0041322	0.0063182	0.0031582	0.0062246	0.0035445	0.0037476	0.0050878	0.0073022	0.0056668	0.0057775	0.0069139	0.007656	0.0069133	0.007556	0.0042218	0.0038212	0.0038793	0.0026861	0.0051467	0.0020855	0.0026151	0.0050336	0.0094421	0.0097201	0.0095726	0.0146822	0.012198	0.0443606	0.0184977	0.0157634	0.0150538	0.0228837	0.0209874	0.0335404	0.0348259	0.0213864	0.0169227	0.0127083	0.0126506	0.0081993	0.0046539	0.0061294	
bird sp.	0.0018069	0.0019042	0.0022656	0.0024272	0.0017652	0.0028169	0.0018079	0.001436	5.742E-4	0.0019153	0.0019938	0.0013491	0.0024618	0.0022989	0.0022404	7.324E-4	0.0014142	0.0010827	0.0011685	0.0016936	0.0025331	0.0030569	0.0025862	0.0015349	5.147E-4	0.0020855	0.0031381	0.002349	0.0025751	0.0034992	0.0044444	0.0024135	0.0032841	0.0041307	9.651E-4	0.0032569	0.0029186	0.0027204	0.0032685	0.0031746	0.0056241	0.004179	0.0062484	0.0052083	0.0066265	0.0025229	0.0026178	0.0011351	

