









Frequency of observations in the selected location(s).:
Number of taxa: 	569

	Jan				Feb				Mar				Apr				May				Jun				Jul				Aug				Sep				Oct				Nov				Dec				
Sample Size:	2225.0	1807.0	1962.0	2356.0	1541.0	1770.0	2289.0	1904.0	1980.0	2032.0	2290.0	3291.0	2411.0	2596.0	2844.0	3606.0	3651.0	4353.0	3792.0	3594.0	1950.0	1781.0	1617.0	1741.0	1416.0	1493.0	1527.0	2378.0	1857.0	1880.0	2144.0	2935.0	2248.0	1971.0	2275.0	2632.0	2157.0	2189.0	2076.0	2622.0	2040.0	1843.0	1902.0	2299.0	1460.0	1751.0	2135.0	2297.0	

Black-bellied Whistling-Duck	0.0	0.0	0.0	0.0	0.0	0.0	0.0	0.0	0.0	0.0	0.0	0.0	0.0	0.0	0.0	0.0	0.0	0.0	0.0	0.0	0.0	0.0275126	0.0068027	0.0	0.0	0.0341594	0.0104781	0.0344828	0.0080775	0.0244681	0.0289179	0.0010221	0.0	0.0	0.0	0.0	0.0	0.0	0.0	0.0	0.0	0.0	0.0	0.0	0.0	0.0	0.0	0.0	
Fulvous Whistling-Duck	0.0	0.0	0.0	0.0	0.0	0.0	0.0	0.0	0.0	0.0	0.0	0.0	0.0	0.0	0.0	0.0	0.0	0.0	0.0	0.0025042	0.0041026	0.0	0.0	0.0	0.0	0.0	6.549E-4	0.0015	0.0	0.0	0.0	0.0	0.0	0.0	0.0	0.0	0.0	0.0	0.0	0.0	0.0	0.0	0.0	0.0	0.0	0.0	0.0	0.0	
Fulvous/Lesser Whistling-Duck	0.0	0.0	0.0	0.0	0.0	0.0	0.0	0.0	0.0	0.0	0.0	0.0	0.0	0.0	0.0	0.0	0.0	0.0	0.0	0.0	0.0015	0.0	0.0	0.0	0.0	0.0	0.0	0.0	0.0	0.0	0.0	0.0	0.0	0.0	0.0	0.0	0.0	0.0	0.0	0.0	0.0	0.0	0.0	0.0	0.0	0.0	0.0	0.0	
Snow Goose	0.094382	0.0774765	0.0728848	0.0916808	0.0940947	0.0717514	0.0934906	0.1428571	0.1232323	0.1274606	0.1157205	0.0914616	0.0423061	0.0350539	0.0116034	0.009706	0.007943	0.0045945	0.0058017	0.0055648	0.0112821	0.0061763	0.0030921	0.0034463	0.0021186	0.0046885	6.549E-4	0.0046257	0.0048465	0.0037234	0.0015	0.0044293	0.002669	5.074E-4	0.0035165	0.0098784	0.0180807	0.0306076	0.0399807	0.0385202	0.0578431	0.0661964	0.075184	0.0626359	0.069863	0.0633923	0.0918033	0.0918589	
Ross's Goose	0.007191	0.0138351	5.097E-4	4.244E-4	0.0	5.65E-4	0.0015	0.0010504	5.051E-4	0.0	0.00131	0.0	4.148E-4	0.0	0.0	0.0	0.0	0.0	0.0	0.0	0.0	0.0	0.0	0.0	0.0	0.0	0.0	0.0	0.0	0.0	0.0	0.0	0.0	0.0	0.0	0.0	0.0	0.0015	9.634E-4	0.0015	9.804E-4	5.426E-4	0.0	4.35E-4	0.0054795	5.711E-4	4.684E-4	4.354E-4	
Snow/Ross's Goose	4.494E-4	0.0	0.0	0.0	0.0	0.0	0.0	5.252E-4	0.0	0.0	0.0	0.0	0.0	0.0	0.0	0.0	0.0	0.0	0.0	0.0	0.0	0.0	0.0	0.0	0.0	0.0	0.0	0.0	0.0	0.0	0.0	0.0	0.0	0.0	0.0	0.0	0.0	0.0	0.0	0.0	0.0	0.0	0.0	0.0	0.0	0.0	0.0	0.0	
Graylag Goose	4.494E-4	0.0	0.0010194	0.0012733	0.0012979	0.0011299	0.0	0.0015756	0.0020202	0.0	4.367E-4	0.0	0.0	0.0	0.0	0.0	0.0	0.0	0.0	0.0	5.128E-4	0.0	0.0	0.0	0.0014124	0.0	0.0	4.205E-4	0.0	0.0	0.0	3.407E-4	0.0	5.074E-4	0.0	3.799E-4	4.636E-4	4.568E-4	0.0	0.0	0.0	0.0	0.0	0.0	6.849E-4	0.0	0.0	0.0026121	
Swan Goose	0.0	0.0	0.0	4.244E-4	0.0	0.0	0.0	0.0	0.0	0.0	0.0	0.0	0.0	0.0	0.0	0.0	0.0	0.0	0.0	0.0	0.0	0.0	0.0	0.0	0.0	0.0	0.0	0.0	0.0	0.0	0.0	0.0	0.0	0.0	0.0	0.0	0.0	0.0	0.0	0.0	0.0	0.0	5.258E-4	0.0	0.0015	0.0	0.0	0.0	
Greater White-fronted Goose	0.0022472	0.0022136	0.0030581	0.0	0.0	0.0	0.0013106	0.0010504	0.0	0.0	0.0	0.0	0.0	0.0	0.0	0.0	0.0	0.0	0.0	0.0	0.0	0.0	0.0	0.0	0.0	0.0	0.0	0.0	0.0	0.0	0.0	0.0	0.0	0.0	0.0	0.0	0.0	4.568E-4	0.0	3.814E-4	4.902E-4	0.0	5.258E-4	4.35E-4	0.0	0.0	0.0023419	4.354E-4	
Pink-footed Goose	0.0040449	0.0	0.0015	4.244E-4	0.0	0.0	0.0	0.0	0.0	0.0	0.0	0.0	0.0	0.0	0.0	0.0	0.0	0.0	0.0	0.0	0.0	0.0	0.0	0.0	0.0	0.0	0.0	0.0	0.0	0.0	0.0	0.0	0.0	0.0	0.0	0.0	0.0	0.0	0.0	0.0	0.0	0.0	0.0	0.0	0.0	0.0	0.0	8.707E-4	
Domestic goose sp. (Domestic type)	0.0022472	0.0038738	0.0025484	0.0025467	0.0012979	0.0011299	0.0017475	0.0010504	0.0010101	0.0019685	0.00131	0.0018232	0.0020738	0.001926	0.0014065	0.0036051	0.0032868	0.0011486	0.001846	0.0013912	0.0025641	5.615E-4	0.0	0.0011488	0.0	0.0015	6.549E-4	4.205E-4	0.0016155	0.0	0.0125933	0.0061329	0.0035587	5.074E-4	0.0030769	0.0034195	0.0074177	0.002741	0.0038536	0.0034325	0.0073529	0.0037982	5.258E-4	0.0021749	0.0047945	0.0011422	0.0028103	0.0021768	
Brant	0.2373034	0.2141671	0.2395515	0.1812394	0.2238806	0.1926554	0.211446	0.2668067	0.2545455	0.2554134	0.2432314	0.2403525	0.2202406	0.2642527	0.2401547	0.2262895	0.2089838	0.2685504	0.2863924	0.2153589	0.1153846	0.0774846	0.0315399	0.0264216	0.0204802	0.0308104	0.0373281	0.0349033	0.0253096	0.0223404	0.0293843	0.0286201	0.0177936	0.0106545	0.0118681	0.0265957	0.0533148	0.1617177	0.2119461	0.2990084	0.2789216	0.2837765	0.3044164	0.2640278	0.2205479	0.2170188	0.2562061	0.2477144	
Cackling Goose	0.0076404	0.0088545	0.0010194	0.0016978	0.0	0.0015	0.0	0.0	0.0	0.0	4.367E-4	0.0	0.0	0.0	0.0	0.0	0.0	0.0	0.0	0.0	0.0	0.0	0.0	0.0	0.0	0.0	0.0	0.0	0.0	0.0	0.0	0.0	0.0	0.0	0.0	0.0011398	0.0	0.0018273	0.0033719	0.0	0.0	0.0075963	0.0073607	0.0065246	0.0082192	0.0045688	0.0014052	0.0047889	
Canada Goose	0.4274157	0.4100719	0.4271152	0.3815789	0.3951979	0.4022599	0.3726518	0.4632353	0.4388889	0.4143701	0.3803493	0.3615922	0.3654085	0.3694145	0.347398	0.3374931	0.291427	0.2931312	0.3346519	0.3578186	0.3605128	0.3615946	0.3753865	0.3291212	0.365113	0.4139317	0.4636542	0.4957948	0.548196	0.5255319	0.520056	0.4678024	0.4550712	0.4008118	0.4083516	0.4031155	0.3852573	0.4111466	0.3945087	0.3951182	0.4245098	0.4275638	0.4616193	0.4280122	0.4356164	0.4648772	0.4651054	0.4253374	
Graylag x Canada Goose (hybrid)	0.0	0.0	0.0	0.0	0.0	0.0	0.0	5.252E-4	0.0	0.0	0.0	0.0	0.0	0.0	0.0	0.0	0.0	0.0	0.0	0.0	0.0	0.0	0.0	0.0	0.0	0.0	0.0	0.0	0.0	0.0	0.0	0.0	0.0	0.0	0.0	0.0	0.0	0.0	0.0	0.0	0.0	0.0	0.0	0.0	0.0	0.0	0.0	0.0	
Domestic goose sp. x Canada Goose (hybrid)	0.0013483	0.002767	0.0010194	8.489E-4	6.489E-4	0.0050847	0.0013106	0.0015756	0.0020202	0.0044291	0.0052402	0.004254	0.0066363	0.0053929	0.0059775	0.0047144	0.0046563	0.002527	0.0029008	0.0013912	0.0020513	0.0022459	0.0012369	0.0011488	0.0021186	0.0013396	0.0	0.0	0.0015	0.0037234	0.0018657	0.0010221	0.0	5.074E-4	0.0030769	0.0018997	0.0037089	0.0018273	9.634E-4	0.0034325	0.0034314	5.426E-4	0.0015773	0.0021749	0.0027397	0.0028555	0.0014052	0.0026121	
Cackling/Canada Goose	0.0017978	0.0011068	0.0010194	8.489E-4	6.489E-4	0.0016949	0.0017475	0.0010504	0.0010101	0.0	0.00131	9.116E-4	0.0	3.852E-4	0.0	0.0	0.0	0.0	0.0	0.0	0.0	0.0	0.0	0.0	0.0	0.0	0.0	0.0	0.0	0.0	0.0	0.0	0.0	0.0	0.0	0.0	4.636E-4	0.0	9.634E-4	0.0015256	0.0019608	0.0032556	0.002103	0.0030448	0.0027397	0.0022844	0.0015	0.0021768	
Mute Swan	0.1622472	0.1721085	0.1753313	0.1536503	0.1615834	0.1649718	0.17737	0.2142857	0.2116162	0.2125984	0.2026201	0.2075357	0.224803	0.2361325	0.2162447	0.2229617	0.1983018	0.2166322	0.2513186	0.2584864	0.2738462	0.2970241	0.3172542	0.2831706	0.3474576	0.367716	0.3935822	0.4091674	0.4512655	0.456383	0.4510261	0.4034072	0.3781139	0.3145611	0.2742857	0.2526596	0.2141864	0.243947	0.2143545	0.2109077	0.2323529	0.200217	0.221346	0.1918225	0.1794521	0.184466	0.1770492	0.1610797	
Black Swan	0.0	0.0	0.0	0.0	0.0	0.0	0.0	0.0	0.0	0.0	0.0	0.0	0.0	0.0	0.0	0.0	0.0	0.0	0.0	0.0	0.0	0.0	0.0	0.0	0.0	0.0	0.0013098	0.0	0.0	5.319E-4	9.328E-4	3.407E-4	0.0013345	0.0	0.0015	3.799E-4	4.636E-4	0.0	4.817E-4	0.0015	0.0	0.0	0.0	0.0	0.0	0.0	0.0	0.0	
Tundra Swan	0.0	0.0	0.0071356	0.0097623	6.489E-4	0.0	8.737E-4	0.0078782	5.051E-4	0.0	4.367E-4	0.0	0.0	0.0	0.0	0.0	0.0	0.0	0.0	0.0	0.0	0.0	0.0	0.0	0.0	0.0	0.0	0.0	0.0	0.0	0.0	0.0	0.0	0.0	0.0	0.0	0.0	0.0	0.0	0.0061022	0.0044118	5.426E-4	0.002103	0.0052197	0.0013699	0.0015	0.0	0.0	
Whooper Swan	0.0	0.0	0.0	0.0	0.0	0.0	0.0	0.0	0.0	0.0	0.0	0.0	0.0	0.0	0.0	0.0	0.0	0.0	0.0	0.0	0.0	0.0	0.0	0.0	0.0	0.0	6.549E-4	0.0015	5.385E-4	0.0010638	0.0	0.0	0.0015	0.0	0.0015	0.0	0.0	0.0	4.817E-4	0.0	0.0	0.0	0.0	0.0	0.0	0.0	0.0	0.0	
swan sp.	4.494E-4	0.0	0.0	0.0021222	0.0012979	0.0	0.0013106	0.0015756	5.051E-4	4.921E-4	0.0	3.039E-4	0.0	0.0	0.0	0.0	0.0	0.0	0.0	2.782E-4	0.0	0.0	0.0	0.0	0.0	0.0	0.0	0.0	0.0	0.0	0.0	0.0	0.0	0.0	0.0	3.799E-4	0.0	0.0	0.0	7.628E-4	0.0	0.0	5.258E-4	0.0013049	0.0	5.711E-4	0.0018735	8.707E-4	
goose sp.	4.494E-4	5.534E-4	0.0010194	0.0012733	0.0032446	0.0028249	8.737E-4	0.0010504	0.0015152	0.0014764	0.0026201	0.0012154	8.295E-4	0.001926	0.0014065	0.0011093	0.0013695	6.892E-4	5.274E-4	0.0013912	5.128E-4	0.001123	0.0	0.0	7.062E-4	0.0	6.549E-4	0.0	0.0	0.0	0.0060634	0.0091993	0.0048932	0.0	4.396E-4	3.799E-4	0.0	0.0022841	4.817E-4	0.0015256	0.0034314	0.002713	0.0026288	0.0013049	0.0020548	0.0017133	0.0014052	0.0017414	
Egyptian Goose	0.0	0.0	0.0	0.0	0.0	0.0	0.0	0.0	0.0	0.0	0.0	0.0	0.0	0.0	0.0	0.0	0.0	0.0	0.0	0.0	0.0	0.0	6.184E-4	0.0	0.0	0.0	0.0	0.0	0.0	0.0	0.0	0.0	0.0	0.0	0.0	0.0	0.0	0.0	0.0	0.0	0.0	0.0	0.0	0.0	0.0	0.0	0.0	0.0	
Ruddy Shelduck	0.0	0.0	0.0	0.0	0.0	0.0	0.0	0.0	0.0	0.0	0.0	0.0	0.0	0.0	0.0	0.0	0.0	0.0	0.0	0.0	0.0	0.0	0.0	0.0	0.0	0.0	0.0	0.0	0.0	0.0	0.0	0.0	0.0	0.0	0.0	3.799E-4	0.0	0.0	0.0	0.0	0.0	0.0	0.0	0.0	0.0	0.0	0.0	0.0	
Common Shelduck	0.0	0.0	0.0	0.0	0.0	0.0	0.0	0.0	0.0	0.0	0.0	0.0	0.0	0.0	0.0	0.0	0.0	0.0	0.0	0.0	0.0	0.0	0.0	0.0	0.0	0.0	0.0	0.0	0.0	5.319E-4	0.0	0.0	0.0	0.0	0.0	0.0	0.0	0.0	0.0	0.0	0.0	0.0	0.0	0.0	0.0	0.0	0.0	0.0	
Muscovy Duck	8.989E-4	0.0016602	0.0020387	0.0	6.489E-4	5.65E-4	8.737E-4	0.0	5.051E-4	4.921E-4	0.0	0.0015	0.0	0.0011556	0.0	0.0	0.0	2.297E-4	0.0	2.782E-4	0.0	5.615E-4	0.0	5.744E-4	0.0	0.0	0.0	0.0012616	0.0016155	0.0010638	4.664E-4	0.0013629	4.448E-4	5.074E-4	0.0	0.0018997	0.0018544	0.0	4.817E-4	0.0019069	9.804E-4	0.0021704	0.002103	0.0017399	0.0041096	0.0045688	0.0032787	0.0013061	
Wood Duck	0.0130337	0.0149419	0.0173293	0.0224958	0.0253082	0.0344633	0.0297073	0.0420168	0.0429293	0.0541339	0.049345	0.0395017	0.0501866	0.0477658	0.0495781	0.0460344	0.050671	0.0342293	0.0440401	0.0367279	0.04	0.031443	0.0364873	0.0459506	0.0487288	0.0408573	0.0510806	0.0618167	0.0463113	0.0478723	0.0447761	0.0408859	0.0467082	0.0618975	0.0545055	0.0664894	0.0741771	0.0625857	0.0650289	0.057971	0.0735294	0.0683668	0.0578339	0.0382775	0.0308219	0.0285551	0.034192	0.0239443	
Mandarin Duck	0.0	0.0	0.0	4.244E-4	0.0	0.0	0.0	0.0	0.0	0.0	0.0	0.0	0.0	0.0	0.0	0.0	0.0	0.0	0.0	0.0	0.0	0.0	0.0	0.0	0.0	0.0	0.0	0.0	0.0	0.0	0.0	0.0	0.0	0.0	0.0	0.0	0.0	0.0	0.0	0.0	0.0	5.426E-4	0.0	0.0	0.0	0.0	0.0	0.0	
Blue-winged Teal	8.989E-4	0.0	5.097E-4	0.0	0.0	0.0	0.0	0.0	0.0	0.0014764	0.0017467	0.0112428	0.0099544	0.0165639	0.0232068	0.0194121	0.0180772	0.0121755	0.0137131	0.0097385	0.005641	0.0078608	0.0092764	0.0080414	0.0120056	0.0187542	0.0170269	0.0185029	0.0269251	0.037234	0.1012127	0.1376491	0.180605	0.1354642	0.1120879	0.0900456	0.0639777	0.0584742	0.0409441	0.0217391	0.0186275	0.0113945	0.0015773	0.0039147	0.0027397	0.0011422	9.368E-4	8.707E-4	
Northern Shoveler	0.1559551	0.1283896	0.1207951	0.1311545	0.1271901	0.1327684	0.1437309	0.1932773	0.1843434	0.1820866	0.1628821	0.144333	0.1476566	0.1456086	0.0945851	0.0712701	0.039989	0.0275672	0.0224156	0.0228158	0.0302564	0.017406	0.0191713	0.0109133	0.0120056	0.0100469	0.0085134	0.0079899	0.0123856	0.037234	0.0904851	0.1342419	0.2037367	0.1725013	0.1512088	0.149696	0.132128	0.160804	0.1445087	0.1521739	0.2093137	0.1795985	0.2039958	0.1735537	0.1506849	0.1410623	0.1053864	0.1319112	
Gadwall	0.1725843	0.1543996	0.1712538	0.1557725	0.1524984	0.1451977	0.129751	0.1617647	0.159596	0.1427165	0.1279476	0.1118201	0.0970552	0.1047766	0.0938819	0.083472	0.0857299	0.122674	0.1500527	0.1769616	0.1866667	0.2083099	0.2077922	0.1579552	0.1758475	0.1748158	0.1466929	0.1383516	0.1507808	0.1441489	0.1511194	0.1492334	0.1654804	0.1572806	0.123956	0.1394377	0.1010663	0.1534947	0.1368015	0.1578947	0.195098	0.2023874	0.2192429	0.2053067	0.1986301	0.1753284	0.1625293	0.1697867	
Eurasian Wigeon	0.0089888	0.002767	0.0045872	0.0021222	0.0019468	0.0022599	0.0039318	0.0042017	0.0060606	9.843E-4	0.0	0.0015	0.0	0.0	0.0010549	8.319E-4	2.739E-4	4.595E-4	0.0013186	8.347E-4	0.0015385	0.001123	0.0	0.0	0.0	0.0	0.0	0.0	0.0	0.0	0.0	0.0	0.0040036	0.0060883	0.0131868	0.0102584	0.0088085	0.005482	0.004817	0.0133486	0.0284314	0.0238741	0.019979	0.014789	0.0082192	0.0017133	0.006089	0.0034828	
American Wigeon	0.1132584	0.0819037	0.0851172	0.0679117	0.0597015	0.0615819	0.0712101	0.0997899	0.0964646	0.0639764	0.0445415	0.0264357	0.0269598	0.0173344	0.0228551	0.0130338	0.0065735	0.0098782	0.0110759	0.009182	0.005641	0.0028074	0.0055659	0.0080414	0.0084746	0.0167448	0.0098232	0.0054668	0.008616	0.0159574	0.0153918	0.0214651	0.0733986	0.0842212	0.090989	0.0995441	0.0857673	0.1142074	0.1127168	0.1300534	0.1769608	0.1714596	0.1908517	0.1661592	0.1315068	0.111936	0.0913349	0.0922943	
Eurasian x American Wigeon (hybrid)	0.0013483	5.534E-4	0.0	0.0	0.0	5.65E-4	0.0	0.0	0.0	0.0	0.0	0.0	0.0	0.0	0.0	0.0	0.0	0.0	0.0	0.0	0.0	0.0022459	0.0030921	0.0040207	0.0014124	6.698E-4	0.0	0.0	0.0	0.0	0.0	0.0	4.448E-4	0.0	0.0	0.0	0.0	9.137E-4	0.0024085	0.0015256	0.0044118	0.0021704	0.002103	0.0013049	0.0020548	0.0011422	0.0018735	0.0	
Eurasian/American Wigeon	4.494E-4	0.0	0.0	0.0	0.0	0.0	0.0	0.0	0.0	0.0	0.0	0.0	0.0	0.0	0.0	0.0	0.0	0.0	0.0	0.0	0.0	0.0	0.0	0.0	0.0	0.0	0.0	0.0	0.0	0.0	0.0	0.0	0.0	0.0	0.0	0.0	0.0	0.0	0.0	3.814E-4	0.0	0.0	0.0	4.35E-4	0.0	0.0	0.0	0.0	
Mallard	0.3555056	0.3386829	0.3710499	0.3230051	0.3244646	0.339548	0.3232853	0.3718487	0.3742424	0.386811	0.3532751	0.3424491	0.3745334	0.4044684	0.3797468	0.3668885	0.3349767	0.3429819	0.3815928	0.3784085	0.3887179	0.4115665	0.4230056	0.3549684	0.3764124	0.3958473	0.3929273	0.4041211	0.4566505	0.4638298	0.4650187	0.4303237	0.4190391	0.3658042	0.3608791	0.3525836	0.3166435	0.3389676	0.3309249	0.3325706	0.3921569	0.3760174	0.4095689	0.3910396	0.3767123	0.3923472	0.3859485	0.3630823	
American Black Duck	0.2305618	0.2285556	0.266055	0.2228353	0.2245295	0.1949153	0.197903	0.2531513	0.2247475	0.2175197	0.1930131	0.1665147	0.1530485	0.1483051	0.1220113	0.0926234	0.0788825	0.1180795	0.1247363	0.1424597	0.1502564	0.175744	0.1595547	0.1522114	0.1588983	0.1982585	0.2200393	0.2409588	0.2681745	0.2941489	0.3097015	0.2524702	0.2535587	0.1872146	0.1718681	0.1664134	0.1469634	0.1854728	0.1685934	0.1948894	0.2392157	0.2381986	0.2754995	0.2531535	0.2589041	0.2501428	0.2913349	0.2516326	
Mallard x American Black Duck (hybrid)	0.0157303	0.0132817	0.0117227	0.012309	0.0162232	0.0112994	0.0096112	0.0089286	0.0166667	0.0162402	0.0122271	0.0091158	0.0058067	0.0038521	0.0017581	0.0019412	0.0035607	0.0029864	0.0052743	0.0086255	0.0061538	0.0067378	0.0055659	0.0109133	0.0077684	0.0127261	0.016372	0.0172414	0.0140011	0.012766	0.0125933	0.0088586	0.0080071	0.0081177	0.0083516	0.0034195	0.0088085	0.0105071	0.0052987	0.0087719	0.0117647	0.0070537	0.0194532	0.0100043	0.0164384	0.0159909	0.0206089	0.0130605	
Mallard/American Black Duck	0.0026966	0.0011068	0.0010194	0.0029711	0.0012979	0.0028249	0.0017475	0.0026261	0.0035354	0.0029528	0.0017467	0.002127	0.0024886	0.001926	3.516E-4	0.0011093	0.0019173	0.0022973	0.001846	0.0036171	0.0046154	0.0072993	0.0055659	0.0086157	0.0134181	0.0247823	0.0203012	0.0227082	0.0129241	0.0143617	0.0191231	0.0156729	0.0115658	0.0167428	0.0092308	0.006459	0.0088085	0.0045683	0.0038536	0.0041953	0.0034314	0.002713	0.0057834	0.0026098	0.0041096	0.0051399	0.0018735	0.0021768	
Northern Pintail	0.0521348	0.0376314	0.0433231	0.0309847	0.0382868	0.0248588	0.0454347	0.0609244	0.0479798	0.0442913	0.0292576	0.0206624	0.0136873	0.0107858	0.0063291	0.0019412	8.217E-4	0.002527	0.001846	0.0030607	0.0010256	0.0022459	6.184E-4	0.0011488	7.062E-4	0.0013396	0.005239	0.0016821	0.004308	0.006383	0.0177239	0.0105622	0.0302491	0.042618	0.0373626	0.0505319	0.0449699	0.0511649	0.0568401	0.0705568	0.0823529	0.0808464	0.0988433	0.0743802	0.0732877	0.0462593	0.0496487	0.0430997	
Mallard x Northern Pintail (hybrid)	0.0	0.0	0.0	0.0	6.489E-4	0.0	0.0	0.0	0.0	0.0	0.0	0.0	0.0	0.0	0.0	0.0	0.0	0.0	0.0	0.0	0.0	0.0	0.0	0.0	0.0	0.0	0.0	0.0	0.0	0.0	0.0	0.0	0.0	0.0	0.0	0.0	0.0	4.568E-4	0.0	0.0	0.0	0.0	0.0	0.0	0.0	0.0	0.0	0.0	
Green-winged Teal	0.0714607	0.0442723	0.04842	0.070034	0.0584036	0.0621469	0.0703364	0.0992647	0.0818182	0.0900591	0.0899563	0.1011851	0.1041062	0.096302	0.0696203	0.0435385	0.0279376	0.0181484	0.0121308	0.0089037	0.0087179	0.0269512	0.0068027	0.0068926	0.0162429	0.0254521	0.0307793	0.0416316	0.0387722	0.0558511	0.0844216	0.1063032	0.1263345	0.1171994	0.112967	0.1086626	0.0899397	0.1251713	0.1156069	0.1300534	0.1833333	0.1557244	0.181388	0.1365811	0.1212329	0.0919475	0.0782201	0.0574663	
Anas sp.	0.0	0.0	0.0	0.0	0.0	0.0	0.0	0.0	0.0	0.0	0.0	0.0	0.0	0.0	0.0	0.0	0.0	0.0	0.0	0.0	5.128E-4	0.0	0.0	0.0	0.0	0.0	0.0	0.0	5.385E-4	0.0	0.0	0.0	0.0	0.0	0.0	0.0	0.0	0.0	0.0	0.0	0.0	0.0	0.0	0.0	0.0	0.0	0.0	0.0	
teal sp.	0.0	0.0	0.0	0.0	0.0	0.0	0.0	0.0	0.0	0.0	0.0	0.0	0.0	0.0	0.0	0.0	0.0	0.0	0.0	0.0	0.0	0.0	6.184E-4	0.0	0.0	6.698E-4	0.0	4.205E-4	0.0	5.319E-4	0.0	0.0013629	0.002669	0.0010147	0.0	0.0	4.636E-4	0.0	0.0	3.814E-4	0.0	0.0	0.0	0.0	0.0	0.0	0.0	0.0	
dabbling duck sp.	4.494E-4	0.0	5.097E-4	0.0	6.489E-4	0.0	0.0	0.0	5.051E-4	0.0	0.0	0.0	0.0	3.852E-4	0.0	0.0	0.0	2.297E-4	0.0	2.782E-4	5.128E-4	0.0	6.184E-4	0.0017231	0.0021186	6.698E-4	0.0	8.41E-4	0.0016155	0.0010638	9.328E-4	0.0017036	0.0013345	0.0035515	0.0013187	0.0	4.636E-4	9.137E-4	9.634E-4	7.628E-4	0.0	5.426E-4	0.0	4.35E-4	0.0	0.0	4.684E-4	4.354E-4	
Canvasback	0.0435955	0.0298838	0.0397554	0.0326825	0.036989	0.0237288	0.0183486	0.0257353	0.0237374	0.0172244	0.0170306	0.0115466	0.007051	0.0046225	0.0056259	0.0019412	0.0013695	0.0011486	0.001846	0.0013912	0.0	0.001123	6.184E-4	0.0011488	7.062E-4	0.0	0.0	0.0	5.385E-4	0.0010638	0.0	6.814E-4	4.448E-4	5.074E-4	8.791E-4	0.0	4.636E-4	0.0015	9.634E-4	0.0045767	0.0112745	0.01465	0.0120925	0.030013	0.0342466	0.0291262	0.0299766	0.0361341	
Redhead	0.0620225	0.0664084	0.0504587	0.0352292	0.0343933	0.0384181	0.0384447	0.0462185	0.0489899	0.0339567	0.0235808	0.0267396	0.0228121	0.0154083	0.0140647	0.0063783	0.002739	0.0018378	0.0039557	0.0047301	0.0010256	0.0022459	6.184E-4	0.0017231	0.0	0.0	0.0015	4.205E-4	0.0	0.0	4.664E-4	3.407E-4	8.897E-4	0.0020294	4.396E-4	0.0015198	9.272E-4	0.0013705	0.0024085	0.0129672	0.0142157	0.0195334	0.0325973	0.0404524	0.030137	0.0411194	0.0360656	0.0430997	
Ring-necked Duck	0.0593258	0.0558937	0.0474006	0.0365025	0.0343933	0.0412429	0.0401922	0.0582983	0.0656566	0.0556102	0.0340611	0.0461866	0.0385732	0.0227273	0.0105485	0.0085968	0.0032868	0.0039054	0.0015823	0.0	0.0	0.001123	0.0	0.0	0.0	0.0	0.0	0.0	0.0	0.0	0.0	0.0	0.0	0.0010147	0.0	0.0041793	0.0060269	0.0050251	0.0105973	0.0198322	0.0240196	0.0390667	0.0389064	0.0343628	0.0280822	0.038835	0.0299766	0.0439704	
Tufted Duck	0.0	0.0	0.0	0.0	0.0	0.0	0.0	0.0	0.0	0.0	0.0	0.0	0.0	0.0	0.0	0.0	0.0	0.0	0.0	0.0	0.0	0.0	0.0	0.0	0.0	0.0	0.0	0.0	0.0	0.0	0.0	0.0	0.0	0.0	0.0	0.0	0.0015	0.0	0.0	0.0	0.0	0.0	0.0	0.0	0.0	0.0	0.0	0.0	
Greater Scaup	0.1164045	0.0957388	0.1146789	0.0882852	0.091499	0.0768362	0.075142	0.1113445	0.0984848	0.0969488	0.0768559	0.0589486	0.0501866	0.0535439	0.0443038	0.0327232	0.0202684	0.0195268	0.0242616	0.0319978	0.0148718	0.0308815	0.0228819	0.0172315	0.0317797	0.038848	0.02685	0.0231287	0.0215401	0.0175532	0.0275187	0.0129472	0.0204626	0.0162354	0.0087912	0.0296353	0.0264256	0.0319781	0.0419075	0.0560641	0.0867647	0.0857298	0.1377497	0.1043932	0.0986301	0.0999429	0.1180328	0.0875054	
Lesser Scaup	0.058427	0.0492529	0.0570846	0.0462649	0.0376379	0.0276836	0.0401922	0.0640756	0.060101	0.0447835	0.0393013	0.0370708	0.0340108	0.029661	0.02391	0.0166389	0.0076691	0.0071215	0.0097574	0.0033389	0.0025641	0.0022459	0.0068027	0.0057438	0.0112994	0.0066979	0.0111329	0.0075694	0.0150781	0.0117021	0.0107276	0.0061329	0.0066726	0.0096398	0.0065934	0.0049392	0.0111266	0.0118776	0.0226397	0.0301297	0.0578431	0.0580575	0.0788644	0.0691605	0.0575342	0.0542547	0.0590164	0.0461471	
Tufted Duck x scaup sp. (hybrid)	0.0	0.0	0.0	0.0	0.0	0.0	0.0	0.0	0.0	0.0	0.0	0.0	0.0	0.0	0.0	0.0	0.0	0.0	0.0	0.0	0.0	0.0	0.0	0.0	0.0	0.0	0.0	0.0	0.0	0.0	0.0	0.0	0.0	0.0	0.0	0.0	0.0	0.0	0.0	0.0	0.0	0.0	0.0	0.0	0.0	0.0017133	0.0	0.0	
Greater/Lesser Scaup	0.0265169	0.0420587	0.0346585	0.0318336	0.036989	0.0242938	0.0310179	0.0341387	0.0242424	0.0295276	0.0318777	0.0233971	0.0190792	0.0165639	0.0094937	0.0083195	0.005478	0.0036756	0.0039557	0.0038954	0.0015385	0.0039304	0.004329	0.0045951	0.0070621	0.0073677	0.0045842	0.0046257	0.005385	0.0037234	0.0046642	0.0054514	0.0035587	0.0045662	0.0026374	0.0102584	0.0088085	0.0095934	0.0081888	0.0133486	0.0245098	0.0309278	0.0446898	0.0452371	0.0376712	0.0274129	0.0309133	0.0326513	
Aythya sp.	4.494E-4	5.534E-4	0.0010194	4.244E-4	0.0	5.65E-4	0.0	0.0	5.051E-4	0.0	0.0	6.077E-4	8.295E-4	0.0	0.0	0.0	0.0	0.0	0.0	0.0	0.0	0.0	0.0	0.0	0.0	0.0	0.0	0.0	0.0	0.0	0.0	0.0	0.0	0.0	0.0	0.0	4.636E-4	0.0	4.817E-4	3.814E-4	4.902E-4	0.0	5.258E-4	4.35E-4	6.849E-4	5.711E-4	9.368E-4	0.0	
King Eider	0.0026966	0.0016602	0.0015291	4.244E-4	0.0	0.0	4.369E-4	0.0	0.0	0.0015	0.0	0.0015193	0.0	0.0	0.0	2.773E-4	5.478E-4	4.595E-4	7.911E-4	0.0015	5.128E-4	0.0	0.0	0.0	0.0015	0.0	6.549E-4	0.0025231	0.0	0.006383	9.328E-4	6.814E-4	0.0	0.0	0.0	0.0	0.0	0.0	0.0	0.0	0.0014706	0.0135648	0.0047319	0.0026098	0.0027397	0.0097087	0.0042155	0.0030475	
Common Eider	0.0269663	0.0403985	0.0229358	0.0152801	0.0110318	0.0158192	0.0131062	0.0089286	0.0050505	0.0054134	0.0061135	0.002127	0.0016591	0.0	0.0021097	0.0016639	0.0013695	0.0022973	0.0023734	0.0122426	0.0076923	0.0067378	0.0049474	0.0011488	0.0021186	0.003349	6.549E-4	0.0025231	0.003231	5.319E-4	9.328E-4	0.002385	0.0075623	5.074E-4	0.0017582	0.0037994	0.0018544	0.0068524	0.004817	0.0041953	0.0093137	0.0265871	0.0325973	0.0278382	0.0212329	0.0342661	0.0323185	0.033522	
King/Common Eider	0.0	0.0	0.0	0.0	0.0	0.0	0.0	0.0	0.0	0.0	0.0	0.0	0.0	0.0	0.0	0.0	0.0	0.0	0.0	0.0	0.0	0.0	0.0	0.0	0.0	0.0	0.0	0.0	0.0	0.0	0.0	0.0	0.0	0.0	0.0	0.0	0.0	0.0	0.0	0.0	0.0	0.0	0.0	0.0	6.849E-4	0.0	0.0	0.0	
Harlequin Duck	8.989E-4	0.0022136	0.0	0.0012733	0.0	0.0	4.369E-4	0.0015	0.0	0.0	0.0	6.077E-4	0.0	0.0	0.0	0.0	5.478E-4	0.0029864	0.001846	8.347E-4	0.0	0.0	0.0	0.0	0.0	0.0	0.0	0.0	0.0	0.0	0.0	0.0	0.0	0.0	0.0	0.0	0.0	0.0	0.0	0.0011442	0.0014706	0.0	0.0078864	8.699E-4	0.0013699	0.0	0.0014052	0.0034828	
Surf Scoter	0.0301124	0.0503597	0.0239551	0.0216469	0.0123297	0.0169492	0.0148536	0.0204832	0.0151515	0.0123031	0.0087336	0.0100273	0.0087101	0.0080894	0.0035162	0.0024958	0.0019173	0.002527	0.0021097	0.0041736	0.0092308	0.0028074	0.0024737	0.0034463	0.0028249	0.0060281	0.0124427	0.0063078	0.002154	0.0058511	0.0027985	0.0020443	0.0017794	0.0025368	8.791E-4	0.0041793	0.0101994	0.0173595	0.0139692	0.0156369	0.0191176	0.0363538	0.0252366	0.0269682	0.0191781	0.0188464	0.0398126	0.0413583	
White-winged Scoter	0.0314607	0.0409519	0.0326198	0.0182513	0.01817	0.0141243	0.0122324	0.0204832	0.0136364	0.0098425	0.0100437	0.0088119	0.0087101	0.0065485	0.0038678	0.0016639	0.0021912	0.0018378	0.0013186	8.347E-4	5.128E-4	0.0	0.0018553	0.0	0.0014124	6.698E-4	0.0045842	0.0037847	0.001077	5.319E-4	0.0032649	0.0017036	0.0017794	0.0030441	0.0013187	0.0018997	0.0055633	0.0109639	0.0105973	0.0167811	0.0196078	0.0341834	0.0283912	0.030448	0.0267123	0.0256996	0.0374707	0.0383108	
Black Scoter	0.065618	0.0619812	0.0423038	0.0403226	0.0389358	0.0305085	0.0288336	0.0519958	0.0373737	0.0300197	0.0253275	0.0224856	0.0190792	0.0130971	0.0091421	0.004437	0.0032868	0.0041351	0.0031646	0.008069	0.0046154	0.0056148	0.0055659	0.0068926	0.0028249	0.0046885	0.0039293	0.0042052	0.001077	0.0047872	0.0023321	0.0020443	0.0062278	0.0025368	0.0013187	0.0049392	0.0069541	0.0232983	0.0207129	0.0308924	0.0357843	0.0710798	0.0541535	0.0569813	0.0506849	0.0519703	0.064637	0.0709621	
Surf/Black Scoter	0.007191	0.0077476	0.0040775	0.00382	0.0084361	0.0033898	0.0026212	0.0052521	0.0045455	0.0024606	0.0039301	0.0030386	0.0024886	0.0023112	0.0014065	0.0019412	5.478E-4	0.0013784	2.637E-4	0.0	0.0	0.0	0.0	5.744E-4	0.0	0.0	0.0	4.205E-4	0.0	5.319E-4	0.0	3.407E-4	0.0	0.0	0.0	0.0015198	0.0013908	0.0041115	0.0038536	0.006865	0.0127451	0.0157352	0.0136698	0.0056546	0.0047945	0.0068532	0.0088993	0.0065303	
scoter sp.	0.0107865	0.0154953	0.0147808	0.0106112	0.0077872	0.0101695	0.0087374	0.0120798	0.0106061	0.0083661	0.0061135	0.0051656	0.005392	0.0065485	0.0031646	0.0016639	8.217E-4	2.297E-4	2.637E-4	5.565E-4	5.128E-4	0.0	6.184E-4	0.0	0.0	0.0	0.0	4.205E-4	0.0	0.0	4.664E-4	0.0	4.448E-4	0.0	0.0	7.599E-4	0.0055633	0.0073093	0.0077071	0.0122044	0.0053922	0.0222463	0.0136698	0.015659	0.0178082	0.011422	0.012178	0.0134959	
Long-tailed Duck	0.1065169	0.1084671	0.1085627	0.077674	0.0837119	0.059322	0.051114	0.085084	0.0717172	0.0610236	0.0572052	0.0443634	0.0331813	0.0231125	0.0140647	0.0022185	0.0019173	0.0016081	0.003692	0.0086255	0.0138462	0.0078608	0.0290662	0.0132108	0.009887	0.0080375	0.0229208	0.0100925	0.0048465	0.0058511	0.005597	0.0027257	0.0022242	0.0020294	0.0017582	0.0011398	0.0013908	0.0031978	9.634E-4	0.0038139	0.0088235	0.0325556	0.0210305	0.0234885	0.0486301	0.061679	0.0964871	0.0962125	
Bufflehead	0.2786517	0.2678473	0.3103976	0.2427844	0.2673589	0.2564972	0.2590651	0.3235294	0.2888889	0.2878937	0.249345	0.2254634	0.1791788	0.183359	0.1473277	0.0898502	0.0490277	0.0374454	0.026635	0.0105732	0.0097436	0.0072993	0.0024737	0.0040207	0.0021186	0.0060281	6.549E-4	8.41E-4	0.0015	0.0	4.664E-4	0.0	0.0	0.0	4.396E-4	0.0	0.0	0.0018273	0.0226397	0.0652174	0.1769608	0.2240912	0.2776025	0.2540235	0.2547945	0.2689891	0.3156909	0.2873313	
Common Goldeneye	0.025618	0.0282236	0.04842	0.0275891	0.0408825	0.0248588	0.0362604	0.0561975	0.0348485	0.0369094	0.0139738	0.0075965	0.0041477	0.0015408	3.516E-4	5.546E-4	2.739E-4	4.595E-4	2.637E-4	2.782E-4	0.0010256	0.0	0.0	5.744E-4	0.0	0.0	0.0	0.0015	0.0	0.0015	0.0	6.814E-4	0.0	0.0	0.0	0.0	0.0	0.0	4.817E-4	7.628E-4	0.0034314	0.0065111	0.0099895	0.0095694	0.0191781	0.027984	0.0496487	0.0226382	
Barrow's Goldeneye	0.0	5.534E-4	0.0015291	0.0021222	0.0032446	0.0039548	0.0052425	0.0094538	0.0020202	0.0014764	4.367E-4	0.0	0.0	0.0	0.0	0.0	0.0	0.0	0.0	0.0	0.0	0.0	0.0	0.0	0.0	0.0	0.0	0.0	0.0	0.0	0.0	0.0	0.0	0.0	0.0	0.0	0.0	0.0	0.0	0.0	0.0	0.0	0.0	0.0	6.849E-4	0.0	0.0014052	0.0015	
Common x Barrow's Goldeneye (hybrid)	0.0	0.0	0.0	0.0	0.0	0.0	0.0	0.0	5.051E-4	0.0	0.0	0.0	0.0	0.0	0.0	0.0	0.0	0.0	0.0	0.0	0.0	0.0	0.0	0.0	0.0	0.0	0.0	0.0	0.0	0.0	0.0	0.0	0.0	0.0	0.0	0.0	0.0	0.0	0.0	0.0	0.0	0.0	0.0	0.0	0.0	0.0	0.0	0.0	
Common/Barrow's Goldeneye	0.0	0.0	0.0	0.0	0.0	0.0	0.0	0.0	0.0	0.0	4.367E-4	0.0	0.0	0.0	0.0	0.0	0.0	0.0	0.0	0.0	0.0	0.0	0.0	0.0	0.0	0.0	0.0	0.0	0.0	0.0	0.0	0.0	0.0	0.0	0.0	0.0	0.0	0.0	0.0	0.0	0.0	0.0	0.0	0.0	0.0	0.0	0.0	0.0	
Hooded Merganser	0.1510112	0.1250692	0.1427115	0.1175722	0.1245944	0.1135593	0.1179554	0.1381303	0.1227273	0.0939961	0.0641921	0.0407171	0.0257155	0.0169492	0.0151195	0.0049917	0.0019173	0.0013784	7.911E-4	0.0022259	0.0015385	0.0022459	0.0024737	0.0017231	0.0049435	0.0020094	6.549E-4	0.0058873	0.0226171	0.006383	0.0046642	0.0017036	0.002669	0.0020294	4.396E-4	0.0015198	9.272E-4	0.0018273	0.0091522	0.0507246	0.127451	0.1416169	0.2071504	0.1939974	0.1883562	0.1816105	0.1733021	0.1458424	
Common Merganser	0.0193258	0.0154953	0.0173293	0.0275891	0.0317975	0.0265537	0.0283967	0.0320378	0.0237374	0.0167323	0.0061135	0.0100273	0.0020738	7.704E-4	3.516E-4	0.0	0.0	0.0	5.274E-4	0.0	0.0	5.615E-4	0.0	0.0	0.0	0.0013396	0.0015	0.0	0.0	0.0	0.0	0.0	0.0	0.0	0.0	0.0	0.0	0.0	0.0	3.814E-4	4.902E-4	0.0043407	0.0094637	0.0108743	0.0109589	0.0148487	0.0187354	0.0182847	
Red-breasted Merganser	0.1626966	0.166021	0.1941896	0.1557725	0.1589877	0.1497175	0.1515946	0.210084	0.179798	0.1673228	0.1449782	0.1254938	0.1182082	0.1205701	0.092827	0.0640599	0.0501233	0.0546749	0.0450949	0.0314413	0.02	0.0101067	0.0074212	0.0057438	0.0084746	0.0087073	0.0144073	0.009672	0.0059235	0.0031915	9.328E-4	0.0013629	4.448E-4	0.0020294	0.0030769	0.0015198	0.0018544	0.0082229	0.0067437	0.0263158	0.0593137	0.0721649	0.1298633	0.1287516	0.1431507	0.1479155	0.2327869	0.1676099	
Common/Red-breasted Merganser	0.0013483	0.0016602	5.097E-4	8.489E-4	0.0019468	0.0	0.0017475	0.0026261	0.0025253	0.0019685	4.367E-4	0.0015193	0.0020738	0.0011556	7.032E-4	0.0011093	2.739E-4	4.595E-4	5.274E-4	0.0015	0.0	0.0	0.0	0.0	0.0	0.0	0.0	0.0	0.0	0.0	0.0	0.0	0.0	0.0	0.0	0.0	0.0	0.0	0.0	3.814E-4	9.804E-4	5.426E-4	5.258E-4	4.35E-4	6.849E-4	0.0028555	0.0	8.707E-4	
merganser sp.	0.0	5.534E-4	0.0	0.0	0.0	0.0	0.0	0.0	0.0	0.0	0.0	0.0	0.0	0.0	0.0	0.0	0.0	2.297E-4	0.0	0.0	0.0	0.0	0.0	0.0	0.0	6.698E-4	0.0	0.0	0.0	5.319E-4	4.664E-4	0.0	0.0	0.0	0.0	0.0	0.0	0.0	0.0	0.0	0.0	0.0	0.0	0.0	0.0	0.0	0.0	0.0	
Ruddy Duck	0.1977528	0.1665744	0.1651376	0.1540747	0.1622323	0.1536723	0.1725644	0.2242647	0.2141414	0.207185	0.1956332	0.1969006	0.1945251	0.2118644	0.1673699	0.1331115	0.1232539	0.1424305	0.1613924	0.1644407	0.1487179	0.1291409	0.1187384	0.1062608	0.0974576	0.1098459	0.108055	0.1320437	0.1195477	0.0989362	0.1319963	0.0858603	0.0751779	0.0750888	0.0707692	0.0957447	0.093185	0.1343079	0.1570328	0.1720061	0.2401961	0.2240912	0.2754995	0.2361896	0.2273973	0.1878926	0.1704918	0.1754462	
duck sp.	0.0139326	0.0160487	0.0158002	0.0089134	0.0116807	0.0124294	0.0109218	0.012605	0.0121212	0.0108268	0.0139738	0.0097235	0.0091248	0.009245	0.0066807	0.0066556	0.0035607	0.0048243	0.0044831	0.0066778	0.005641	0.0067378	0.0080396	0.0143596	0.0218927	0.0227729	0.016372	0.020185	0.0247711	0.0223404	0.0181903	0.0201022	0.0271352	0.0238458	0.0224176	0.0284954	0.0208623	0.0173595	0.0149326	0.01373	0.0107843	0.0184482	0.0126183	0.016094	0.0191781	0.0142776	0.0079625	0.0139312	
waterfowl sp.	0.0	0.0	0.0	0.0	0.0	0.0	0.0	0.0	0.0	0.0	0.0	0.0	0.0	0.0	0.0	0.0	0.0	0.0	0.0	0.0	0.0	0.0	0.0	0.0	0.0	0.0	0.0015	0.0	0.0	0.0	0.0	0.0	0.0	0.0	4.396E-4	0.0	0.0	0.0	0.0	0.0	4.902E-4	0.0	0.0	0.0	0.0	0.0	0.0	4.354E-4	
Northern Bobwhite	0.0017978	0.0016602	0.0045872	0.0012733	0.0032446	0.0011299	0.0021844	0.0015756	0.0010101	0.0019685	0.0039301	0.0030386	0.0029034	0.0069337	0.0077356	0.0066556	0.0038346	0.0066621	0.0089662	0.0102949	0.0046154	0.0056148	0.004329	0.0080414	0.0042373	0.0080375	0.0045842	0.0067283	0.0080775	0.0085106	0.011194	0.0115843	0.0102313	0.007103	0.003956	0.0045593	0.0027816	0.0018273	0.0024085	0.0022883	0.002451	0.0086815	0.0031546	0.0047847	0.0082192	0.0034266	0.0015	0.0039182	
Wild Turkey	0.0	0.0	0.0	0.0	0.0	0.0	0.0	0.0	0.0	0.0	0.0	3.039E-4	0.0	0.0	0.0	0.0030505	0.0013695	0.0015	0.0	0.0	0.0	0.0	0.0	0.0	0.0	0.0	0.0	0.0	0.0	0.0	0.0	0.0	0.0	0.0	0.0	0.0	0.0	0.0	0.0	0.0	0.0	0.0	0.0	0.0	0.0	0.0	0.0	0.0	
Ring-necked Pheasant	0.0035955	0.0060874	0.0035678	0.00382	0.0084361	0.0062147	0.0043687	0.0073529	0.0075758	0.0137795	0.0174672	0.0170161	0.0182497	0.027735	0.019339	0.021076	0.0202684	0.0266483	0.0195148	0.0127991	0.0097436	0.0101067	0.0037106	0.0045951	0.0035311	0.0020094	0.0019646	0.0033642	0.0026925	0.0042553	0.0037313	0.0057922	0.011121	0.0096398	0.010989	0.0224164	0.0278164	0.0173595	0.0139692	0.0114416	0.0117647	0.0097667	0.0105152	0.0047847	0.0075342	0.0062821	0.0112412	0.0039182	
Red Junglefowl	0.0	0.0	5.097E-4	0.0	0.0	0.0	0.0	0.0	0.0	0.0	0.0	0.0	0.0	7.704E-4	3.516E-4	0.0	2.739E-4	0.0041351	0.0010549	2.782E-4	0.0010256	5.615E-4	0.0	0.0	0.0	0.0	6.549E-4	0.0	0.0	0.0	4.664E-4	0.0	0.0	0.0	0.0	0.0	9.272E-4	0.0	0.0	0.0	9.804E-4	0.0	0.0	0.0	0.0	0.0	0.0	0.0	
Japanese Quail	0.0	0.0	0.0	0.0	0.0	0.0	0.0	0.0	0.0	0.0015	0.0	0.0	0.0	0.0	0.0	0.0	0.0	0.0	0.0	0.0	0.0	0.0	0.0	0.0	0.0	0.0	0.0	0.0	0.0	0.0	0.0	0.0	0.0	0.0	0.0	0.0	0.0	0.0	0.0	0.0	0.0	0.0	0.0	0.0	0.0	0.0	0.0	0.0	
Chukar	0.0	0.0	0.0	0.0	0.0	0.0015	0.0	0.0	5.051E-4	0.0	0.0	0.0	0.0	0.0	0.0	0.0	0.0	2.297E-4	2.637E-4	0.0	0.0	0.0	0.0	5.744E-4	0.0	0.0	0.0	0.0015	0.0	0.0	0.0	0.0015	4.448E-4	0.0	0.0	0.0	0.0	0.0	4.817E-4	3.814E-4	0.0	0.0	0.0	0.0	0.0	0.0	0.0	0.0015	
Rock Pigeon	0.418427	0.4250138	0.4006116	0.4214771	0.4367294	0.4514124	0.3866317	0.4180672	0.4626263	0.4424213	0.4606987	0.4497113	0.4554127	0.4275809	0.4289733	0.4267887	0.4007121	0.4091431	0.3747363	0.3842515	0.3851282	0.3851769	0.3920841	0.4066628	0.3919492	0.4112525	0.3680419	0.3961312	0.3769521	0.3675532	0.3596082	0.3669506	0.4243772	0.4190766	0.4527473	0.4490881	0.449235	0.4632252	0.4947013	0.4763539	0.4323529	0.4443842	0.4642482	0.4445411	0.4657534	0.4494575	0.4622951	0.4196778	
Eurasian Collared-Dove	0.0	0.0	0.0	0.0	0.0	0.0	0.0	0.0	0.0	0.0	0.0	0.0	0.0	0.0	0.0	0.0	0.0	0.0	0.0	0.0	0.0	0.0	0.0	0.0	0.0	0.0	0.0	4.205E-4	0.0	0.0	0.0	0.0	0.0	0.0	0.0	0.0	0.0	0.0	0.0	0.0	0.0	0.0	0.0	0.0	0.0	0.0	0.0	0.0	
African Collared-Dove	0.0	0.0	0.0	0.0	0.0	0.0	0.0	0.0	0.0	0.0	0.0	0.0	0.0	0.0	0.0	0.0	0.0	0.0	0.0	0.0	5.128E-4	0.0	0.0	0.0	0.0	0.0	0.0	0.0	0.0	0.0	0.0018657	0.0	0.0	0.0	0.0	0.0	0.0	0.0	0.0	0.0	0.0	0.0	5.258E-4	0.0	0.0	0.0	0.0	0.0	
Streptopelia sp.	0.0	0.0	0.0	0.0	0.0	0.0	0.0	0.0	0.0	0.0	0.0	0.0	0.0	0.0	0.0	0.0	0.0	0.0	0.0	0.0	0.0	0.0	0.0	0.0	0.0	0.0	0.0	0.0	0.0	0.0	0.0	0.0	0.0015	0.0	0.0	0.0	0.0	0.0	0.0	0.0	0.0	0.0	0.0	4.35E-4	0.0	0.0	0.0	0.0	
White-winged Dove	0.0	0.0	0.0	0.0	0.0	0.0	0.0	0.0	0.0	0.0	0.0	0.0	0.0	3.852E-4	0.0	0.0	0.0	0.0	0.0	0.0	0.0	0.0	0.004329	0.0	0.0	0.0	0.0	0.0	0.0	0.0	0.0	0.0	0.0	5.074E-4	0.0	0.0	0.0	0.0	0.0	0.0	0.0	0.0	5.258E-4	0.0	0.0	0.0	0.0	0.0	
Mourning Dove	0.3316854	0.3204206	0.2996942	0.3527165	0.3789747	0.3954802	0.4215815	0.3923319	0.4247475	0.476378	0.5043668	0.5186873	0.555786	0.5670262	0.5840366	0.6109262	0.593536	0.5841948	0.5443038	0.5044519	0.4733333	0.4868052	0.4817563	0.5066054	0.4971751	0.4594776	0.448592	0.4251472	0.4146473	0.4340426	0.4566231	0.4616695	0.4968861	0.4956875	0.4940659	0.475304	0.4914233	0.4371859	0.4633911	0.4435545	0.4289216	0.4042322	0.4190326	0.4106133	0.4226027	0.4460308	0.4051522	0.3744014	
pigeon/dove sp.	0.0	0.0	0.0	0.0	0.0	0.0	0.0	0.0	0.0	0.0	0.0	0.0	0.0	0.0	0.0	0.0	0.0	0.0	0.0	0.0	0.0	0.0	0.0	0.0	0.0	0.0	0.0	4.205E-4	0.0	0.0	0.0	0.0	0.0	0.0	8.791E-4	0.0	0.0	0.0	0.0	0.0	4.902E-4	0.0	0.0	0.0	0.0	0.0	0.0	0.0	
Yellow-billed Cuckoo	0.0	0.0	0.0	0.0	0.0	0.0	0.0	0.0	0.0	0.0	0.0	0.0	0.0	0.0	0.0	2.773E-4	0.0115037	0.0259591	0.0371835	0.0217028	0.0215385	0.0213363	0.0290662	0.0206778	0.0148305	0.016075	0.0124427	0.009672	0.008616	0.0079787	0.016791	0.0098807	0.019573	0.0192796	0.0118681	0.018997	0.0180807	0.0114207	0.004817	0.0038139	9.804E-4	0.0	0.0	0.0	0.0	0.0	0.0	0.0	
Black-billed Cuckoo	0.0	0.0	0.0	0.0	0.0	0.0	0.0	0.0	0.0	0.0	0.0	0.0	0.0	0.0	0.0	0.0	0.0052041	0.0179187	0.0250527	0.0063996	0.0041026	0.001123	0.0012369	0.0057438	0.0056497	0.0013396	6.549E-4	8.41E-4	0.001077	0.0021277	0.0027985	0.0027257	0.0017794	0.0040589	4.396E-4	0.0011398	0.002318	0.0018273	0.0	0.0	0.0	0.0	0.0	0.0	0.0	0.0	0.0	0.0	
Yellow-billed/Black-billed Cuckoo	0.0	0.0	0.0	0.0	0.0	0.0	0.0	0.0	0.0	0.0	0.0	0.0	0.0	0.0	0.0	0.0	5.478E-4	6.892E-4	0.001846	2.782E-4	0.0046154	0.0016844	6.184E-4	0.0	0.0014124	0.0	0.0	8.41E-4	0.0	0.0	4.664E-4	3.407E-4	0.0	0.0	8.791E-4	3.799E-4	0.0	4.568E-4	4.817E-4	0.0	0.0	0.0	0.0	0.0	0.0	0.0	0.0	0.0	
Coccyzus sp.	0.0	0.0	0.0	0.0	0.0	0.0	0.0	0.0	0.0	0.0	0.0	0.0	0.0	0.0	0.0	0.0	0.0	0.0	0.0	0.0	0.0	0.0	0.0	0.0	0.0	0.0	0.0	0.0	0.0	0.0	0.0	0.0	0.0	0.0	0.0	0.0	0.0015	0.0	0.0	3.814E-4	0.0	0.0	0.0	0.0	0.0	0.0	0.0	0.0	
cuckoo sp. (Cuculidae sp.)	0.0	0.0	0.0	0.0	0.0	0.0	0.0	0.0	0.0	0.0	0.0	0.0	0.0	0.0	0.0	0.0	0.0	4.595E-4	5.274E-4	0.0	0.0	0.0	0.0	0.0	0.0	0.0	0.0	0.0	0.0	0.0	0.0	0.0	0.0	0.0	0.0	0.0	0.0	0.0	0.0	0.0	0.0	0.0	0.0	0.0	0.0	0.0	0.0	0.0	
Common Nighthawk	0.0	0.0	0.0	0.0	0.0	0.0	0.0	0.0	0.0	0.0	0.0	0.0	0.0	0.0	3.516E-4	0.0	0.0013695	0.0096485	0.0131857	0.0038954	0.005641	5.615E-4	0.0	0.0015	0.0	6.698E-4	0.0	0.0015	5.385E-4	0.0	0.0013993	0.007155	0.0155694	0.0192796	0.0153846	0.0110182	0.0064905	0.0050251	0.0014451	0.0	0.0	0.0	0.0	0.0	0.0	0.0	0.0	0.0	
nighthawk sp.	0.0	0.0	0.0	0.0	0.0	0.0	0.0	0.0	0.0	0.0	0.0	0.0	0.0	0.0	0.0	0.0	0.0	0.0	0.0	0.0	0.0	0.0	0.0	0.0	0.0	0.0	0.0	0.0	0.0	0.0	0.0	0.0	0.0	0.0	0.0	0.0	0.0	0.0	0.0	0.0	0.0	5.426E-4	0.0	0.0	0.0	0.0	0.0	0.0	
Chuck-will's-widow	0.0	0.0	0.0	0.0	0.0	0.0	0.0	0.0	0.0	0.0	0.0	0.0	0.0	0.0	0.0	0.0	2.739E-4	0.0	2.637E-4	0.0	0.0	0.0	0.0	0.0	0.0	0.0	0.0	0.0	0.0	0.0	0.0	0.0	0.0	0.0	0.0	0.0	0.0	0.0	0.0	0.0	0.0	0.0	0.0	0.0	0.0	0.0	0.0	0.0	
Eastern Whip-poor-will	0.0	0.0	0.0	0.0	0.0	0.0	0.0	0.0	0.0	0.0	0.0	0.0	0.0	0.0	0.0	0.0015	8.217E-4	0.0	0.0	0.0	0.0	0.0	0.0	0.0	0.0	0.0	0.0	0.0	0.0	0.0	0.0	0.0	0.0015	5.074E-4	0.0	0.0	0.0	0.0	0.0	0.0	0.0	0.0	0.0	0.0	0.0	0.0	0.0	0.0	
Antrostomus sp.	0.0	0.0	0.0	0.0	0.0	0.0	0.0	0.0	0.0	0.0	0.0	0.0	0.0	0.0	0.0	0.0015	0.0	0.0	0.0	0.0	0.0	0.0	0.0	0.0	0.0	0.0	0.0	0.0	0.0	0.0	0.0	0.0	0.0	0.0	0.0	0.0	0.0	0.0	0.0	0.0	0.0	0.0	0.0	0.0	0.0	0.0	0.0	0.0	
Chimney Swift	0.0	0.0	0.0	0.0	0.0	0.0	0.0	0.0	0.0	0.0	0.0	0.0	0.0	3.852E-4	0.0144163	0.0843039	0.1835114	0.2366184	0.257384	0.2762938	0.2702564	0.2397529	0.2213976	0.1935669	0.1694915	0.16142	0.1198428	0.1404542	0.1276252	0.1409574	0.15625	0.1706985	0.158363	0.145104	0.1296703	0.1215805	0.1131201	0.0584742	0.0115607	0.0034325	0.002451	0.0	0.0	0.0	0.0	0.0	0.0	0.0	
Ruby-throated Hummingbird	0.0	0.0	0.0	0.0	0.0	0.0	0.0	0.0	0.0	0.0	0.0	0.0	0.0	0.0	0.0	0.0058236	0.0408107	0.0916609	0.1321203	0.0676127	0.0441026	0.0291971	0.0340136	0.0281447	0.0240113	0.019424	0.0255403	0.0357443	0.0398492	0.0430851	0.0694963	0.0879046	0.1032028	0.1780822	0.152967	0.0911854	0.0296708	0.0050251	0.0014451	0.0	0.0	0.0	0.0	0.0015	0.0	0.0	0.0	0.0	
hummingbird sp.	0.0	0.0	0.0	0.0	0.0	0.0	0.0	0.0	0.0	0.0	0.0	0.0	0.0	0.0	0.0	0.0	0.0	0.0	2.637E-4	0.0	0.0	0.0	0.0	0.0	0.0	0.0	0.0	0.0	0.0015	0.0010638	0.0013993	3.407E-4	4.448E-4	0.0010147	4.396E-4	3.799E-4	0.0	0.0	0.0	0.0	0.0	0.0	0.0	0.0	0.0	0.0	0.0	0.0	
Clapper Rail	4.494E-4	5.534E-4	5.097E-4	0.0	0.0015	5.65E-4	0.0	0.0	0.0	0.0	4.367E-4	6.077E-4	0.0012443	0.0030817	0.0052743	0.015807	0.0284853	0.053756	0.0712025	0.0623261	0.0779487	0.0589556	0.0488559	0.0356117	0.0338983	0.0294709	0.0222659	0.0243902	0.0199246	0.0180851	0.0228545	0.0143101	0.0213523	0.0131913	0.007033	0.0129179	0.0088085	0.005482	0.004817	0.004958	0.002451	0.0032556	0.0010515	4.35E-4	0.0041096	0.0028555	0.0051522	0.0013061	
large rail sp.	0.0	0.0	0.0	0.0	0.0	0.0	0.0	0.0	0.0	0.0	0.0	0.0	0.0	0.0	0.0	0.0	0.0	0.0	0.0	0.0	0.0	0.0	0.0	0.0	0.0	0.0	0.0	0.0	0.0	0.0	0.0	0.0	0.0	0.0	0.0	0.0	0.0	0.0	0.0	0.0	4.902E-4	0.0	0.0	0.0	0.0	0.0	0.0	0.0	
Virginia Rail	4.494E-4	0.0	0.0	8.489E-4	6.489E-4	5.65E-4	0.0	0.0	0.0	0.0	8.734E-4	3.039E-4	4.148E-4	7.704E-4	7.032E-4	0.0013866	0.0010956	0.0011486	0.0023734	8.347E-4	5.128E-4	0.0	0.0	5.744E-4	0.0	6.698E-4	0.0015	0.0	0.0	0.0	0.0	6.814E-4	0.0	0.0	4.396E-4	0.0018997	0.0	4.568E-4	4.817E-4	0.0	4.902E-4	0.0015	5.258E-4	0.0	0.0	0.0	0.0014052	8.707E-4	
Rallus sp.	0.0	0.0	0.0	0.0	0.0	0.0	0.0	0.0	0.0	0.0	0.0	0.0	0.0	0.0	0.0	0.0	0.0	0.0	2.637E-4	0.0	0.0	0.0	0.0	0.0	0.0	0.0	0.0	0.0	0.0	0.0	0.0	0.0	0.0	0.0	0.0	0.0	0.0	0.0	0.0	0.0	0.0	5.426E-4	0.0	0.0	0.0	0.0	0.0	0.0	
Sora	0.0	0.0	0.0	0.0	0.0	0.0	0.0	0.0	0.0	0.0	0.0	0.0	0.0	0.0	7.032E-4	2.773E-4	0.0015	6.892E-4	0.0013186	2.782E-4	0.0	0.0	0.0	0.0	0.0	0.0187542	0.0	0.0029437	0.001077	0.0058511	0.0363806	0.029983	0.0542705	0.0395738	0.0285714	0.0132979	0.0032452	0.0045683	0.0024085	0.0015256	4.902E-4	5.426E-4	0.0	0.0	0.0	0.0	0.0	0.0	
Common Gallinule	0.0	0.0	0.0	0.0	0.0	0.0	0.0	0.0	0.0	0.0	0.0	0.0	0.0	3.852E-4	0.0021097	0.0038824	0.0093125	0.0068918	0.0081751	0.009182	0.0041026	0.0039304	0.0037106	0.0080414	0.0063559	0.0080375	0.0078585	0.0084104	0.0096931	0.0085106	0.0163246	0.0156729	0.0169039	0.0106545	0.0162637	0.0102584	0.0078813	0.0036546	0.0033719	0.0026697	9.804E-4	5.426E-4	0.0015773	8.699E-4	0.0	0.0	0.0	4.354E-4	
American Coot	0.1474157	0.126176	0.1355759	0.1082343	0.100584	0.1169492	0.1109655	0.1276261	0.1358586	0.1117126	0.1021834	0.1148587	0.1107424	0.1128659	0.0864979	0.0582363	0.0358806	0.0303239	0.0184599	0.0166945	0.0076923	0.0078608	0.0037106	0.0057438	0.0127119	0.0180844	0.0137525	0.0277544	0.0166936	0.0255319	0.0186567	0.0160136	0.0186833	0.0197869	0.0232967	0.0364742	0.0509968	0.0749201	0.0963391	0.1357742	0.1720588	0.1877374	0.1955836	0.1783384	0.1657534	0.1427756	0.1180328	0.1240749	
Purple Gallinule	0.0	0.0	0.0	0.0	0.0	0.0	0.0	0.0	0.0	0.0	0.0	0.0	0.0	0.0	0.0	0.0	0.0	0.0015	0.0	0.0	0.0	0.0	0.0	0.0	0.0162429	0.0	0.0	0.0	0.0	0.0	0.0	0.0	0.0	0.0015	0.0	0.0	0.0	0.0	0.0	0.0	0.0	0.0	0.0	0.0	0.0	0.0	0.0	0.0	
moorhen/coot/gallinule sp.	0.0	0.0	0.0	0.0	0.0	0.0	0.0	0.0	0.0	0.0	0.0	0.0	0.0	0.0	0.0	0.0	0.0	0.0	0.0	0.0	0.0	0.0	0.0	5.744E-4	0.0	0.0	0.0	0.0	0.0	0.0	0.0	0.0	0.0	0.0	4.396E-4	0.0	0.0	0.0	0.0	0.0	0.0	0.0	0.0	0.0	0.0	0.0	0.0	0.0	
rail/crake sp.	0.0	0.0	0.0	0.0	6.489E-4	0.0	0.0	5.252E-4	0.0	0.0	0.0	0.0	0.0	0.0	0.0	0.0	0.0	0.0	0.0	0.0	0.0	0.0	0.0	5.744E-4	0.0015	0.0	0.0	0.0	0.0	0.0	0.0	0.0	0.0	0.0	0.0	3.799E-4	0.0	0.0	0.0	0.0	0.0	0.0	0.0	0.0	0.0	0.0	0.0	0.0	
Sandhill Crane	0.0	0.0	0.0	0.0	0.0	0.0	0.0	0.0	0.0	0.0	0.0	0.0	0.0	0.0	0.0	0.0	2.739E-4	0.0	0.0	0.0	0.0	0.0	0.0	0.0	0.0	0.0	0.0019646	0.0	0.0	0.0	0.0	0.0	0.0	0.0	0.0	0.0015	0.0	0.0	0.0	3.814E-4	0.0	0.0010852	0.0	0.0	0.0	0.0	0.0	4.354E-4	
Black-necked Stilt	0.0	0.0	0.0	0.0	0.0	0.0	0.0	0.0	0.0	0.0	0.0	0.0	0.0	0.0	3.516E-4	5.546E-4	2.739E-4	0.0013784	2.637E-4	0.0	0.0282051	0.0252667	0.0	0.0034463	0.0028249	0.0	0.0	0.0	0.0	0.0	0.0	0.0	0.0	0.0	0.0	0.0	0.0	0.0	0.0	0.0	0.0	0.0	0.0	0.0	0.0	0.0	0.0	0.0	
American Avocet	0.0	0.0	0.0	0.0	0.0	0.0	0.0	0.0	0.0	0.0	0.0	0.0	0.0	0.0	0.0015	0.0	0.0	0.0015	0.0	0.0	0.0	0.0015	0.0	0.0015	0.0	0.0093771	0.016372	0.0189235	0.1130856	0.0319149	0.0503731	0.0333901	0.0355872	0.0329782	0.0356044	0.0345745	0.0292072	0.0223847	0.0101156	0.011823	0.0088235	0.0021704	0.0	0.0015	0.0013699	0.0011422	0.0	0.0	
American Oystercatcher	8.989E-4	5.534E-4	0.0	4.244E-4	0.0	5.65E-4	0.0013106	0.0063025	0.010101	0.0359252	0.0803493	0.1188089	0.1194525	0.1529276	0.1329114	0.1181364	0.1210627	0.1651734	0.2027954	0.2562604	0.2861538	0.2953397	0.3030303	0.2624928	0.2817797	0.3181514	0.3562541	0.3170732	0.3037157	0.2792553	0.2597948	0.2132879	0.2161922	0.1339422	0.1331868	0.1022036	0.0713955	0.0813157	0.0486513	0.0488177	0.0372549	0.0439501	0.0178759	0.0126142	0.0034247	0.005711	0.0065574	0.0026121	
Black-bellied Plover	0.0049438	0.0066408	0.0061162	0.0029711	0.0051914	0.0039548	0.0026212	0.0021008	5.051E-4	9.843E-4	0.00131	0.0024309	0.005392	0.0142527	0.019339	0.0318913	0.0517666	0.0978635	0.1482068	0.1438509	0.0646154	0.0348119	0.0160792	0.0080414	0.0155367	0.0154052	0.021611	0.0496215	0.1281637	0.1840426	0.1902985	0.1488927	0.1178826	0.0669711	0.0786813	0.0794073	0.0625869	0.0621288	0.0385356	0.0556827	0.0509804	0.0428649	0.0236593	0.0173989	0.0068493	0.0068532	0.012178	0.0060949	
American Golden-Plover	0.0	0.0	0.0	0.0	0.0	0.0	0.0	0.0	0.0	0.0	0.0	0.0	0.0	0.0015	0.0	0.0	2.739E-4	2.297E-4	2.637E-4	0.0013912	0.0015	0.0	0.0	0.0	0.0	0.0	0.0	0.0	0.001077	0.0015957	0.0088619	0.0074957	0.0155694	0.0172501	0.0149451	0.0163374	0.0171535	0.0105071	0.0014451	0.0022883	0.0029412	5.426E-4	0.0	0.0	0.0	0.0	0.0	0.0	
Black-bellied Plover/golden-plover sp.	0.0	0.0	0.0	0.0	0.0	0.0	0.0	0.0	0.0	0.0	0.0	0.0	0.0	0.0	0.0	0.0	2.739E-4	2.297E-4	0.0	0.0	0.0	0.0	0.0	0.0	0.0	0.0	0.0	0.0	0.0	0.0	0.0	3.407E-4	0.0	0.0	0.0	0.0	4.636E-4	0.0	0.0	0.0	0.0	0.0	0.0	0.0	0.0	0.0	0.0	0.0	
Killdeer	0.0089888	0.0143885	0.0188583	0.0135823	0.0142764	0.0175141	0.0209699	0.0435924	0.0575758	0.0816929	0.0934498	0.0802188	0.0812941	0.0812789	0.0815752	0.0829174	0.0712134	0.0918907	0.1160338	0.123261	0.1441026	0.1544076	0.1595547	0.1677197	0.1779661	0.232418	0.2567125	0.2430614	0.2100162	0.1984043	0.167444	0.1117547	0.1094306	0.0710299	0.0637363	0.0854863	0.064905	0.0721791	0.0539499	0.0507246	0.0397059	0.0406945	0.0431125	0.0178338	0.0212329	0.0285551	0.024356	0.0143666	
Common Ringed Plover	0.0	0.0	0.0	0.0	0.0	0.0	0.0	0.0	0.0	0.0	0.0	0.0	0.0	0.0	0.0	0.0	0.0	0.0	0.0	0.0	0.0	0.0	0.0	0.0	0.0	0.0	0.0	0.0	0.0	0.0	0.0	0.0	0.0	0.0015	0.0	0.0	0.0	0.0	0.0	0.0	0.0	0.0	0.0	0.0	0.0	0.0	0.0	0.0	
Semipalmated Plover	0.0	0.0	0.0	0.0	0.0	0.0	0.0	0.0	0.0	0.0	4.367E-4	0.0	0.0	3.852E-4	7.032E-4	0.0030505	0.0232813	0.0730531	0.1355485	0.1282693	0.0615385	0.032566	0.0210266	0.0172315	0.0155367	0.0689886	0.2003929	0.3326325	0.4421109	0.456383	0.4673507	0.3717206	0.3238434	0.1872146	0.1230769	0.0801672	0.0454335	0.01873	0.0168593	0.0125858	0.0058824	0.0037982	0.0031546	0.0013049	0.0	0.0	4.684E-4	4.354E-4	
Piping Plover	0.0	0.0	0.0	0.0	0.0	0.0	0.0	0.0	0.0010101	0.0034449	0.0144105	0.0285627	0.0199088	0.0269646	0.0175809	0.0146977	0.0158861	0.0153917	0.0305907	0.0567613	0.0671795	0.062886	0.0686456	0.0614589	0.0437853	0.0636303	0.0766208	0.0521447	0.0323102	0.0297872	0.020056	0.0166951	0.0173488	0.0055809	0.0057143	0.0026596	0.0032452	0.0018273	4.817E-4	0.0	0.0015	0.0	0.0	0.0	0.0	0.0	0.0	0.0	
small plover sp.	0.0	0.0	0.0	0.0	0.0	0.0	0.0	0.0	0.0	0.0	0.0	0.0	0.0	0.0	0.0	0.0	0.0	0.0	0.0	0.0	5.128E-4	0.0	0.0	0.0	0.0	0.0	0.0	0.0	0.0	5.319E-4	0.0	0.0	0.0	0.0010147	0.0	0.0	0.0	0.0	0.0	0.0	0.0	0.0	0.0	0.0	0.0	0.0	0.0	0.0	
plover sp.	0.0	0.0	0.0	0.0	0.0	0.0	0.0	0.0	0.0	0.0	0.0	0.0	0.0	0.0	0.0	0.0	0.0	0.0	0.0	0.0	0.0	0.0	0.0	0.0	0.0	0.0	0.0	4.205E-4	0.0	0.0	4.664E-4	0.0	0.0	5.074E-4	0.0	0.0	0.0	4.568E-4	0.0	0.0	0.0	0.0	0.0	0.0	0.0	0.0	0.0	0.0	
Upland Sandpiper	0.0	0.0	0.0	0.0	0.0	0.0	0.0	0.0	0.0	0.0	0.0	0.0	0.0	0.0	0.0	5.546E-4	0.0	2.297E-4	0.0	0.0	0.0	0.0	0.0	0.0011488	0.0	0.0	0.0	0.0015	5.385E-4	0.0015	0.0015	0.0017036	0.0120107	5.074E-4	0.0	0.0015	0.0	0.0	0.0	0.0	0.0	0.0	0.0	0.0	0.0	0.0	0.0	0.0	
Hudsonian Whimbrel	0.0	0.0	0.0	0.0	0.0	0.0	0.0	0.0	0.0	0.0	0.0	0.0	0.0	3.852E-4	7.032E-4	5.546E-4	2.739E-4	6.892E-4	0.0015823	0.0058431	0.0030769	0.001123	0.0012369	0.0017231	0.0014124	0.0060281	0.0104781	0.0126156	0.006462	0.0085106	0.0097948	0.0115843	0.0160142	0.0126839	0.0096703	0.0182371	0.0046361	0.005482	9.634E-4	0.0	0.0	5.426E-4	0.0	4.35E-4	0.0	0.0	0.0	0.0015	
Eurasian Whimbrel	0.0	0.0	0.0	0.0	0.0	0.0	0.0	0.0	0.0	0.0	0.0	0.0	0.0	0.0	3.516E-4	0.0	0.0	0.0	0.0	0.0	0.0	0.0	0.0	0.0	0.0	0.0	0.0	0.0	0.0	0.0	0.0	0.0	0.0	0.0	0.0	0.0	0.0	0.0	0.0	0.0	0.0	0.0	0.0	0.0	0.0	0.0	0.0	0.0	
Bar-tailed Godwit	0.0	0.0	0.0	0.0	0.0	0.0	0.0	0.0	0.0	0.0	0.0	0.0	0.0	0.0	0.0	0.0	0.0	0.0	5.274E-4	0.0	0.0	0.0	0.0	0.0	0.0	0.0	0.0	0.0	0.0	0.0	0.0	0.0	0.0	0.0	0.0	0.0	0.0	0.0	0.0	0.0	0.0	0.0	0.0	0.0	0.0	0.0	0.0	0.0	
Hudsonian Godwit	0.0	0.0	0.0	0.0	0.0	0.0	0.0	0.0	0.0	0.0	0.0	0.0	0.0	0.0	0.0	0.0	0.0	0.0	0.0	0.0	0.0	0.0	0.0	0.0	0.0015	0.0428667	0.0261952	0.0727502	0.0511578	0.0712766	0.0209888	0.0415673	0.0791815	0.0456621	0.018022	0.0182371	0.0139082	0.0146185	0.0077071	0.0061022	0.0053922	0.002713	0.0010515	0.0	0.0	0.0	0.0	0.0	
Marbled Godwit	0.0	0.0	0.0	0.0	0.0	0.0	0.0	0.0	0.0	0.0	0.0	0.0	0.0	0.0	3.516E-4	0.0	0.0	0.0	0.0	0.0	5.128E-4	0.0	0.0	5.744E-4	7.062E-4	6.698E-4	0.0	0.0012616	0.0059235	0.0680851	0.0209888	0.0316865	0.0480427	0.0273973	0.0224176	0.0106383	0.0083449	0.0031978	0.0024085	7.628E-4	9.804E-4	0.0037982	5.258E-4	4.35E-4	0.0015	5.711E-4	4.684E-4	0.0	
godwit sp.	0.0	0.0	0.0	0.0	0.0	0.0	0.0	0.0	0.0	0.0	0.0	0.0	0.0	0.0	0.0	0.0	0.0	0.0	0.0	0.0	0.0	0.0	0.0	5.744E-4	0.0	0.0	0.0	0.0	0.0	0.0	0.0	0.0	0.0	0.0	0.0	7.599E-4	0.0	0.0	0.0	0.0	0.0	0.0	0.0	0.0	0.0	0.0	0.0	0.0	
Short-billed Dowitcher	0.0	0.0	0.0	0.0	0.0	0.0	0.0	0.0	0.0	0.0	0.0	0.0	8.295E-4	0.0	3.516E-4	0.0047144	0.0147905	0.0314725	0.0482595	0.0375626	0.0164103	0.0129141	0.0024737	0.0080414	0.1094633	0.2196919	0.3064833	0.3406224	0.365105	0.3462766	0.3819963	0.290971	0.2495552	0.152207	0.0874725	0.0516717	0.02828	0.0255825	0.0149326	0.006865	9.804E-4	0.0015	5.258E-4	0.0015	0.0	0.0	0.0	0.0	
Long-billed Dowitcher	0.0	5.534E-4	5.097E-4	0.0	0.0	0.0	0.0	0.0	0.0020202	9.843E-4	0.0021834	0.0045579	0.0016591	0.0034669	0.0	2.773E-4	0.0	0.0	0.0	0.0	0.0	0.0	0.0	0.0	0.0021186	0.0	0.0248854	0.0622372	0.0619278	0.0484043	0.0536381	0.0293015	0.0298043	0.0182648	0.0153846	0.0182371	0.0139082	0.0073093	0.0086705	0.0045767	0.0117647	0.0108519	0.0126183	0.0026098	0.0047945	5.711E-4	0.0014052	0.0	
Short-billed/Long-billed Dowitcher	4.494E-4	0.0	5.097E-4	0.0	0.0	0.0	0.0	0.0	0.0	4.921E-4	0.0	9.116E-4	4.148E-4	0.0	3.516E-4	0.0011093	0.0010956	0.0013784	0.0026371	0.001113	0.0010256	0.001123	0.0	0.0022975	0.0056497	0.0080375	0.0255403	0.019344	0.0150781	0.0143617	0.0125933	0.0139693	0.0124555	0.0111618	0.007033	0.0056991	0.0060269	0.002741	0.0033719	0.0026697	0.0044118	0.0037982	0.0026288	0.0013049	6.849E-4	5.711E-4	4.684E-4	0.0	
American Woodcock	8.989E-4	0.0011068	0.0035678	0.0012733	0.0038936	0.0	0.0048056	0.009979	0.0176768	0.0280512	0.0196507	0.0154968	0.0037329	0.0042373	0.0031646	0.0033278	0.0041085	0.005054	0.0105485	0.0041736	0.0030769	0.0022459	0.0037106	0.0040207	0.0014124	0.0020094	0.005239	0.0016821	0.0059235	0.0042553	0.005597	0.0030664	0.0031139	0.0030441	8.791E-4	0.0022796	9.272E-4	0.002741	0.0081888	0.0141114	0.0117647	0.0113945	0.0063091	0.0095694	0.0041096	0.0028555	0.0159251	0.0030475	
Wilson's Snipe	0.0017978	0.002767	0.0045872	0.0131579	0.009085	0.0033898	0.0074268	0.0063025	0.0075758	0.0049213	0.0091703	0.0145852	0.0153463	0.0130971	0.0063291	0.0055463	0.0013695	0.0011486	7.911E-4	2.782E-4	0.0	0.0	0.0	0.0	0.0	0.0	0.0	4.205E-4	0.0015	5.319E-4	4.664E-4	0.0010221	0.0040036	0.0015221	0.0057143	0.0026596	0.0046361	0.0086798	0.0052987	0.0080092	0.0063725	0.0032556	0.0099895	0.0052197	0.0068493	0.0045688	0.0107728	0.0017414	
Common/Wilson's Snipe	0.0	0.0	0.0	0.0	6.489E-4	0.0	0.0	0.0	0.0	0.0	0.0	0.0	0.0	0.0	0.0	0.0	0.0	0.0	0.0	0.0	0.0	0.0	0.0	0.0	0.0	0.0	0.0	0.0	0.0	0.0	0.0	0.0	0.0	0.0	0.0	0.0	0.0	0.0	0.0	0.0	0.0	0.0	0.0	0.0	0.0	0.0	0.0	0.0	
Wilson's Phalarope	0.0	0.0	0.0	0.0	0.0	0.0	0.0	0.0	0.0	0.0	0.0	0.0	0.0	0.0	0.0	2.773E-4	0.0016434	4.595E-4	0.001846	0.0077908	0.0015385	0.0123526	0.0061843	0.0011488	0.0015	0.0026792	0.0045842	0.0323802	0.1098546	0.1069149	0.0690299	0.0432709	0.0440391	0.0111618	0.0052747	7.599E-4	0.0013908	0.0018273	4.817E-4	0.0015	0.0	0.0	0.0	0.0	0.0	0.0	0.0	0.0	
Red Phalarope	0.0	0.0	0.0	0.0	0.0	0.0	0.0	0.0	0.0	0.0	0.0	0.0	0.0	0.0	0.0	0.0	0.0015	0.0	0.0015	0.0	0.0	0.0	0.0	0.0	0.0	0.0	0.0	0.0	0.0	0.0	0.0	0.0	0.0	0.0	0.0	0.0	0.0	0.0	0.0	0.0	0.0	0.0	0.0	0.0	0.0	0.0	0.0	0.0	
Red-necked Phalarope	0.0	0.0	0.0	0.0	0.0	0.0	0.0	0.0	0.0	0.0	0.0	0.0	0.0	0.0	0.0	0.0015	0.0015	9.189E-4	0.0050105	0.0111297	0.0061538	0.0	0.0	5.744E-4	0.0	0.0	0.0	0.0021026	0.0371567	0.0361702	0.016791	0.0606474	0.0155694	0.0050736	0.0026374	0.0022796	0.0032452	0.0031978	0.0	0.0	0.0	0.0	0.0	0.0	0.0	0.0	0.0	0.0	
Red/Red-necked Phalarope	0.0	0.0	0.0	0.0	0.0	0.0	0.0	0.0	0.0	0.0	0.0	0.0	0.0	0.0	0.0	0.0	0.0	0.0	0.0	2.782E-4	0.0	0.0	0.0	0.0	0.0	0.0	0.0	0.0	0.0	0.0	0.0	3.407E-4	0.0	0.0	0.0	0.0	0.0	0.0	0.0	0.0	0.0	0.0	0.0	0.0	0.0	0.0	0.0	0.0	
phalarope sp.	0.0	0.0	0.0	0.0	0.0	0.0	0.0	0.0	0.0	0.0	0.0	0.0	0.0	0.0	0.0	0.0	0.0	0.0	0.0	0.0	0.0	0.0	0.0	0.0	0.0	0.0	0.0	0.0	0.0	0.0	0.0	3.407E-4	0.0013345	0.0	0.0	0.0	0.0	0.0	0.0	0.0	0.0	0.0	0.0	0.0	0.0	0.0	0.0	0.0	
Spotted Sandpiper	0.0	0.0	0.0	0.0	0.0	0.0	0.0	0.0	0.0	0.0	0.0	0.0	4.148E-4	3.852E-4	0.0035162	0.0127565	0.0465626	0.1019986	0.1302743	0.1054535	0.0348718	0.0134756	0.0074212	0.0246984	0.0875706	0.1627595	0.210871	0.2262405	0.2073236	0.2132979	0.2070896	0.1403748	0.1072064	0.0537798	0.036044	0.0170973	0.0088085	0.0086798	0.0033719	0.0019069	0.0	0.0	0.0	0.0	0.0	0.0	0.0	0.0	
Solitary Sandpiper	0.0	0.0	0.0	0.0	0.0	0.0	0.0	0.0	0.0	0.0	0.0	0.0	8.295E-4	0.0	0.0014065	0.0074875	0.0388935	0.0466345	0.0232068	0.0041736	5.128E-4	0.0016844	6.184E-4	5.744E-4	0.0021186	0.0060281	0.0091683	0.0159798	0.0285407	0.0244681	0.0485075	0.0354344	0.0351423	0.0273973	0.0276923	0.0091185	0.0111266	0.0091366	0.0019268	0.0	0.0	0.0	0.0	0.0	0.0	0.0	0.0	0.0	
Lesser Yellowlegs	0.0	0.0	0.0	0.0	0.0	0.0	0.0	0.0	0.0	0.0	0.0	0.0	0.0020738	0.0030817	0.0154712	0.0216306	0.0386196	0.0411211	0.022943	0.0155815	0.0076923	0.0134756	0.0111317	0.0373349	0.1313559	0.2196919	0.2868369	0.3280067	0.3952612	0.3973404	0.4151119	0.3243612	0.2784698	0.210553	0.1516484	0.1162614	0.0746407	0.0799452	0.0496146	0.0266972	0.0176471	0.0043407	0.0042061	0.0013049	0.0013699	0.0	9.368E-4	0.0	
Willet	0.0	0.0	0.0	0.0	0.0	0.0	0.0	0.0	0.0	0.0	0.0	0.0	0.0	7.704E-4	0.0130098	0.0532446	0.0849082	0.1194578	0.1695675	0.1777963	0.2041026	0.2083099	0.1849103	0.1504882	0.1179379	0.1011386	0.0838245	0.0668629	0.0743134	0.0776596	0.0764925	0.0609881	0.0484875	0.0253678	0.0206593	0.0170973	0.0092721	0.0073093	0.0028902	0.0030511	0.0014706	5.426E-4	0.0	0.0	0.0	0.0	0.0	0.0	
Greater Yellowlegs	0.021573	0.0077476	0.0142712	0.0076401	0.0155743	0.0073446	0.0096112	0.0057773	0.0065657	0.0113189	0.0157205	0.021574	0.0381584	0.0550847	0.0798172	0.0806988	0.074774	0.0829313	0.064346	0.0453534	0.025641	0.0437956	0.0315399	0.0551407	0.1426554	0.2203617	0.2835625	0.3065601	0.37049	0.3558511	0.3717351	0.3045997	0.297153	0.2064942	0.1696703	0.1474164	0.1251739	0.1324806	0.1184971	0.1342487	0.1436275	0.1144872	0.1025237	0.0539365	0.039726	0.0228441	0.0355972	0.0104484	
Lesser/Greater Yellowlegs	0.0	0.0	0.0	0.0	0.0	0.0	0.0	0.0	0.0	0.0	0.0	3.039E-4	0.0012443	0.0023112	0.0028129	0.0038824	0.0049302	0.0048243	0.0034283	0.0016694	0.0030769	0.0016844	0.0018553	0.0040207	0.0127119	0.0180844	0.0144073	0.0113541	0.0118471	0.0191489	0.0163246	0.0180579	0.0146797	0.0131913	0.0101099	0.0113982	0.0055633	0.0091366	0.0081888	0.0064836	0.0078431	0.0032556	0.0042061	0.0	6.849E-4	0.0	0.0	0.0	
Tringa sp.	0.0	0.0	0.0	0.0	0.0	0.0	0.0	0.0	0.0	0.0	0.0	0.0	0.0	0.0	0.0	0.0	0.0	0.0	0.0	0.0	0.0	0.0	0.0	0.0	0.0	0.0	0.0	4.205E-4	0.0	5.319E-4	4.664E-4	0.0	0.0	0.0	0.0	3.799E-4	0.0	0.0	0.0	0.0	0.0	0.0	5.258E-4	0.0	0.0	0.0	0.0	0.0	
Ruddy Turnstone	0.0031461	0.0011068	0.0020387	0.0021222	6.489E-4	0.0022599	0.0017475	0.0010504	0.0015152	0.0019685	8.734E-4	6.077E-4	0.0012443	0.0011556	7.032E-4	0.0027732	0.0125993	0.0491615	0.1007384	0.1087924	0.0564103	0.0275126	0.012987	0.0034463	0.0021186	0.0053583	0.0183366	0.0698066	0.1184707	0.1446809	0.1254664	0.1042589	0.0974199	0.0380518	0.0281319	0.0292553	0.0120538	0.0068524	0.0043353	0.0064836	0.0044118	0.0086815	0.0047319	0.0034798	0.0047945	0.0028555	0.0079625	0.0034828	
Red Knot	0.0	0.0	0.0015	0.0	0.0	5.65E-4	8.737E-4	0.0	5.051E-4	0.0015	0.0	0.0	0.0	0.0	0.0	0.0016639	0.0115037	0.0310131	0.0472046	0.0431274	0.0128205	0.0145985	0.0080396	5.744E-4	0.0	0.0013396	0.0091683	0.0243902	0.0280022	0.0382979	0.0550373	0.0575809	0.0569395	0.0208016	0.0087912	0.0072188	0.0092721	0.0050251	0.0028902	0.0030511	0.0039216	0.0032556	0.0015773	0.0017399	0.0	0.0015	0.0014052	0.0021768	
Ruff	0.0	0.0	0.0	0.0	0.0	0.0	0.0	0.0	0.0	0.0	0.0	0.0	0.0	0.0	0.0	8.319E-4	0.0	0.0	2.637E-4	5.565E-4	0.0	0.0	0.0	0.0034463	0.0282486	0.0214334	0.0288147	0.0021026	0.0026925	0.0	0.0015	0.0	0.0	0.0	0.0	3.799E-4	0.0	4.568E-4	4.817E-4	0.0	0.0	0.0	0.0	0.0	0.0	0.0	0.0	0.0	
Broad-billed Sandpiper	0.0	0.0	0.0	0.0	0.0	0.0	0.0	0.0	0.0	0.0	0.0	0.0	0.0	0.0	0.0	0.0	0.0	0.0	0.0	0.0	0.0	0.0	0.0	0.0	0.0	0.0	0.0	0.0	0.0	0.0	0.0	0.0044293	0.0040036	0.0	0.0	0.0	0.0	0.0	0.0	0.0	0.0	0.0	0.0	0.0	0.0	0.0	0.0	0.0	
Sharp-tailed Sandpiper	0.0	0.0	0.0	0.0	0.0	0.0	0.0	0.0	0.0	0.0	0.0	0.0	0.0	0.0	0.0	0.0	0.0	0.0	0.0	0.0	0.0	0.0	0.0	0.0	0.0	0.0	0.0013098	4.205E-4	0.0118471	0.0	0.0	0.0	0.0	0.0	0.0	0.0	0.0	0.0	0.0	0.0	0.0	0.0	0.0	0.0	0.0	0.0	0.0	0.0	
Curlew Sandpiper	0.0	0.0	0.0	0.0	0.0	0.0	0.0	0.0	0.0	0.0	0.0	0.0	0.0	0.0	0.0	0.0	0.0	0.0	0.0015	2.782E-4	0.0015	0.0	0.0	0.0	0.0	0.0	0.0013098	0.0067283	0.001077	0.0026596	0.0023321	0.002385	0.0015	0.0	0.0057143	3.799E-4	0.0	0.0	0.0	0.0	0.0	0.0	0.0	0.0	0.0	0.0	0.0	0.0	
Stilt Sandpiper	0.0	0.0	0.0	0.0	0.0	0.0	0.0	0.0	0.0	0.0	0.0	0.0	0.0	0.0	0.0	0.0	0.0	0.0	0.0	2.782E-4	0.0015	0.0015	0.0018553	0.0017231	0.0049435	0.0770261	0.1414538	0.2031119	0.2407108	0.2335106	0.2308769	0.1768313	0.1379004	0.072552	0.0452747	0.0345745	0.0264256	0.0132481	0.0096339	0.004958	9.804E-4	5.426E-4	0.0	0.0	0.0	0.0	0.0	0.0	
Red-necked Stint	0.0	0.0	0.0	0.0	0.0	0.0	0.0	0.0	0.0	0.0	0.0	0.0	0.0	0.0	0.0	0.0	0.0	0.0	0.0	0.0	0.0	0.0	0.0	0.0	0.0	0.0015	0.0	4.205E-4	0.0199246	5.319E-4	0.0	0.0	0.0	0.0	0.0	0.0	0.0	0.0	0.0	0.0	0.0	0.0	0.0	0.0	0.0	0.0	0.0	0.0	
Buff-breasted Sandpiper	0.0	0.0	0.0	0.0	0.0	0.0	0.0	0.0	0.0	0.0	0.0	0.0	0.0	0.0	0.0	0.0	0.0	0.0	0.0	0.0	0.0	0.0	0.0	0.0	0.0	0.0	0.0	0.0	0.0	0.0117021	0.0065299	0.0051107	0.0097865	0.0020294	8.791E-4	7.599E-4	0.0	4.568E-4	0.0	0.0	0.0	0.0	0.0	0.0	0.0	0.0	0.0	0.0	
Sanderling	0.068764	0.0863309	0.0784913	0.0560272	0.0499676	0.0372881	0.0353866	0.0483193	0.0343434	0.0226378	0.0235808	0.0233971	0.0161759	0.0211864	0.0133615	0.0130338	0.0123254	0.0202159	0.0400844	0.064552	0.0446154	0.0348119	0.0228819	0.0155083	0.0063559	0.0261219	0.0674525	0.098402	0.0818525	0.0861702	0.0876866	0.0950596	0.0965302	0.0618975	0.0606593	0.0531915	0.0329161	0.0397442	0.0289017	0.0438596	0.0598039	0.0743353	0.0473186	0.0504567	0.0547945	0.0548258	0.0782201	0.093165	
Dunlin	0.0224719	0.0138351	0.0158002	0.0118846	0.0162232	0.0124294	0.0139799	0.009979	0.0055556	0.0049213	0.0135371	0.0075965	0.0074658	0.0138675	0.0161744	0.0194121	0.0312243	0.0535263	0.0735759	0.0751252	0.0323077	0.0218978	0.0055659	0.0011488	0.0014124	6.698E-4	0.0026195	0.0067283	0.0134626	0.0079787	0.014459	0.0173765	0.0124555	0.0177575	0.0272527	0.0334347	0.0500695	0.0484239	0.0539499	0.057971	0.0568627	0.0759631	0.0609884	0.0443671	0.0363014	0.0285551	0.0416862	0.0217675	
Purple Sandpiper	0.0197753	0.0138351	0.0147808	0.008489	0.009085	0.0033898	0.003495	0.0052521	0.0050505	0.003937	0.0026201	0.002127	0.0020738	0.0015408	0.0035162	0.0013866	0.0019173	0.0022973	0.0065928	0.0052866	0.0015385	5.615E-4	0.0012369	5.744E-4	0.0	0.0	0.0	0.0	0.0	0.0	0.0	0.0	4.448E-4	0.0	0.0	0.0	0.0	0.0	0.0	0.0	0.0029412	0.0124797	0.0094637	0.0117442	0.0136986	0.0217019	0.0327869	0.0208968	
Baird's Sandpiper	0.0	0.0	0.0	0.0	0.0	0.0	0.0	0.0	0.0	0.0	0.0	0.0	0.0	0.0	0.0	0.0	0.0	0.0	0.0	0.0	0.0	0.0	0.0	0.0	0.0	0.0	0.0032744	0.0	0.001077	0.0021277	0.0074627	0.0258944	0.0342527	0.0101471	0.0074725	0.0030395	0.002318	0.0068524	0.0	3.814E-4	0.0	5.426E-4	0.0	0.0	0.0	0.0	0.0	0.0	
Little Stint	0.0	0.0	0.0	0.0	0.0	0.0	0.0	0.0	0.0	0.0	0.0	0.0	0.0	0.0	0.0	0.0	0.0	0.0	0.0	0.0	0.0	0.0	0.0	0.0	0.0	0.0	6.549E-4	0.0	0.0	0.0	0.0	0.0	4.448E-4	0.0	0.0	0.0	0.0	0.0	0.0	0.0	0.0	0.0	0.0	0.0	0.0	0.0	0.0	0.0	
White-rumped Sandpiper	0.0	0.0	0.0	0.0	0.0	0.0	0.0	0.0	0.0	0.0	0.0	0.0	0.0	0.0	0.0	0.0	8.217E-4	0.002527	0.0134494	0.0297718	0.0230769	0.0499719	0.0290662	0.0022975	0.0190678	0.0147354	0.0130976	0.0420521	0.1405493	0.2265957	0.2178172	0.2	0.1730427	0.0898021	0.0404396	0.0273556	0.0213259	0.021471	0.0120424	0.0087719	0.0053922	0.0043407	0.0042061	0.0015	0.0	0.0	0.0	0.0	
Dunlin x White-rumped Sandpiper (hybrid)	0.0	0.0	0.0	0.0	0.0	0.0	0.0	0.0	0.0	0.0	0.0	0.0	0.0	0.0	0.0	0.0	0.0	0.0	0.0	0.0	0.0	0.0	0.0	0.0	0.0	0.0	0.0015	0.0	0.0	0.0	0.0	0.0	0.0	0.0	0.0	0.0	0.0018544	0.0	0.0	0.0	0.0	0.0	0.0	0.0	0.0	0.0	0.0	0.0	
Least Sandpiper	0.0	0.0	0.0	0.0	0.0	0.0	0.0	0.0	0.0	0.0	0.0	0.0	8.295E-4	3.852E-4	7.032E-4	0.0133111	0.0575185	0.1295658	0.1466245	0.0815248	0.0194872	0.0084222	0.0068027	0.0080414	0.0896893	0.2397857	0.3418468	0.3835156	0.3931072	0.412234	0.4305037	0.3522998	0.2998221	0.1689498	0.1217582	0.0710486	0.0278164	0.0150754	0.0115607	0.0030511	0.002451	0.002713	0.0010515	0.0013049	6.849E-4	5.711E-4	0.0	0.0	
Pectoral Sandpiper	0.0	0.0	0.0	0.0	0.0	0.0	0.0	0.0	0.0	0.0	4.367E-4	3.039E-4	0.0012443	7.704E-4	0.0070323	0.0030505	0.0016434	0.0032162	0.0034283	0.0013912	0.0015	0.0	6.184E-4	0.0	0.0105932	0.0301407	0.091683	0.1211102	0.1497038	0.1234043	0.1035448	0.0916525	0.100089	0.0791476	0.0461538	0.0531915	0.0407974	0.0246688	0.0197495	0.0144928	0.0068627	0.002713	0.0010515	0.0	0.0	0.0	0.0	0.0	
Western Sandpiper	0.0	0.0	0.0	0.0	0.0	0.0	0.0	0.0	0.0	0.0	0.0	0.0	0.0	0.0	0.0	0.0	0.0	0.0	0.0	0.0015	5.128E-4	0.0	0.0	5.744E-4	0.0014124	0.0040188	0.0196464	0.0407906	0.0425417	0.0430851	0.0531716	0.0957411	0.1014235	0.04414	0.0215385	0.0102584	0.0037089	0.0041115	0.0024085	7.628E-4	4.902E-4	5.426E-4	5.258E-4	4.35E-4	0.0	0.0	4.684E-4	0.0	
Semipalmated Sandpiper	0.0	0.0	0.0	0.0	0.0	0.0	0.0	0.0	0.0	0.0	0.0	0.0	0.0	3.852E-4	7.032E-4	0.0022185	0.01616	0.0585803	0.1271097	0.1983862	0.174359	0.1156654	0.0525665	0.0206778	0.0579096	0.154722	0.2960052	0.3906644	0.4744211	0.4734043	0.4678172	0.3935264	0.3438612	0.2267884	0.1538462	0.0942249	0.0537784	0.0443125	0.026975	0.0167811	0.0088235	0.0010852	0.002103	4.35E-4	0.0	0.0	0.0	0.0	
Western/Semipalmated Sandpiper	0.0	0.0	0.0	0.0	0.0	0.0	0.0	0.0	0.0	0.0	0.0	0.0	0.0	0.0	0.0	0.0	0.0	0.0	0.0	0.0	0.0	0.0	0.0	0.0	7.062E-4	0.0	0.0	0.0012616	0.002154	0.0010638	0.0013993	0.0013629	0.0017794	0.0	0.0013187	0.0011398	4.636E-4	0.0	0.0	0.0	0.0	0.0	0.0	0.0	0.0	0.0	0.0	0.0	
peep sp.	8.989E-4	0.0	5.097E-4	4.244E-4	0.0	0.0	0.0	0.0	0.0	0.0	0.0	0.0	0.0020738	0.0011556	0.0021097	0.0033278	0.0084908	0.0163106	0.0232068	0.0228158	0.0235897	0.0140371	0.0061843	0.0040207	0.0127119	0.0308104	0.0464964	0.0517241	0.0543888	0.0414894	0.0377799	0.0378194	0.0346975	0.021309	0.0215385	0.0163374	0.0083449	0.0068524	0.004817	0.0041953	9.804E-4	0.0016278	0.0015773	4.35E-4	6.849E-4	5.711E-4	0.0	0.0	
Calidris sp.	0.0	0.0	0.0	0.0	0.0	0.0	0.0	0.0	0.0	0.0	0.0	0.0	0.0	0.0	0.0	0.0	0.0	0.0	2.637E-4	0.0	5.128E-4	0.0	0.0	0.0	0.0	0.0	0.0	4.205E-4	5.385E-4	0.0	0.0	0.0010221	4.448E-4	0.0	0.0	3.799E-4	0.0	0.0	0.0	0.0	9.804E-4	0.0016278	0.0015773	0.0	0.0	0.0	0.0	4.354E-4	
large shorebird sp.	0.0	0.0	0.0	0.0	0.0	0.0	0.0	0.0	0.0	0.0	0.0	0.0	0.0	0.0	0.0	0.0	0.0	0.0	0.0	0.0	0.0	0.0	0.0	5.744E-4	7.062E-4	0.0	0.0	0.0	0.0	0.0	0.0	0.0	0.0	0.0	0.0	0.0	0.0	0.0	0.0	0.0	0.0	0.0	0.0	0.0	0.0	0.0	0.0	0.0	
shorebird sp.	0.0035955	0.0022136	0.0020387	0.0021222	0.0	0.0	4.369E-4	0.0026261	0.0015152	9.843E-4	0.00131	0.0018232	0.0016591	0.0023112	3.516E-4	0.0041597	0.0090386	0.0080404	0.0108122	0.0108514	0.0092308	0.0050533	6.184E-4	0.0040207	0.0084746	0.0093771	0.0176817	0.0147183	0.0172321	0.0164894	0.0135261	0.0136286	0.0120107	0.0116692	0.0083516	0.0132979	0.0074177	0.0095934	0.0091522	0.0102975	0.0151961	0.0065111	0.0073607	0.0056546	0.0041096	0.0045688	0.0037471	0.0013061	
Long-tailed Jaeger	0.0	0.0	0.0	0.0	0.0	0.0	0.0	0.0	0.0	0.0	0.0	0.0	0.0	0.0	0.0	0.0	0.0	0.0	0.0	0.0	0.0	0.0	6.184E-4	0.0	0.0	0.0	0.0	0.0	0.0	0.0	0.0	3.407E-4	0.0	0.0	0.0	0.0	0.0	0.0	0.0	0.0	0.0	0.0	0.0	0.0	0.0	0.0	0.0	0.0	
Parasitic Jaeger	0.0	0.0	0.0	0.0	0.0	0.0	0.0	0.0	0.0	0.0	0.0	0.0	0.0	0.0	0.0	2.773E-4	0.0	6.892E-4	0.0	0.0	5.128E-4	5.615E-4	0.0015	0.0	0.0	0.0	0.0	0.0	0.0	0.0	0.0	0.0	0.0	0.0	0.0	0.0030395	0.0027816	0.0031978	0.0033719	0.006865	9.804E-4	0.0032556	0.0015773	0.0017399	0.0	0.0	0.0	0.0	
Long-tailed/Parasitic Jaeger	0.0	0.0	0.0	0.0	0.0	0.0	0.0	0.0	0.0	0.0	0.0	0.0	0.0	0.0	0.0	0.0	0.0	2.297E-4	0.0	0.0	0.0	0.0	0.0	0.0	0.0	0.0	0.0	0.0	0.0	0.0	0.0	0.0	0.0	0.0	0.0	0.0	0.0	0.0	4.817E-4	0.0	0.0	0.0015	0.0	0.0	0.0	0.0	0.0	0.0	
Pomarine Jaeger	0.0	0.0	0.0	0.0	0.0	0.0	0.0	0.0	0.0	0.0	0.0	0.0	0.0	0.0	0.0	0.0	0.0	0.0	0.0	0.0	0.0	0.0	0.0	0.0	0.0	0.0	0.0	0.0	0.0	0.0	0.0	0.0	0.0	0.0	0.0	0.0	0.0	0.0	4.817E-4	3.814E-4	0.0	0.0	0.0	0.0	0.0	0.0	0.0	0.0	
Parasitic/Pomarine Jaeger	0.0	0.0	0.0	0.0	0.0	0.0	0.0	0.0	0.0	0.0	0.0	0.0	0.0	0.0	0.0	0.0	0.0	0.0	0.0	0.0	0.0	0.0	0.0	0.0	0.0	0.0	0.0	0.0	0.0	0.0	0.0	0.0	0.0	0.0	4.396E-4	3.799E-4	0.0	4.568E-4	4.817E-4	3.814E-4	0.0	0.0	0.0	0.0	0.0	0.0	0.0	0.0	
jaeger sp.	0.0	0.0	0.0	0.0	0.0	0.0	0.0	0.0	0.0	0.0	0.0	0.0	0.0	0.0	0.0	0.0	0.0	0.0	0.0	0.0	0.0	0.0	0.0	0.0	0.0	0.0	0.0	0.0	0.0	0.0	0.0	0.0	0.0	5.074E-4	0.0	0.0011398	4.636E-4	0.0013705	9.634E-4	0.0030511	4.902E-4	0.0	0.0010515	4.35E-4	0.0	0.0	0.0	0.0	
Black Guillemot	0.0	0.0	0.0	0.0	0.0	0.0	0.0	0.0	0.0	0.0	0.0	0.0	0.0	0.0	0.0	0.0	0.0	0.0	0.0	0.0	0.0	0.0	0.0	0.0	0.0	0.0	0.0	0.0	0.0	0.0	0.0	0.0	0.0	0.0	0.0	0.0	0.0	0.0	0.0	0.0	0.0	0.0	0.0	4.35E-4	0.0	0.0	0.0	0.0	
Razorbill	0.0265169	0.0249032	0.0178389	0.016129	0.0142764	0.0175141	0.00699	0.0152311	0.0080808	0.003937	0.0034934	0.0018232	4.148E-4	3.852E-4	0.0	0.0	0.0	0.0	0.0	0.0	0.0	0.0	0.0	0.0	0.0	0.0	0.0	0.0	0.0	0.0	0.0	0.0	0.0	0.0	0.0	0.0	0.0	0.0	0.0	0.0	0.0	0.0	5.258E-4	0.0013049	0.0013699	0.0011422	0.0074941	0.007401	
Dovekie	8.989E-4	0.0022136	0.0056065	0.0012733	0.0	5.65E-4	0.0	0.0	0.0	0.0	0.0	0.0	0.0	0.0	0.0	0.0	0.0	0.0	0.0	0.0	0.0	0.0	0.0	0.0	0.0	0.0	0.0	0.0	0.0	0.0	0.0	0.0	0.0	0.0	0.0	0.0	0.0	0.0	0.0	0.0	0.0	0.0	0.0	0.0	0.0	0.0	4.684E-4	0.0015	
Thick-billed Murre	4.494E-4	0.0	0.0	8.489E-4	0.0	5.65E-4	0.0	0.0	0.0	0.0	0.0	3.039E-4	0.0	0.0	0.0	0.0	0.0	0.0	0.0	0.0	0.0	0.0	0.0	0.0	0.0	0.0	0.0	0.0	0.0	0.0	0.0	0.0	0.0	0.0	0.0	0.0	0.0	0.0	0.0	0.0	0.0	0.0	0.0	0.0	0.0	0.0	0.0	0.0	
Common Murre	0.0026966	0.0	0.0	0.0	6.489E-4	5.65E-4	0.0	0.0	0.0	0.0	0.0	0.0	0.0	0.0	0.0	0.0	0.0	0.0	0.0	0.0	0.0	0.0	0.0	0.0	0.0	0.0	0.0	0.0	0.0	0.0	0.0	0.0	0.0	0.0	0.0	0.0	0.0	0.0	0.0	0.0	0.0	0.0	0.0	0.0	0.0	0.0	0.0	0.0	
large alcid sp.	4.494E-4	5.534E-4	5.097E-4	0.0012733	0.0	0.0	4.369E-4	0.0010504	0.0	0.0	0.0	3.039E-4	0.0	0.0	0.0	0.0	0.0	0.0	0.0	0.0	0.0	0.0	0.0	0.0	0.0	0.0	0.0	0.0	0.0	0.0	0.0	0.0	0.0	0.0	0.0	0.0	0.0	0.0	0.0	0.0	0.0	0.0	0.0	0.0	0.0	5.711E-4	4.684E-4	4.354E-4	
alcid sp.	0.0	0.0022136	0.0	8.489E-4	0.0	0.0	0.0	0.0	0.0	0.0	0.0	0.0	0.0	0.0	0.0	0.0	0.0	0.0	0.0	0.0	0.0	0.0	0.0	0.0	0.0	0.0	0.0	0.0	0.0	0.0	0.0	0.0	0.0	0.0	0.0	0.0	0.0	0.0	0.0	0.0	0.0	0.0	0.0	0.0	0.0	0.0	0.0	8.707E-4	
Little Gull	0.0	0.0	0.0	0.0	0.0	0.0	0.0	0.0	0.0	0.0	0.0	0.0	0.0	0.0	0.0	0.0	0.0	4.595E-4	0.0	2.782E-4	0.0287179	0.0353734	0.0	0.0	0.0	0.0026792	0.016372	0.0012616	5.385E-4	0.0	4.664E-4	0.0	0.0	0.0	0.0	0.0	0.0	0.0	0.0	0.0	0.0	0.0	0.0	4.35E-4	6.849E-4	0.0	0.0	0.0	
Black-legged Kittiwake	0.0	5.534E-4	0.0	0.0	0.0	0.0	0.0	0.0	0.0	0.0	0.0	0.0	0.0	0.0	0.0	0.0	0.0	0.0	0.0	0.0	0.0	0.0	0.0	0.0	0.0	0.0	0.0	0.0	0.0	0.0	0.0	0.0	8.897E-4	5.074E-4	0.0	3.799E-4	0.0	9.137E-4	4.817E-4	0.0019069	0.0	5.426E-4	0.002103	8.699E-4	0.0	0.0	0.0	8.707E-4	
Sabine's Gull	0.0	0.0	0.0	0.0	0.0	0.0	0.0	0.0	0.0	0.0	0.0	0.0	0.0	0.0	0.0	0.0	0.0	0.0	0.0	0.0	0.0	0.0	6.184E-4	0.0	0.0	0.0	0.0	0.0	0.0	0.0	0.0	0.0	0.0	0.0	0.0	0.0	0.0	0.0	0.0	0.0	0.0	0.0	0.0	0.0	0.0	0.0	0.0	0.0	
Bonaparte's Gull	0.0229213	0.0171555	0.0127421	0.0131579	0.0058404	0.0033898	0.0030581	0.0052521	0.0050505	0.0029528	0.00131	0.0033424	0.005392	0.007319	0.0024613	0.0033278	0.005478	0.0048243	0.0047468	0.0036171	0.0010256	0.0044919	0.0024737	0.0109133	0.0120056	0.0174146	0.0261952	0.0332212	0.0177706	0.0239362	0.0083955	0.0020443	0.0017794	0.0010147	4.396E-4	7.599E-4	4.636E-4	0.005482	0.0057803	0.0114416	0.0122549	0.017363	0.0126183	0.0121792	0.0171233	0.0102798	0.040281	0.0182847	
Black-headed Gull	4.494E-4	5.534E-4	0.0015	4.244E-4	0.0012979	0.0	0.0	0.0015756	0.0010101	9.843E-4	0.0	6.077E-4	0.0	0.0	0.0	0.0	0.0	0.0	0.0	0.0	0.0015385	0.0022459	0.0012369	0.0212522	0.0084746	0.0080375	0.0222659	0.0277544	0.0177706	0.0271277	0.0083955	0.002385	4.448E-4	0.0081177	0.0030769	3.799E-4	4.636E-4	0.0036546	0.0028902	0.0053394	0.0019608	0.0	5.258E-4	0.0	0.0020548	5.711E-4	0.0	0.0013061	
Laughing Gull	8.989E-4	0.0	5.097E-4	0.0	0.0	0.0	4.369E-4	0.0	5.051E-4	9.843E-4	0.0061135	0.0483136	0.1065948	0.2230354	0.2450774	0.3036606	0.3149822	0.370549	0.4530591	0.493044	0.5220513	0.5277934	0.589363	0.5594486	0.6144068	0.6530476	0.6738703	0.6686291	0.6822833	0.6824468	0.6553172	0.5383305	0.4902135	0.3759513	0.3542857	0.3320669	0.2624015	0.2836912	0.2032755	0.2105263	0.1828431	0.1801411	0.115142	0.0739452	0.0335616	0.0102798	0.0084309	0.0026121	
Franklin's Gull	0.0	0.0	0.0	0.0	0.0	0.0	0.0	0.0	0.0	0.0	0.0	0.0	0.0	0.0	0.0	0.0	0.0	0.0	0.0	0.0	0.0	0.0	0.0	0.0	0.0	0.0	0.0	0.0	0.0	0.0	0.0	0.0	0.0	0.0	0.0	0.0	0.0	0.0	0.0	3.814E-4	0.0	0.0	0.0	0.0	0.0	0.0	0.0	0.0	
Ring-billed Gull	0.5361798	0.5229662	0.5550459	0.5314092	0.5548345	0.5175141	0.4394932	0.5362395	0.529798	0.4975394	0.4458515	0.3962321	0.3454998	0.3039291	0.242616	0.2176927	0.1643385	0.1637951	0.1751055	0.1800223	0.1589744	0.1869736	0.1663575	0.163699	0.1913842	0.2940388	0.3451212	0.3713204	0.3861066	0.3882979	0.4001866	0.3867121	0.3883452	0.3475393	0.3481319	0.3522036	0.3092258	0.3768844	0.3574181	0.3867277	0.4161765	0.460662	0.5120925	0.507177	0.5226027	0.5511136	0.5803279	0.560296	
American Herring Gull	0.4377528	0.4095185	0.4260958	0.3862479	0.4373783	0.3627119	0.3521188	0.4332983	0.4111111	0.3818898	0.3716157	0.3621999	0.3210286	0.3339753	0.318917	0.2956184	0.2719803	0.3158741	0.3412447	0.3889816	0.4205128	0.4345873	0.4743352	0.4531878	0.470339	0.5103818	0.5409299	0.5332212	0.5541195	0.5287234	0.5615672	0.4868825	0.4839858	0.3952308	0.3986813	0.3909574	0.3477051	0.4257652	0.3776493	0.4176201	0.4083333	0.4422138	0.4553102	0.4240974	0.4157534	0.4340377	0.4725995	0.4262081	
Great Black-backed Gull	0.2849438	0.2595462	0.2859327	0.2381154	0.2472421	0.2090395	0.1952818	0.2752101	0.2449495	0.2411417	0.2323144	0.2032817	0.198258	0.2234206	0.1905767	0.1650028	0.1561216	0.1982541	0.248154	0.2913189	0.3210256	0.3295901	0.3506494	0.327398	0.3347458	0.3737441	0.4426981	0.4335576	0.457189	0.4218085	0.4071828	0.3482112	0.3678826	0.2683917	0.2483516	0.2507599	0.1998146	0.2549109	0.2172447	0.2448513	0.2588235	0.307108	0.2991588	0.2936059	0.2623288	0.2638492	0.317096	0.2834131	
American Herring x Great Black-backed Gull (hybrid)	0.0	0.0	0.0	0.0	0.0	0.0	0.0	0.0	0.0	0.0	0.0	0.0	0.0	0.0	0.0	0.0	0.0	0.0	0.0	0.0	0.0	0.0	0.0	0.0	0.0	0.0	0.0	0.0	0.0	0.0	0.0	0.0	4.448E-4	0.0	0.0	0.0	0.0	0.0	0.0	0.0	0.0	0.0	0.0	0.0	0.0	0.0	0.0	0.0	
Glaucous Gull	0.0035955	0.0015	5.097E-4	0.0059423	0.0012979	0.0011299	0.0	0.0010504	0.0	9.843E-4	0.00131	6.077E-4	4.148E-4	7.704E-4	3.516E-4	2.773E-4	0.0	0.0	7.911E-4	0.0	0.0	0.0	0.0	0.0	0.0	0.0	0.0	0.0	0.0	0.0	0.0	0.0	0.0	0.0	0.0	3.799E-4	0.0	0.0	0.0	3.814E-4	0.0	0.0	5.258E-4	0.0013049	6.849E-4	0.0011422	0.0018735	8.707E-4	
Lesser Black-backed Gull	0.0125843	0.0099613	0.0091743	0.0080645	0.0097339	0.0033898	0.00699	0.0047269	0.0055556	0.0093504	0.0048035	0.0079003	0.0058067	0.0061633	0.0021097	0.0027732	0.0016434	0.0018378	0.0029008	0.0047301	0.0061538	0.0129141	0.0105133	0.0103389	0.0077684	0.0187542	0.0222659	0.020185	0.0096931	0.012766	0.0074627	0.0126065	0.0115658	0.0126839	0.0184615	0.0269757	0.025962	0.0274098	0.015896	0.0236461	0.0220588	0.0309278	0.0226078	0.0200087	0.0136986	0.0159909	0.0196721	0.0100131	
American Herring x Lesser Black-backed Gull (hybrid)	0.0	0.0	0.0	0.0	0.0	0.0	0.0	0.0	0.0	0.0	0.0	0.0	0.0	0.0	0.0	0.0	0.0	0.0	0.0	0.0	0.0	0.0	0.0	0.0	0.0	0.0	0.0	0.0	0.0	5.319E-4	0.0	0.0	0.0	0.0	0.0	7.599E-4	4.636E-4	0.0	0.0	0.0	0.0	0.0	0.0	0.0	0.0	0.0	0.0	0.0	
Iceland Gull	0.0058427	0.0044272	0.0030581	8.489E-4	0.0019468	0.0028249	0.0030581	0.0031513	0.0025253	0.0014764	0.0017467	0.0012154	0.0020738	0.0011556	0.0010549	0.0013866	2.739E-4	0.0	7.911E-4	0.0	0.0	0.0	0.0	0.0	0.0	0.0	0.0	0.0	0.0	0.0	0.0	0.0	0.0	0.0	0.0	0.0	0.0	0.0	0.0	3.814E-4	0.0	0.0010852	0.002103	4.35E-4	0.0020548	0.0011422	0.0018735	0.0026121	
white-winged gull sp.	4.494E-4	0.0	0.0	0.0	0.0	0.0	0.0	0.0	0.0	0.0	0.0	0.0	0.0015	0.0	0.0	0.0	0.0	0.0	0.0	0.0	0.0	0.0	0.0	0.0	0.0	0.0	0.0	0.0	0.0	0.0	0.0	0.0	0.0	0.0	0.0	0.0	0.0	0.0	0.0	0.0	0.0	0.0	0.0	0.0	0.0	0.0	0.0	0.0	
Larus sp.	0.018427	0.0193691	0.0127421	0.0093379	0.0155743	0.0158192	0.0139799	0.0131303	0.0116162	0.0113189	0.0087336	0.0103312	0.0099544	0.0088598	0.0035162	0.0066556	0.0046563	0.0055134	0.0060654	0.0061213	0.0046154	0.0112296	0.0123686	0.0103389	0.009887	0.0107167	0.0137525	0.0138772	0.0204631	0.0154255	0.0158582	0.00954	0.0115658	0.0111618	0.0131868	0.012538	0.0088085	0.0118776	0.0086705	0.0122044	0.0093137	0.0222463	0.0147213	0.015224	0.0164384	0.0199886	0.0177986	0.0243796	
gull sp.	0.0462921	0.0531267	0.0458716	0.0505093	0.0525633	0.0514124	0.0458716	0.0646008	0.0550505	0.0536417	0.0502183	0.0385901	0.0360846	0.0312018	0.0323488	0.0274542	0.0208162	0.0229727	0.0224156	0.0269894	0.0282051	0.0308815	0.0241187	0.0304423	0.0247175	0.035499	0.02685	0.029016	0.0360797	0.0324468	0.0298507	0.0289608	0.0320285	0.0390665	0.0452747	0.0387538	0.0449699	0.0529922	0.0419075	0.0469108	0.0539216	0.0602279	0.064143	0.061766	0.0691781	0.0479726	0.0454333	0.0413583	
Black Skimmer	0.0	0.0	0.0	0.0	0.0	0.0	0.0	0.0	0.0	0.0	0.0	0.0	0.0	0.0	3.516E-4	0.0	0.0035607	0.0137836	0.0224156	0.0459098	0.0687179	0.0960135	0.1069882	0.1309592	0.1631356	0.1908908	0.2449247	0.2207738	0.185245	0.156383	0.1231343	0.1028961	0.0978648	0.0766109	0.0549451	0.037614	0.0292072	0.0274098	0.0086705	0.0041953	0.0058824	0.0043407	0.0015773	0.0017399	0.0013699	0.0	0.0	0.0	
Sooty/Bridled Tern	0.0	0.0	0.0	0.0	0.0	0.0	0.0	0.0	0.0	0.0	0.0	0.0	0.0	0.0	0.0	0.0	0.0	0.0	0.0	0.0	0.0	0.0	0.0	0.0	0.0	0.0	0.0	0.0	5.385E-4	0.0	0.0	0.0	0.0	0.0	0.0	0.0	0.0	0.0	0.0	0.0	0.0	0.0	0.0	0.0	0.0	0.0	0.0	0.0	
Least Tern	0.0	0.0	0.0	0.0	0.0	0.0	0.0	0.0	0.0	0.0	0.0	0.0	0.0	3.852E-4	0.0	2.773E-4	0.0076691	0.0328509	0.0632911	0.0982193	0.1307692	0.1549691	0.1954236	0.1872487	0.2344633	0.2759545	0.302554	0.2409588	0.1960151	0.137766	0.0886194	0.0412266	0.0151246	0.0035515	0.0015	3.799E-4	0.0	0.0	0.0	0.0	0.0	0.0	0.0	0.0	0.0	0.0	0.0	0.0	
Gull-billed Tern	0.0	0.0	0.0	0.0	0.0	0.0	0.0	0.0	0.0	0.0	0.0	0.0	0.0	3.852E-4	0.0	5.546E-4	8.217E-4	0.0048243	0.0063291	0.0147468	0.0312821	0.032566	0.0488559	0.0534176	0.0685028	0.1071668	0.1106745	0.1131203	0.1001616	0.0760638	0.0727612	0.0187394	0.0071174	0.0015221	8.791E-4	0.0015198	0.0	0.0	0.0	0.0	0.0	0.0	0.0	0.0	0.0	0.0	0.0	0.0	
Caspian Tern	0.0	0.0	0.0	0.0	0.0	0.0	0.0	0.0	0.0	0.0	0.0	0.0	8.295E-4	3.852E-4	0.0	8.319E-4	2.739E-4	4.595E-4	5.274E-4	5.565E-4	5.128E-4	5.615E-4	6.184E-4	5.744E-4	7.062E-4	0.0060281	0.0039293	0.0050463	0.0096931	0.0079787	0.0275187	0.0378194	0.0702847	0.0690005	0.0624176	0.0524316	0.0394066	0.0324349	0.0101156	0.0019069	9.804E-4	0.0	0.0	0.0	0.0	0.0	0.0	0.0	
Black Tern	0.0	0.0	0.0	0.0	0.0	0.0	0.0	0.0	0.0	0.0	0.0	0.0	0.0	0.0	0.0	2.773E-4	8.217E-4	0.0022973	0.0013186	0.001113	5.128E-4	0.0039304	0.0024737	0.0017231	0.0	0.0015	6.549E-4	0.0151388	0.0360797	0.0148936	0.0345149	0.0293015	0.0364769	0.014206	0.0015	0.0026596	0.0027816	4.568E-4	0.0	7.628E-4	0.0	0.0	0.0	0.0	0.0	0.0	0.0	0.0	
Forster's Tern	0.0	0.0	0.0	0.0	0.0	0.0	0.0	0.0	0.0	0.0	0.0	0.0	8.295E-4	0.0377504	0.0893108	0.1164725	0.1331142	0.1759706	0.2146624	0.2181413	0.2415385	0.2442448	0.2739641	0.2619184	0.2951977	0.3536504	0.3614931	0.3931876	0.4162628	0.4026596	0.3717351	0.2749574	0.2313167	0.1374937	0.1331868	0.1158815	0.0769587	0.0749201	0.0409441	0.0453852	0.0220588	0.0222463	0.0057834	0.0026098	0.0	0.0	4.684E-4	0.0	
Arctic Tern	0.0	0.0	0.0	0.0	0.0	0.0	0.0	0.0	0.0	0.0	0.0	0.0	0.0	0.0	0.0	0.0	0.0	0.0	0.0	0.0	0.0	0.0016844	0.0	0.0017231	0.0	0.0	0.0	0.0	0.0	0.0	0.0	0.0	0.0	0.0	0.0	0.0	0.0	0.0	0.0	0.0	0.0	0.0	0.0	0.0	0.0	0.0	0.0	0.0	
Common Tern	0.0	0.0	0.0	0.0	0.0	0.0	0.0	0.0	0.0	0.0	0.0	0.0	0.0	0.0011556	0.0017581	0.0127565	0.0460148	0.076499	0.1265823	0.1764051	0.2225641	0.237507	0.2411874	0.244687	0.3213277	0.3523108	0.4027505	0.4007569	0.3807216	0.3478723	0.3134328	0.2068143	0.1561388	0.0913242	0.0523077	0.0326748	0.0194715	0.0178164	0.0019268	0.0030511	0.002451	5.426E-4	0.0	0.0015	0.0	0.0	0.0	0.0	
Forster's/Common Tern	0.0	0.0	0.0	0.0	0.0	0.0	0.0	0.0	0.0	0.0	0.0	0.0	0.0	0.0	3.516E-4	0.0011093	8.217E-4	6.892E-4	0.0010549	0.0016694	0.0015385	0.0028074	0.0037106	0.0017231	0.0021186	0.0020094	0.0065488	0.0033642	0.0016155	0.0021277	0.0032649	0.0020443	0.0031139	5.074E-4	0.0	0.0026596	4.636E-4	4.568E-4	4.817E-4	0.0	0.0	0.0	0.0	0.0	0.0	0.0	0.0	0.0	
Common/Arctic Tern	0.0	0.0	0.0	0.0	0.0	0.0	0.0	0.0	0.0	0.0	0.0	0.0	0.0	0.0	0.0	0.0	0.0	0.0	0.0	8.347E-4	0.0	0.0	0.0	0.0	0.0	0.0	0.0	0.0	0.0	0.0	0.0015	0.0	0.0	0.0	0.0	0.0	0.0	0.0	0.0	0.0	0.0	0.0	0.0	0.0	0.0	0.0	0.0	0.0	
Roseate Tern	0.0	0.0	0.0	0.0	0.0	0.0	0.0	0.0	0.0	0.0	0.0	0.0	0.0	0.0	0.0	0.0	5.478E-4	4.595E-4	0.0010549	0.0025042	0.0010256	0.0028074	0.0080396	0.007467	0.0014124	6.698E-4	6.549E-4	0.0	0.0	0.0010638	4.664E-4	0.0010221	0.0	0.0	0.0	0.0	0.0	0.0	0.0	0.0	0.0	0.0	0.0	0.0	0.0	0.0	0.0	0.0	
Sterna sp.	0.0	0.0	0.0	0.0	0.0	0.0	0.0	0.0	0.0	0.0	0.0	0.0	0.0	7.704E-4	0.0010549	5.546E-4	0.0030129	0.0039054	0.0050105	0.0044519	0.0051282	0.0101067	0.0098949	0.012062	0.0148305	0.0187542	0.0117878	0.0138772	0.0140011	0.012234	0.0051306	0.0098807	0.0097865	0.0086251	0.0057143	0.0041793	0.0050997	0.0031978	9.634E-4	3.814E-4	4.902E-4	0.0010852	0.0	0.0	0.0	0.0	0.0	0.0	
Sandwich Tern	0.0	0.0	0.0	0.0	0.0	0.0	0.0	0.0	0.0	0.0	0.0	0.0	0.0	0.0	0.0	0.0	0.0	0.0	0.0	0.0	0.0015385	5.615E-4	6.184E-4	0.0011488	0.0	0.0	0.0015	0.0	0.0	0.0	0.0	3.407E-4	0.0	0.0	0.0	0.0	0.0	0.0	0.0	0.0	0.0	0.0	0.0	0.0	0.0	0.0	0.0	0.0	
Royal Tern	0.0	0.0	0.0	0.0	0.0	0.0	0.0	0.0	0.0	0.0	0.0	0.0	0.0	0.0	0.0	0.0	0.0	2.297E-4	0.0	5.565E-4	0.0010256	0.0039304	0.004329	0.0091901	0.009887	0.0060281	0.0078585	0.0042052	0.0059235	0.0148936	0.0195896	0.0354344	0.0431495	0.0471842	0.0527473	0.0683891	0.0598053	0.0721791	0.0476879	0.0606407	0.0465686	0.0461205	0.0120925	8.699E-4	0.0	0.0022844	0.0	0.0	
Thalasseus sp.	0.0	0.0	0.0	0.0	0.0	0.0	0.0	0.0	0.0	0.0	0.0	0.0	0.0	0.0	0.0	0.0	0.0	0.0	0.0	0.0	0.0	0.0	0.0	0.0	0.0	6.698E-4	0.0	0.0	0.0	0.0	0.0	0.0	0.0	0.0	0.0	0.0	0.0	0.0	0.0	0.0	0.0	0.0	0.0	0.0	0.0	0.0	0.0	0.0	
large tern sp.	0.0	0.0	0.0	0.0	0.0	0.0	0.0	0.0	0.0	0.0	0.0	0.0	0.0	0.0	0.0	0.0	0.0	0.0	0.0	0.0	0.0	5.615E-4	0.0	0.0	0.0	0.0	0.0	0.0	0.0	0.0	9.328E-4	0.0	4.448E-4	0.0	0.0	0.0	0.0	0.0	0.0	0.0	0.0	0.0	0.0	0.0	0.0	0.0	0.0	0.0	
tern sp.	0.0	0.0	0.0	0.0	0.0	0.0	0.0	0.0	0.0	0.0	0.0	0.0	0.0	3.852E-4	0.0035162	0.0041597	0.002739	0.0062026	0.0081751	0.0075125	0.0066667	0.0106682	0.0105133	0.0103389	0.009887	0.0093771	0.0130976	0.0100925	0.0134626	0.012234	0.0163246	0.0098807	0.0080071	0.0081177	0.0079121	0.0087386	0.0018544	0.0013705	0.0014451	0.0019069	4.902E-4	5.426E-4	0.0010515	4.35E-4	0.0	0.0	0.0	0.0	
gull/tern sp.	0.0	0.0	0.0	0.0	0.0	0.0	0.0	0.0	0.0	0.0	0.0	0.0	0.0	0.0	0.0	0.0	0.0	2.297E-4	0.0	2.782E-4	0.0	0.0	0.0	0.0	0.0	0.0	0.0013098	0.0	0.0	5.319E-4	0.0	0.0	0.0	0.0	0.0	0.0	0.0	0.0	4.817E-4	0.0	0.0	0.0	0.0	0.0	0.0	0.0	0.0	0.0	
Pied-billed Grebe	0.0530337	0.0453791	0.0407747	0.036927	0.0434783	0.0412429	0.037571	0.0561975	0.0469697	0.0452756	0.0393013	0.0446673	0.0559934	0.0404468	0.0172293	0.0133111	0.0062996	0.005054	0.0108122	0.0019477	0.0020513	0.001123	6.184E-4	5.744E-4	0.0021186	0.0053583	0.0065488	0.0189235	0.0339257	0.0361702	0.0564366	0.0568995	0.0796263	0.0913242	0.0843956	0.0725684	0.0588781	0.067154	0.0746628	0.0778032	0.1181373	0.0944113	0.1004206	0.0743802	0.0636986	0.0622501	0.0496487	0.0396169	
Horned Grebe	0.047191	0.0415053	0.0601427	0.0517827	0.0538611	0.0355932	0.0471822	0.0635504	0.060101	0.0575787	0.041048	0.0407171	0.0452095	0.0485362	0.0274262	0.0066556	0.0032868	0.0027567	0.0	2.782E-4	0.0	0.0	0.0	0.0	0.0	0.0	0.0	0.0	0.0	0.0	4.664E-4	0.0	0.0	0.0	4.396E-4	3.799E-4	0.0	0.0013705	0.0077071	0.01373	0.0401961	0.0537168	0.0604627	0.0604611	0.0589041	0.0588235	0.0716628	0.0518067	
Red-necked Grebe	0.0013483	0.0038738	0.0015291	0.0012733	0.0038936	0.0011299	0.0061162	0.009979	0.0070707	0.0024606	0.0030568	0.0045579	0.0029034	0.0046225	7.032E-4	2.773E-4	0.0	0.0	0.0	5.565E-4	0.0	0.0	0.0	0.0	0.0	0.0	0.0	0.0	0.0	0.0	0.0	0.0	0.0	0.0	0.0	0.0	0.0	0.0	0.0	0.0	0.0	0.0037982	0.0015773	0.0013049	0.0020548	0.0079954	0.0056206	0.0021768	
Eared Grebe	8.989E-4	0.0038738	0.0015291	8.489E-4	0.0019468	0.0	0.0	0.0	0.0	0.0	0.0	0.0	0.0	0.0	0.0	0.0	0.0	0.0	0.0	0.0	0.0	0.0	0.0	0.0	0.0	0.0	0.0	0.0	0.0	0.0	0.0013993	0.002385	8.897E-4	0.0157281	4.396E-4	0.018617	0.0037089	4.568E-4	0.0014451	0.0061022	0.0181373	0.0119371	0.0147213	0.0052197	0.0068493	0.0039977	9.368E-4	8.707E-4	
Western Grebe	0.0	0.0	0.0	0.0	0.0	5.65E-4	0.0	5.252E-4	0.0	0.0	0.0	0.0015	0.0	0.0	0.0	0.0	0.0	0.0	0.0	0.0	0.0	0.0	0.0	0.0	0.0	0.0	0.0	0.0	0.0	0.0	0.0	0.0	0.0	0.0	0.0	0.0	0.0	0.0	0.0	0.0	0.0	0.0	0.0	0.0	0.0	0.0	0.0	0.0	
grebe sp.	4.494E-4	0.0	5.097E-4	4.244E-4	0.0	0.0	0.0	0.0	0.0	4.921E-4	0.0	0.0	0.0	0.0	0.0	0.0	0.0	0.0	0.0	0.0	0.0	0.0	0.0	0.0	0.0	0.0	0.0	0.0	0.0	5.319E-4	0.0	0.0	0.0	0.0	0.0	0.0	0.0	0.0	0.0	0.0	0.0	0.0	0.0	0.0	0.0	5.711E-4	0.0	0.0	
Red-throated Loon	0.068764	0.0769231	0.0784913	0.0479626	0.0564568	0.0542373	0.0432503	0.0698529	0.0540404	0.0442913	0.0441048	0.0382862	0.0360846	0.0412173	0.0196906	0.0094287	0.0052041	0.0039054	0.0021097	0.0036171	0.0015385	5.615E-4	0.0	0.0	7.062E-4	0.0	0.0	0.0	0.0	0.0	0.0	0.0	0.0	0.0	0.0	0.0	0.0015	0.0063956	0.0081888	0.0190694	0.0348039	0.0765057	0.0709779	0.0722053	0.0746575	0.0691034	0.1035129	0.0774924	
Pacific Loon	0.0	5.534E-4	0.0	0.0	0.0	0.0	0.0	0.0	0.0	0.0	0.0	0.0	0.0	0.0	0.0	0.0	0.0015	0.0	0.0	0.0	0.0	0.0	0.0	0.0	0.0	0.0	0.0	0.0	0.0	0.0	0.0	0.0	0.0	0.0	0.0	0.0	0.0	0.0	0.0	0.0	0.0	0.0	0.0	0.0	0.0	0.0	0.0	0.0	
Common Loon	0.0831461	0.0940786	0.1004077	0.077674	0.0765737	0.0627119	0.0607252	0.0787815	0.0671717	0.0561024	0.0558952	0.053783	0.0526752	0.0631741	0.0411392	0.0327232	0.0314982	0.0388238	0.0324367	0.0175292	0.0174359	0.0084222	0.0111317	0.0137852	0.0056497	0.0080375	0.0170269	0.0130362	0.0048465	0.0106383	0.0037313	0.0040886	0.0066726	0.007103	0.0092308	0.0102584	0.0208623	0.0342622	0.0240848	0.0453852	0.0544118	0.0922409	0.0983176	0.0874293	0.080137	0.0862364	0.1250585	0.0905529	
loon sp.	0.0049438	0.0066408	0.0020387	0.0033956	0.0032446	0.0039548	4.369E-4	0.0031513	0.0025253	0.0024606	0.0039301	0.0012154	0.0020738	3.852E-4	0.0028129	5.546E-4	8.217E-4	6.892E-4	7.911E-4	8.347E-4	0.0010256	5.615E-4	6.184E-4	0.0011488	0.0015	0.0	0.0	0.0	0.0	0.0	0.0	0.0	0.0	0.0	0.0	0.0011398	0.0	0.0013705	9.634E-4	0.0038139	0.004902	0.0070537	0.0068349	0.0060896	0.0034247	0.0034266	0.0037471	0.0047889	
Wilson's Storm-Petrel	0.0	0.0	0.0	0.0	0.0	0.0	0.0	0.0	0.0	0.0	0.0	0.0	0.0	0.0	0.0	0.0	0.0	0.0	0.0	8.347E-4	0.0046154	0.0028074	0.0012369	0.0022975	0.0028249	0.0046885	0.0085134	0.0029437	0.001077	0.0037234	9.328E-4	0.0017036	0.0	0.0	0.0	0.0	0.0	0.0	0.0	0.0	0.0	0.0	0.0	0.0	0.0	0.0	0.0	0.0	
storm-petrel sp.	0.0	0.0	0.0	0.0	0.0	0.0	0.0	0.0	0.0	0.0	0.0	0.0	0.0	0.0	0.0	0.0	0.0	0.0	0.0	2.782E-4	0.0	0.0	6.184E-4	0.0	0.0	0.0	0.0	0.0	0.0	0.0	0.0	0.0	0.0	0.0	0.0	0.0	0.0	0.0	0.0	0.0	0.0	0.0	0.0	0.0	0.0	0.0	0.0	0.0	
Northern Fulmar	0.0	0.0	0.0	0.0	0.0	0.0	0.0	0.0	0.0	0.0	0.0	0.0	0.0	0.0	0.0	0.0	0.0	0.0	0.0	0.0	0.0	0.0	0.0	0.0	0.0	0.0	0.0	0.0	0.0	0.0	0.0	0.0	0.0	0.0	0.0	3.799E-4	0.0	0.0	0.0	0.0	0.0	0.0	0.0	0.0	0.0	0.0	0.0	0.0	
Cory's Shearwater	0.0	0.0	0.0	0.0	0.0	0.0	0.0	0.0	0.0	0.0	0.0	0.0	0.0	0.0	0.0	0.0	0.0	0.0	0.0	0.0	0.0	0.0	0.0	0.0	0.0	0.0	0.0	4.205E-4	0.0	0.0	4.664E-4	0.0	0.0	0.0	0.0	3.799E-4	0.0	0.0	0.0	0.0	0.0	0.0	0.0	0.0	0.0	0.0	0.0	0.0	
Cory's/Scopoli's Shearwater	0.0	0.0	0.0	0.0	0.0	0.0	0.0	0.0	0.0	0.0	0.0	0.0	0.0	0.0	0.0	0.0	0.0	0.0	0.0	0.0	0.0015	5.615E-4	0.0	0.0	0.0	0.0	6.549E-4	8.41E-4	0.0	0.0	4.664E-4	0.0	0.0	0.0	0.0	3.799E-4	0.0	4.568E-4	0.0	0.0	0.0	0.0	0.0	0.0	0.0	0.0	0.0	0.0	
Great Shearwater	0.0	0.0	0.0	0.0	0.0	0.0	0.0	0.0	0.0	0.0	0.0	0.0	0.0	0.0	0.0	0.0	0.0	0.0	0.0	0.0	0.0	0.0	0.0	0.0	0.0021186	0.0053583	0.0015	4.205E-4	0.0	5.319E-4	4.664E-4	0.0	4.448E-4	0.0	4.396E-4	7.599E-4	4.636E-4	0.0	0.0	0.0	0.0	5.426E-4	0.0010515	0.0	0.0	0.0	0.0	0.0	
Cory's/Scopoli's/Great Shearwater	0.0	0.0	0.0	0.0	0.0	0.0	0.0	0.0	0.0	0.0	0.0	0.0	0.0	0.0	0.0	0.0	0.0	0.0	0.0	0.0	0.0	0.0	0.0	0.0	0.0	0.0	0.0	4.205E-4	0.0	0.0	0.0	0.0	0.0	0.0	0.0	0.0	0.0	0.0	0.0	0.0	0.0	0.0	0.0	0.0	0.0	0.0	0.0	0.0	
Sooty Shearwater	0.0	0.0	0.0	0.0	0.0	0.0	0.0	0.0	0.0	0.0	0.0	0.0	0.0	0.0	0.0	0.0	0.0	4.595E-4	0.0	0.001113	0.0015	5.615E-4	6.184E-4	5.744E-4	0.0	0.0	0.0	0.0	0.0	0.0	0.0	0.0	0.0	0.0	0.0	0.0	0.0	0.0	0.0	0.0	0.0	0.0	0.0	0.0	0.0	0.0	0.0	0.0	
Manx Shearwater	0.0	0.0	0.0	0.0	0.0	0.0	0.0	0.0	0.0	0.0	0.0	0.0	0.0	0.0	0.0	2.773E-4	0.0	0.0	0.0	0.0	0.0	5.615E-4	0.0	0.0	0.0	0.0	0.0	4.205E-4	5.385E-4	0.0	0.0	0.0	0.0	0.0	0.0	3.799E-4	0.0	0.0	0.0	0.0	0.0	0.0	0.0	0.0	0.0	0.0	0.0	0.0	
shearwater sp.	0.0	0.0	0.0	0.0	0.0	0.0	0.0	0.0	0.0	0.0	0.0	0.0	0.0	0.0	0.0	0.0	0.0	0.0	0.0	0.0	0.0	0.0	6.184E-4	0.0	0.0	0.0020094	0.0	4.205E-4	0.0	0.0	0.0	0.0	0.0	0.0	0.0	0.0	0.0	0.0	0.0	0.0	4.902E-4	0.0	0.0	0.0	0.0	0.0	0.0	0.0	
Wood Stork	0.0	0.0	0.0	0.0	0.0	0.0	0.0	0.0	0.0	0.0	0.0	0.0	0.0	0.0	0.0	0.0	0.0	0.0	0.0015	0.0	0.0	0.0015	0.0	0.0	0.0	0.0	0.0	0.0	0.0015	0.0	0.0	0.0	0.0	0.0	0.0	0.0	0.0	0.0	0.0	0.0	0.0	0.0	0.0	0.0	0.0	0.0	0.0	0.0	
Northern Gannet	0.058427	0.0426121	0.0295617	0.016129	0.0194679	0.0180791	0.0109218	0.0204832	0.019697	0.0216535	0.0353712	0.0367669	0.0373289	0.0431433	0.0253165	0.0085968	0.0043824	0.0052837	0.0034283	0.0033389	0.0015385	0.0033689	0.0012369	0.0	0.0	0.0013396	0.0013098	0.0012616	0.0	0.0015957	4.664E-4	6.814E-4	0.002669	0.0025368	0.0013187	0.0049392	0.0027816	0.0182732	0.0086705	0.0331808	0.0460784	0.0906131	0.0709779	0.0630709	0.0589041	0.0434038	0.0641686	0.0444057	
Red-footed Booby	0.0	0.0	0.0	0.0	0.0	0.0	0.0	0.0	0.0	0.0	0.0	0.0	0.0	0.0	0.0	0.0	0.0	0.0	0.0	0.0	0.0	0.0	0.0	0.0	0.0	0.0	0.0	0.0	0.0	0.0	0.0	3.407E-4	0.0	0.0	0.0	0.0	0.0	0.0	0.0	0.0	0.0	0.0	0.0	0.0	0.0	0.0	0.0	0.0	
Brown Booby	0.0	0.0	0.0	0.0	0.0	0.0	0.0	0.0	0.0	0.0	0.0	0.0	0.0	0.0	0.0	0.0	0.0	0.0	0.0	0.0	0.0	0.0	0.0	0.0015	0.0	0.0020094	0.0	0.0	0.0	0.0	0.0	6.814E-4	0.0	0.0	0.0	0.0	0.0	0.0	0.0	0.0	0.0	0.0	0.0	0.0	0.0	0.0	0.0	0.0	
sulid sp.	0.0	0.0	0.0	0.0	0.0	0.0	0.0	0.0	0.0	0.0	0.0	0.0	0.0	0.0	0.0	0.0	0.0	0.0	0.0	0.0	5.128E-4	0.0	0.0	0.0	0.0	0.0	0.0	0.0	0.0	0.0	0.0	0.0	4.448E-4	0.0	0.0	0.0	0.0	0.0	0.0	0.0	0.0	0.0	5.258E-4	0.0	0.0	0.0	0.0	0.0	
Great Cormorant	0.0435955	0.0564471	0.0540265	0.0352292	0.0499676	0.0361582	0.0301442	0.0435924	0.0393939	0.0275591	0.0266376	0.0209663	0.0095396	0.0096302	0.0063291	0.0036051	2.739E-4	6.892E-4	7.911E-4	8.347E-4	0.0	0.0	0.0	0.0	0.0	0.0	0.0	0.0	0.0	5.319E-4	0.0	0.0	0.0	0.0	0.0013187	7.599E-4	0.0013908	0.0109639	0.0091522	0.011823	0.0142157	0.0162778	0.0178759	0.0200087	0.0178082	0.0285551	0.0496487	0.0300392	
Double-crested Cormorant	0.1631461	0.1444383	0.1432212	0.094652	0.1109669	0.1067797	0.1031018	0.154937	0.1262626	0.140748	0.1554585	0.2008508	0.2521775	0.3516949	0.330872	0.3341653	0.2996439	0.3285091	0.373154	0.4156928	0.4369231	0.4486244	0.5170068	0.4376795	0.5014124	0.5458808	0.5690897	0.569386	0.5853527	0.5893617	0.5755597	0.5356048	0.5191281	0.428209	0.4558242	0.4289514	0.3852573	0.4431247	0.3983622	0.4080854	0.4230392	0.3988063	0.3669821	0.2940409	0.2383562	0.2187322	0.2220141	0.1658685	
Great/Double-crested Cormorant	0.0	5.534E-4	0.0	0.0	0.0	0.0	0.0	0.0	0.0	0.0	0.0	0.0	0.0	0.0	0.0	0.0	0.0	0.0	0.0	0.0	0.0	0.0	0.0	0.0	0.0	0.0	0.0	0.0	0.0	0.0	0.0	0.0	0.0	0.0	0.0	0.0	0.0	4.568E-4	0.0	0.0	0.0	5.426E-4	0.0	0.0	0.0	0.0	4.684E-4	0.0	
Double-crested/Neotropic Cormorant	0.0	0.0	0.0	0.0	0.0	0.0	0.0	0.0	0.0	0.0	0.0	0.0	0.0	0.0	0.0	0.0	0.0	0.0	0.0	0.0	0.0	0.0	0.0	0.0	0.0	6.698E-4	0.0	0.0	0.0	0.0	0.0	0.0	0.0	0.0	0.0	0.0	0.0	0.0	0.0	0.0	0.0	0.0	0.0	0.0	0.0	0.0	0.0	0.0	
cormorant sp.	0.0031461	0.0094079	0.0071356	0.0050934	0.0051914	0.0067797	0.0056793	0.0052521	0.0030303	0.0034449	0.0056769	0.0045579	0.0037329	0.0042373	0.0031646	0.0024958	0.0030129	0.0013784	0.0010549	0.0016694	5.128E-4	0.0016844	0.0	5.744E-4	7.062E-4	0.0020094	6.549E-4	8.41E-4	5.385E-4	0.0	4.664E-4	0.0	0.0013345	5.074E-4	0.0013187	0.0026596	0.0013908	0.0031978	0.0028902	0.0019069	0.0039216	0.0070537	0.0047319	0.0073945	0.0089041	0.0079954	0.0079625	0.0100131	
White Ibis	0.0	0.0	0.0	0.0	0.0	0.0	0.0	0.0	0.0	0.0	0.0	0.0	0.0	0.0	0.0	0.0	0.0	0.0	0.0	0.0	0.0	0.0	0.0	0.0	0.0	0.0	0.0	0.0	0.0	0.0010638	0.0	0.0	0.0	0.0	8.791E-4	0.0	0.0	0.0	0.0	0.0	0.0	0.0	0.0	0.0	0.0	0.0	0.0	0.0	
Glossy Ibis	0.0	0.0	0.0	0.0	0.0	0.0	0.0	0.0	0.0	4.921E-4	0.0	0.0051656	0.0228121	0.0651002	0.0868495	0.098447	0.1139414	0.1699977	0.219673	0.2353923	0.2687179	0.2813026	0.3104515	0.2791499	0.3185028	0.3469524	0.362148	0.3801514	0.4216478	0.3547872	0.3591418	0.2381601	0.1712633	0.0908168	0.058022	0.0459726	0.0241076	0.0127912	0.0081888	0.0045767	0.0058824	0.0070537	0.0015773	0.0039147	0.0027397	0.0011422	0.0	0.0	
White-faced Ibis	0.0	0.0	0.0	0.0	0.0	0.0	0.0	0.0	0.0	0.0	0.0	0.0	4.148E-4	3.852E-4	0.0	0.0024958	0.0035607	0.0011486	0.0023734	0.0038954	0.0041026	0.0247052	0.0210266	0.007467	0.0148305	0.016075	0.0183366	0.0130362	0.006462	0.0021277	0.0032649	0.0	0.0	0.0	0.0	3.799E-4	0.0	0.0	0.0	0.0	0.0	0.0	0.0	0.0	0.0	0.0	0.0	0.0	
Glossy/White-faced Ibis	0.0	0.0	0.0	0.0	0.0	0.0	0.0	0.0	0.0	0.0	0.0	0.0	0.0015	0.0	0.0	8.319E-4	8.217E-4	0.0020675	7.911E-4	8.347E-4	0.0025641	0.0022459	0.0030921	0.0063182	0.0056497	0.0100469	0.0065488	0.0063078	0.0048465	0.0021277	0.0018657	0.0010221	0.002669	0.0015221	4.396E-4	0.0	0.0	9.137E-4	0.0014451	0.0015256	0.0014706	0.0	0.0	0.0	0.0	0.0	0.0	0.0	
ibis sp.	0.0	0.0	0.0	0.0	0.0	0.0	0.0	0.0	0.0	0.0	0.0	0.0	0.0	0.0	0.0	0.0	0.0	0.0	0.0	0.0	0.0	0.0015	0.0	0.0	0.0	0.0	0.0	4.205E-4	0.0	0.0	0.0	0.0	0.0	0.0	0.0	0.0	0.0	0.0	0.0	0.0	0.0	0.0	0.0	0.0	0.0	0.0	0.0	0.0	
American Bittern	0.0013483	0.0	5.097E-4	4.244E-4	0.0012979	5.65E-4	0.0017475	0.0010504	0.0010101	0.0	0.0	0.0015	4.148E-4	0.0050077	7.032E-4	5.546E-4	0.0010956	0.0	0.0	2.782E-4	5.128E-4	0.0	0.0	0.0	0.0	6.698E-4	0.0015	0.0012616	0.0	0.0015	4.664E-4	0.0015	8.897E-4	0.0	0.0013187	0.0018997	9.272E-4	0.0022841	0.004817	0.0034325	0.0083333	0.0048833	0.0026288	0.0039147	0.0020548	0.0039977	0.0042155	0.0034828	
Least Bittern	0.0	0.0	0.0	0.0	0.0	0.0	0.0	0.0	0.0	0.0	0.0	0.0	0.0	0.0	0.0	0.0	0.0	0.0016081	0.001846	0.0013912	0.0030769	0.0190904	0.0414348	0.0155083	0.0021186	0.0013396	0.0039293	0.010513	0.003231	0.006383	0.0027985	3.407E-4	0.0013345	5.074E-4	0.0	0.0	0.0	0.0	0.0	0.0	0.0	0.0	0.0	0.0	0.0	0.0	0.0	0.0	
Yellow-crowned Night Heron	4.494E-4	0.0	0.0	0.0	0.0	0.0	0.0	0.0	0.0	0.0	0.00131	0.0060772	0.0219826	0.0234977	0.0232068	0.0285635	0.0358806	0.0794854	0.1162975	0.1396772	0.1517949	0.1426165	0.1632653	0.1493395	0.1659605	0.1781648	0.1709234	0.1791421	0.1760905	0.1765957	0.1599813	0.1223169	0.0987544	0.0618975	0.0531868	0.0604103	0.0449699	0.0274098	0.0149326	0.0072464	0.0053922	0.0010852	0.0015	0.0021749	6.849E-4	0.0022844	0.0056206	8.707E-4	
Black-crowned Night Heron	0.0206742	0.0171555	0.0188583	0.0135823	0.0194679	0.0118644	0.0091743	0.0152311	0.0111111	0.0098425	0.0100437	0.0158007	0.0418913	0.0570108	0.0562588	0.0607321	0.0638181	0.0960257	0.1178797	0.1672231	0.2025641	0.2655811	0.3209647	0.2917863	0.3389831	0.351641	0.3719712	0.3183347	0.3074852	0.2808511	0.2630597	0.2126065	0.2015125	0.1577879	0.1217582	0.1204407	0.0936486	0.096391	0.0679191	0.0560641	0.0696078	0.0401519	0.0446898	0.0295781	0.0349315	0.0291262	0.0323185	0.0208968	
Yellow-crowned/Black-crowned Night Heron	0.0	0.0	0.0	0.0	0.0	0.0	0.0	0.0	0.0	0.0	0.0	0.0	0.0	0.0	0.0	0.0	0.0	0.0	0.0	2.782E-4	0.0	0.0	0.0	0.0	0.0	0.0	0.0	8.41E-4	0.0	0.0015957	0.0	0.0	4.448E-4	0.0015	0.0	0.0011398	0.0	4.568E-4	0.0	0.0	4.902E-4	0.0	0.0	0.0	0.0	0.0	0.0	0.0	
Little Blue Heron	4.494E-4	0.0	0.0	0.0	0.0	0.0	0.0	0.0	0.0	0.0	0.0	0.0018232	0.0078805	0.0227273	0.0249648	0.0285635	0.0235552	0.0284861	0.0324367	0.0395103	0.0389744	0.031443	0.0321583	0.031591	0.0621469	0.0562626	0.0759659	0.0925147	0.088853	0.1	0.0928172	0.0776831	0.0600534	0.0385591	0.0250549	0.0205167	0.0236439	0.0191868	0.0077071	0.0045767	0.002451	5.426E-4	0.0	0.0017399	6.849E-4	0.0017133	4.684E-4	0.0	
Tricolored Heron	0.0	0.0	0.0	0.0	0.0	0.0	0.0	0.0	0.0	0.0	0.0	0.0	0.0033181	0.0084746	0.019339	0.0207987	0.0169816	0.0215943	0.021097	0.0189204	0.0117949	0.0117911	0.017316	0.0224009	0.0275424	0.0227729	0.0229208	0.0214466	0.0274637	0.0340426	0.0242537	0.0262351	0.0231317	0.014206	0.0145055	0.0053191	0.0092721	0.0013705	0.0028902	0.0011442	0.0039216	0.0010852	5.258E-4	0.0013049	6.849E-4	0.0	0.0	0.0	
Reddish Egret	0.0	0.0	0.0	0.0	0.0	0.0	0.0	0.0	0.0	0.0	0.0	0.0	0.0	0.0	0.0	0.0	0.0	0.0	0.0015	0.0015	0.0	0.0	0.0	0.0	0.0	0.0	0.0	0.0	0.0	0.0	0.0	0.0	0.0015	0.0	0.0	0.0	0.0	0.0	0.0	0.0	0.0	0.0	0.0	0.0	0.0	0.0	0.0	0.0	
Snowy Egret	4.494E-4	0.0	0.0	0.0	6.489E-4	0.0	0.0	5.252E-4	0.0	0.0	0.0021834	0.0127621	0.0476981	0.1032357	0.1174402	0.119523	0.1216105	0.1649437	0.1901371	0.220089	0.2364103	0.25379	0.2857143	0.2601953	0.3128531	0.3489618	0.3831041	0.3994954	0.4663436	0.4478723	0.4608209	0.4044293	0.3594306	0.2749873	0.2162637	0.2082067	0.1553083	0.1461855	0.1233141	0.0888635	0.0598039	0.0330982	0.0262881	0.014789	0.0061644	0.0017133	9.368E-4	8.707E-4	
Egretta sp.	0.0	0.0	0.0	0.0	0.0	0.0	0.0	0.0	0.0	0.0	0.0	0.0	0.0	0.0	0.0	0.0	0.0	2.297E-4	0.0	0.0	0.0	0.0	0.0	0.0	0.0	6.698E-4	0.0	0.0	0.0	0.0	0.0	0.0	0.0	0.0	0.0	0.0	0.0	0.0	0.0	0.0	0.0	0.0	0.0	0.0	0.0	0.0	0.0	0.0	
Green Heron	0.0	0.0	0.0	0.0	0.0	0.0	0.0	0.0	0.0	0.0	0.0	0.0	0.0029034	0.007319	0.0101969	0.025513	0.0353328	0.0441075	0.0540612	0.0436839	0.0476923	0.0510949	0.0395795	0.046525	0.0564972	0.0656397	0.0556647	0.0521447	0.0716209	0.0776596	0.0741604	0.053833	0.0560498	0.04414	0.04	0.025076	0.0222531	0.0063956	0.0077071	3.814E-4	4.902E-4	0.0	0.0	0.0	0.0	5.711E-4	4.684E-4	0.0	
Western Cattle-Egret	0.0	0.0	5.097E-4	0.0	0.0	0.0	0.0	0.0	0.0	0.0	0.0	0.0	4.148E-4	0.0015	3.516E-4	0.0	5.478E-4	0.0011486	0.0034283	0.0033389	0.0020513	0.0022459	0.0030921	0.0034463	0.0021186	0.0053583	0.0104781	0.0042052	0.0113086	0.0074468	0.0060634	0.0027257	0.0040036	0.0015221	0.0013187	0.0015198	4.636E-4	0.0013705	4.817E-4	0.0041953	0.0019608	0.0010852	5.258E-4	0.0	0.0	0.0	0.0	0.0	
Great Egret	0.0076404	0.0038738	0.0025484	4.244E-4	0.0015	5.65E-4	4.369E-4	0.0026261	0.0015152	0.003937	0.0179039	0.0559101	0.132725	0.1829738	0.1842475	0.181919	0.1794029	0.2262807	0.2739979	0.3130217	0.3307692	0.3469961	0.3673469	0.3475014	0.4039548	0.4407234	0.4479371	0.4617325	0.5191169	0.4957447	0.5013993	0.4282794	0.3852313	0.3023846	0.2663736	0.2594985	0.21465	0.2325263	0.2042389	0.1746758	0.172549	0.1258817	0.0956887	0.0578512	0.0363014	0.0188464	0.0131148	0.0200261	
Great Blue Heron	0.1006742	0.0802435	0.0759429	0.0764007	0.073329	0.0644068	0.0559196	0.0646008	0.0540404	0.0516732	0.0532751	0.0577332	0.0667773	0.0701079	0.0573136	0.0524126	0.0451931	0.0532966	0.0672468	0.0620479	0.0784615	0.094329	0.1125541	0.1280873	0.2090395	0.2732753	0.335298	0.342725	0.3844911	0.3510638	0.3833955	0.3212947	0.297153	0.2491121	0.2391209	0.2177052	0.1891516	0.2019187	0.1815992	0.1762014	0.1911765	0.1785133	0.2103049	0.184428	0.1671233	0.1404911	0.1583138	0.1036134	
heron sp.	4.494E-4	0.0	0.0	0.0	6.489E-4	0.0	0.0	0.0	0.0	0.0	0.0	0.0	0.0	0.0	0.0	5.546E-4	0.0	2.297E-4	7.911E-4	0.0	0.0015385	0.0	0.0	0.0017231	7.062E-4	0.0013396	0.0013098	8.41E-4	0.0016155	0.0	9.328E-4	0.0013629	8.897E-4	5.074E-4	8.791E-4	0.0011398	0.0	0.0	0.0014451	3.814E-4	0.0	0.0	5.258E-4	0.0	0.0	0.0	0.0	0.0	
white egret sp.	0.0	0.0	0.0	0.0	0.0	0.0	0.0	0.0	0.0	0.0	0.0	0.0	0.0	0.0011556	0.0010549	2.773E-4	2.739E-4	0.0	5.274E-4	0.0	0.0015	5.615E-4	6.184E-4	5.744E-4	0.0	6.698E-4	0.0015	8.41E-4	0.0	0.0	0.0	6.814E-4	0.0	0.0010147	4.396E-4	7.599E-4	0.0	0.0	0.0015	0.0	0.0	0.0	0.0	0.0	0.0	5.711E-4	0.0	0.0	
American White Pelican	0.0035955	0.0	0.0	0.0	0.0	0.0	0.0	0.0	0.0	0.0	0.0	0.0	0.0	0.0	0.0	0.0	0.0	0.0	0.0	2.782E-4	0.0	0.0	0.0015	0.0	0.0028249	0.0073677	0.0222659	0.0239697	0.0166936	0.0324468	0.0279851	0.0340716	0.0680605	0.0334855	0.0325275	0.0113982	0.0074177	0.0059388	0.011079	0.0129672	0.0083333	0.0037982	0.0162986	0.0130492	0.0020548	0.0	0.0018735	0.0	
Brown Pelican	0.0	5.534E-4	0.0	0.0	0.0	0.0	0.0	0.0	0.0	0.0	0.0	0.0	0.0	0.0	0.0	0.0	0.0	0.0	0.0	0.0	0.0015	5.615E-4	0.0018553	5.744E-4	0.0042373	0.0073677	0.0130976	0.0042052	0.0	0.0015957	9.328E-4	3.407E-4	4.448E-4	0.0	0.0	0.0	0.0018544	0.0022841	0.0	3.814E-4	0.0029412	0.0086815	0.0015773	0.0013049	0.0020548	0.0	0.0	0.0	
pelican sp.	0.0	0.0	0.0	0.0	0.0	0.0	0.0	0.0	0.0	0.0	0.0	0.0	0.0	0.0	0.0	0.0	0.0	0.0	0.0	0.0	0.0	0.0	0.0	0.0	0.0	0.0	0.0	0.0	0.0	0.0	0.0	0.0	0.0	0.0	0.0	0.0	0.0	0.0	0.0	0.0	0.0	0.0	0.0	0.0	0.0	5.711E-4	0.0	0.0	
Black Vulture	0.0013483	0.002767	0.0040775	0.0067912	0.0058404	0.0039548	0.0043687	0.0026261	0.0060606	0.0049213	0.0061135	0.0060772	0.0049772	0.0100154	0.0063291	0.0066556	0.0019173	0.0018378	0.0023734	0.0019477	5.128E-4	0.001123	0.0012369	5.744E-4	0.0015	6.698E-4	6.549E-4	4.205E-4	5.385E-4	0.0010638	9.328E-4	3.407E-4	0.0	0.0015221	0.0017582	7.599E-4	0.0060269	0.0031978	0.0019268	0.0030511	0.002451	0.0016278	0.0010515	0.0034798	0.0047945	0.0051399	0.0046838	0.0056596	
Turkey Vulture	0.0013483	0.0016602	0.0035678	0.0050934	0.0077872	0.0107345	0.0083006	0.0215336	0.0292929	0.0329724	0.0375546	0.0404132	0.0493571	0.0435285	0.0365682	0.0407654	0.0323199	0.0303239	0.0221519	0.0186422	0.005641	0.0067378	0.0068027	0.0103389	0.0035311	0.0100469	0.0072037	0.0054668	0.005385	0.006383	0.0083955	0.0091993	0.0129004	0.0096398	0.0079121	0.0098784	0.0143718	0.0173595	0.0134875	0.011823	0.0098039	0.0081389	0.0031546	0.0104393	0.0027397	0.0045688	0.0074941	0.0026121	
new world vulture sp.	0.0	0.0	0.0	0.0	0.0	0.0	0.0	0.0	0.0010101	0.0	4.367E-4	0.0	0.0	0.0	0.0	0.0	2.739E-4	0.0	0.0	0.0	0.0	0.0	0.0	0.0	0.0	0.0	0.0	0.0	0.0	0.0	0.0	0.0	0.0	0.0	0.0	0.0	0.0	0.0	0.0	0.0	0.0	0.0	0.0	0.0	0.0	0.0	0.0	0.0	
Osprey	0.0	0.0	0.0	0.0	6.489E-4	0.0	0.0	0.0	5.051E-4	0.0127953	0.1004367	0.1914312	0.2277063	0.2754237	0.2341772	0.2251803	0.2202136	0.2595911	0.3006329	0.3330551	0.3538462	0.3677709	0.3760049	0.3452039	0.3615819	0.3811119	0.4073346	0.4184188	0.452881	0.4638298	0.4762127	0.4201022	0.3718861	0.2846271	0.2531868	0.2177052	0.1636532	0.1439013	0.0751445	0.044241	0.0269608	0.01465	0.0015773	0.0013049	6.849E-4	0.0	4.684E-4	0.0015	
Swallow-tailed Kite	0.0	0.0	0.0	0.0	0.0	0.0	0.0	0.0	0.0	0.0	0.0	0.0	0.0	0.0	0.0015	0.0015	0.0	2.297E-4	0.0	2.782E-4	0.0	0.0	0.0	0.0	0.0	0.0	0.0	0.0	0.0	0.0	4.664E-4	0.0	0.0	0.0	0.0	0.0	0.0	0.0	0.0	0.0	0.0	0.0	0.0	0.0	0.0	0.0	0.0	0.0	
Golden Eagle	0.0	0.0	0.0	0.0	0.0	0.0	0.0	0.0	0.0	0.0	0.0	0.0	0.0	0.0	0.0	2.773E-4	0.0	0.0	0.0	0.0	0.0	0.0	0.0	0.0	0.0	0.0	0.0	0.0	0.0	0.0	0.0	0.0	0.0	0.0	0.0	3.799E-4	0.0	0.0	4.817E-4	3.814E-4	0.0	0.0	0.0	0.0	0.0	0.0	0.0	0.0	
Sharp-shinned Hawk	0.0269663	0.0204759	0.0259939	0.0224958	0.0155743	0.0163842	0.0192224	0.0162815	0.0171717	0.0172244	0.0222707	0.0246126	0.0207383	0.0134823	0.0140647	0.0080422	0.0030129	9.189E-4	5.274E-4	2.782E-4	0.0	0.0	0.0	0.0	0.0	0.0	0.0	0.0	0.0	0.0	0.0013993	6.814E-4	0.0062278	0.0197869	0.0452747	0.0664894	0.0723227	0.1137506	0.1233141	0.1197559	0.0887255	0.0960391	0.0809674	0.0430622	0.0376712	0.0342661	0.0449649	0.016108	
Cooper's Hawk	0.0548315	0.0785833	0.0657492	0.0683362	0.0532122	0.0694915	0.0366972	0.0614496	0.0494949	0.0442913	0.0375546	0.0312975	0.0360846	0.0200308	0.0140647	0.0108153	0.0128732	0.0068918	0.0050105	0.0022259	0.0020513	0.0039304	0.0012369	0.0034463	0.0021186	6.698E-4	0.0026195	0.0025231	0.0037695	0.0079787	0.0121269	0.0153322	0.0209075	0.0421106	0.0443956	0.0661094	0.0973574	0.1466423	0.1483622	0.1338673	0.122549	0.1209984	0.1098843	0.1026533	0.0863014	0.0930897	0.1344262	0.0875054	
Sharp-shinned/Cooper's Hawk	0.0040449	0.002767	0.0015291	0.0021222	0.0038936	0.0039548	0.003495	0.0026261	0.0020202	0.0	0.00131	0.0015193	0.0016591	7.704E-4	7.032E-4	8.319E-4	0.0	4.595E-4	2.637E-4	2.782E-4	0.0	0.0	6.184E-4	5.744E-4	0.0	0.0	6.549E-4	4.205E-4	0.0	0.0	4.664E-4	0.0010221	0.0015	0.0015221	0.0035165	0.0037994	0.002318	0.0059388	0.006262	0.0038139	0.0039216	0.0097667	0.0073607	0.0026098	0.0047945	0.0062821	0.0032787	0.0043535	
American Goshawk	8.989E-4	0.0	5.097E-4	0.0	6.489E-4	5.65E-4	8.737E-4	0.0	5.051E-4	0.0	4.367E-4	6.077E-4	0.0	0.0	0.0	0.0	0.0	0.0	0.0	0.0	0.0	0.0	0.0	0.0	0.0	0.0	0.0	0.0	0.0	0.0	0.0	0.0	0.0	0.0	0.0	0.0	0.0	0.0	0.0	0.0	0.0	0.0010852	5.258E-4	0.0013049	0.0020548	0.0022844	0.0	0.0013061	
Cooper's Hawk/American Goshawk	0.0	0.0	0.0	0.0	0.0	0.0	0.0	0.0	0.0	0.0	0.0	0.0	0.0	0.0	0.0	0.0	0.0	0.0	0.0	0.0	0.0	0.0	0.0	0.0	0.0	0.0	0.0	0.0	0.0	0.0	0.0	0.0	0.0	0.0	4.396E-4	0.0	0.0	0.0	0.0	0.0	4.902E-4	0.0	5.258E-4	0.0	0.0	0.0	0.0	0.0	
Accipitrine hawk sp. (former Accipiter sp.)	0.0026966	0.0033204	0.0020387	0.0016978	0.0032446	0.0033898	4.369E-4	5.252E-4	5.051E-4	0.0014764	4.367E-4	0.0027347	0.0020738	3.852E-4	0.0	0.0	8.217E-4	6.892E-4	0.0	2.782E-4	0.0	0.0	0.0	5.744E-4	0.0	0.0013396	6.549E-4	4.205E-4	0.0	5.319E-4	4.664E-4	0.0010221	0.0013345	0.0015221	0.0043956	0.0026596	0.0046361	0.0018273	0.0043353	0.006865	0.0019608	0.0037982	0.0026288	0.0034798	0.0041096	0.0034266	0.0023419	4.354E-4	
Northern Harrier	0.0476404	0.0481461	0.049949	0.0449915	0.0525633	0.0355932	0.0384447	0.0477941	0.0353535	0.0398622	0.030131	0.0267396	0.0286188	0.0300462	0.0225035	0.0146977	0.0147905	0.0153917	0.0089662	0.0063996	0.0020513	0.0016844	0.0018553	0.0017231	0.0028249	0.0040188	0.0032744	0.0037847	0.007539	0.0175532	0.0083955	0.0367973	0.0542705	0.0598681	0.0668132	0.0809271	0.0755679	0.099132	0.0958574	0.109077	0.1063725	0.1291373	0.1466877	0.0909091	0.0746575	0.0605368	0.0866511	0.0674793	
Bald Eagle	0.0224719	0.0182623	0.0178389	0.0157046	0.0129786	0.019774	0.0152905	0.0267857	0.0212121	0.0369094	0.0257642	0.0322091	0.0302779	0.0358243	0.0249648	0.0191348	0.0120515	0.0107972	0.0137131	0.0050083	0.0041026	0.0078608	0.0018553	0.0028719	7.062E-4	0.0046885	0.0045842	0.0067283	0.0026925	0.012234	0.0097948	0.0228279	0.0169039	0.0167428	0.0232967	0.0205167	0.0236439	0.0324349	0.0361272	0.0251716	0.0220588	0.0157352	0.0205047	0.0200087	0.0164384	0.0194175	0.0220141	0.0121898	
Golden/Bald Eagle	0.0	0.0	0.0	0.0	0.0	0.0	0.0	0.0	0.0	0.0	0.0	0.0	0.0	0.0015	0.0	0.0	0.0	0.0	0.0	0.0	0.0	0.0	0.0	0.0	0.0	0.0	0.0	0.0	0.0	0.0	0.0	0.0	0.0	0.0	0.0	0.0	0.0	0.0	0.0	0.0	0.0	0.0	0.0	0.0	0.0	0.0	0.0	0.0	
Mississippi Kite	0.0	0.0	0.0	0.0	0.0	0.0	0.0	0.0	0.0	0.0	0.0	0.0	0.0	0.0	0.0	0.0	2.739E-4	2.297E-4	2.637E-4	2.782E-4	0.0	0.0	0.0	0.0	7.062E-4	0.0	0.0	0.0	0.0	0.0	0.0	0.0	0.0	0.0	0.0	0.0	0.0	0.0	0.0	0.0	0.0	0.0	0.0	0.0	0.0	0.0	0.0	0.0	
Broad-winged Hawk	0.0	0.0	0.0	0.0	0.0	0.0	0.0	0.0	0.0	0.0	0.0	0.0	0.0	3.852E-4	0.0024613	0.0030505	0.0032868	0.0022973	0.0023734	0.0013912	0.0	0.0	0.0	0.0	0.0	0.0	0.0	0.0	0.0	0.0026596	0.0013993	0.0081772	0.002669	0.0050736	0.0043956	0.0079787	0.0041725	0.0045683	0.0024085	0.0019069	0.0	0.0	0.0	0.0	0.0	0.0	0.0	0.0	
Red-shouldered Hawk	0.0094382	0.0105147	0.0050968	0.0110357	0.0051914	0.0062147	0.003495	0.0089286	0.0050505	0.0044291	0.0048035	0.004254	0.0029034	0.0015408	3.516E-4	8.319E-4	5.478E-4	6.892E-4	7.911E-4	5.565E-4	0.0	0.0015	0.0	0.0	0.0	0.0	0.0	0.0	0.0	0.0	0.0	0.0	0.0	0.0	4.396E-4	3.799E-4	0.0027816	0.0022841	0.0033719	0.0072464	0.0073529	0.0151926	0.0131441	0.0078295	0.0109589	0.0068532	0.0149883	0.0069656	
Swainson's Hawk	0.0	0.0	0.0	0.0	0.0	0.0	0.0	0.0	0.0	0.0	0.0	0.0	0.0	0.0	0.0	0.0	0.0	0.0	0.0	0.0	0.0	0.0	0.0	0.0	0.0	0.0	0.0	0.0	0.0	0.0	0.0	0.0	0.0	0.0	4.396E-4	0.0	0.0	0.0	0.0	0.0	0.0015	0.0	0.0	0.0	0.0	0.0	0.0	0.0	
Red-tailed Hawk	0.1226966	0.1256226	0.1197757	0.1209677	0.1135626	0.1389831	0.1100917	0.1454832	0.1323232	0.1427165	0.1270742	0.1218475	0.1443384	0.1209553	0.1153305	0.1156406	0.1169543	0.1157822	0.0896624	0.082916	0.0553846	0.0544638	0.0401979	0.0453762	0.0331921	0.0475553	0.0392927	0.0370059	0.0242326	0.0351064	0.0377799	0.0432709	0.044484	0.0705226	0.0795604	0.0763678	0.1261011	0.1009593	0.1406551	0.124714	0.1627451	0.1405317	0.1472135	0.1522401	0.1342466	0.1541976	0.187822	0.1297344	
Rough-legged Hawk	8.989E-4	5.534E-4	0.0020387	0.0012733	6.489E-4	0.0033898	0.0030581	0.0010504	5.051E-4	4.921E-4	4.367E-4	0.0	0.0	0.0	0.0	0.0	0.0	0.0	0.0	0.0	0.0	0.0	0.0	0.0	0.0	0.0	0.0	0.0	0.0	0.0	0.0	0.0	0.0	0.0	0.0	0.0	0.0	0.0	4.817E-4	0.0	0.0	5.426E-4	0.0010515	4.35E-4	6.849E-4	0.0022844	9.368E-4	0.0015	
Buteo sp.	0.0022472	0.0016602	5.097E-4	0.0	6.489E-4	5.65E-4	0.0030581	0.0010504	0.0010101	0.0	0.00131	0.0012154	4.148E-4	0.0	0.0014065	8.319E-4	5.478E-4	4.595E-4	2.637E-4	5.565E-4	0.0	0.0	0.0	5.744E-4	0.0	0.0	6.549E-4	4.205E-4	5.385E-4	5.319E-4	0.0	0.0	8.897E-4	0.0015221	8.791E-4	3.799E-4	4.636E-4	9.137E-4	9.634E-4	0.0015256	4.902E-4	0.0	5.258E-4	0.0	0.0013699	0.0011422	9.368E-4	0.0026121	
hawk sp.	0.0035955	0.002767	5.097E-4	0.0050934	0.0019468	0.0033898	0.0048056	0.0042017	0.0030303	0.0029528	0.0017467	0.0018232	0.0024886	0.0015408	0.0014065	0.0011093	0.002739	0.0011486	7.911E-4	0.0013912	0.0010256	0.001123	0.0018553	5.744E-4	7.062E-4	6.698E-4	0.0019646	0.0	0.0015	0.0010638	9.328E-4	0.0017036	0.0017794	0.0045662	0.0043956	0.0053191	0.0032452	0.0031978	0.004817	0.0034325	0.004902	0.0037982	0.0052576	0.0030448	0.0013699	0.0045688	0.0070258	0.0034828	
eagle sp.	0.0	0.0	0.0	0.0	0.0	0.0	0.0	0.0	0.0	0.0	0.0	3.039E-4	0.0	0.0	0.0	0.0	0.0	0.0	0.0	0.0	0.0	0.0	0.0	0.0	0.0	0.0	0.0	0.0	0.0	0.0	0.0	0.0	0.0	0.0	0.0	0.0	0.0	0.0	0.0	0.0	0.0	5.426E-4	0.0	0.0	0.0	0.0	0.0	0.0	
American Barn Owl	0.0130337	0.0127283	0.0132518	0.0076401	0.0194679	0.0135593	0.0126693	0.0330882	0.019697	0.0231299	0.0200873	0.0176238	0.0248859	0.01849	0.0221519	0.0130338	0.0087647	0.0140133	0.0192511	0.0250417	0.025641	0.0415497	0.047619	0.0396324	0.0190678	0.0133958	0.0065488	0.0113541	0.006462	0.0031915	0.0093284	0.0030664	0.002669	0.0030441	0.0043956	0.0018997	9.272E-4	9.137E-4	0.0024085	0.0019069	0.0039216	0.0032556	0.0215563	0.0143541	0.0116438	0.0068532	0.0117096	0.008707	
Eastern Screech-Owl	0.0013483	0.0016602	0.0015	4.244E-4	0.0019468	0.0033898	0.0030581	0.0042017	5.051E-4	0.0029528	0.0030568	0.0015193	0.0	0.0015408	0.0028129	0.0019412	0.0021912	0.0011486	5.274E-4	0.0	0.0	0.0015	0.0	0.0	0.0	0.0	0.0	0.0	0.0	5.319E-4	4.664E-4	3.407E-4	0.0	0.0	4.396E-4	0.0	0.0	0.0	4.817E-4	0.0015	0.0	5.426E-4	0.0	0.0	0.0015	0.0011422	4.684E-4	0.0	
Snowy Owl	0.0103371	0.0116215	0.0188583	0.0212224	0.0233615	0.0073446	0.0131062	0.0120798	0.0075758	0.0044291	0.0048035	9.116E-4	0.0033181	0.0	0.0	0.0	0.0	0.0	0.0	0.0	0.0	0.0	0.0	0.0	0.0	0.0	0.0	0.0	0.0	0.0	0.0	0.0	0.0	0.0	0.0	0.0	0.0	0.0	0.0	0.0	0.0	5.426E-4	5.258E-4	0.0060896	0.0089041	0.0045688	0.0117096	0.0095777	
Great Horned Owl	0.0107865	0.0132817	0.0117227	0.0127334	0.0077872	0.0090395	0.0065531	0.0215336	0.0111111	0.0147638	0.0148472	0.023701	0.0286188	0.0288906	0.0302391	0.0219079	0.0265681	0.0149322	0.0100211	0.0022259	0.0041026	0.0016844	0.0012369	0.0	7.062E-4	0.0013396	0.0	4.205E-4	0.0	5.319E-4	4.664E-4	0.0010221	0.0031139	0.0010147	0.0035165	0.0034195	0.0041725	0.0041115	0.0052987	0.0038139	0.004902	0.0032556	0.0036803	0.0078295	0.010274	0.0068532	0.0107728	0.0052242	
Burrowing Owl	0.0	0.0	0.0	0.0	0.0	0.0	0.0	0.0	0.0	0.0	0.0	0.0	0.0	0.0	0.0	0.0	0.0	0.0	0.001846	0.0	0.0	0.0	0.0	0.0	0.0	0.0	0.0	0.0	0.0	0.0	0.0	0.0	0.0	0.0	0.0	0.0	0.0	0.0	0.0	0.0	0.0	0.0	0.0	0.0	0.0	0.0	0.0	0.0	
Long-eared Owl	0.0	5.534E-4	5.097E-4	8.489E-4	0.0	0.0	0.0015	0.0	0.0	0.0015	4.367E-4	0.002127	0.0	0.0015	3.516E-4	0.0015	0.0	0.0	0.0	0.0	0.0	0.0	0.0	0.0	0.0	0.0	0.0	0.0	0.0	0.0	0.0	0.0	0.0	0.0	0.0	0.0	0.0	0.0	0.0	0.0	0.0	5.426E-4	0.0015	0.0	0.0	5.711E-4	9.368E-4	0.0	
Short-eared Owl	0.0022472	0.0016602	0.0025484	0.0021222	6.489E-4	5.65E-4	0.0013106	0.0010504	0.0020202	4.921E-4	8.734E-4	6.077E-4	8.295E-4	0.0	3.516E-4	0.0	0.0	0.0	0.0	0.0	0.0	0.0	0.0	0.0	0.0	0.0	0.0	0.0	5.385E-4	0.0	0.0	0.0	0.0	0.0	0.0	0.0015	4.636E-4	0.0	0.0033719	7.628E-4	0.0019608	0.0043407	0.002103	0.0017399	0.0027397	0.0011422	0.0056206	0.0039182	
Northern Saw-whet Owl	0.0058427	0.0038738	0.0086646	0.00382	0.0045425	0.0039548	0.0030581	0.0015756	0.0015152	0.0024606	0.00131	0.0012154	0.0	0.0011556	0.0	0.0	0.0	0.0	0.0	0.0	0.0	0.0	0.0	0.0	0.0	0.0	0.0	0.0	0.0	0.0	0.0	0.0	0.0	0.0	0.0	0.0	0.0015	0.0	0.0015	0.0038139	9.804E-4	0.0059685	0.0010515	0.0047847	0.0047945	0.0034266	0.0074941	0.0056596	
owl sp.	0.0	5.534E-4	0.0	4.244E-4	6.489E-4	0.0	0.0015	0.0	5.051E-4	0.0	4.367E-4	3.039E-4	4.148E-4	0.0015	7.032E-4	0.0	0.0	2.297E-4	0.0	0.0	0.0	0.0	0.0	0.0	0.0	0.0	0.0	4.205E-4	0.0	0.0	0.0	0.0	0.0	0.0015	0.0015	3.799E-4	0.0	0.0	0.0	0.0	0.0	0.0	0.0	8.699E-4	0.0013699	5.711E-4	4.684E-4	4.354E-4	
Belted Kingfisher	0.0233708	0.0254566	0.0254842	0.0199491	0.0162232	0.0175141	0.0148536	0.0183824	0.019697	0.0172244	0.0240175	0.025828	0.0485276	0.0469954	0.0545007	0.0327232	0.0279376	0.0211348	0.0100211	0.0041736	0.0061538	0.0039304	0.0030921	0.0034463	0.0028249	0.0040188	0.005239	0.0142977	0.0118471	0.0244681	0.0443097	0.0555366	0.0849644	0.0568239	0.0852747	0.0839666	0.0968938	0.0872545	0.0717726	0.0480549	0.0485294	0.0396093	0.0467928	0.0521966	0.030137	0.0462593	0.0580796	0.0278624	
Yellow-bellied Sapsucker	0.0350562	0.0204759	0.0152905	0.0220713	0.0155743	0.0141243	0.0166011	0.0236345	0.0212121	0.0270669	0.0344978	0.0562139	0.1036914	0.0766564	0.0685654	0.0224626	0.0057518	0.0043648	0.001846	0.0	0.0	0.0	0.0	0.0	0.0	0.0	0.0	0.0	0.0	0.0	0.0	0.0	0.0	0.0015	0.0057143	0.0756079	0.1821975	0.2046597	0.1681118	0.0842868	0.045098	0.0379816	0.0404837	0.0361027	0.0438356	0.0508281	0.0496487	0.0387462	
Red-headed Woodpecker	0.0049438	0.0016602	0.0010194	0.0055178	0.0032446	0.0022599	4.369E-4	0.0010504	5.051E-4	0.0054134	0.0021834	0.0027347	0.0024886	0.0023112	0.0014065	0.0033278	0.0087647	0.010108	0.0116034	0.008069	0.0117949	0.0022459	0.0	0.0	0.0	0.0	0.0	0.0	0.0	0.0	0.0	0.0	4.448E-4	0.0010147	0.003956	3.799E-4	0.0050997	0.0022841	9.634E-4	0.0015256	0.004902	0.0016278	5.258E-4	0.0017399	0.0054795	0.0011422	4.684E-4	0.0052242	
Red-bellied Woodpecker	0.1537079	0.1627006	0.1442406	0.1706282	0.1583387	0.1723164	0.163827	0.1559874	0.1606061	0.1983268	0.1899563	0.2120936	0.2658648	0.2715716	0.2721519	0.3219634	0.3620926	0.3165633	0.2647679	0.1644407	0.1010256	0.079169	0.0606061	0.0792648	0.0713277	0.054923	0.0504257	0.0407906	0.0398492	0.0542553	0.0718284	0.1110733	0.1343416	0.1882293	0.1969231	0.2097264	0.2656467	0.2421197	0.2350674	0.2227307	0.2284314	0.2088985	0.1898002	0.199652	0.1952055	0.2181611	0.2093677	0.1723988	
Downy Woodpecker	0.218427	0.2230216	0.2140673	0.2270798	0.2355613	0.2288136	0.2053298	0.2205882	0.2085859	0.2337598	0.2475983	0.25433	0.3098299	0.3077812	0.3020394	0.301442	0.2927965	0.2281185	0.1882911	0.1310518	0.1	0.1055587	0.0909091	0.117174	0.1306497	0.1272605	0.1329404	0.118587	0.1157781	0.1351064	0.1366604	0.170017	0.1823843	0.2349061	0.2246154	0.2264438	0.2457116	0.2133394	0.2292871	0.2402746	0.2558824	0.257732	0.2476341	0.2414093	0.2534247	0.2786979	0.288993	0.2368306	
Hairy Woodpecker	0.0485393	0.0442723	0.0351682	0.0424448	0.036989	0.0378531	0.0314548	0.0330882	0.0393939	0.0556102	0.049345	0.0604679	0.0717545	0.0743451	0.0755977	0.0809762	0.1007943	0.0804043	0.0627637	0.0370061	0.014359	0.017406	0.0105133	0.0218265	0.0148305	0.0120563	0.016372	0.0058873	0.0070005	0.006383	0.0149254	0.0248722	0.0324733	0.0573313	0.0430769	0.0334347	0.0324525	0.0219278	0.0250482	0.0263158	0.0348039	0.034726	0.0415352	0.0408873	0.0513699	0.0519703	0.0519906	0.0439704	
Downy/Hairy Woodpecker	8.989E-4	0.0016602	5.097E-4	0.0016978	0.0019468	0.0028249	0.0056793	5.252E-4	0.0010101	0.0014764	0.00131	0.0018232	0.0024886	0.0015408	0.0010549	0.0011093	0.0032868	9.189E-4	0.0013186	5.565E-4	0.0010256	5.615E-4	6.184E-4	0.0	7.062E-4	6.698E-4	0.0	0.0	0.0	5.319E-4	0.0	0.0010221	4.448E-4	5.074E-4	0.0013187	0.0015198	0.0013908	9.137E-4	0.0014451	0.0019069	9.804E-4	0.0021704	0.0	0.0017399	6.849E-4	5.711E-4	4.684E-4	8.707E-4	
Pileated Woodpecker	4.494E-4	0.0	5.097E-4	0.0021222	6.489E-4	0.0016949	4.369E-4	0.0	0.0	4.921E-4	0.0021834	6.077E-4	8.295E-4	0.0011556	0.0042194	2.773E-4	0.0019173	0.0041351	0.0010549	0.001113	0.0	5.615E-4	0.0	5.744E-4	0.0	0.0	0.0	0.0	0.0	0.0	0.0	0.0	0.0	0.0	0.0	0.0	0.0	0.0	0.0	0.0	0.0	0.0	0.0010515	8.699E-4	0.0	0.0015	0.0	0.0	
Northern Flicker	0.0633708	0.0708356	0.0463812	0.049236	0.0584036	0.040678	0.0401922	0.049895	0.0515152	0.0556102	0.0934498	0.155272	0.3015346	0.3724961	0.3403657	0.2956184	0.2730759	0.2212267	0.1787975	0.1254869	0.0917949	0.0836609	0.0921459	0.0959219	0.1016949	0.087073	0.086444	0.0891505	0.085622	0.1170213	0.1208022	0.1519591	0.1921708	0.2587519	0.3767033	0.4426292	0.4464534	0.4116035	0.3468208	0.2864226	0.2102941	0.2154097	0.1892744	0.1413658	0.1164384	0.1027984	0.1311475	0.0870701	
woodpecker sp.	4.494E-4	0.0016602	0.0030581	0.0012733	0.0	5.65E-4	0.0021844	0.0021008	5.051E-4	0.0034449	0.00131	0.0024309	0.0012443	0.0023112	0.0014065	0.0016639	0.0019173	0.0018378	0.0010549	0.0013912	5.128E-4	0.0022459	0.0018553	0.0022975	0.0021186	6.698E-4	6.549E-4	8.41E-4	0.001077	0.0	4.664E-4	0.0013629	8.897E-4	0.0015221	0.0026374	0.0022796	0.002318	0.0045683	4.817E-4	0.0019069	4.902E-4	0.0032556	0.0010515	0.0013049	0.0034247	0.0	9.368E-4	4.354E-4	
American Kestrel	0.0305618	0.0249032	0.0219164	0.0250424	0.0227125	0.0276836	0.0183486	0.0157563	0.0186869	0.0270669	0.0279476	0.0285627	0.0447947	0.03698	0.0393812	0.0271769	0.0199945	0.015162	0.0166139	0.0125209	0.0112821	0.0134756	0.012987	0.012062	0.0105932	0.0133958	0.0117878	0.0130362	0.0107701	0.0143617	0.0102612	0.0241908	0.0400356	0.0664637	0.0967033	0.099924	0.0899397	0.1429877	0.1233141	0.0896262	0.0622549	0.0727075	0.0604627	0.0474119	0.0554795	0.0411194	0.0669789	0.0409229	
Merlin	0.0134831	0.0193691	0.0142712	0.016129	0.0194679	0.0141243	0.0131062	0.0115546	0.0176768	0.019685	0.0231441	0.0170161	0.0170054	0.0181048	0.0147679	0.014975	0.010682	0.0094188	0.0026371	0.0013912	5.128E-4	0.0	6.184E-4	0.0	0.0	0.0013396	0.0045842	0.0033642	5.385E-4	0.0058511	0.0139925	0.0293015	0.0649466	0.102486	0.1046154	0.1109422	0.1186834	0.1470991	0.1358382	0.1132723	0.0838235	0.0678242	0.0546793	0.0378425	0.0335616	0.0234152	0.0309133	0.0217675	
Gyrfalcon	0.0	0.0	0.0	0.0	0.0	0.0	0.0	0.0	0.0	0.0	0.0	0.0	0.0	0.0	0.0	0.0	0.0	0.0	0.0	0.0	0.0	0.0	0.0	0.0	0.0	0.0	0.0	0.0	0.0	0.0	0.0	0.0	0.0	0.0	0.0	0.0	0.0	0.0	0.0	0.0	0.0	0.0	0.0	0.0	0.0	0.0	0.0	0.0015	
Peregrine Falcon	0.0377528	0.0337576	0.0331295	0.0288625	0.0343933	0.0310734	0.0222805	0.0304622	0.0363636	0.023622	0.0235808	0.0176238	0.0199088	0.020416	0.0151195	0.0169163	0.0202684	0.0277969	0.0279536	0.0272677	0.0153846	0.0140371	0.017316	0.0114877	0.0233051	0.0341594	0.0622135	0.1148024	0.1389338	0.1776596	0.1893657	0.1594549	0.1579181	0.1100964	0.0953846	0.106003	0.097821	0.123344	0.0924855	0.0892449	0.0730392	0.081389	0.0835962	0.0695955	0.05	0.0462593	0.0721311	0.0457118	
large falcon sp.	0.0	0.0	0.0	0.0	0.0	0.0	0.0	0.0	0.0	0.0	0.0	0.0	0.0	0.0	0.0	0.0	0.0	0.0	0.0	0.0	0.0	0.0	0.0	0.0	0.0	0.0	0.0	0.0	0.0	0.0	0.0	3.407E-4	0.0	0.0	0.0	0.0	0.0	0.0	0.0	0.0	0.0	5.426E-4	0.0	0.0	0.0	0.0	0.0	0.0	
small falcon sp.	0.0	0.0	0.0	0.0	0.0	0.0	0.0	0.0	0.0	0.0	0.0	6.077E-4	0.0	3.852E-4	0.0	0.0	0.0	2.297E-4	2.637E-4	0.0	0.0	0.0	0.0	5.744E-4	0.0	0.0	0.0	0.0	0.0	0.0	0.0	6.814E-4	4.448E-4	5.074E-4	0.0021978	3.799E-4	4.636E-4	0.0	0.0014451	7.628E-4	0.0	5.426E-4	5.258E-4	4.35E-4	0.0	5.711E-4	0.0	4.354E-4	
falcon sp.	4.494E-4	5.534E-4	0.0	0.0	6.489E-4	5.65E-4	0.0	0.0	0.0	4.921E-4	0.0	0.0	0.0	0.0	3.516E-4	0.0	0.0	4.595E-4	2.637E-4	0.0	0.0	0.0	0.0	0.0	0.0	0.0	0.0	0.0	0.0	0.0	0.0	0.0	8.897E-4	5.074E-4	8.791E-4	0.0011398	9.272E-4	9.137E-4	0.0	0.0011442	0.0	5.426E-4	5.258E-4	8.699E-4	0.0	0.0015	9.368E-4	0.0015	
diurnal raptor sp.	0.0	0.0	0.0	0.0015	0.0012979	5.65E-4	4.369E-4	0.0	0.0	0.0	0.0	3.039E-4	4.148E-4	0.0	0.0	0.0	2.739E-4	4.595E-4	2.637E-4	2.782E-4	0.0	0.0	0.0	0.0	0.0	0.0	0.0	0.0	5.385E-4	0.0	4.664E-4	0.0	4.448E-4	0.0	8.791E-4	7.599E-4	9.272E-4	9.137E-4	0.0014451	0.0	9.804E-4	0.0016278	0.0	4.35E-4	0.0013699	0.0	0.0	0.0017414	
Cockatiel	0.0	0.0	0.0	0.0	0.0	0.0	0.0	0.0	0.0	0.0	0.0	0.0	0.0	0.0	0.0	0.0	0.0	0.0	0.0	0.0015	0.0	5.615E-4	0.0	0.0	0.0	0.0	0.0	0.0	5.385E-4	0.0	0.0	0.0	0.0	0.0	0.0	0.0	0.0	4.568E-4	0.0	0.0	0.0	0.0	0.0	0.0	0.0	0.0	0.0	0.0	
Budgerigar	0.0	0.0	0.0	0.0	0.0	0.0	0.0	0.0	0.0	0.0	0.0	3.039E-4	4.148E-4	3.852E-4	0.0	0.0011093	5.478E-4	2.297E-4	2.637E-4	5.565E-4	5.128E-4	0.0	0.0	5.744E-4	0.0015	0.0013396	0.0015	8.41E-4	0.001077	5.319E-4	0.0018657	3.407E-4	0.0013345	0.0040589	0.0026374	0.0022796	0.0032452	0.0022841	0.0014451	7.628E-4	0.0	0.0015	0.0	0.0	0.0	0.0	4.684E-4	0.0	
Rosy-faced Lovebird	0.0	0.0	0.0	0.0	0.0	0.0	0.0	0.0	0.0	0.0	0.0	0.0	0.0	0.0	0.0	0.0	0.0	0.0	0.0	0.0	0.0	0.0	0.0	0.0	0.0	0.0	6.549E-4	0.0	0.0	0.0	0.0	0.0	0.0	0.0	0.0	0.0	0.0	0.0	0.0	0.0	0.0	0.0	0.0	0.0	0.0	0.0	0.0	0.0	
lovebird sp.	0.0	0.0	0.0	0.0	0.0	0.0	0.0	0.0	0.0	0.0	0.0	0.0	0.0	0.0	0.0	0.0	0.0	0.0	0.0	0.0	0.0	0.0	0.0	0.0	0.0	0.0	0.0	0.0	0.0	0.0	0.0	0.0	0.0	0.0010147	0.0	0.0	0.0	0.0	0.0	0.0	0.0	0.0	0.0	0.0	0.0	0.0	0.0	0.0	
Monk Parakeet	0.0202247	0.0166021	0.0152905	0.0182513	0.0110318	0.0146893	0.0166011	0.022584	0.0116162	0.023622	0.0248908	0.0255242	0.0443799	0.0250385	0.0302391	0.0260677	0.0232813	0.0236618	0.0239979	0.0269894	0.0379487	0.0342504	0.0327767	0.0350373	0.0374294	0.0308104	0.0275049	0.0248108	0.0231556	0.0212766	0.0135261	0.0173765	0.0155694	0.0167428	0.0140659	0.0201368	0.0287436	0.0260393	0.0260116	0.0308924	0.0323529	0.0244167	0.0173502	0.0295781	0.0246575	0.0274129	0.0238876	0.0226382	
Nanday Parakeet	0.0	0.0	0.0	0.0	0.0	0.0	0.0	0.0	5.051E-4	0.0	0.0	0.0	0.0	0.0	0.0	0.0	0.0	2.297E-4	0.0	2.782E-4	0.0	0.0	0.0	0.0	0.0	0.0	0.0	0.0	0.0	0.0	0.0	0.0	0.0	0.0	0.0015	0.0	0.0	0.0	0.0	3.814E-4	0.0	0.0	5.258E-4	0.0	0.0	0.0	0.0	4.354E-4	
Great Green Macaw	0.0	0.0	0.0	0.0	0.0	0.0	0.0	0.0	0.0	0.0	0.0	0.0	4.148E-4	0.0	0.0	0.0	0.0	0.0	0.0	0.0	0.0	0.0	0.0	0.0	0.0	0.0	0.0	0.0	0.0	0.0	0.0	0.0	0.0	0.0	0.0	0.0	0.0	0.0	0.0	0.0	0.0	0.0	0.0	0.0	0.0	0.0	0.0	0.0	
Mitred Parakeet	0.0	0.0	5.097E-4	0.0	0.0	0.0	0.0	0.0015	0.0	0.0015	4.367E-4	3.039E-4	0.0015	0.0015	7.032E-4	0.0	0.0	2.297E-4	0.0	0.0	0.0	0.0	0.0	0.0	0.0	0.0	0.0	0.0	0.0	0.0	0.0	3.407E-4	0.0	0.0	0.0	0.0	0.0015	0.0	0.0	0.0	0.0	0.0	0.0	0.0	0.0	0.0	0.0	0.0	
parakeet sp.	0.0	0.0	0.0	0.0	0.0	0.0	0.0	0.0	0.0	0.0	0.0	0.0	0.0	0.0	0.0	0.0	0.0	0.0	0.0	0.0	0.0	0.0	0.0	0.0	0.0	0.0	0.0	0.0	0.0	0.0	0.0	0.0	0.0	0.0	0.0	0.0	4.636E-4	4.568E-4	0.0	0.0	0.0	0.0	0.0	0.0	0.0	0.0	0.0	0.0	
Olive-sided Flycatcher	0.0	0.0	0.0	0.0	0.0	0.0	0.0	0.0	0.0	0.0	0.0	0.0	0.0	0.0	0.0	0.0	0.0021912	0.0055134	0.0089662	0.0119644	0.0015385	0.0	0.0	0.0	0.0	0.0	0.0	0.0	0.0	5.319E-4	0.0051306	0.0054514	0.008452	0.0106545	0.0074725	0.0011398	0.0	0.0	0.0	0.0	0.0	0.0	0.0	0.0	0.0	0.0	0.0	0.0	
Eastern Wood-Pewee	0.0	0.0	0.0	0.0	0.0	0.0	0.0	0.0	0.0	0.0	0.0	0.0	0.0	0.0	0.0	5.546E-4	0.0071213	0.0551344	0.1347574	0.1277129	0.0810256	0.0449186	0.030303	0.0287191	0.0233051	0.0207636	0.0176817	0.0117746	0.0134626	0.025	0.0461754	0.0967632	0.1192171	0.1552511	0.1432967	0.1276596	0.0857673	0.0338054	0.0038536	0.0019069	4.902E-4	0.0	0.0	0.0	0.0	0.0	0.0	0.0	
pewee sp. (Contopus sp.)	0.0	0.0	0.0	0.0	0.0	0.0	0.0	0.0	0.0	0.0	0.0	0.0	0.0	0.0	0.0	0.0	0.0	0.0	0.0	0.0	0.0	0.0	0.0	0.0	0.0	0.0	0.0	0.0	0.0	0.0	0.0	0.0	0.0	0.0010147	0.0	0.0	0.0	0.0	0.0	0.0	0.0	0.0	0.0	0.0	0.0	0.0	0.0	0.0	
Yellow-bellied Flycatcher	0.0	0.0	0.0	0.0	0.0	0.0	0.0	0.0	0.0	0.0	0.0	0.0	0.0	0.0	0.0	0.0	0.0	2.297E-4	0.0065928	0.0077908	0.0015385	5.615E-4	6.184E-4	0.0	0.0	0.0	0.0	0.0	0.0	5.319E-4	0.0013993	0.0051107	0.0115658	0.0131913	0.0052747	0.0034195	9.272E-4	0.0	0.0	0.0	0.0	0.0	0.0	0.0	0.0	0.0	0.0	0.0	
Acadian Flycatcher	0.0	0.0	0.0	0.0	0.0	0.0	0.0	0.0	0.0	0.0	0.0	0.0	0.0	0.0	0.0	0.0	0.0	2.297E-4	0.001846	0.009182	0.0082051	0.0129141	0.0061843	0.0091901	0.0063559	0.0013396	0.0019646	0.0063078	5.385E-4	5.319E-4	4.664E-4	0.0	4.448E-4	0.0	0.0	3.799E-4	0.0	0.0	0.0	0.0	0.0	0.0	0.0	0.0	0.0	0.0	0.0	0.0	
Alder Flycatcher	0.0	0.0	0.0	0.0	0.0	0.0	0.0	0.0	0.0	0.0	0.0	0.0	0.0	0.0	0.0	0.0	0.0	0.0	0.001846	0.0061213	0.0	0.0	0.0	0.0	0.0	0.0	0.0	0.0	0.0	5.319E-4	0.0	3.407E-4	4.448E-4	0.0015	0.0	7.599E-4	0.0	0.0	0.0	0.0	0.0	0.0	0.0	0.0	0.0	0.0	0.0	0.0	
Willow Flycatcher	0.0	0.0	0.0	0.0	0.0	0.0	0.0	0.0	0.0	0.0	0.0	0.0	0.0	0.0	0.0	0.0	2.739E-4	0.0305536	0.1292194	0.2198108	0.2589744	0.2116788	0.1985158	0.1499138	0.1624294	0.190221	0.2514735	0.2224558	0.1087776	0.0728723	0.0461754	0.0286201	0.0057829	0.0015221	8.791E-4	0.0	0.0	0.0	0.0	0.0	0.0	0.0	0.0	0.0	0.0	0.0	0.0	0.0	
Alder/Willow Flycatcher (Traill's Flycatcher)	0.0	0.0	0.0	0.0	0.0	0.0	0.0	0.0	0.0	0.0	0.0	0.0	0.0	0.0	0.0	0.0	0.0	4.595E-4	0.0034283	0.0066778	0.0035897	5.615E-4	0.0024737	5.744E-4	0.0014124	0.0013396	0.0026195	0.0012616	0.001077	0.0010638	0.0051306	0.0088586	0.0066726	0.0055809	0.0048352	0.0015198	0.0013908	4.568E-4	0.0	3.814E-4	0.0	0.0	0.0	0.0	0.0	0.0	0.0	0.0	
Least Flycatcher	0.0	0.0	0.0	0.0	0.0	0.0	0.0	0.0	0.0	0.0	0.0	0.0	0.0	0.0	0.0	0.0024958	0.024103	0.034459	0.0385021	0.0102949	0.0020513	0.0	6.184E-4	0.0	0.0	0.0	0.0	8.41E-4	0.003231	0.0031915	0.011194	0.0265758	0.0293594	0.0228311	0.0215385	0.0117781	0.0064905	0.0045683	0.0	0.0	0.0	0.0	0.0	0.0	0.0	0.0	0.0	0.0	
Hammond's Flycatcher	0.0	0.0	0.0	0.0	0.0	0.0	0.0	0.0	0.0	0.0	0.0	0.0	0.0	0.0	0.0	0.0	0.0	0.0	0.0	0.0	0.0	0.0	0.0	0.0	0.0	0.0	0.0	0.0	0.0	0.0	0.0	0.0	0.0	0.0	0.0	0.0	0.0	0.0	0.0	0.0	0.0	0.0	0.0	8.699E-4	0.0	0.0	0.0	0.0	
Western Flycatcher	0.0	0.0	0.0	0.0	0.0	0.0	0.0	0.0	0.0	0.0	0.0	0.0	0.0	0.0	0.0	0.0	0.0	0.0	0.0	0.0	0.0	0.0	0.0	0.0	0.0	0.0	0.0	0.0	0.0	0.0	0.0	0.0	0.0	0.0	0.0	0.0	0.0	0.0	0.0	0.0015	0.0269608	5.426E-4	0.0	0.0	0.0	0.0	0.0	0.0	
Empidonax sp.	0.0	0.0	0.0	0.0	0.0	0.0	0.0	0.0	0.0	0.0	0.0	0.0	8.295E-4	0.0	3.516E-4	2.773E-4	0.0024651	0.0048243	0.0224156	0.0189204	0.0117949	0.0089837	0.0092764	0.0103389	0.0112994	0.0087073	0.0091683	0.0113541	0.0150781	0.0207447	0.0359142	0.0531516	0.0502669	0.0471842	0.0479121	0.0326748	0.0032452	0.0013705	0.0	3.814E-4	0.0	0.0	0.0	0.0	0.0	0.0	0.0	0.0	
Eastern Phoebe	0.0	5.534E-4	0.0010194	0.0	0.0	5.65E-4	4.369E-4	0.0	0.0030303	0.0187008	0.0965066	0.1905196	0.2874326	0.2026194	0.0692686	0.0141431	0.0117776	0.0091891	0.0139768	0.0083472	0.0087179	0.0106682	0.0105133	0.0086157	0.0084746	0.0167448	0.0058939	0.0126156	0.0080775	0.0212766	0.0359142	0.0412266	0.0511566	0.0527651	0.1630769	0.3544833	0.4626796	0.4390132	0.3964355	0.3047292	0.1759804	0.0553445	0.0304942	0.0052197	0.0027397	0.0039977	0.0032787	4.354E-4	
Say's Phoebe	0.0	0.0	0.0	0.0	0.0	0.0	0.0	0.0	0.0	0.0	0.0	0.0	0.0	0.0	0.0	0.0	0.0	0.0	0.0	0.0	0.0	0.0	0.0	0.0	0.0	0.0	0.0	0.0	0.0	0.0	0.0	0.0	0.0	0.0	0.0	0.0	0.0027816	0.0	0.0	0.0	0.0	0.0	0.0	0.0	0.0	0.0	0.0	0.0	
Ash-throated Flycatcher	8.989E-4	0.0	0.0	0.0	0.0	0.0	0.0	0.0	0.0	0.0	0.0	0.0	0.0	0.0	0.0	0.0	0.0	0.0015	0.0	0.0	0.0	0.0	0.0	0.0	0.0	0.0	0.0	0.0	0.0	0.0	0.0	0.0	0.0015	0.0015	0.0	0.0	0.0	0.0	0.0	0.0015	0.0	0.0	0.0010515	0.0078295	0.0027397	0.0062821	0.0032787	0.0021768	
Great Crested Flycatcher	0.0	0.0	0.0	0.0	0.0	0.0	0.0	0.0	0.0	0.0	0.0	0.0	0.0	3.852E-4	7.032E-4	0.0221852	0.1196932	0.1573627	0.1693038	0.1215915	0.0733333	0.0555867	0.0507112	0.0384836	0.0331921	0.0288011	0.016372	0.0121951	0.0118471	0.0265957	0.0419776	0.071891	0.0569395	0.0446474	0.0158242	0.0053191	0.0018544	0.0	0.0	3.814E-4	0.0	0.0	0.0	0.0	0.0	0.0	0.0	0.0	
Myiarchus sp.	0.0	0.0	0.0	0.0	0.0	0.0	0.0	0.0	0.0	0.0	0.0	0.0	0.0	0.0	0.0	0.0	0.0	0.0	0.0	0.0	0.0	0.0	0.0	0.0	0.0	0.0	0.0	0.0	0.0	0.0	0.0	0.0	0.0	0.0	0.0	0.0	4.636E-4	0.0	0.0	0.0	0.0	0.0	0.0	0.0	0.0	0.0	0.0	0.0	
Tropical Kingbird	0.0	0.0	0.0	0.0	0.0	0.0	0.0	0.0	0.0	0.0	0.0	0.0	0.0	0.0	0.0	0.0	0.0	0.0	0.0	0.0	0.0	0.0	0.0	0.0	0.0	0.0	0.0	0.0	0.0	0.0	0.0	0.0	0.0	0.0	0.0	0.0	0.0	0.0	0.0	0.004958	0.0	0.0	0.0	0.0	0.0	0.0	0.0	0.0	
Western Kingbird	0.0	0.0	0.0	0.0	0.0	0.0	0.0	0.0	0.0	0.0	0.0	0.0	0.0	0.0	0.0	0.0	0.0	0.0	0.0	0.0	0.0	0.0	0.0	0.0	0.0	0.0	0.0	0.0	0.0	0.0	0.0015	0.0015	0.0	5.074E-4	0.0017582	7.599E-4	0.0018544	0.0013705	0.0081888	7.628E-4	4.902E-4	0.0	0.0031546	4.35E-4	0.0	5.711E-4	0.0015	0.0	
yellow-bellied kingbird sp.	0.0	0.0	0.0	0.0	0.0	0.0	0.0	0.0	0.0	0.0	0.0	0.0	0.0	0.0	0.0	0.0	0.0	0.0	0.0	0.0	0.0	0.0	0.0	0.0	0.0	0.0	0.0	0.0	0.0	0.0	0.0	0.0	0.0	0.0	0.0	0.0	0.0	0.0	0.0	3.814E-4	0.0	0.0	5.258E-4	0.0	0.0	0.0	0.0	0.0	
Eastern Kingbird	0.0	0.0	0.0	0.0	0.0	0.0	0.0	0.0	0.0	0.0	0.0	0.0	0.0	0.0	0.0010549	0.0188575	0.0914818	0.1210659	0.1376582	0.0745687	0.0528205	0.0482875	0.0494743	0.046525	0.0515537	0.054923	0.0635232	0.0601346	0.0807754	0.1170213	0.1581157	0.1505963	0.1241103	0.0659564	0.0268132	0.0056991	0.0027816	0.0	4.817E-4	0.0	0.0	0.0	0.0	0.0	0.0	0.0	0.0	0.0	
Scissor-tailed Flycatcher	0.0	0.0	0.0	0.0	0.0	0.0	0.0	0.0	0.0	0.0	0.0	0.0	0.0	0.0	0.0	0.0	0.0	0.0	0.0	0.0	0.0	0.0	0.0	0.0015	0.0015	0.0	0.0	0.0	0.0	0.0	0.0	0.0	0.0	0.0	0.0	0.0	0.0	0.0	0.0	3.814E-4	0.0	0.0	0.0	0.0	0.0	0.0	0.0	0.0	
Fork-tailed Flycatcher	0.0	0.0	0.0	0.0	0.0	0.0	0.0	0.0	0.0	0.0	0.0	0.0	0.0	0.0	0.0	0.0	0.0	0.0	0.0	0.0	0.0015	0.0	0.0	0.0	0.0	0.0	0.0	0.0	0.0	0.0	0.0	0.0	0.0	0.0	0.0	0.0	0.0	0.0	0.0	0.0	0.0	0.0	0.0	0.0	0.0	0.0	0.0	0.0	
Tyrannus sp.	0.0	0.0	0.0	0.0	0.0	0.0	0.0	0.0	0.0	0.0	0.0	0.0	0.0	0.0	0.0	0.0	0.0	0.0	0.0	0.0	0.0	0.0	0.0	0.0	0.0	0.0	0.0	0.0	0.0	0.0	0.0	3.407E-4	0.0	0.0	0.0	0.0	0.0	0.0	0.0	0.0	0.0	0.0	0.0	0.0	0.0	0.0	0.0	0.0	
new world flycatcher sp.	0.0	0.0	0.0	0.0	0.0	0.0	0.0	0.0	0.0	0.0	0.0	3.039E-4	8.295E-4	7.704E-4	0.0014065	5.546E-4	8.217E-4	0.0016081	0.0021097	0.0038954	0.0030769	0.0039304	0.0024737	0.0017231	0.0021186	0.0020094	0.0	0.0029437	0.0016155	0.0047872	0.0032649	0.00954	0.0097865	0.0091324	0.0087912	0.006459	0.0055633	0.0041115	0.0043353	3.814E-4	0.0	0.0	0.0	0.0	0.0	0.0	0.0	0.0	
White-eyed Vireo	0.0	0.0	0.0	0.0	0.0	0.0	0.0	0.0	0.0	0.0	0.0	0.0	0.0	0.0034669	0.0105485	0.0341098	0.0536839	0.0746612	0.0791139	0.0434057	0.0282051	0.0230208	0.0272109	0.0235497	0.0204802	0.0200938	0.0255403	0.0252313	0.0253096	0.018617	0.0265858	0.0306644	0.0573843	0.0466768	0.0272527	0.0132979	0.0074177	0.0031978	0.0033719	0.0	4.902E-4	5.426E-4	5.258E-4	0.0017399	6.849E-4	0.0	4.684E-4	0.0	
Bell's Vireo	0.0	0.0	0.0	0.0	0.0	0.0	0.0	0.0	0.0	0.0	0.0	0.0	0.0	0.0	0.0	0.0	0.0	0.0	0.0	0.0	0.0	0.0	0.0	0.0	0.0	0.0	0.0	0.0	0.0	0.0	0.0	0.0	0.0	0.0	4.396E-4	0.0	0.0	0.0	0.0	0.0	0.0	0.0	0.0	0.0	0.0	0.0	0.0	0.0	
Yellow-throated Vireo	0.0	0.0	0.0	0.0	0.0	0.0	0.0	0.0	0.0	0.0	0.0	0.0	0.0	7.704E-4	0.0021097	0.009706	0.0361545	0.0365265	0.0305907	0.0052866	0.0020513	0.0022459	0.0018553	5.744E-4	0.0021186	6.698E-4	6.549E-4	0.0	0.0	0.0	0.0013993	0.0037479	0.0057829	0.0131913	0.0048352	7.599E-4	0.0013908	9.137E-4	0.0	0.0	0.0	0.0	0.0	0.0	0.0	0.0	0.0	0.0	
Blue-headed Vireo	0.0	0.0	0.0	0.0	0.0	0.0	0.0	0.0	0.0	0.0	0.0	0.0	0.0016591	0.011171	0.0372714	0.119523	0.1835114	0.1263496	0.0704114	0.0044519	0.0	0.0	0.0	0.0	0.0	0.0	0.0	0.0	0.0	5.319E-4	0.0	6.814E-4	0.0013345	0.0065956	0.0268132	0.0566109	0.1006027	0.101873	0.1290944	0.0743707	0.0392157	0.0135648	0.0068349	0.0034798	6.849E-4	0.0	4.684E-4	0.0	
solitary vireo sp.	0.0	0.0	0.0	0.0	0.0	0.0	0.0	0.0	0.0	0.0	0.0	0.0	0.0	0.0	0.0	0.0	0.0	0.0	0.0	0.0	0.0	0.0	0.0	0.0	0.0	0.0	0.0	0.0	0.0	0.0	0.0	0.0	0.0	0.0	4.396E-4	0.0	0.0	0.0	0.0015	0.0	0.0	0.0	0.0	0.0	0.0	0.0	0.0	0.0	
Philadelphia Vireo	0.0	0.0	0.0	0.0	0.0	0.0	0.0	0.0	0.0	0.0	0.0	0.0	0.0	0.0	0.0	0.0	2.739E-4	0.0	0.0013186	2.782E-4	0.0	0.0	0.0	0.0	0.0	0.0	0.0	0.0	0.0	0.0	0.0	0.0020443	0.0048932	0.0177575	0.021978	0.0110182	0.0111266	9.137E-4	0.0	0.0	0.0	0.0	0.0	0.0	0.0	0.0	0.0	0.0	
Eastern Warbling Vireo	0.0	0.0	0.0	0.0	0.0	0.0	0.0	0.0	0.0	0.0	0.0	0.0	0.0	0.0	0.0021097	0.0945646	0.2207614	0.2402941	0.2397152	0.1769616	0.1389744	0.1246491	0.100804	0.0964963	0.0861582	0.0703282	0.0582842	0.038688	0.0339257	0.0329787	0.0447761	0.0752981	0.1080961	0.0999493	0.0342857	0.0075988	0.0018544	9.137E-4	0.0	0.0	0.0	0.0	0.0	0.0	0.0	0.0	0.0	0.0	
Philadelphia/Eastern Warbling Vireo	0.0	0.0	0.0	0.0	0.0	0.0	0.0	0.0	0.0	0.0	0.0	0.0	0.0	0.0	0.0	0.0	2.739E-4	4.595E-4	0.0010549	0.0	0.0	0.0	0.0	0.0	0.0	0.0	0.0	0.0	0.0	0.0	0.0	3.407E-4	0.0022242	0.0035515	0.0021978	0.0015198	9.272E-4	0.0	0.0	0.0	0.0	0.0	0.0	0.0	0.0	0.0	0.0	0.0	
Red-eyed Vireo	0.0	0.0	0.0	0.0	0.0	0.0	0.0	0.0	0.0	0.0	0.0	0.0	0.0	0.0	0.0010549	0.009706	0.1092851	0.2129566	0.2950949	0.172788	0.0789744	0.0393038	0.0222635	0.0281447	0.0190678	0.0154052	0.0189915	0.0214466	0.0102316	0.0212766	0.0443097	0.0834753	0.1414591	0.2009132	0.1973626	0.1785714	0.1460362	0.0502513	0.0149326	0.0072464	9.804E-4	0.0016278	0.0015	0.0	0.0	0.0	0.0	0.0	
Philadelphia/Red-eyed Vireo	0.0	0.0	0.0	0.0	0.0	0.0	0.0	0.0	0.0	0.0	0.0	0.0	0.0	0.0	0.0	0.0	0.0	0.0	0.0	0.0	0.0	0.0	0.0	0.0	0.0	0.0	0.0	0.0	0.0	0.0	0.0	0.0	0.0	0.0	0.0	0.0	0.0	0.0	0.0	3.814E-4	0.0	0.0	0.0	0.0	0.0	0.0	0.0	0.0	
vireo sp.	0.0	0.0	0.0	0.0	0.0	0.0	0.0	0.0	0.0	0.0	0.0	0.0	0.0	0.0	0.0	0.0	0.0030129	9.189E-4	0.001846	0.0013912	0.0	5.615E-4	0.0	0.0	0.0	0.0013396	0.0	8.41E-4	5.385E-4	0.0	4.664E-4	6.814E-4	0.0017794	0.0040589	0.0065934	0.0030395	0.0013908	0.0	4.817E-4	0.0	0.0	0.0	0.0	0.0	0.0	0.0	0.0	0.0	
Loggerhead Shrike	0.0	0.0	5.097E-4	0.0	0.0	0.0	0.0	0.0	0.0015	0.0	0.0	0.0	0.0	3.852E-4	0.0	0.0	0.0	0.0	0.0	0.0	0.0	0.0	0.0	0.0	0.0	0.0	0.0	0.0	0.0	0.0	0.0	3.407E-4	0.0	0.0015	0.0	0.0	0.0	0.0	0.0	0.0	0.0	0.0	0.0	0.0	0.0	0.0	0.0	0.0	
Northern Shrike	0.0	0.0	5.097E-4	4.244E-4	0.0	5.65E-4	4.369E-4	0.0	0.0	0.0	0.0	0.0	0.0	0.0	0.0	0.0	0.0	0.0	0.0	0.0	0.0	0.0	0.0	0.0	0.0	0.0	0.0	0.0	0.0	0.0	0.0	0.0	0.0	0.0	0.0	0.0	0.0	0.0	0.0	0.0	0.0	0.002713	0.0	0.0	6.849E-4	0.0	4.684E-4	0.0015	
shrike sp.	0.0	0.0	0.0	0.0	6.489E-4	0.0	4.369E-4	0.0	0.0	0.0	0.0	0.0	0.0	0.0	0.0	0.0	0.0	0.0	0.0	0.0	0.0	0.0	0.0	0.0	0.0	0.0	0.0	0.0	0.0	0.0	0.0	0.0	0.0	0.0	0.0	0.0	0.0	0.0	0.0	0.0	0.0	0.0	0.0	0.0	0.0	0.0	0.0	0.0	
Blue Jay	0.2494382	0.260653	0.2614679	0.2962649	0.2608696	0.3062147	0.2874618	0.2662815	0.2772727	0.3041339	0.3318777	0.3798238	0.41601	0.403698	0.4120956	0.4450915	0.4486442	0.3953595	0.3370253	0.2451308	0.1846154	0.1577765	0.1261596	0.1596783	0.1631356	0.1553918	0.1401441	0.127418	0.1093161	0.1340426	0.1338619	0.188075	0.238879	0.3292745	0.352967	0.4285714	0.4900325	0.4595706	0.449422	0.4237223	0.4127451	0.3570266	0.3112513	0.3244889	0.3171233	0.3438035	0.3203747	0.2942969	
American Crow	0.1626966	0.1582734	0.1488277	0.1706282	0.174562	0.1757062	0.1721276	0.2221639	0.210101	0.2189961	0.2384279	0.2360985	0.2330983	0.1972265	0.1969058	0.203827	0.1972062	0.1922812	0.1740506	0.170562	0.1338462	0.1274565	0.1403834	0.1309592	0.1603107	0.1486939	0.134905	0.147603	0.1383953	0.1468085	0.1273321	0.1216354	0.1481317	0.1324201	0.1498901	0.1778116	0.1942513	0.2147099	0.2447013	0.2581998	0.2441176	0.2192078	0.2197687	0.1953023	0.1869863	0.1958881	0.2107728	0.1845886	
Fish Crow	0.025618	0.0204759	0.0280326	0.0229202	0.0337443	0.0429379	0.0397554	0.0593487	0.060101	0.0846457	0.0978166	0.1054391	0.1318955	0.1617874	0.1325598	0.1211869	0.1054506	0.1210659	0.1418776	0.1199221	0.12	0.0903987	0.1273964	0.1407237	0.1483051	0.1480241	0.1630648	0.1724138	0.1847065	0.1585106	0.1511194	0.0756388	0.0440391	0.0329782	0.0254945	0.0148176	0.0185443	0.0182732	0.02842	0.0331808	0.0333333	0.0330982	0.0383807	0.0356677	0.0191781	0.0319817	0.0351288	0.0282978	
American/Fish Crow	4.494E-4	0.0	0.0	0.0	6.489E-4	0.0	0.0	0.0	0.0	0.0	0.0	3.039E-4	4.148E-4	7.704E-4	0.0	0.0011093	2.739E-4	6.892E-4	2.637E-4	0.0	0.0015385	0.0015	0.0	0.0011488	0.0	6.698E-4	0.0026195	0.0	0.0	0.0	0.0	0.0	8.897E-4	5.074E-4	4.396E-4	0.0	0.0	0.0	4.817E-4	3.814E-4	0.0	0.0	0.0	4.35E-4	6.849E-4	5.711E-4	0.0	0.0	
crow sp.	0.0107865	0.0193691	0.0101937	0.012309	0.0129786	0.0146893	0.0122324	0.0173319	0.020202	0.0182087	0.0275109	0.0267396	0.0232269	0.0331279	0.021097	0.0299501	0.0257464	0.0300942	0.0282173	0.0264329	0.0312821	0.0331275	0.0241187	0.0218265	0.0317797	0.0314802	0.0261952	0.0243902	0.0193861	0.0218085	0.0345149	0.0214651	0.0164591	0.0076104	0.0127473	0.0110182	0.010663	0.0150754	0.0081888	0.0129672	0.0142157	0.0168204	0.0152471	0.014789	0.0136986	0.0171331	0.0192037	0.0121898	
Common Raven	0.0170787	0.0304372	0.0244648	0.0224958	0.0155743	0.0231638	0.0157274	0.029937	0.0338384	0.0319882	0.030131	0.0346399	0.0356698	0.0292758	0.0305907	0.0352191	0.026842	0.0280266	0.0176688	0.0122426	0.0102564	0.0117911	0.0092764	0.0126364	0.0084746	0.0107167	0.005239	0.0164003	0.0134626	0.012766	0.014459	0.0207836	0.0258007	0.0375444	0.0356044	0.037614	0.0514604	0.0502513	0.0404624	0.0427155	0.0289216	0.0341834	0.0352261	0.0221836	0.030137	0.0365505	0.0435597	0.0361341	
crow/raven sp.	0.0013483	0.0011068	0.0015291	4.244E-4	0.0012979	0.0011299	0.0021844	0.0015	0.0015152	4.921E-4	0.0021834	3.039E-4	0.0020738	7.704E-4	7.032E-4	0.0019412	0.0010956	6.892E-4	0.0010549	0.0013912	0.0015385	5.615E-4	0.0	0.0	0.0	6.698E-4	0.0013098	4.205E-4	0.0015	5.319E-4	4.664E-4	0.0010221	0.0015	5.074E-4	0.0013187	3.799E-4	0.002318	9.137E-4	0.0014451	0.0015256	4.902E-4	0.0010852	5.258E-4	0.0017399	6.849E-4	5.711E-4	9.368E-4	4.354E-4	
corvid sp.	0.0	0.0	0.0	0.0	0.0	0.0	0.0	0.0	0.0	0.0	0.0	0.0	0.0	0.0	0.0	0.0	0.0	0.0	2.637E-4	2.782E-4	0.0	0.0	0.0	0.0	0.0	0.0	0.0	0.0	0.0	0.0	0.0	0.0	0.0	0.0	0.0	0.0	0.0	4.568E-4	0.0	0.0	0.0	0.0	0.0	0.0	0.0	0.0	4.684E-4	0.0	
Black-capped Chickadee	0.1577528	0.1671278	0.1488277	0.1595925	0.1473069	0.1661017	0.1415465	0.1381303	0.1348485	0.1471457	0.1414847	0.1531449	0.173372	0.1471495	0.1139241	0.0859678	0.0986031	0.0804043	0.0775316	0.0364496	0.0220513	0.0134756	0.021645	0.0201034	0.0275424	0.0247823	0.0333988	0.0222876	0.0220786	0.0329787	0.0377799	0.0497445	0.0502669	0.0613902	0.0641758	0.0645897	0.0635141	0.0840566	0.0867052	0.1540809	0.2137255	0.2311449	0.2018927	0.1979121	0.1890411	0.1867504	0.1971897	0.1715281	
Tufted Titmouse	0.1011236	0.0940786	0.098369	0.1099321	0.0876055	0.1152542	0.0891219	0.085084	0.0853535	0.1077756	0.1056769	0.1112124	0.1513895	0.1390601	0.1160338	0.1206323	0.1446179	0.1169309	0.0828059	0.0534224	0.0266667	0.0157215	0.0105133	0.0149339	0.009887	0.0107167	0.0130976	0.009672	0.0145396	0.0148936	0.0191231	0.0231687	0.0280249	0.0279046	0.0320879	0.025076	0.0384794	0.0634993	0.1103083	0.1224256	0.1053922	0.116115	0.0962145	0.1096129	0.1205479	0.1262136	0.1166276	0.0949064	
Horned Lark	0.0179775	0.0160487	0.0101937	0.0089134	0.0162232	0.0107345	0.0131062	0.0136555	0.0065657	0.0044291	0.0034934	9.116E-4	0.0016591	0.0015408	0.0021097	0.0013866	5.478E-4	2.297E-4	0.0	0.0	5.128E-4	0.0	0.0	0.0	0.0	0.0	0.0	0.0	0.0	0.0010638	9.328E-4	3.407E-4	0.0013345	0.0	0.0	7.599E-4	0.0013908	4.568E-4	9.634E-4	0.0022883	0.0053922	0.0119371	0.0231335	0.0191388	0.0116438	0.0137065	0.0407494	0.016108	
Bank Swallow	0.0	0.0	0.0	0.0	0.0	0.0	0.0	0.0	0.0	0.0	0.0	0.0	0.0	7.704E-4	0.0042194	0.0063783	0.0139688	0.024351	0.0255802	0.023094	0.0174359	0.0106682	0.0136054	0.0218265	0.0261299	0.0663094	0.0772757	0.1005046	0.091007	0.0648936	0.0503731	0.037138	0.0160142	0.0091324	0.0052747	0.0015198	0.0	0.0	0.0	0.0	0.0	0.0	0.0	0.0	0.0	0.0	0.0	0.0	
Tree Swallow	0.0197753	0.02601	0.0101937	0.0131579	0.0103829	0.0135593	0.0078637	0.019958	0.0207071	0.0418307	0.0655022	0.0999696	0.1696392	0.2211094	0.2331224	0.2515252	0.2333607	0.2850907	0.3259494	0.3263773	0.3348718	0.3436272	0.3729128	0.3486502	0.3425141	0.3442733	0.3169614	0.31455	0.274098	0.2420213	0.2196828	0.20954	0.1770463	0.1182141	0.0813187	0.0889058	0.0751043	0.123344	0.0867052	0.0793288	0.0509804	0.0623983	0.0467928	0.0243584	0.0212329	0.0188464	0.024356	0.0222029	
Purple Martin	0.0	0.0	0.0	0.0	0.0	0.0	0.0	0.0	0.0	0.0	0.0	9.116E-4	0.0	3.852E-4	0.0028129	0.0066556	0.0139688	0.0252699	0.0311181	0.0353367	0.0358974	0.0432341	0.0327767	0.0419299	0.029661	0.0348292	0.0406025	0.058032	0.0635433	0.056383	0.0494403	0.0173765	0.008452	0.0015	4.396E-4	0.0	0.0	0.0	4.817E-4	0.0	0.0	0.0	0.0	0.0	0.0	0.0	0.0	0.0	
new world martin sp. (Progne sp.)	0.0	0.0	0.0	0.0	0.0	0.0	0.0	0.0	0.0	0.0	0.0	0.0	0.0	0.0	0.0	0.0	0.0	0.0	0.0	0.0	0.0	0.0	0.0	5.744E-4	0.0	0.0	0.0	0.0	0.0	0.0	0.0	0.0	0.0	0.0	0.0	0.0	0.0	0.0	0.0	0.0	0.0	0.0	0.0	0.0	0.0	0.0	0.0	0.0	
Northern Rough-winged Swallow	0.0	0.0	0.0	0.0	0.0	0.0	0.0	0.0	0.0	0.0	0.0	0.0051656	0.0402323	0.0489214	0.0534459	0.0776484	0.0542317	0.0434183	0.0421941	0.031163	0.0358974	0.0331275	0.0272109	0.0333142	0.0353107	0.0408573	0.0314342	0.038688	0.0204631	0.0202128	0.0135261	0.0057922	0.0040036	5.074E-4	4.396E-4	0.0	0.0	0.0	0.0	0.0	0.0	5.426E-4	0.0	0.0	0.0	0.0	0.0	0.0	
Barn Swallow	0.0	0.0	0.0	0.0	0.0	0.0	0.0	0.0	0.0	0.0	0.0	0.0039502	0.0215678	0.0643297	0.1540084	0.2304493	0.2437688	0.3023202	0.3494198	0.3831386	0.3851282	0.3902302	0.4248609	0.3968983	0.4646893	0.5190891	0.5075311	0.5050463	0.4975767	0.487234	0.4668843	0.3410562	0.2188612	0.1111111	0.0272527	0.0170973	0.0046361	0.0041115	0.0014451	0.0026697	0.0019608	0.0037982	0.0010515	4.35E-4	0.0	5.711E-4	0.0	0.0	
Cliff Swallow	0.0	0.0	0.0	0.0	0.0	0.0	0.0	0.0	0.0	0.0	0.0	0.0	0.0	0.0	0.0024613	0.0080422	0.010682	0.0124052	0.0065928	0.0127991	0.0087179	0.0106682	0.0117502	0.0080414	0.0134181	0.0080375	0.0072037	0.0071489	0.0070005	0.0047872	0.0060634	0.002385	0.0031139	0.0045662	4.396E-4	0.0011398	4.636E-4	0.0	0.0	0.0	0.0	0.0	5.258E-4	0.0	0.0	0.0	0.0	0.0	
Barn x Cliff Swallow (hybrid)	0.0	0.0	0.0	0.0	0.0	0.0	0.0	0.0	0.0	0.0	0.0	0.0	0.0	0.0	0.0	0.0	0.0	0.0	0.0	0.0	0.0	0.0	0.0	0.0	0.0	0.0	0.0	0.0	0.0	5.319E-4	0.0	0.0	0.0	0.0	0.0	0.0	0.0	0.0	0.0	0.0	0.0	0.0	0.0	0.0	0.0	0.0	0.0	0.0	
Cave Swallow	0.0	0.0	0.0	0.0	0.0	0.0	0.0	0.0	0.0	0.0	0.0	0.0	0.0	0.0	0.0	0.0	0.0	0.0	0.0	0.0015	0.0	0.0	0.0	0.0	0.0	0.0	0.0	0.0	0.0	0.0	0.0	0.0	0.0	0.0	0.0	0.0	0.0	0.0	0.0	3.814E-4	0.0014706	0.0097667	0.0063091	0.0017399	0.0	0.0	0.0015	0.0	
swallow sp.	4.494E-4	0.0	0.0	0.0	0.0	0.0	0.0	0.0	0.0	0.0	4.367E-4	0.0	0.0012443	0.0015408	0.0028129	0.0038824	0.0071213	0.0073513	0.0063291	0.0050083	0.0082051	0.0072993	0.0092764	0.0137852	0.0155367	0.0267917	0.0203012	0.0235492	0.0306947	0.0244681	0.014459	0.0132879	0.0115658	0.0091324	0.0043956	0.0022796	9.272E-4	4.568E-4	0.0	3.814E-4	0.0	0.0048833	0.0026288	8.699E-4	0.0013699	0.0	4.684E-4	0.0	
Ruby-crowned Kinglet	0.0229213	0.0210293	0.0127421	0.0131579	0.0168722	0.0141243	0.0096112	0.0131303	0.0116162	0.0162402	0.0165939	0.0309936	0.0742431	0.1456086	0.2194093	0.2190793	0.1867981	0.0833908	0.0118671	0.001113	0.0	0.0	0.0	0.0	0.0	0.0	0.0	0.0	0.0	0.0	0.0	0.0015	0.0022242	0.0086251	0.0545055	0.149696	0.3036625	0.3773413	0.4441233	0.4004577	0.2931373	0.1676614	0.1041009	0.0648108	0.0465753	0.0399772	0.0515222	0.0296038	
Golden-crowned Kinglet	0.0202247	0.0160487	0.009684	0.0140068	0.0155743	0.0135593	0.0096112	0.0162815	0.0141414	0.015748	0.0449782	0.1157703	0.1837412	0.144453	0.0457103	0.0094287	8.217E-4	2.297E-4	0.0010549	5.565E-4	0.0	0.0	0.0	0.0	0.0	0.0	0.0	0.0	0.0	0.0	0.0	0.0	0.0	0.0	8.791E-4	0.0452128	0.203987	0.2951119	0.3241811	0.2814645	0.2455882	0.1698318	0.1056782	0.0535015	0.0561644	0.0405483	0.0393443	0.0204615	
Ruby-crowned/Golden-crowned Kinglet	0.0	0.0	0.0	0.0	0.0	0.0	4.369E-4	0.0	5.051E-4	4.921E-4	4.367E-4	0.0	4.148E-4	7.704E-4	0.0015	0.0	0.0	0.0	0.0	0.0	0.0	0.0	0.0	0.0	0.0	0.0	0.0	0.0	0.0	0.0	0.0	0.0	0.0	0.0	0.0	0.0015198	0.002318	0.0082229	0.0077071	0.0087719	0.0044118	0.0010852	0.0010515	8.699E-4	0.0015	0.0	0.0	4.354E-4	
White-breasted Nuthatch	0.1244944	0.1306032	0.0973496	0.1328523	0.1226476	0.1225989	0.1100917	0.1034664	0.1116162	0.109252	0.1100437	0.118505	0.1609291	0.1255778	0.1135724	0.1117582	0.1372227	0.1102688	0.0862342	0.0367279	0.0174359	0.016283	0.0098949	0.0172315	0.0155367	0.0167448	0.0117878	0.0109336	0.0102316	0.0148936	0.0293843	0.0436116	0.0627224	0.0791476	0.0685714	0.0600304	0.0788132	0.1050708	0.1074181	0.1060259	0.1142157	0.1090613	0.1019979	0.1178773	0.1136986	0.1313535	0.1222482	0.1236395	
Red-breasted Nuthatch	0.0116854	0.0121749	0.0107034	0.0144312	0.0116807	0.0096045	0.0126693	0.0073529	0.0085859	0.0073819	0.0069869	0.0072926	0.0074658	0.0104006	0.0168776	0.0169163	0.0306765	0.0264186	0.0123945	0.0	0.0	0.0	0.0015	0.0017231	7.062E-4	0.0	0.0	4.205E-4	0.0	0.0021277	0.0074627	0.0310051	0.0422598	0.0558092	0.0685714	0.0577508	0.0713955	0.0730927	0.0563584	0.0553013	0.0397059	0.0341834	0.0236593	0.0173989	0.0164384	0.0177042	0.0224824	0.0113191	
nuthatch sp.	0.0	0.0	0.0	0.0	0.0	5.65E-4	0.0	0.0	0.0	4.921E-4	0.0	0.0	0.0	0.0	0.0	0.0	0.0	0.0	0.0	0.0	0.0	0.0	0.0	0.0	0.0	0.0	0.0	0.0	0.0	0.0	0.0	0.0	0.0	0.0	0.0	0.0	0.0	0.0	4.817E-4	3.814E-4	4.902E-4	0.0	0.0	0.0	0.0	0.0	0.0	0.0	
Brown Creeper	0.0211236	0.0293304	0.0127421	0.0216469	0.0175211	0.0231638	0.0161643	0.0246849	0.030303	0.0226378	0.0262009	0.0559101	0.0900041	0.0735747	0.0400844	0.0072102	0.0024651	0.0022973	0.0010549	8.347E-4	0.0	0.0	0.0	0.0	7.062E-4	0.0	0.0	0.0	0.0	0.0	4.664E-4	6.814E-4	0.0	0.0015221	0.0057143	0.0292553	0.0755679	0.0941069	0.0881503	0.0804729	0.0612745	0.0396093	0.0257624	0.0265333	0.0212329	0.0211308	0.0257611	0.0274271	
Blue-gray Gnatcatcher	0.0	0.0	0.0	0.0	0.0	0.0	0.0	0.0	0.0	0.0	0.0	0.0018232	0.0236416	0.0766564	0.0952883	0.1286744	0.149822	0.115093	0.0553797	0.031163	0.0153846	0.0117911	0.0092764	0.0068926	0.0049435	0.0060281	0.005239	0.0029437	0.008616	0.0154255	0.0345149	0.0541738	0.0351423	0.0416032	0.0316484	0.0155775	0.0027816	0.0036546	4.817E-4	0.0011442	9.804E-4	0.0016278	0.0	0.0	0.0	0.0	4.684E-4	0.0	
Northern House Wren	8.989E-4	0.0	5.097E-4	4.244E-4	0.0	0.0	4.369E-4	0.0	0.0	0.0	4.367E-4	0.0	0.0020738	0.0034669	0.0397328	0.1500277	0.283484	0.3043878	0.3277954	0.2710072	0.2605128	0.2487367	0.2653061	0.2452613	0.259887	0.2551909	0.2501637	0.1993272	0.1486268	0.1132979	0.0918843	0.0858603	0.0996441	0.1258245	0.1525275	0.1588146	0.1455726	0.1137506	0.066474	0.0217391	0.002451	0.0032556	0.0015773	0.0	0.0027397	0.0017133	0.0014052	4.354E-4	
Winter Wren	0.0238202	0.0199225	0.020897	0.0229202	0.0116807	0.0214689	0.0148536	0.0110294	0.0035354	0.011811	0.0135371	0.0112428	0.019494	0.0146379	0.0077356	0.0080422	0.0046563	0.0013784	7.911E-4	0.0	0.0	0.0	0.0	0.0	0.0	0.0	0.0	0.0	0.0	0.0	0.0	0.0	0.0	0.0015221	0.0030769	0.0117781	0.02828	0.0438556	0.0549133	0.0621663	0.0843137	0.0488334	0.0389064	0.0491518	0.0335616	0.0428327	0.0519906	0.0213322	
Sedge Wren	0.0	0.0	0.0	0.0	0.0	0.0	0.0	0.0	0.0	0.0	0.0	0.0	0.0	0.0	0.0	0.0	0.0	0.0013784	2.637E-4	0.0	0.0	0.0	6.184E-4	0.0	0.0	0.0	0.0	0.0	0.0	0.0	0.0	0.0	0.0	0.0	0.0	0.0018997	0.0	0.0	0.0	0.0	0.0	0.0	0.0	0.0	0.0	0.0	0.0	0.0	
Marsh Wren	0.0013483	0.0011068	0.0010194	8.489E-4	0.0025957	5.65E-4	0.0	5.252E-4	0.0010101	9.843E-4	8.734E-4	9.116E-4	0.0041477	0.0065485	0.0056259	0.0061009	0.013421	0.0250402	0.0466772	0.0570395	0.0405128	0.047726	0.047619	0.0597358	0.1045198	0.1413262	0.146038	0.1076535	0.0726979	0.0484043	0.0247201	0.0160136	0.0217972	0.0233384	0.0171429	0.0262158	0.0245712	0.0100503	0.0134875	0.006865	0.0088235	0.0043407	0.0036803	0.0021749	0.0013699	0.0017133	0.0042155	0.0026121	
Carolina Wren	0.1370787	0.1311566	0.1202854	0.1370968	0.1297859	0.1333333	0.1175186	0.1528361	0.1747475	0.1751969	0.2048035	0.2023701	0.2476151	0.2873652	0.2781294	0.3056018	0.3056697	0.2864691	0.2916667	0.2423484	0.2076923	0.189781	0.2164502	0.2412407	0.2033898	0.2263898	0.2508186	0.2565181	0.2390953	0.2723404	0.2775187	0.2698467	0.2895907	0.297311	0.2610989	0.2522796	0.255911	0.2343536	0.2177264	0.2128146	0.2161765	0.2159523	0.2092534	0.183993	0.1541096	0.1856082	0.2074941	0.151502	
wren sp.	4.494E-4	0.0	0.0	0.0	0.0	5.65E-4	0.0	0.0	0.0	0.0	0.0	0.0	0.0	0.0	0.0	5.546E-4	0.0015	0.0	0.0	0.0	0.0	0.0	0.0	5.744E-4	0.0	0.0	0.0	0.0	0.0	0.0	0.0	0.0	0.0	5.074E-4	0.0	0.0	4.636E-4	0.0013705	4.817E-4	3.814E-4	4.902E-4	5.426E-4	5.258E-4	0.0	0.0	0.0	0.0	0.0	
European Starling	0.4674157	0.4731599	0.4051988	0.4613752	0.4964309	0.4926554	0.4560944	0.5042017	0.5207071	0.5310039	0.558952	0.5584929	0.5931149	0.6163328	0.5931786	0.6231281	0.6091482	0.6069377	0.5957278	0.6218698	0.5974359	0.6148231	0.5961657	0.5829983	0.5628531	0.5545881	0.5494434	0.5668629	0.5670436	0.5595745	0.5485075	0.5369676	0.5524911	0.5388128	0.5371429	0.5068389	0.5470561	0.5317497	0.5650289	0.5667429	0.5323529	0.5366251	0.5410095	0.5015224	0.5123288	0.513992	0.5372365	0.4849804	
Gray Catbird	0.0373034	0.0282236	0.0219164	0.0220713	0.0304997	0.020904	0.0218436	0.0189076	0.0191919	0.0172244	0.0157205	0.0206624	0.0240564	0.0261941	0.0432489	0.2762063	0.6313339	0.6960717	0.6811709	0.5812465	0.525641	0.5440764	0.5479283	0.5364733	0.5374294	0.5351641	0.5415848	0.4857023	0.5234249	0.512234	0.5242537	0.5366269	0.5533808	0.5591071	0.5520879	0.5547112	0.5150672	0.4120603	0.2774566	0.1613272	0.1014706	0.0916983	0.0694006	0.0500217	0.0472603	0.0565391	0.0590164	0.0365694	
Brown Thrasher	0.0013483	0.0016602	0.0025484	0.0055178	0.0051914	0.0062147	0.0017475	5.252E-4	0.0015152	9.843E-4	0.0052402	0.0039502	0.0107839	0.0285054	0.0664557	0.0987243	0.1079156	0.1091201	0.1334388	0.1452421	0.1276923	0.1134194	0.1379097	0.1453188	0.1497175	0.1312793	0.1172233	0.0828427	0.0764674	0.068617	0.0578358	0.0596252	0.0618327	0.0634196	0.0896703	0.1090426	0.0899397	0.0484239	0.0303468	0.0194508	0.0112745	0.0075963	0.0068349	0.0034798	0.0089041	0.0051399	0.0046838	0.0021768	
Brown/Long-billed Thrasher	0.0	0.0	0.0	0.0	0.0	0.0	0.0	0.0	0.0	0.0	0.0	0.0	0.0	0.0	0.0	0.0	0.0	0.0	0.0	0.0	0.0	0.0	0.0	0.0	0.0	0.0	0.0	0.0	0.0	0.0	0.0	0.0	0.0	0.0	0.0	0.0	0.0	0.0	0.0	0.0	0.0	0.0	0.0	0.0	6.849E-4	0.0	0.0	0.0	
Sage Thrasher	0.0	5.534E-4	5.097E-4	0.0	0.0	0.0	0.0	0.0	0.0	0.0	0.0	0.0	0.0	0.0	0.0	0.0	0.0	0.0	0.0174051	0.0	0.0	0.0	0.0	0.0	0.0	0.0	0.0	0.0	0.0	0.0	0.0	0.0	0.0	0.0	0.0	0.0	0.0	0.0	0.0	0.0	0.0	0.0	0.0	0.0	0.0	0.0	0.0	0.0	
Northern Mockingbird	0.2795506	0.2877698	0.2543323	0.2979626	0.30305	0.2887006	0.2896461	0.3098739	0.320202	0.3218504	0.3537118	0.3272562	0.345085	0.3528505	0.3568917	0.3524681	0.3152561	0.3631978	0.3681435	0.4015025	0.4369231	0.4357103	0.4489796	0.4468696	0.4526836	0.4501005	0.4636542	0.4461733	0.4291869	0.3909574	0.4001866	0.3775128	0.3954626	0.339929	0.356044	0.3655015	0.4343996	0.4339881	0.427264	0.4370709	0.3882353	0.3803581	0.3817035	0.3484124	0.3157534	0.3358081	0.3882904	0.3225947	
mimid sp.	4.494E-4	0.0	0.0	0.0	0.0	0.0	0.0	0.0	0.0	0.0	0.0	0.0	0.0	0.0	0.0	0.0	0.0	0.0	0.0	0.0	0.0	0.0	0.0	0.0	0.0	0.0	0.0	0.0	0.0	0.0	0.0	0.0	0.0	0.0	0.0	0.0	0.0	0.0	0.0	0.0	0.0	0.0	0.0	0.0	0.0	0.0	0.0	0.0	
Eastern Bluebird	0.0	0.0	0.0	0.0	0.0015	0.0	0.0	0.0	0.0	0.0	0.00131	6.077E-4	4.148E-4	0.001926	0.0	2.773E-4	2.739E-4	2.297E-4	0.0010549	2.782E-4	0.0015385	0.0	0.0	0.0	0.0	0.0	0.0	0.0	0.0	0.0	0.0	0.0	0.0	0.0	0.0	7.599E-4	4.636E-4	0.0036546	0.0043353	0.0148741	0.0348039	0.0455779	0.0215563	0.0082645	0.0020548	0.0022844	9.368E-4	8.707E-4	
Townsend's Solitaire	0.0	0.0	0.0	0.0	0.0	0.0	0.0	0.0	0.0	0.0	0.0	0.0	0.0	0.0	0.0	0.0	0.0	0.0	0.0	0.0	0.0	0.0	0.0	0.0	0.0	0.0	0.0	0.0	0.0	0.0	0.0	0.0	0.0	0.0	0.0	0.0	0.0	0.0	0.0	0.0	0.0	0.0	0.0	0.0	0.0015	0.0	0.0	0.0	
Veery	0.0	0.0	0.0	0.0	0.0	0.0	0.0	0.0	0.0	0.0	0.0	0.0	0.0	0.0	3.516E-4	0.020244	0.1481786	0.1713761	0.1131329	0.0200334	0.0025641	0.0028074	0.0	0.0	0.0	0.0	0.0	0.0	0.0	0.0	0.0027985	0.0449744	0.0831851	0.100964	0.0707692	0.0322948	0.0046361	9.137E-4	4.817E-4	0.0	0.0	0.0	0.0	0.0	0.0	0.0	0.0	0.0	
Gray-cheeked Thrush	0.0	0.0	0.0	0.0	0.0	0.0	0.0	0.0	0.0	0.0	0.0	0.0	0.0	0.0	0.0	0.0	0.0041085	0.015162	0.0387658	0.0147468	5.128E-4	0.0	0.0	0.0	0.0	0.0	0.0	0.0	0.0	0.0	0.0	0.0	0.0	0.0050736	0.0079121	0.0121581	0.010663	0.0082229	0.0052987	3.814E-4	0.0	0.0	0.0	0.0	0.0	0.0	0.0	0.0	
Bicknell's Thrush	0.0	0.0	0.0	0.0	0.0	0.0	0.0	0.0	0.0	0.0	0.0	0.0	0.0	0.0	0.0	0.0	0.0	2.297E-4	0.0010549	5.565E-4	0.0	0.0	0.0	0.0	0.0	0.0	0.0	0.0	0.0	0.0	0.0	0.0	0.0	0.0	0.0	0.0	0.0	0.0	0.0	0.0	0.0	0.0	0.0	0.0	0.0	0.0	0.0	0.0	
Gray-cheeked/Bicknell's Thrush	0.0	0.0	0.0	0.0	0.0	0.0	0.0	0.0	0.0	0.0	0.0	0.0	0.0	0.0	0.0	0.0	2.739E-4	0.0	0.0010549	5.565E-4	0.0	0.0	0.0	0.0	0.0	0.0	0.0	0.0	0.0	0.0	0.0	0.0	0.0	0.0	0.0	0.0	0.0	0.0	0.0	0.0	0.0	0.0	0.0	0.0	0.0	0.0	0.0	0.0	
Swainson's Thrush	0.0	0.0	0.0	0.0	0.0	0.0	0.0	0.0	0.0	0.0	0.0	0.0	0.0	0.0	3.516E-4	0.0019412	0.0443714	0.1167011	0.1780063	0.0617696	0.0025641	0.0	0.0	0.0	0.0	0.0	0.0	0.0	0.001077	0.0	0.0	0.0013629	0.0200178	0.0705226	0.101978	0.0923252	0.0718591	0.03746	0.0250482	0.0034325	0.0	0.0	0.0	0.0	0.0	0.0	0.0	0.0015	
Hermit Thrush	0.0202247	0.0166021	0.0158002	0.0174024	0.0168722	0.0146893	0.0109218	0.0084034	0.0141414	0.0093504	0.009607	0.015193	0.0912484	0.1691063	0.1775668	0.1586245	0.1468091	0.0686883	0.0155591	0.0	0.0	5.615E-4	0.0	0.0	0.0	0.0	0.0	0.0	0.0	0.0	0.0	0.0	0.0	0.0010147	0.0021978	0.0087386	0.0449699	0.107355	0.227842	0.2909992	0.2411765	0.165491	0.1246057	0.0730753	0.0527397	0.0342661	0.0576112	0.0317806	
Catharus sp.	0.0	0.0	0.0	0.0	0.0	0.0	0.0	0.0	0.0	0.0	0.0	0.0	0.0	0.0	0.0	2.773E-4	0.0038346	0.0029864	0.0068565	0.0030607	0.0	0.0	0.0	0.0	0.0	0.0	0.0	0.0	0.0	0.0	0.0	3.407E-4	0.0013345	0.0025368	0.0074725	0.006459	0.0050997	0.002741	9.634E-4	3.814E-4	0.0	0.0	0.0	0.0	0.0	0.0	0.0	0.0	
Wood Thrush	0.0	0.0	0.0	0.0	0.0	0.0	0.0	0.0	0.0	0.0	0.0	0.0	0.0	0.0015	0.0010549	0.0415973	0.1961107	0.2154836	0.1745781	0.0873678	0.0435897	0.0364964	0.0247372	0.0321654	0.0254237	0.0207636	0.0150622	0.0147183	0.0048465	0.0132979	0.0163246	0.0337308	0.0475979	0.0558092	0.0386813	0.0243161	0.0217895	0.0095934	0.0024085	0.0022883	4.902E-4	0.0	0.0	0.0	0.0	0.0	0.0	0.0	
Redwing	0.0	0.0	0.0	0.0	0.0	0.0	0.0015	0.0015	0.0	0.0	0.0	0.0	0.0	0.0	0.0	0.0	0.0	0.0	0.0	0.0	0.0	0.0	0.0	0.0	0.0	0.0	0.0	0.0	0.0	0.0	0.0	0.0	0.0	0.0	0.0	0.0	0.0	0.0	0.0	0.0	0.0	0.0	0.0	0.0	0.0	0.0	0.0	0.0	
American Robin	0.2044944	0.2014388	0.1916412	0.2101019	0.2225827	0.2084746	0.2289209	0.302521	0.340404	0.4665354	0.5733624	0.6526892	0.7042721	0.7511556	0.7271449	0.771492	0.7669132	0.7463818	0.7383966	0.6805787	0.6574359	0.6838855	0.6592455	0.6731763	0.6483051	0.6242465	0.5834971	0.5063078	0.5002693	0.468617	0.4678172	0.4896082	0.5240214	0.5322171	0.5424176	0.537614	0.54242	0.5431704	0.52842	0.52746	0.5196078	0.4986435	0.4384858	0.354502	0.2965753	0.2935465	0.2992974	0.2337832	
thrush sp.	0.0	0.0	0.0	0.0	0.0	0.0	0.0	0.0	0.0	0.0	0.0	0.0	0.0	0.0	0.0	0.0	2.739E-4	2.297E-4	2.637E-4	5.565E-4	0.0	0.0	0.0	0.0	0.0	0.0	0.0	0.0	0.0	0.0	0.0	3.407E-4	0.0	5.074E-4	4.396E-4	7.599E-4	0.0	0.0	0.0	0.0	4.902E-4	0.0	0.0	0.0	0.0	0.0	0.0	0.0	
Northern Wheatear	0.0	0.0	0.0	0.0	0.0	0.0	0.0	0.0	0.0	0.0	0.0	0.0	0.0	0.0	0.0	0.0	0.0	0.0	0.0	0.0	0.0	0.0	0.0	0.0	0.0	0.0	0.0	0.0	0.0	0.0	0.0	0.0	0.0	0.0015	0.0	0.0	0.0	0.0	0.0	0.0	0.0	0.0	0.0	0.0	0.0	0.0	0.0	0.0	
Bohemian Waxwing	0.0	0.0	0.0	4.244E-4	0.0	0.0	0.0	0.0	0.0	0.0	0.0	0.0	0.0	0.0	0.0	0.0	0.0	0.0	0.0	0.0	0.0	0.0	0.0	0.0	0.0	0.0	0.0	0.0	0.0	0.0	0.0	0.0	0.0	0.0	0.0	0.0	0.0	0.0	0.0	0.0	0.0	0.0	0.0	0.0	0.0	0.0	0.0	0.0	
Cedar Waxwing	0.0121348	0.0066408	0.0076453	0.0106112	0.0129786	0.0129944	0.0078637	0.0131303	0.0111111	0.0063976	0.0065502	0.0054695	0.0037329	0.0065485	0.0049226	0.0116473	0.018625	0.0535263	0.1685127	0.2568169	0.3287179	0.3790006	0.3512678	0.3055715	0.315678	0.3074347	0.2652259	0.2350715	0.2487884	0.2473404	0.2565299	0.2402044	0.2219751	0.2080162	0.1956044	0.175152	0.1325916	0.1123801	0.0785164	0.1064073	0.1534314	0.1465003	0.1009464	0.0482819	0.0335616	0.0199886	0.0313817	0.0126252	
Northern Red Bishop	0.0	0.0	0.0	0.0	0.0	0.0	0.0	0.0	0.0	0.0	0.0	0.0	0.0	0.0	0.0	0.0	0.0	0.0	0.0	0.0	0.0	0.0	0.0	0.0	0.0	0.0	0.0	0.0	0.0	0.0	0.0	0.0	0.0	0.0	0.0	3.799E-4	0.0	0.0015	0.0	0.0	0.0	0.0	0.0	0.0	0.0	0.0	0.0	0.0	
Scaly-breasted Munia	0.0	0.0	0.0	0.0	0.0	0.0	0.0	0.0	0.0	0.0	0.0	0.0	0.0	0.0	0.0	0.0	0.0	0.0	0.0	0.0	0.0	0.0	0.0	0.0	0.0	0.0	0.0	0.0	0.0	0.0	0.0015	0.0	0.0	0.0	0.0	3.799E-4	0.0	0.0	0.0	0.0	0.0	0.0	0.0	0.0	0.0	0.0	0.0	0.0	
Common Waxbill	0.0	0.0	0.0	0.0	0.0	0.0	0.0	0.0	0.0	0.0	0.0	0.0	0.0	0.0	3.516E-4	0.0	0.0	0.0	0.0	0.0	0.0	0.0	0.0	0.0	0.0	0.0	0.0	0.0	0.0	0.0	0.0	0.0	0.0	0.0	0.0	0.0	0.0	0.0	0.0	0.0	0.0	0.0	0.0	0.0	0.0	0.0	0.0	0.0	
Eastern Paradise-Whydah	0.0	0.0	0.0	0.0	0.0	0.0	0.0	0.0	0.0	0.0	0.0	0.0	0.0	0.0	0.0	0.0	0.0	0.0	0.0	0.0	0.0	0.0	0.0	0.0	0.0	0.0	0.0	0.0	0.0	0.0	0.0	0.0	0.0	5.074E-4	0.0	3.799E-4	0.0	0.0	0.0	0.0	0.0	0.0	0.0	0.0	0.0	0.0	0.0	0.0	
House Sparrow	0.4386517	0.42114	0.3863405	0.4651952	0.5029202	0.5248588	0.4967235	0.4926471	0.4878788	0.4916339	0.5419214	0.5165603	0.5582746	0.5516179	0.5889592	0.6381032	0.6318817	0.6409373	0.5999473	0.6023929	0.5897436	0.5749579	0.5658627	0.6071223	0.5713277	0.5498995	0.5153897	0.4920101	0.4690361	0.4510638	0.4291045	0.4398637	0.4604093	0.4789447	0.4848352	0.4551672	0.501159	0.4860667	0.5255299	0.5163997	0.4588235	0.4389582	0.4595163	0.4410613	0.4856164	0.4671616	0.4594848	0.4279495	
American Pipit	0.0049438	0.002767	0.0050968	0.0029711	0.0025957	0.0016949	0.0013106	0.0047269	0.0020202	0.0034449	0.0026201	6.077E-4	0.0	0.0026965	0.0010549	2.773E-4	5.478E-4	0.0	2.637E-4	0.0	0.0	0.0	0.0	0.0	0.0	0.0	0.0	0.0	0.0	0.0	0.0	0.0	0.0	0.0	0.003956	0.0110182	0.0190079	0.0287803	0.0293834	0.039283	0.0372549	0.0515464	0.0488959	0.0243584	0.0178082	0.0085665	0.0262295	0.0056596	
Evening Grosbeak	0.0	5.534E-4	0.0	0.0	0.0	0.0	0.0	0.0	0.0	0.0	0.0	0.0	0.0	0.0	0.0	5.546E-4	8.217E-4	0.0	7.911E-4	0.0	0.0	0.0	0.0	0.0	0.0	0.0	0.0	0.0	0.0	0.0	0.0	3.407E-4	0.0	0.0	0.0	0.0	0.0	0.0	0.0	3.814E-4	0.0029412	0.0081389	0.002103	8.699E-4	0.0034247	5.711E-4	4.684E-4	0.0	
House Finch	0.1680899	0.1682346	0.148318	0.147708	0.1797534	0.1559322	0.204893	0.1670168	0.1621212	0.1569882	0.1790393	0.1662109	0.1712982	0.1533128	0.1747539	0.166112	0.1528348	0.17643	0.1827532	0.1780746	0.1964103	0.189781	0.1762523	0.1889719	0.1560734	0.1795044	0.1866405	0.1724138	0.1464728	0.137234	0.1277985	0.1356048	0.1245552	0.0994419	0.1208791	0.1322188	0.1520631	0.1726816	0.1763006	0.2009916	0.1980392	0.2300597	0.2129338	0.2044367	0.1890411	0.2038835	0.2079625	0.1989552	
Purple Finch	4.494E-4	5.534E-4	0.0020387	0.0016978	0.0	0.0022599	8.737E-4	0.0015756	5.051E-4	9.843E-4	0.0015	0.0012154	0.005392	0.0046225	0.0098453	0.0110926	0.0101342	0.0034459	0.001846	5.565E-4	0.0	0.0	0.0	0.0	0.0	0.0	0.0	0.0	0.0	0.0	0.0	0.0	0.0013345	0.0030441	0.0175824	0.0182371	0.0268892	0.0552764	0.072736	0.1209001	0.1196078	0.1101465	0.0783386	0.0448021	0.030137	0.0102798	0.0098361	0.0034828	
House/Purple Finch	8.989E-4	0.0016602	0.0010194	0.0016978	6.489E-4	0.0033898	0.003495	0.0	0.0	0.0	8.734E-4	9.116E-4	0.0	7.704E-4	7.032E-4	8.319E-4	2.739E-4	9.189E-4	0.0010549	0.0016694	0.0015385	0.0	6.184E-4	5.744E-4	7.062E-4	6.698E-4	0.0	8.41E-4	0.0	0.0	0.0	6.814E-4	4.448E-4	5.074E-4	0.0	0.0	9.272E-4	4.568E-4	0.0024085	0.0022883	0.0	0.0016278	0.0010515	4.35E-4	6.849E-4	0.0015	4.684E-4	8.707E-4	
European Greenfinch	0.0	0.0	0.0	0.0	0.0	0.0	0.0	0.0	0.0	0.0	0.0	0.0	4.148E-4	3.852E-4	3.516E-4	0.0	0.0	0.0	0.0	0.0	0.0	0.0	0.0	0.0	0.0	0.0	0.0	0.0	0.0	0.0	0.0	0.0	0.0	0.0	0.0	0.0	0.0	0.0	0.0	0.0	0.0	0.0	0.0	0.0	0.0	0.0	0.0	0.0	
Eurasian Linnet	0.0	0.0	0.0	0.0	0.0	0.0	0.0	0.0	0.0	0.0	0.0	0.0	0.0	0.0	0.0	0.0	0.0	0.0	0.0	0.0	0.0	0.0	0.0	0.0	0.0	0.0	0.0	0.0	0.0	0.0	0.0	0.0	0.0	0.0	0.0	0.0	0.0	0.0	0.0	3.814E-4	9.804E-4	0.0	0.0	4.35E-4	0.0	0.0	4.684E-4	0.0	
Redpoll	4.494E-4	0.0022136	0.0010194	0.0025467	0.0012979	0.0056497	0.0043687	0.0021008	0.0010101	0.0024606	0.0017467	0.0036463	0.0	0.0	0.0015	0.0	0.0	0.0	0.0	0.0	0.0	0.0	0.0	0.0	0.0	0.0	0.0	0.0	0.0	0.0	0.0	0.0	0.0	0.0	0.0	0.0	0.0	0.0	0.0	0.0	0.0019608	0.0037982	0.002103	0.0034798	0.0013699	0.0017133	0.0046838	0.0013061	
Red Crossbill	0.0	5.534E-4	0.0	0.0	0.0015	0.0	0.0	0.0	0.0	0.0	0.0	0.0	0.0	0.0	0.0	0.0	0.0	0.0	0.0	0.0	0.0	0.0	0.0	0.0	0.0	0.0	0.0	0.0	0.0	0.0	0.0	0.0	0.0	0.0	0.0	0.0	0.0	0.0	0.0	0.0011442	0.002451	0.0043407	0.0068349	0.0043497	0.0013699	0.0011422	4.684E-4	4.354E-4	
White-winged Crossbill	4.494E-4	0.0	0.0015291	4.244E-4	0.0019468	0.0	0.0	0.0015	0.0	0.0	0.0	0.0	0.0	0.0	0.0	0.0	0.0	0.0	0.0	0.0	0.0	0.0	0.0	0.0	0.0	0.0	0.0	0.0	0.0	0.0	0.0	0.0	0.0	0.0	0.0	0.0	0.0	0.0	0.0	0.0	9.804E-4	0.0010852	0.0010515	8.699E-4	6.849E-4	0.0011422	9.368E-4	8.707E-4	
European Goldfinch	0.0	0.0016602	0.0035678	0.0029711	0.0051914	0.0056497	0.0043687	0.0042017	0.0065657	0.011811	0.0048035	0.004254	0.0037329	0.0034669	0.0021097	0.0011093	2.739E-4	6.892E-4	2.637E-4	0.0	0.0	5.615E-4	0.0	5.744E-4	0.0	0.0	6.549E-4	0.0	5.385E-4	0.0	4.664E-4	0.0	0.0015	5.074E-4	0.0	0.0	0.0	0.0	0.0	0.0	0.0	0.0	0.0	8.699E-4	6.849E-4	5.711E-4	4.684E-4	0.0015	
European Serin	0.0	0.0	0.0	0.0	0.0	0.0	0.0	0.0	0.0	0.0	0.0	0.0	0.0	0.0	0.0	0.0	0.0	0.0	0.0	0.0	0.0	0.0	0.0	0.0	0.0	0.0	0.0	0.0	0.0	0.0	0.0	0.0	0.0	0.0	0.0	0.0	0.0015	0.0	0.0	0.0	0.0	0.0	0.0	0.0	0.0	0.0	0.0	0.0	
Pine Siskin	0.0031461	0.002767	0.0056065	0.0029711	0.0019468	0.0016949	0.0021844	0.0	0.0015152	0.0019685	0.0021834	0.0036463	0.0049772	0.0015408	0.0021097	0.0027732	0.0024651	6.892E-4	0.0010549	0.001113	0.0	0.0	0.0	0.0	0.0	0.0	0.0	0.0	0.0	0.0	0.0	0.0	0.0	0.0	0.0	0.0011398	0.0125174	0.034719	0.0414258	0.0686499	0.0779412	0.0678242	0.044164	0.0239234	0.0054795	0.0045688	0.0046838	0.0047889	
American Goldfinch	0.1258427	0.123409	0.0978593	0.12691	0.1245944	0.1254237	0.1087811	0.1144958	0.1085859	0.1318898	0.1240175	0.135825	0.1779345	0.1995378	0.2274965	0.2676095	0.2637634	0.2232943	0.1843354	0.1419032	0.1523077	0.1465469	0.1768707	0.1815049	0.1864407	0.2377763	0.2606418	0.2514718	0.270867	0.2781915	0.3125	0.3086882	0.2624555	0.2237443	0.1969231	0.1683131	0.165044	0.2005482	0.1791908	0.2036613	0.2411765	0.3201302	0.3170347	0.2688125	0.2273973	0.2324386	0.1967213	0.1362647	
Spinus sp.	0.0	0.0	0.0	0.0	0.0	0.0	0.0	0.0	0.0	0.0	0.0	0.0	0.0	0.0	0.0	0.0	0.0	0.0	0.0	0.0	0.0	0.0	0.0	0.0	0.0	0.0	0.0	0.0	0.0	0.0	0.0	0.0	0.0	0.0	0.0	0.0	0.0	0.0	0.0	0.0	4.902E-4	0.0	0.0	0.0	0.0	0.0	0.0	0.0	
Acanthis/Spinus sp.	0.0	5.534E-4	0.0	0.0	0.0	0.0	4.369E-4	0.0	0.0	0.0	0.0	0.0	0.0	0.0	0.0	0.0	0.0	0.0	0.0	0.0	0.0	0.0	0.0	0.0	0.0	0.0	0.0	0.0	0.0	0.0	0.0	0.0	0.0	0.0	0.0	0.0	0.0	4.568E-4	0.0	3.814E-4	0.0	0.0021704	0.0036803	4.35E-4	0.0	5.711E-4	0.0	0.0	
finch sp.	8.989E-4	0.0	5.097E-4	0.0	0.0	0.0016949	8.737E-4	0.0	0.0	4.921E-4	0.0	3.039E-4	0.0	0.0	0.0015	0.0	2.739E-4	4.595E-4	0.0	5.565E-4	0.0	0.0	6.184E-4	0.0	0.0	6.698E-4	0.0	0.0	0.001077	0.0015	4.664E-4	6.814E-4	0.0	5.074E-4	4.396E-4	3.799E-4	0.0018544	0.0031978	0.0038536	0.0041953	0.0039216	0.0059685	0.0063091	0.0034798	0.0020548	0.0017133	4.684E-4	4.354E-4	
Lapland Longspur	8.989E-4	0.002767	5.097E-4	0.0015	0.0032446	0.0016949	0.0017475	5.252E-4	0.0020202	0.0	0.0	0.0	0.0	0.0	0.0	0.0	0.0	0.0	0.0	0.0	0.0	0.0	0.0	0.0	0.0	0.0	0.0	0.0	0.0	0.0	0.0	0.0	0.0	0.0	0.0	0.0	0.0	0.0	4.817E-4	3.814E-4	9.804E-4	0.0016278	0.0047319	0.0017399	0.0027397	0.0034266	0.0023419	0.0017414	
Snow Bunting	0.0251685	0.0304372	0.0249745	0.0127334	0.01817	0.0175141	0.0122324	0.0152311	0.0070707	0.0019685	4.367E-4	0.0	0.0	0.0	0.0	0.0	0.0	0.0	0.0	0.0	0.0	0.0	0.0	0.0	0.0	0.0	0.0	0.0	0.0	0.0	0.0	0.0	0.0	0.0	0.0	0.0	0.0	0.0	0.0	0.0011442	0.0088235	0.0097667	0.0241851	0.0243584	0.0164384	0.0199886	0.0337237	0.0300392	
Grasshopper Sparrow	0.0	0.0	0.0	0.0	0.0	0.0	0.0	0.0	0.0	0.0	0.0	0.0	0.0	0.0	0.0	2.773E-4	0.0013695	0.002527	2.637E-4	2.782E-4	0.0	0.0	0.0	0.0	0.0	0.0	0.0	0.0	0.0	0.0	0.0	0.0	0.0	0.0	4.396E-4	0.0	4.636E-4	0.0013705	0.0019268	3.814E-4	4.902E-4	0.002713	0.0	0.0	0.0	0.0	0.0	0.0	
Chipping Sparrow	0.0085393	0.0088545	0.0061162	0.0029711	0.0032446	0.0028249	0.0030581	0.0021008	0.0020202	0.0029528	0.0034934	0.0136737	0.0970552	0.144453	0.1898734	0.2154742	0.211175	0.1311739	0.0683017	0.0381191	0.0230769	0.0202134	0.0222635	0.0246984	0.0240113	0.019424	0.0098232	0.0117746	0.0091546	0.0175532	0.0149254	0.0160136	0.0164591	0.0334855	0.0241758	0.0486322	0.0936486	0.1461855	0.1965318	0.2181541	0.129902	0.0629409	0.0404837	0.0239234	0.0171233	0.0097087	0.0177986	0.0117545	
Clay-colored Sparrow	0.0139326	0.0177089	0.0071356	0.0033956	0.0038936	0.0015	0.0	5.252E-4	5.051E-4	0.0059055	0.00131	0.0027347	0.0	0.0	0.0	0.0	0.0016434	9.189E-4	0.0	0.0	0.0	0.0	0.0	0.0	0.0	0.0	0.0	0.0	0.0	0.0	0.0	0.0	0.0	0.0010147	0.0052747	0.0072188	0.0111266	0.0082229	0.0057803	0.0087719	0.0039216	0.0037982	0.0068349	4.35E-4	0.0	0.0017133	0.0074941	0.0121898	
Field Sparrow	0.0103371	0.0171555	0.009684	0.012309	0.0129786	0.0079096	0.0104849	0.0036765	0.0085859	0.0123031	0.0122271	0.019447	0.0340108	0.0550847	0.0573136	0.0399334	0.0284853	0.0202159	0.0123945	0.0083472	0.0092308	0.0095452	0.0136054	0.0160827	0.0042373	0.0093771	0.0130976	0.0117746	0.0091546	0.0026596	0.0027985	0.00477	0.0022242	0.0050736	0.0035165	0.0102584	0.0296708	0.0849703	0.1175337	0.1174676	0.0666667	0.0293001	0.022082	0.0117442	0.0116438	0.0137065	0.0271663	0.0126252	
Spizella sp.	0.0	0.0	0.0	0.0	0.0	0.0	0.0	0.0	0.0	0.0	0.0	0.0	0.0	0.0	0.0	0.0	0.0	0.0	0.0	0.0	0.0	0.0	0.0	0.0	0.0	0.0	0.0	0.0	0.0	0.0	0.0	0.0	0.0	0.0	0.0	0.0	0.0	9.137E-4	9.634E-4	0.0011442	0.0	0.0	0.0	0.0	0.0	0.0	0.0	0.0	
Lark Sparrow	0.0076404	0.0083011	0.0015291	0.0029711	0.0025957	0.0	0.0	0.0	0.0	0.0	0.0	0.0	0.0	0.0	0.0	0.0	2.739E-4	2.297E-4	0.0	0.0	0.0	0.0	0.0	0.0	0.0	0.0	0.0	0.0	0.0015	0.0	0.0	0.0030664	0.0057829	5.074E-4	0.0035165	0.0045593	0.0037089	0.0013705	4.817E-4	3.814E-4	4.902E-4	0.0	0.0	0.0	0.0	0.0	9.368E-4	0.0039182	
Lark Bunting	0.0	0.0	0.0	0.0	0.0	0.0	0.0	0.0	0.0	0.0	0.0	0.0	0.0	0.0	0.0	0.0	0.0	0.0	0.0	0.0	5.128E-4	0.0	0.0	0.0	0.0	0.0	0.0	0.0	0.0	0.0	0.0	0.0	0.0	0.0015	0.0	0.0	0.0	0.0	0.0	0.0	0.0	0.0	0.0	0.0	0.0	0.0	0.0	0.0	
American Tree Sparrow	0.0480899	0.0597676	0.0688073	0.0598472	0.0648929	0.0570621	0.0707733	0.052521	0.0479798	0.0383858	0.039738	0.0276512	0.019494	0.0115562	0.004571	2.773E-4	5.478E-4	2.297E-4	0.0	0.0	0.0	0.0	0.0	0.0	0.0	0.0	0.0	0.0	0.0	0.0	0.0	0.0	0.0	0.0	0.0	0.0	0.0	9.137E-4	9.634E-4	0.0026697	0.0078431	0.017363	0.0383807	0.0469769	0.0671233	0.0576813	0.0908665	0.0552895	
Spizella sp./American Tree Sparrow	0.0	0.0	0.0	0.0	0.0	0.0	0.0	0.0	0.0	0.0	0.0	0.0	4.148E-4	3.852E-4	0.0010549	0.0	0.0	0.0	0.0	0.0	0.0	0.0	0.0	0.0	0.0	0.0	0.0	0.0	0.0	0.0	0.0	0.0	0.0	0.0	0.0	0.0	0.0	0.0	0.0	0.0	0.0	0.0	0.0	0.0	0.0	0.0	0.0	0.0	
Fox Sparrow	0.0678652	0.0807969	0.0688073	0.0802207	0.0720311	0.0734463	0.0559196	0.0519958	0.0474747	0.0615157	0.0650655	0.0613795	0.0472833	0.0192604	0.0052743	2.773E-4	0.0	0.0	0.0	0.0	0.0	0.0	0.0	0.0	0.0	0.0	0.0	0.0	0.0	0.0	0.0	0.0	0.0	0.0	0.0	3.799E-4	0.0	0.0	0.0019268	0.0087719	0.0397059	0.0683668	0.1072555	0.1139626	0.1089041	0.1176471	0.1156909	0.077057	
Dark-eyed Junco	0.1289888	0.1223022	0.1207951	0.1209677	0.1168073	0.159887	0.1598952	0.1234244	0.1439394	0.1889764	0.2161572	0.2333637	0.2836997	0.2326656	0.1402954	0.0385469	0.0030129	0.0011486	5.274E-4	2.782E-4	0.0	0.0	0.0	0.0	0.0	0.0	0.0	0.0	0.0	0.0	0.0	0.0	0.0	5.074E-4	0.003956	0.0273556	0.1112656	0.1882138	0.2866089	0.3989321	0.4112745	0.3890396	0.3817035	0.3001305	0.2246575	0.2267276	0.2477752	0.1619504	
White-crowned Sparrow	0.0049438	0.0060874	0.0061162	0.0089134	0.009085	0.0062147	0.0039318	0.0031513	0.0030303	0.0029528	0.0043668	0.002127	0.0012443	0.0026965	0.0035162	0.0108153	0.0334155	0.0457156	0.0224156	0.0025042	0.0	0.0	0.0	0.0	0.0	0.0	0.0	0.0	0.0	0.0	0.0	0.0	0.0	0.0	4.396E-4	0.0102584	0.0486787	0.0995889	0.0953757	0.092296	0.047549	0.0249593	0.0136698	0.0108743	0.0041096	0.0074243	0.0070258	0.0078363	
White-throated Sparrow	0.4193258	0.415606	0.3944954	0.4337861	0.4451655	0.3870056	0.3674093	0.3639706	0.3752525	0.3681102	0.3790393	0.4023093	0.4736624	0.5527735	0.592827	0.6264559	0.5571076	0.3471169	0.1347574	0.0169727	0.0010256	5.615E-4	0.0012369	5.744E-4	7.062E-4	0.0013396	6.549E-4	4.205E-4	5.385E-4	5.319E-4	4.664E-4	6.814E-4	4.448E-4	0.0055809	0.0452747	0.2009878	0.4070468	0.509365	0.5799615	0.6086957	0.5970588	0.5686381	0.5483701	0.5058721	0.4993151	0.49743	0.5053864	0.4653896	
Vesper Sparrow	0.0	0.0	0.0	0.0	0.0	0.0	0.0	0.0	0.0	0.0	0.0	3.039E-4	0.0020738	0.0053929	0.0031646	5.546E-4	2.739E-4	2.297E-4	0.0	0.0	0.0	0.0	0.0	0.0	0.0	0.0	0.0	0.0	0.0	0.0	0.0	0.0	0.0	5.074E-4	0.0	3.799E-4	0.0018544	0.0114207	0.0250482	0.0381388	0.0186275	0.0037982	0.0042061	0.0013049	0.0	5.711E-4	4.684E-4	0.0	
LeConte's Sparrow	0.0	0.0	0.0	0.0	0.0	0.0	4.369E-4	0.0	0.0	0.0	0.0	0.0	0.0	0.0	0.0	0.0	0.0	0.0	0.0	0.0	0.0	0.0	0.0	0.0	0.0	0.0	0.0	0.0	0.0	0.0	0.0	0.0	0.0	0.0	0.0	0.0	0.0	4.568E-4	0.0	0.0	0.0	0.0	0.0189274	0.0	0.0	0.0	0.0014052	0.0	
Seaside Sparrow	0.0	0.0	0.0	0.0	0.0	0.0	0.0	0.0	0.0	0.0	0.0	0.0	0.0	0.0	0.0010549	0.0013866	0.0062996	0.0082702	0.0100211	0.0108514	0.0046154	0.0050533	0.008658	0.0045951	0.0035311	0.0066979	0.0072037	0.0058873	0.005385	0.0058511	0.0037313	0.0044293	0.0022242	0.0020294	8.791E-4	0.0041793	0.0050997	0.0031978	9.634E-4	0.0015256	0.0	0.0	0.0	0.0	0.0	0.0	0.0014052	0.0	
Nelson's Sparrow	0.0	0.0	0.0	0.0	0.0	0.0	0.0	0.0	0.0	0.0	0.0	0.0	0.0	0.0	0.0	0.0	0.0	2.297E-4	0.0	5.565E-4	0.0	0.0	0.0	0.0	0.0	0.0	0.0	0.0	0.0	0.0	0.0	0.0	0.0	0.0	0.0	0.0011398	0.0088085	0.0073093	0.011079	0.0034325	0.002451	0.0010852	0.0010515	0.0021749	0.0	0.0	9.368E-4	0.0	
Saltmarsh Sparrow	0.0	0.0	0.0	0.0	0.0	0.0	0.0	0.0	5.051E-4	0.0	0.0	0.0	0.0	0.0	0.0	8.319E-4	0.0010956	0.0029864	0.0047468	0.0058431	0.0082051	0.0067378	0.0068027	0.0034463	0.0021186	0.0046885	0.0045842	0.0033642	0.0037695	0.0026596	9.328E-4	0.0020443	4.448E-4	0.0010147	0.0021978	0.0068389	0.0092721	0.0036546	0.0057803	0.0019069	9.804E-4	0.0010852	0.0	4.35E-4	0.0	0.0	9.368E-4	0.0	
Nelson's/Saltmarsh Sparrow (Sharp-tailed Sparrow)	0.0	0.0	0.0	0.0	0.0	0.0	0.0	0.0	0.0	0.0	0.0	0.0	0.0	3.852E-4	0.0	0.0	0.0	0.0	0.0	2.782E-4	0.0	0.0	0.0	0.0	0.0	0.0	0.0	0.0	5.385E-4	5.319E-4	0.0	0.0	0.0	0.0	4.396E-4	7.599E-4	0.0018544	0.0	9.634E-4	7.628E-4	0.0	0.0	0.0	0.0	0.0	0.0011422	4.684E-4	0.0	
Ammospiza sp.	0.0	0.0	0.0	0.0	0.0	0.0	0.0	0.0	0.0	0.0	0.0	0.0	0.0	0.0	0.0	0.0	0.0	0.0	0.0	0.0	0.0	0.0	0.0	0.0	0.0	0.0	0.0	0.0	0.0	0.0	0.0	0.0	0.0	0.0	0.0	0.0	4.636E-4	4.568E-4	4.817E-4	0.0	0.0	0.0	0.0	0.0	0.0	0.0	0.0	0.0	
Savannah Sparrow	0.0125843	0.0204759	0.0168196	0.012309	0.0162232	0.0186441	0.0126693	0.0078782	0.0060606	0.0063976	0.0074236	0.0097235	0.0236416	0.0504622	0.0879044	0.0973378	0.0838127	0.0622559	0.0327004	0.0077908	0.0051282	0.0061763	0.0068027	0.0057438	0.0035311	0.0080375	0.0026195	0.0058873	0.0048465	0.0031915	0.0037313	0.0074957	0.0093416	0.0273973	0.0879121	0.1675532	0.2285582	0.2069438	0.1830443	0.16209	0.0897059	0.0596853	0.053102	0.0347977	0.0184932	0.0194175	0.0510539	0.0156726	
Henslow's Sparrow	0.0	0.0	0.0	0.0	0.0	0.0	0.0	0.0	0.0	0.0	0.0	0.0	0.0	0.0	0.0	0.0	0.0	0.0	0.0	0.0	0.0	0.0	0.0	0.0	0.0	0.0	0.0	0.0	0.0	0.0	0.0	0.0	0.0	0.0	0.0	0.0	0.0	0.0	0.0	3.814E-4	0.0	0.0	0.0	0.0039147	0.0	0.0	0.0	0.0	
Song Sparrow	0.301573	0.3176536	0.3098879	0.3157895	0.3160286	0.2915254	0.2979467	0.3497899	0.3878788	0.4404528	0.4834061	0.4889091	0.5101618	0.4903698	0.4374121	0.4378813	0.3656532	0.3719274	0.3689346	0.4159711	0.4282051	0.4278495	0.4415584	0.4273406	0.4413842	0.4521098	0.4793713	0.4465938	0.4119548	0.3611702	0.3190299	0.2568995	0.2660142	0.2597666	0.2962637	0.3449848	0.4381085	0.5239836	0.5149326	0.553013	0.522549	0.4422138	0.413775	0.353632	0.3294521	0.3792119	0.4370023	0.3234654	
Lincoln's Sparrow	4.494E-4	0.0	0.0	8.489E-4	0.0	5.65E-4	8.737E-4	5.252E-4	0.0	0.0	8.734E-4	0.0	0.0	0.0	0.0	5.546E-4	0.0030129	0.0225132	0.0224156	0.0027824	0.0	0.0	0.0	0.0	0.0	0.0	0.0	0.0	0.0	0.0	0.0	0.0	4.448E-4	0.0055809	0.0224176	0.0596505	0.0598053	0.0621288	0.033237	0.0251716	0.0088235	0.0037982	0.0026288	4.35E-4	0.0	5.711E-4	9.368E-4	0.0	
Swamp Sparrow	0.0350562	0.0326508	0.0280326	0.0241935	0.0382868	0.0254237	0.0166011	0.0194328	0.0151515	0.0108268	0.0235808	0.0346399	0.079635	0.0928351	0.1012658	0.1048253	0.157765	0.1288766	0.0719937	0.0130774	0.0020513	0.0022459	0.0049474	0.0028719	0.0049435	0.003349	0.0045842	0.0063078	0.008616	0.0053191	0.0051306	0.0085179	0.0093416	0.0045662	0.0254945	0.1341185	0.2605471	0.3206944	0.3222543	0.3028223	0.2245098	0.1595225	0.1214511	0.0861244	0.0876712	0.0805254	0.1091335	0.0552895	
Lincoln's/Swamp Sparrow	0.0	0.0	0.0	0.0	0.0	0.0	0.0	0.0	0.0	0.0	0.0	0.0	0.0	0.0	0.0	0.0	0.0	0.0	0.0	2.782E-4	0.0	0.0	0.0	0.0	0.0	0.0	0.0	0.0	0.0	0.0	0.0	0.0	0.0	0.0	0.0	0.0015198	4.636E-4	0.0013705	0.0015	0.0	0.0	0.0	0.0	0.0	0.0	0.0	0.0	0.0	
Eastern Towhee	0.011236	0.0127283	0.0173293	0.0127334	0.0188189	0.0141243	0.0078637	0.0105042	0.0111111	0.0172244	0.0183406	0.0164084	0.0485276	0.1236518	0.25	0.3502496	0.3264859	0.2942798	0.2797996	0.2376183	0.2297436	0.2010107	0.2436611	0.2194141	0.240113	0.2685867	0.2796333	0.2624054	0.2272482	0.175	0.1301306	0.0960818	0.1005338	0.0933536	0.1107692	0.1318389	0.1868336	0.219735	0.1806358	0.1106026	0.054902	0.0336408	0.022082	0.0200087	0.0205479	0.0234152	0.0351288	0.0148019	
new world sparrow sp.	0.0076404	0.0066408	0.0071356	0.0067912	0.0071382	0.0079096	0.0113587	0.0068277	0.0080808	0.0063976	0.0082969	0.0051656	0.0074658	0.0088598	0.0038678	0.0038824	0.0041085	0.0045945	0.0052743	0.0033389	5.128E-4	0.0016844	0.0	0.0022975	7.062E-4	0.0	0.0	0.0012616	0.0	0.0015957	4.664E-4	0.0013629	0.0013345	0.0030441	0.0043956	0.0132979	0.0143718	0.01873	0.0168593	0.0144928	0.0142157	0.0097667	0.0094637	0.0091344	0.0123288	0.0079954	0.0112412	0.0095777	
Yellow-breasted Chat	4.494E-4	5.534E-4	0.0	0.0015	0.0	0.0	0.0	5.252E-4	0.0	0.0	0.0	0.0	0.0	0.0034669	0.0	0.0	0.0041085	0.0027567	0.003692	0.0041736	0.0	0.0	0.0	5.744E-4	0.0	0.0	0.0	0.0	0.0	0.0	9.328E-4	0.0027257	0.002669	0.0025368	0.0048352	0.0026596	0.0074177	0.002741	9.634E-4	0.0015256	0.0	0.0	0.0010515	0.0	0.0047945	0.0102798	0.0014052	4.354E-4	
Yellow-headed Blackbird	0.0	0.0	0.0	0.0	0.0	0.0	0.0	0.0	0.0	0.0	0.0	0.0	0.0	0.0	0.0	0.0	0.0	0.0114863	0.0013186	0.0	0.0	0.0	0.0	0.0	0.0	0.0	0.0	0.0	0.0	0.0	0.0	0.0	0.0	0.0	0.0	0.0	0.0	0.0	0.0	0.0	0.0	0.0	0.0	0.0	0.0	0.0	0.0	0.0	
Bobolink	0.0	0.0	0.0	0.0	0.0	0.0	0.0	0.0	0.0	0.0	0.0	0.0	0.0	0.0015	0.0	5.546E-4	0.005478	0.0098782	0.0110759	0.0019477	5.128E-4	5.615E-4	0.0	0.0	0.0	0.0013396	0.0013098	0.0016821	0.002154	0.0026596	0.0102612	0.0228279	0.0244662	0.0304414	0.021978	0.0170973	0.0111266	0.0045683	9.634E-4	7.628E-4	0.0	0.0	0.0	0.0	0.0	0.0	0.0	0.0	
Eastern Meadowlark	8.989E-4	5.534E-4	0.0020387	4.244E-4	6.489E-4	0.0	4.369E-4	0.0010504	0.0015152	0.0029528	8.734E-4	0.002127	0.0024886	0.0015408	0.0031646	0.0016639	8.217E-4	4.595E-4	0.0015823	0.001113	0.0	0.0	0.0	0.0	7.062E-4	6.698E-4	0.0	4.205E-4	5.385E-4	5.319E-4	4.664E-4	6.814E-4	4.448E-4	5.074E-4	8.791E-4	0.0018997	0.0041725	0.0210142	0.0226397	0.018688	0.0147059	0.0103093	0.0078864	0.0013049	6.849E-4	0.0017133	0.0084309	8.707E-4	
Orchard Oriole	0.0	0.0	0.0	0.0	0.0	0.0	0.0	0.0	0.0	0.0	0.0	0.0	0.0	0.0	7.032E-4	0.0135885	0.0449192	0.039513	0.0319093	0.0197551	0.0138462	0.0140371	0.0154607	0.0109133	0.0063559	0.0087073	0.0039293	0.0025231	0.004308	0.0047872	0.0041978	0.002385	0.0	0.0	0.0	0.0	0.0	0.0	0.0	0.0	0.0	0.0	0.0	0.0	0.0	0.0	0.0	0.0	
Baltimore Oriole	0.0031461	0.0049806	0.0045872	0.0025467	0.0038936	0.0039548	0.0043687	0.0036765	0.0035354	0.0034449	0.0021834	0.002127	0.0020738	0.0026965	0.0024613	0.0776484	0.3738702	0.4068459	0.3515295	0.2134112	0.1348718	0.1229646	0.0946197	0.0712234	0.0437853	0.0308104	0.02685	0.0252313	0.0425417	0.0569149	0.0900187	0.1206133	0.0974199	0.0776256	0.0501099	0.0322948	0.012981	0.015989	0.006262	0.0076278	0.0039216	0.0081389	0.0026288	0.0026098	0.0020548	0.0028555	0.0018735	8.707E-4	
new world oriole sp.	0.0	0.0	0.0	0.0	0.0	0.0	0.0	0.0	0.0	0.0	0.0	0.0	0.0	0.0	0.0	0.0	2.739E-4	2.297E-4	0.0	0.0	0.0	0.0	0.0	0.0	0.0	0.0	0.0	0.0	0.0	0.0	0.0	0.0	0.0	0.0	0.0	0.0	0.0	0.0	0.0	0.0	0.0	0.0	0.0	0.0	0.0	0.0	0.0	0.0	
Red-winged Blackbird	0.0539326	0.0619812	0.0611621	0.0696095	0.0856587	0.1649718	0.2022717	0.3077731	0.3747475	0.4389764	0.4244541	0.4393801	0.4927416	0.5419877	0.5267229	0.536883	0.5157491	0.5272226	0.5614451	0.5383973	0.5389744	0.5721505	0.5825603	0.5215393	0.5515537	0.5941058	0.5926654	0.5231287	0.4857297	0.4430851	0.423041	0.350937	0.3180605	0.2658549	0.283956	0.243921	0.2318034	0.2297853	0.2201349	0.2231121	0.2264706	0.2425393	0.1913775	0.1322314	0.1246575	0.111936	0.1362998	0.0774924	
Brown-headed Cowbird	0.0152809	0.0215827	0.0152905	0.0118846	0.0116807	0.0135593	0.0100481	0.0152311	0.0222222	0.0369094	0.0624454	0.0859921	0.1418499	0.1856703	0.214135	0.2393233	0.2415776	0.2182403	0.2078059	0.1649972	0.1410256	0.1246491	0.1317254	0.1108558	0.1179379	0.0864032	0.0720367	0.0550883	0.0490038	0.0356383	0.0471082	0.0425894	0.0422598	0.0339929	0.0457143	0.0452128	0.0505331	0.0694381	0.0698459	0.0568268	0.0485294	0.0553445	0.0436383	0.0365376	0.0205479	0.0148487	0.0327869	0.0222029	
Rusty Blackbird	0.0139326	0.0149419	0.0076453	0.0224958	0.0149254	0.0124294	0.0157274	0.0115546	0.0176768	0.0255906	0.0318777	0.0416287	0.0618001	0.0720339	0.0699719	0.0532446	0.0356067	0.0073513	0.0010549	0.0	0.0	0.0	0.0	0.0	0.0	0.0	0.0	0.0	0.0	0.0	0.0	0.0	0.0	0.0	0.0	0.0022796	0.0018544	0.0123344	0.0163776	0.0209764	0.0303922	0.0401519	0.0383807	0.0291431	0.0273973	0.0256996	0.0192037	0.0108838	
Common Grackle	0.0337079	0.0492529	0.0667686	0.0619694	0.0590526	0.0824859	0.0974225	0.1360294	0.1888889	0.2185039	0.241048	0.2658766	0.3081709	0.327812	0.3389592	0.3935108	0.4239934	0.4282104	0.4069093	0.3728436	0.3528205	0.3649635	0.3617811	0.3750718	0.3601695	0.3221701	0.2992796	0.2413793	0.2110932	0.2175532	0.2322761	0.2204429	0.2326512	0.2592593	0.2061538	0.1762918	0.1655076	0.1694838	0.1926782	0.1800153	0.2073529	0.1638633	0.126183	0.0687255	0.0616438	0.0468304	0.0505855	0.0513714	
Boat-tailed Grackle	0.0166292	0.0083011	0.0101937	0.0135823	0.0129786	0.0107345	0.0148536	0.0252101	0.0237374	0.0378937	0.0554585	0.0701914	0.0779759	0.1113251	0.0879044	0.0851359	0.0991509	0.1233632	0.1616561	0.1652755	0.1651282	0.1504773	0.1546073	0.1550833	0.1737288	0.1962492	0.2089064	0.1955425	0.1987076	0.2031915	0.1968284	0.116184	0.1045374	0.072552	0.0479121	0.043693	0.0366249	0.0287803	0.0313102	0.020595	0.0264706	0.0168204	0.0257624	0.0169639	0.0136986	0.0108509	0.0206089	0.0091424	
grackle sp.	4.494E-4	5.534E-4	0.0	0.0	0.0	5.65E-4	0.0	0.0	0.0	0.0	4.367E-4	6.077E-4	0.0	0.0011556	3.516E-4	5.546E-4	5.478E-4	0.0	0.0	5.565E-4	0.0010256	5.615E-4	0.0	0.0022975	0.0	6.698E-4	6.549E-4	4.205E-4	0.0	5.319E-4	4.664E-4	3.407E-4	0.0	5.074E-4	4.396E-4	0.0	0.0	0.0	0.0	0.0	0.0	0.0	0.0	0.0	0.0	5.711E-4	0.0	0.0	
blackbird sp.	0.0031461	0.0038738	0.0081549	0.0059423	0.0038936	0.0073446	0.0065531	0.0057773	0.0065657	0.0083661	0.0074236	0.0069888	0.0078805	0.0034669	0.0031646	0.0019412	0.0030129	0.0013784	0.0031646	0.0016694	0.0	0.001123	6.184E-4	0.0011488	0.0	6.698E-4	0.0019646	0.0016821	0.002154	0.0053191	0.0018657	0.0040886	0.0044484	0.0045662	0.0074725	0.0041793	0.0037089	0.0091366	0.0091522	0.0133486	0.0156863	0.0244167	0.0173502	0.0104393	0.0089041	0.0102798	0.0056206	0.0026121	
Ovenbird	0.0	0.0	0.0010194	0.0	0.0	0.0	0.0	0.0	0.0	0.0	0.0	0.0	0.0	0.0	0.0031646	0.0709928	0.2897836	0.3170227	0.2236287	0.0464663	0.0061538	0.0022459	0.0024737	0.0028719	0.0	0.0	0.0	0.0	0.0	0.0095745	0.025653	0.0575809	0.0547153	0.0766109	0.0817582	0.0615502	0.0431154	0.0191868	0.0091522	0.0015256	0.0039216	0.0016278	0.0010515	0.0015	6.849E-4	0.0017133	0.0	0.0	
Worm-eating Warbler	0.0	0.0	0.0	0.0	0.0	0.0	0.0	0.0	0.0	0.0	0.0	0.0	0.0	0.0	3.516E-4	0.0127565	0.0608053	0.0360671	0.0205696	0.0016694	5.128E-4	0.001123	0.0	0.0	0.0015	0.0	0.0	0.0015	0.001077	0.0026596	0.0130597	0.011925	0.0102313	0.0055809	0.0026374	3.799E-4	4.636E-4	0.0	0.0	0.0	0.0	0.0	0.0	0.0	0.0	0.0	0.0	0.0	
Louisiana Waterthrush	0.0	0.0	0.0	0.0	0.0	0.0	0.0	0.0	0.0	0.0	0.0	6.077E-4	0.0190792	0.0365948	0.0365682	0.0330006	0.0120515	0.0034459	2.637E-4	0.0	0.0	0.0	0.0	0.0	0.0	0.0	0.0013098	0.0084104	0.0123856	0.0074468	0.0023321	0.0010221	0.0017794	0.0	0.0	0.0	0.0	0.0	0.0	0.0	0.0	0.0	0.0	0.0	0.0	0.0	0.0	0.0	
Northern Waterthrush	0.0	0.0	5.097E-4	0.0	0.0	0.0	0.0	0.0	0.0	0.0	0.0	0.0	4.148E-4	0.0	0.011955	0.0662784	0.1988496	0.2329428	0.2035865	0.0395103	0.0015	0.0	0.0	5.744E-4	0.0	0.0013396	0.0098232	0.0811606	0.1620894	0.231383	0.2583955	0.2463373	0.2513345	0.2166413	0.1903297	0.1120821	0.0635141	0.0205573	0.004817	3.814E-4	0.0	0.0	0.0	4.35E-4	0.0	5.711E-4	9.368E-4	4.354E-4	
Louisiana/Northern Waterthrush	0.0	0.0	0.0	0.0	0.0	0.0	0.0	0.0	0.0	0.0	0.0	0.0	0.0	0.0	3.516E-4	0.0013866	0.0010956	4.595E-4	2.637E-4	0.0	5.128E-4	0.0	0.0	0.0	0.0	0.0	6.549E-4	0.0042052	0.0102316	0.0090426	0.0069963	0.0037479	0.0022242	5.074E-4	0.0	0.0	0.0	0.0	0.0	0.0	0.0	0.0	0.0	0.0	0.0	0.0	0.0	0.0	
Golden-winged Warbler	0.0	0.0	0.0	0.0	0.0	0.0	0.0	0.0	0.0	0.0	0.0	0.0	0.0	0.0	0.0	8.319E-4	0.0010956	2.297E-4	0.0	0.0	0.0	0.0	0.0	0.0	0.0	0.0	0.0	0.0	0.0	0.0	0.0027985	6.814E-4	0.0022242	5.074E-4	0.0030769	0.0026596	0.0	0.0	0.0	0.0	0.0	0.0	0.0	0.0	0.0	0.0	0.0	0.0	
Blue-winged Warbler	0.0	0.0	0.0	0.0	0.0	0.0	0.0	0.0	0.0	0.0	0.0	0.0	0.0	0.0015	0.0042194	0.0277316	0.1029855	0.0475534	0.0168776	0.0027824	0.0020513	5.615E-4	0.0	0.0	0.0	0.0	6.549E-4	0.0012616	0.0037695	0.0111702	0.0195896	0.0303237	0.0244662	0.0208016	0.0083516	0.0041793	4.636E-4	4.568E-4	4.817E-4	0.0	0.0	0.0	0.0	0.0	0.0	0.0	0.0	0.0	
Golden-winged x Blue-winged Warbler (hybrid)	0.0	0.0	0.0	0.0	0.0	0.0	0.0	0.0	0.0	0.0	0.0	0.0	0.0	0.0	0.0	0.0	0.0	0.0	0.0	0.0	0.0	0.0	0.0	0.0	0.0	0.0	0.0	0.0	0.0	0.0015	0.0	0.0	0.0	0.0	0.0	0.0	0.0	0.0	0.0	0.0	0.0	0.0	0.0	0.0	0.0	0.0	0.0	0.0	
Brewster's Warbler (hybrid)	0.0	0.0	0.0	0.0	0.0	0.0	0.0	0.0	0.0	0.0	0.0	0.0	0.0	0.0	0.0	0.0	0.0010956	2.297E-4	0.0	0.0	0.0	0.0	0.0	0.0	0.0	0.0	0.0	0.0	0.0	0.0	0.0	0.0	4.448E-4	0.0	0.0	0.0	0.0	0.0	0.0	0.0	0.0	0.0	0.0	0.0	0.0	0.0	0.0	0.0	
Lawrence's Warbler (hybrid)	0.0	0.0	0.0	0.0	0.0	0.0	0.0	0.0	0.0	0.0	0.0	0.0	0.0	0.0	0.0	0.0	5.478E-4	4.595E-4	0.0	0.0	0.0	0.0	0.0	0.0	0.0	0.0	0.0	0.0	0.0	0.0	0.0	3.407E-4	0.0	5.074E-4	0.0	0.0	0.0	0.0	0.0	0.0	0.0	0.0	0.0	0.0	0.0	0.0	0.0	0.0	
Golden-winged/Blue-winged Warbler	0.0	0.0	0.0	0.0	0.0	0.0	0.0	0.0	0.0	0.0	0.0	0.0	0.0	0.0	0.0	0.0	8.217E-4	2.297E-4	2.637E-4	0.0	0.0	0.0	6.184E-4	0.0	0.0	0.0	0.0	0.0	0.0	0.0	0.0	0.0	0.0	5.074E-4	0.0	0.0	0.0	0.0	0.0	0.0	0.0	0.0	0.0	0.0	0.0	0.0	0.0	0.0	
Black-and-white Warbler	4.494E-4	0.0	0.0	0.0	0.0	0.0	0.0	0.0	0.0	0.0	0.0	0.0	0.0016591	0.0057781	0.0436006	0.2129784	0.4617913	0.4709396	0.3309599	0.0601002	0.0082051	0.0044919	0.0012369	0.0011488	0.0	0.0	0.0013098	0.0037847	0.0150781	0.0420213	0.076959	0.1574106	0.1712633	0.2404871	0.2584615	0.2146657	0.162726	0.0612152	0.0134875	0.0045767	9.804E-4	5.426E-4	0.0	4.35E-4	0.0	0.0	4.684E-4	0.0	
Prothonotary Warbler	0.0	0.0	0.0	0.0	0.0	0.0	0.0	0.0	0.0	0.0	0.0	0.0015	0.0016591	0.001926	0.0010549	0.0069329	0.0101342	0.002527	0.005538	0.0019477	0.0	0.0	0.0	0.0	7.062E-4	0.0	0.0	0.0	5.385E-4	0.0	0.0015	3.407E-4	0.0	0.0	0.0	0.0	4.636E-4	0.0	0.0	0.0	0.0	0.0	0.0	0.0	0.0	0.0	0.0	0.0	
Swainson's Warbler	0.0	0.0	0.0	0.0	0.0	0.0	0.0	0.0	0.0	0.0	0.0	0.0	0.0	7.704E-4	0.0010549	0.0	0.0	0.0	0.0	0.0	0.0	0.0	0.0	0.0	0.0	0.0	0.0	0.0	0.0	0.0	0.0	0.0	0.0	0.0	0.0	0.0	0.0	0.0	0.0	0.0	0.0	0.0	0.0	0.0	0.0	0.0	0.0	0.0	
Tennessee Warbler	0.0	0.0	0.0	0.0	0.0	0.0	0.0	0.0	0.0	0.0	0.0	0.0	0.0	0.0	0.0	0.0011093	0.010682	0.0493912	0.064346	0.0136338	0.0015	0.0	0.0	0.0	0.0	0.0	0.0	4.205E-4	0.0	0.0010638	0.0013993	0.0211244	0.0418149	0.0695079	0.0672527	0.0528116	0.0426518	0.0260393	0.0105973	0.0030511	9.804E-4	0.0	0.0010515	0.0039147	0.0	0.0	0.0	0.0	
Orange-crowned Warbler	0.0107865	0.0121749	0.0122324	0.00382	0.0045425	0.0096045	0.0074268	0.0063025	0.0075758	0.0073819	0.0043668	0.0051656	0.0029034	0.0034669	0.0021097	0.0011093	0.0049302	0.0013784	2.637E-4	0.0	0.0	0.0	0.0	0.0	0.0	0.0	0.0	0.0	0.0	0.0	0.0	0.0	0.0	5.074E-4	0.0	0.0049392	0.0101994	0.0132481	0.0149326	0.0160183	0.0122549	0.0244167	0.0247108	0.0274032	0.0232877	0.0314106	0.0430913	0.0156726	
Nashville Warbler	0.0031461	0.0038738	0.0056065	8.489E-4	0.0015	0.0011299	0.0	5.252E-4	0.0010101	0.0014764	0.00131	0.0	0.0	0.0	3.516E-4	0.0216306	0.1281841	0.1132552	0.0498418	0.0013912	5.128E-4	0.0	0.0	0.0	0.0	0.0	0.0	0.0	5.385E-4	5.319E-4	0.0013993	0.0098807	0.024911	0.0360223	0.0474725	0.0550912	0.0658322	0.0484239	0.0255299	0.0122044	0.0127451	0.0021704	0.0068349	0.0065246	0.0089041	0.0051399	0.0032787	0.0026121	
Virginia's Warbler	0.0	0.0	0.0	0.0	0.0	0.0	0.0	0.0	0.0	0.0	0.0	0.0	0.0	0.0	0.0	0.0	0.0	0.0	0.0	0.0	0.0	0.0	0.0	0.0	0.0	0.0	0.0	0.0	0.0	0.0	0.0	0.0	0.0	0.0	0.0	0.0	0.0	0.0	0.0	0.0	0.0	0.0119371	0.0068349	0.0039147	0.0	0.0	0.0	0.0	
Connecticut Warbler	0.0	0.0	0.0	0.0	0.0	0.0	0.0	0.0	0.0	0.0	0.0	0.0	0.0	0.0	0.0	0.0	0.0	0.0	0.0	0.0	0.0	0.0	0.0	0.0	0.0	0.0	0.0	0.0	0.0	0.0	0.0	3.407E-4	0.0062278	0.0162354	0.0083516	0.0091185	0.0083449	0.0013705	9.634E-4	0.0	0.0	0.0	0.0	0.0	0.0	0.0	0.0	0.0	
MacGillivray's Warbler	0.0	0.0	0.0	0.0	0.0	0.0	0.0	0.0	0.0	0.0	0.0	0.0	0.0	0.0	0.0	0.0	0.0015	0.0	0.0	0.0	0.0	0.0	0.0	0.0	0.0	0.0	0.0	0.0	0.0	0.0	0.0	0.0	0.0	0.0	0.0	0.0	0.0	0.0	0.0	0.0	0.0	0.0	0.0	0.0	0.0	0.0	0.0	0.0	
Mourning Warbler	0.0	0.0	0.0	0.0	0.0	0.0	0.0	0.0	0.0	0.0	0.0	0.0	0.0	0.0	0.0	0.0	5.478E-4	0.0034459	0.0218882	0.0139121	0.0061538	0.0	0.0015	0.0011488	0.0	0.0	0.0	0.0	0.0	0.0010638	0.0032649	0.0061329	0.0066726	0.0040589	0.0065934	0.0018997	0.0015	0.0	0.0	0.0	0.0	0.0	0.0	0.0	0.0	0.0	0.0	0.0	
Connecticut/MacGillivray's/Mourning Warbler	0.0	0.0	0.0	0.0	0.0	0.0	0.0	0.0	0.0	0.0	0.0	0.0	0.0	0.0	0.0	0.0	0.0	0.0	0.0	0.0	0.0	0.0	0.0	0.0	0.0	0.0	0.0	0.0	0.0	0.0	0.0	0.0	0.0	0.0	0.0	3.799E-4	0.0	0.0	4.817E-4	0.0	0.0	0.0	0.0	0.0	0.0	0.0	0.0	0.0	
Kentucky Warbler	0.0	0.0	0.0	0.0	0.0	0.0	0.0	0.0	0.0	0.0	0.0	0.0	0.0	0.0	0.0	0.0016639	0.0090386	0.0064323	0.0071203	0.0063996	0.0	0.0	0.0	5.744E-4	0.0	0.0	0.0	0.0	0.0	0.0	0.0	0.0	8.897E-4	0.0	0.0	0.0	0.0	0.0	0.0	0.0	0.0	0.0	0.0	0.0	0.0	0.0	0.0	0.0	
Common Yellowthroat	0.0	0.0	0.0	0.0	0.0	0.0	0.0	0.0010504	0.0	0.0	0.0	3.039E-4	0.0	0.0011556	0.0070323	0.0776484	0.3163517	0.5047094	0.5290084	0.3338898	0.2661538	0.2279618	0.2529375	0.2441126	0.2754237	0.2618888	0.2423052	0.1619008	0.1168551	0.1329787	0.1375933	0.2190801	0.3322954	0.3779807	0.4105495	0.3943769	0.3676402	0.2558246	0.1421002	0.0755149	0.0210784	0.0103093	0.0052576	0.0052197	0.0034247	0.0028555	0.006089	8.707E-4	
Hooded Warbler	0.0	0.0	0.0	0.0	0.0	0.0	0.0	0.0	0.0	0.0	0.0	0.0	0.0	0.0	0.0063291	0.0163616	0.0386196	0.0284861	0.0195148	0.0047301	5.128E-4	5.615E-4	0.0	0.0	0.0	0.0	0.0	0.0	5.385E-4	0.0	0.0018657	3.407E-4	0.0031139	0.0030441	0.0057143	0.0015198	4.636E-4	4.568E-4	0.0	0.0	0.0	0.0	5.258E-4	0.0	0.0	0.0	0.0	0.0	
American Redstart	0.0	0.0	0.0	0.0	0.0	0.0	0.0	0.0	0.0	0.0	0.0	0.0	0.0	0.0	0.0010549	0.0282862	0.2440427	0.4079945	0.4965717	0.2957707	0.1835897	0.1195957	0.1069882	0.0850086	0.0586158	0.0455459	0.0340537	0.0403701	0.0495423	0.0984043	0.1529851	0.2858603	0.3247331	0.4038559	0.3841758	0.256079	0.1548447	0.0584742	0.0178227	0.0034325	9.804E-4	0.0	0.0	0.0	0.0	0.0	0.0	0.0	
Cape May Warbler	0.0	5.534E-4	0.0	0.0	0.0	0.0	4.369E-4	0.0	0.0	0.0	0.0	0.0	0.0	0.0	0.0	0.0036051	0.0509449	0.1031473	0.0690928	0.0055648	0.0	0.0	0.0	0.0	0.0	0.0	0.0	0.0	5.385E-4	0.0031915	0.0093284	0.0446337	0.0640569	0.0786403	0.083956	0.0661094	0.0380158	0.024212	0.0072254	0.0019069	0.0	5.426E-4	0.0	0.0	0.0	0.0	4.684E-4	0.0	
Cerulean Warbler	0.0	0.0	0.0	0.0	0.0	0.0	0.0	0.0	0.0	0.0	0.0	0.0	0.0	0.0	0.0	5.546E-4	0.0104081	0.0043648	0.001846	8.347E-4	0.0	0.0	0.0	0.0	0.0	0.0	0.0	0.0	0.0	0.0	0.0018657	0.0	0.0	0.0	0.0	0.0	0.0	0.0	0.0	0.0	0.0	0.0	0.0	0.0	0.0	0.0	0.0	0.0	
Northern Parula	0.0	0.0	0.0	0.0	0.0	0.0	0.0	0.0	0.0	0.0	0.0	0.0	0.0	0.001926	0.0063291	0.1067665	0.4034511	0.4573857	0.3734177	0.0754035	0.0041026	0.0016844	0.0012369	0.0015	0.0	0.0	0.0	4.205E-4	0.0	0.0	0.0037313	0.0429302	0.1298932	0.2161339	0.2804396	0.2462006	0.21465	0.0922796	0.0409441	0.0087719	0.0068627	0.0059685	5.258E-4	8.699E-4	0.0	0.0	0.0	0.0	
Magnolia Warbler	0.0	0.0	0.0	0.0	0.0	0.0	0.0	0.0	0.0	0.0	0.0	0.0	0.0	0.0	0.0	0.0033278	0.1070939	0.2958879	0.3494198	0.1165832	0.0158974	0.001123	6.184E-4	0.0	7.062E-4	0.0	0.0	0.0	0.0	0.0031915	0.0102612	0.051448	0.0862989	0.1415525	0.1661538	0.1614742	0.1404729	0.0634993	0.0139692	0.006865	4.902E-4	0.0	0.0	0.0	0.0	0.0	0.0	0.0	
Bay-breasted Warbler	0.0	0.0	0.0	0.0	0.0	0.0	0.0	0.0	0.0	0.0	0.0	0.0	0.0	0.0	0.0	2.773E-4	0.0101342	0.0976338	0.2217827	0.0589872	5.128E-4	0.0	0.0	0.0	0.0	0.0	0.0	0.0	0.0	0.0015	0.0	0.0017036	0.0204626	0.0339929	0.0408791	0.0277356	0.0101994	0.0031978	4.817E-4	3.814E-4	4.902E-4	0.0	0.0	0.0	0.0	0.0	0.0	0.0	
Blackburnian Warbler	0.0	0.0	0.0	0.0	0.0	0.0	0.0	0.0	0.0	0.0	0.0	0.0	0.0	0.0	0.0	0.0069329	0.0553273	0.1196876	0.1426688	0.0328325	0.0015385	0.0015	0.0	0.0	0.0	0.0	0.0	0.0	0.0	0.0010638	0.0060634	0.0238501	0.0204626	0.0268899	0.0237363	0.0151976	0.0074177	0.0045683	0.0	0.0	0.0	0.0	0.0	0.0	0.0	0.0	0.0	0.0	
Northern Yellow Warbler	0.0	0.0	0.0	0.0	0.0	0.0	0.0	0.0	0.0	0.0	0.0	0.0	0.0	7.704E-4	0.0260197	0.2365502	0.4845248	0.5437629	0.5566983	0.4794101	0.4815385	0.476137	0.4718615	0.4014934	0.4081921	0.3904889	0.3876883	0.4087468	0.3823371	0.3117021	0.2425373	0.2224872	0.1921708	0.1907661	0.1621978	0.0900456	0.0384794	0.0086798	0.0028902	0.0019069	0.0019608	5.426E-4	5.258E-4	4.35E-4	6.849E-4	0.0011422	0.0	0.0	
Chestnut-sided Warbler	0.0	0.0	0.0	0.0	0.0	0.0	0.0	0.0	0.0	0.0	0.0	0.0	0.0	0.0	0.0	0.0013866	0.085456	0.1798759	0.1943565	0.0428492	0.0015385	0.0	6.184E-4	0.0	7.062E-4	0.0	0.0	0.0	0.0	0.0037234	0.0279851	0.0691652	0.0636121	0.0842212	0.0835165	0.0448328	0.0236439	0.002741	0.0	0.0	0.0	0.0	0.0	0.0	0.0	0.0	0.0	0.0	
Blackpoll Warbler	0.0	0.0	0.0	0.0	0.0	0.0	0.0	0.0	0.0	0.0	0.0	0.0	0.0	0.0	0.0	0.004437	0.0813476	0.236159	0.4311709	0.2601558	0.0369231	0.0016844	6.184E-4	5.744E-4	0.0	0.0	0.0	0.0	0.0	0.0	0.0	6.814E-4	0.0142349	0.0456621	0.0848352	0.1242401	0.1641168	0.0986752	0.0515414	0.0232647	0.0073529	0.0021704	0.0	4.35E-4	0.0	0.0	0.0	0.0	
Bay-breasted/Blackpoll Warbler	0.0	0.0	0.0	0.0	0.0	0.0	0.0	0.0	0.0	0.0	0.0	0.0	0.0	0.0	0.0	0.0	0.0	0.0	0.0	0.0	0.0	0.0	0.0	0.0	0.0	0.0	0.0	0.0	0.0	0.0	4.664E-4	6.814E-4	0.0031139	0.0020294	0.0052747	0.0034195	0.0050997	0.0018273	0.0	3.814E-4	0.0	0.0	0.0	0.0	0.0	0.0	0.0	0.0	
Black-throated Blue Warbler	0.0	0.0	0.0	0.0	0.0	0.0	0.0	0.0	0.0	0.0	0.0	0.0	0.0	0.0	3.516E-4	0.0302274	0.2341824	0.3379279	0.2378692	0.0319978	5.128E-4	0.0	0.0	5.744E-4	0.0	0.0	0.0	0.0	0.0	0.0	0.0037313	0.0422487	0.0920819	0.1131405	0.1226374	0.1223404	0.1478906	0.0918228	0.0496146	0.0148741	0.0034314	5.426E-4	0.0	0.0	0.0	0.0	0.0	0.0	
Palm Warbler	0.0031461	0.0033204	0.0015291	8.489E-4	0.0012979	0.0	8.737E-4	5.252E-4	5.051E-4	0.0014764	0.00131	0.0075965	0.0895894	0.1941448	0.1722925	0.160843	0.1076417	0.0232024	0.0021097	0.0	0.0	0.0	0.0	0.0	0.0	0.0	0.0	0.0	0.0	0.0015	0.0018657	3.407E-4	0.01379	0.0816844	0.2021978	0.2572188	0.307835	0.2900868	0.2774566	0.1861175	0.0838235	0.0265871	0.0131441	0.0113093	0.0047945	0.0085665	0.012178	0.0043535	
Pine Warbler	0.0125843	0.0105147	0.0076453	0.0025467	0.0032446	0.0016949	0.0039318	0.0068277	0.0010101	0.0024606	0.010917	0.0346399	0.1078391	0.1159476	0.0777075	0.0382696	0.0188989	0.0062026	0.0050105	0.0019477	0.0	0.0	6.184E-4	5.744E-4	0.0	0.0	0.0	0.0	0.0	5.319E-4	0.0013993	0.0027257	0.0129004	0.0202943	0.0479121	0.0581307	0.064905	0.0904523	0.0472062	0.0125858	0.0098039	0.0021704	0.0010515	0.0017399	0.0047945	0.005711	0.0074941	0.0065303	
Yellow-rumped Warbler	0.1159551	0.1245158	0.1009174	0.1010187	0.1297859	0.0954802	0.105723	0.1292017	0.1181818	0.1043307	0.1113537	0.1002735	0.1435089	0.2230354	0.2921941	0.4220743	0.5288962	0.4523317	0.2718882	0.0197551	5.128E-4	0.0	0.0	5.744E-4	0.0	0.0	0.0	0.0	0.0	0.0021277	0.0041978	0.0109029	0.0124555	0.0162354	0.1028571	0.2154255	0.3996291	0.5591594	0.5963391	0.5289855	0.3862745	0.3282691	0.2728707	0.1883428	0.1438356	0.1262136	0.1456674	0.1488899	
Yellow-throated Warbler	0.0	0.0	0.0	0.0	0.0	0.0	0.0	0.0	0.0	0.0	4.367E-4	0.0	0.012443	0.0065485	0.0038678	0.0091514	0.002739	9.189E-4	0.0010549	5.565E-4	0.0	0.0	0.0	0.0	0.0	0.0	0.0	0.0	0.0	0.0	0.0	3.407E-4	0.0015	0.0010147	0.0	0.0	4.636E-4	0.0	0.0	0.0	0.0	0.0	0.0	0.0	0.0	0.0	0.0	0.0	
Prairie Warbler	0.0	0.0	0.0	0.0	0.0	0.0	0.0	0.0	0.0	0.0	0.0	0.0	0.0	0.0	0.0052743	0.031614	0.1298274	0.0946474	0.0348101	0.0033389	0.0010256	5.615E-4	0.0	0.0	0.0	0.0	0.0015	4.205E-4	0.001077	0.0021277	0.0079291	0.0231687	0.0484875	0.0522577	0.0496703	0.0345745	0.0148354	0.0045683	9.634E-4	3.814E-4	4.902E-4	0.0	5.258E-4	0.0	0.0013699	0.0	0.0014052	0.0	
Black-throated Gray Warbler	0.0	0.0	0.0	0.0	0.0	0.0	0.0	0.0	0.0	0.0	0.0	0.0	0.0	0.0	0.0	0.0	0.0	0.0	0.0	0.0	0.0	0.0	0.0	0.0	0.0	0.0	0.0	0.0	0.0	0.0	0.0	0.0	0.0057829	0.0	0.0	0.0	0.0	0.0015	0.0	0.0	0.0	0.0015	0.0031546	0.0	0.0	0.0015	0.0	0.0	
Townsend's Warbler	0.0	0.0	0.0	0.0	0.0	0.0	0.0	0.0	0.0	0.0	0.0	0.0	0.0	0.0	0.0	0.0	0.0	0.0015	0.0	0.0	0.0	0.0	0.0	0.0	0.0	0.0	0.0	0.0	0.0	0.0	0.0	0.0	0.0	0.0	0.0	0.0	0.0	0.0	0.0	0.0	0.0	0.0	5.258E-4	0.0	0.0	0.0	0.0	0.0030475	
Black-throated Green Warbler	0.0	0.0	0.0	0.0	0.0	0.0	0.0	0.0	0.0	0.0	0.0	0.0	0.0	0.0	0.0010549	0.0490849	0.2243221	0.2802665	0.2172996	0.0450751	0.0010256	5.615E-4	6.184E-4	0.0	0.0	0.0	0.0	0.0	0.0	0.0	0.0032649	0.0221465	0.044484	0.0659564	0.1112088	0.1044833	0.1001391	0.0607583	0.0187861	0.0041953	0.0029412	0.002713	0.0	0.0	0.0	0.0	0.0	0.0	
Canada Warbler	0.0	0.0	0.0	0.0	0.0	0.0	0.0	0.0	0.0	0.0	0.0	0.0	0.0	0.0	0.0	0.0016639	0.013421	0.0730531	0.1540084	0.0539789	0.0030769	0.0	0.0	0.0	0.0	0.0	0.0	4.205E-4	0.0015	0.006383	0.0237873	0.0398637	0.0346975	0.0263825	0.0136264	0.0068389	0.0032452	4.568E-4	0.0	0.0	0.0	0.0	0.0	0.0	0.0	0.0	0.0	0.0	
Wilson's Warbler	4.494E-4	5.534E-4	5.097E-4	0.0	0.0	0.0	0.0	0.0	0.0	0.0	0.0	0.0	0.0	0.0	0.0	0.0015	0.0139688	0.0705261	0.121308	0.0222593	5.128E-4	5.615E-4	0.0	0.0	0.0	0.0	0.0	0.0	0.0	0.0015	9.328E-4	0.0068143	0.0129004	0.0172501	0.0298901	0.0174772	0.0060269	0.0031978	0.0024085	7.628E-4	4.902E-4	0.0010852	0.0010515	0.0017399	0.0027397	0.0051399	4.684E-4	0.0	
new world warbler sp.	0.0	5.534E-4	0.0	0.0	0.0	0.0	0.0	5.252E-4	0.0010101	0.0	0.0	3.039E-4	0.0029034	0.0050077	0.0042194	0.0066556	0.0183511	0.010108	0.0174051	0.0136338	0.0051282	0.0039304	0.0018553	0.0017231	0.0028249	0.003349	0.0072037	0.0084104	0.0096931	0.0159574	0.0181903	0.0344123	0.0346975	0.0563166	0.0663736	0.0558511	0.0366249	0.0260393	0.0163776	0.0110603	0.004902	0.0043407	0.0042061	0.0017399	6.849E-4	0.0017133	0.0014052	4.354E-4	
Summer Tanager	0.0	0.0	0.0	0.0	0.0	0.0	0.0	0.0	0.0	0.0	0.0	0.0	0.0	0.0	3.516E-4	0.0016639	0.0178033	0.0160809	0.0094937	0.0041736	0.0015385	0.0015	0.0	0.0	0.0	0.0	0.0	0.0	0.0	0.0	0.0	6.814E-4	0.0	5.074E-4	8.791E-4	0.0	9.272E-4	0.0	0.0	0.0015256	0.0	0.0	0.0	0.0	0.0	0.0	0.0	0.0	
Hepatic/Summer Tanager	0.0	0.0	0.0	0.0	0.0	0.0	0.0	0.0	0.0	0.0	0.0	0.0	0.0	0.0	0.0	0.0	0.0	0.0015	0.0	0.0	0.0	0.0	0.0	0.0	0.0	0.0	0.0	0.0	0.0	0.0	0.0	0.0	0.0	0.0	0.0	0.0	0.0	0.0	0.0	0.0	0.0	0.0	0.0	0.0	0.0	0.0	0.0	0.0	
Scarlet Tanager	0.0	0.0	0.0	0.0	0.0	0.0	0.0	0.0	0.0	0.0	0.0	0.0	0.0	0.0	3.516E-4	0.0146977	0.1490003	0.2421319	0.2360232	0.056483	0.005641	0.0072993	0.0037106	0.0097645	0.0077684	0.0066979	0.0039293	0.0063078	0.0037695	0.0031915	0.0116604	0.0143101	0.0484875	0.0720446	0.0782418	0.0843465	0.0611961	0.0278666	0.0067437	0.0030511	0.0	0.0	0.0	0.0	0.0	0.0	0.0	0.0	
Summer/Scarlet Tanager	0.0	0.0	0.0	0.0	0.0	0.0	0.0	0.0	0.0	0.0	0.0	0.0	0.0	0.0	0.0	0.0	2.739E-4	0.0	0.0	0.0	0.0	0.0	0.0	0.0	0.0	0.0	0.0	0.0	0.0	0.0	0.0	0.0	0.0	0.0	0.0	3.799E-4	0.0	0.0	0.0	0.0	0.0	0.0	0.0	0.0	0.0	0.0	0.0	0.0	
Western Tanager	0.0085393	0.0	0.0	0.0	0.0	0.0	0.0	0.0	0.0	0.0	0.0	0.0	0.0	0.0	0.0	0.0	0.0	0.0	0.0	0.0	0.0	0.0	0.0	0.0	0.0	0.0	0.0	0.0	0.0	0.0	0.0	0.0	0.0	0.0	0.0	0.0	0.0	0.0	0.0	0.0	0.0015	0.0010852	0.0	0.0095694	0.0041096	0.0142776	0.0023419	0.0034828	
tanager sp. (Piranga sp.)	0.0	0.0	0.0	0.0	0.0	0.0	0.0	0.0	0.0	0.0	0.0	0.0	0.0	0.0	0.0	0.0	5.478E-4	0.0	0.0	0.0	0.0	0.0	0.0	0.0	0.0	0.0	0.0	0.0	0.0	0.0	0.0	0.0	4.448E-4	0.0	0.0	0.0	0.0	0.0013705	0.0	0.0	0.0	0.0	0.0	0.0	0.0	0.0	0.0	0.0	
Northern Cardinal	0.3766292	0.4028777	0.3817533	0.4125637	0.4432187	0.4519774	0.4722586	0.4185924	0.4560606	0.484252	0.5371179	0.5496809	0.5951887	0.6109399	0.6156821	0.6724903	0.652424	0.6455318	0.6207806	0.5375626	0.4974359	0.4660303	0.4601113	0.4859276	0.4562147	0.4521098	0.4682384	0.440286	0.455035	0.4388298	0.4477612	0.4143101	0.4274911	0.4657534	0.469011	0.4631459	0.4640705	0.4230242	0.4022158	0.4225782	0.4362745	0.4308193	0.4295478	0.4080035	0.409589	0.441462	0.4571429	0.4253374	
Rose-breasted Grosbeak	0.0	0.0	5.097E-4	0.0	0.0	0.0	0.0	0.0	0.0	0.0	0.0	0.0	0.0	7.704E-4	0.0042194	0.0415973	0.1889893	0.2074431	0.1416139	0.0325543	0.0076923	0.0039304	0.0037106	0.0057438	0.0063559	0.0053583	0.0039293	0.0012616	0.0026925	0.0021277	0.0102612	0.0190801	0.0418149	0.0923389	0.116044	0.0965046	0.0514604	0.0146185	0.0038536	0.0022883	0.0015	0.0	0.0	0.0	0.0	0.0	4.684E-4	0.0015	
Blue Grosbeak	0.0	5.534E-4	5.097E-4	0.0	0.0	0.0	0.0	0.0	0.0	0.0	0.0	0.0	0.0	0.0	0.0014065	0.0063783	0.0052041	0.0018378	0.001846	0.0	5.128E-4	0.001123	0.0	0.0	0.0	0.0	0.0	0.0	0.0	0.0	0.0	0.0	0.0013345	0.0015221	0.0048352	0.0098784	0.0088085	0.0068524	0.0072254	0.0019069	0.0029412	0.0010852	0.0	0.0	0.0	0.0	0.0	0.0	
Indigo Bunting	0.0031461	5.534E-4	0.0010194	4.244E-4	0.0	0.0	0.0	0.0	0.0	0.0	0.0	0.0	0.0012443	7.704E-4	0.0070323	0.0122019	0.0402629	0.061337	0.0527426	0.0178075	0.0097436	0.0061763	0.0068027	0.0040207	0.0091808	0.0060281	0.0072037	0.0042052	0.006462	0.0085106	0.0060634	0.0061329	0.0035587	0.0131913	0.0325275	0.0699088	0.0992119	0.0593878	0.022158	0.006865	0.004902	5.426E-4	0.0	4.35E-4	0.0	0.0011422	4.684E-4	4.354E-4	
Lazuli/Indigo Bunting	0.0	0.0	0.0	0.0	0.0	0.0	0.0	0.0	0.0	0.0	0.0	0.0	0.0	0.0	0.0	0.0	0.0	0.0	0.0	0.0	0.0	0.0	0.0	0.0	0.0	0.0	0.0	0.0	0.0	0.0	0.0	0.0	0.0	0.0	0.0	0.0	0.0	0.0	0.0	0.0	0.0	0.0	5.258E-4	0.0	0.0	0.0	0.0	0.0	
Painted Bunting	0.0067416	0.0060874	0.0040775	8.489E-4	6.489E-4	0.0	0.0	0.0	0.0	0.0029528	0.0030568	6.077E-4	0.0	0.0	0.0	0.0	0.0	0.0	0.0	0.0	0.0	0.0	0.0	0.0	0.0	0.0	0.0	0.0	0.0	0.0	0.0	0.0	0.0	0.0	0.0	0.0	0.0	0.0	0.0	0.0	0.0073529	0.0	0.0	0.0047847	0.0	0.0	0.0098361	0.0056596	
Passerina sp.	0.0	0.0	0.0	0.0	0.0	0.0	0.0	0.0	0.0	0.0	0.0	0.0	0.0	0.0	0.0	0.0	0.0	0.0	2.637E-4	0.0	0.0	0.0	0.0	0.0	0.0	0.0	0.0	0.0	0.0	0.0	0.0	0.0	0.0	0.0	0.0	0.0	0.0	4.568E-4	0.0	0.0	0.0	0.0	0.0	0.0	0.0	0.0	0.0	0.0	
Dickcissel	0.0	0.0	0.0	0.0	0.0	0.0	0.0	0.0	0.0	0.0	0.0	0.0	0.0	0.0	0.0	0.0	0.0	4.595E-4	0.0	8.347E-4	0.0	0.0	0.0	0.0	0.0	0.0	0.0	8.41E-4	0.0	0.0015957	0.0013993	0.0017036	0.0022242	0.0015221	0.0052747	0.006459	0.0120538	0.0082229	0.0038536	0.006865	0.0068627	0.0032556	0.0	8.699E-4	0.0	0.0	4.684E-4	0.0	
Lined Seedeater	0.0	0.0	0.0	0.0	0.0	0.0	0.0	0.0	0.0	0.0	0.0	0.0	0.0	0.0	0.0	0.0	0.0	0.0	0.0	0.0	0.0	0.0	0.0	0.0	0.0	0.0	0.0	0.0	0.0	0.0	0.0	0.0	4.448E-4	5.074E-4	0.0013187	0.0	9.272E-4	4.568E-4	0.0014451	0.0	0.0	0.0	0.0	0.0	0.0	0.0	0.0	0.0	
passerine sp.	0.007191	0.0077476	0.0050968	0.0063667	0.0064893	0.0045198	0.0091743	0.0089286	0.0075758	0.0068898	0.0039301	0.0045579	0.005392	0.0042373	0.0038678	0.010538	0.005478	0.0057432	0.0079114	0.0038954	0.0015385	0.0067378	0.0030921	0.0051694	0.0070621	0.0020094	0.0026195	0.0067283	0.0080775	0.0079787	0.0107276	0.0126065	0.011121	0.0202943	0.0224176	0.0182371	0.0231803	0.0246688	0.0216763	0.0232647	0.0196078	0.0189908	0.0152471	0.0056546	0.0082192	0.0068532	0.0079625	0.0052242	
bird sp.	0.0031461	0.0022136	5.097E-4	0.0042445	0.0045425	0.0050847	0.0026212	0.0031513	0.0025253	0.0054134	0.0048035	0.0057733	0.0045624	0.0077042	0.0094937	0.0069329	0.0043824	0.0039054	0.0052743	0.0044519	0.0041026	0.0044919	0.0024737	0.0045951	0.0028249	0.003349	0.0072037	0.0054668	0.0048465	0.0047872	0.0032649	0.0027257	0.0066726	0.0055809	0.0052747	0.0072188	0.0032452	0.0036546	0.0038536	0.0083905	0.0044118	0.0054259	0.0047319	0.0030448	0.0047945	0.0022844	0.0042155	0.0052242	

