









Frequency of observations in the selected location(s).:
Number of taxa: 	588

	Jan				Feb				Mar				Apr				May				Jun				Jul				Aug				Sep				Oct				Nov				Dec				
Sample Size:	4245.0	3279.0	3587.0	4083.0	2761.0	3151.0	4002.0	3217.0	3472.0	3721.0	3887.0	5743.0	4693.0	5069.0	5836.0	8015.0	7531.0	7436.0	6188.0	5333.0	2504.0	1875.0	1644.0	1940.0	1512.0	1596.0	1700.0	2471.0	1967.0	2067.0	2381.0	4189.0	3480.0	3829.0	4185.0	4599.0	4003.0	4042.0	4087.0	5172.0	3573.0	3026.0	3132.0	3587.0	2694.0	2551.0	2858.0	3621.0	

Black-bellied Whistling-Duck	0.0	0.0	0.0	0.0	0.0	0.0	0.0	0.0	0.0	0.0	0.0	0.0	0.0	0.0	0.0	0.0	0.0	0.0	6.464E-4	0.0031877	0.0	0.0	0.0012165	0.0	0.0015	0.0015	0.0	0.0	0.0	0.0	0.0	0.0	0.0	0.0	0.0	0.0	0.0	0.0	0.0	0.0	0.0	0.0	0.0	0.0	0.0	0.0	0.0015	0.0	
Fulvous Whistling-Duck	0.0	0.0	0.0	0.0	0.0	0.0	0.0	0.0	0.0	0.0	0.0	0.0	0.0	0.0	0.0	0.0	0.0	0.0	0.0	0.0015	3.994E-4	0.0	0.0	0.0	0.0	0.0	0.0	0.0	0.0	0.0	0.0	0.0	0.0	0.0	0.0	0.0	0.0	0.0	0.0	0.0	0.0	0.0	0.0	0.0	0.0	0.0	0.0	0.0	
Snow Goose	0.0212014	0.0128088	0.0189573	0.0191036	0.0144875	0.0133291	0.0144928	0.0198943	0.0187212	0.013706	0.018266	0.0073133	0.0046878	0.0102584	0.0080535	0.0103556	0.0055769	8.069E-4	0.0038785	0.0037502	3.994E-4	0.0	6.083E-4	0.0	0.0	0.0018797	0.0	0.0015	0.0	0.0	4.2E-4	0.0	0.0	0.0	0.0	0.0013046	0.0037472	0.0029688	0.0024468	9.667E-4	0.0025189	0.0023133	0.00447	0.007806	0.0126206	0.0172481	0.026592	0.0218172	
Ross's Goose	0.0	3.05E-4	2.788E-4	0.0	0.0	0.0	0.0	0.0	0.0	0.0	0.0	0.0	0.0	0.0	0.0	0.0	0.0	0.0	0.0	0.0	0.0	0.0	0.0	0.0	0.0	0.0	0.0	0.0	0.0	0.0	0.0	0.0	0.0	0.0	0.0	0.0	0.0	0.0	0.0	1.933E-4	0.0015	0.0	6.386E-4	0.0019515	0.0014848	0.0015	0.0	0.0	
Snow/Ross's Goose	0.0	3.05E-4	0.0	0.0	0.0	0.0	0.0	0.0	0.0	0.0	0.0	0.0	0.0	0.0	0.0	0.0	0.0	0.0	0.0	0.0	0.0	0.0	0.0	0.0	0.0	0.0	0.0	0.0	0.0	0.0	0.0	0.0	0.0	0.0	0.0	0.0	0.0	0.0	0.0	0.0	0.0	0.0	0.0	0.0	0.0	0.0	0.0	0.0	
Graylag Goose	0.0	0.0	0.0	0.0	0.0	0.0	2.499E-4	0.0	0.0	0.0	0.0	1.741E-4	0.0	0.0	0.0	0.0	0.0	0.0	0.0	0.0	0.0	0.0	0.0	0.0	0.0	0.0	0.0	0.0	0.0	0.0	0.0	0.0	0.0	0.0	0.0	0.0	0.0	0.0	0.0	0.0	0.0	0.0	0.0	0.0	0.0	0.0	0.0	0.0	
Swan Goose	0.0	0.0	0.0	0.0	0.0	0.0	0.0	0.0	0.0	0.0	0.0	0.0	0.0	0.0	0.0	0.0	0.0	0.0	0.0	0.0	0.0	0.0	0.0	0.0	0.0	0.0	0.0	0.0	0.0	4.838E-4	0.0015	0.0	0.0	7.835E-4	0.0	4.349E-4	0.0	0.0	4.894E-4	3.867E-4	2.799E-4	3.305E-4	3.193E-4	2.788E-4	0.0	0.0	0.0	0.0	
Greater White-fronted Goose	0.0	0.0	0.0	0.0	0.0	0.0	0.0	0.0	0.0020161	0.0145122	0.0020581	0.0	0.0	0.0	0.0	0.0	0.0	0.0	0.0	0.0	0.0	0.0	0.0	0.0	0.0	0.0	0.0	0.0	0.0	0.0	0.0	0.0	0.0	0.0	0.0	0.0	0.0	0.0	0.0	0.0	0.0	0.0	0.0057471	0.0	3.712E-4	0.0223442	0.0	0.0024855	
Domestic goose sp. (Domestic type)	2.356E-4	0.0	2.788E-4	0.0	3.622E-4	3.174E-4	0.0	6.217E-4	2.88E-4	0.0	5.145E-4	0.0015	2.131E-4	0.0	0.0	2.495E-4	5.311E-4	2.69E-4	1.616E-4	7.5E-4	0.0	5.333E-4	6.083E-4	0.0	6.614E-4	0.0	0.0	4.047E-4	0.0	4.838E-4	4.2E-4	2.387E-4	2.874E-4	2.612E-4	2.389E-4	6.523E-4	2.498E-4	2.474E-4	2.447E-4	7.734E-4	5.598E-4	3.305E-4	0.0	2.788E-4	7.424E-4	0.0	0.0	2.762E-4	
Brant	0.2928151	0.3302836	0.3836075	0.3656625	0.3477001	0.3192637	0.2941029	0.3316755	0.3029954	0.2762698	0.2850527	0.2650183	0.2235244	0.2022095	0.1732351	0.1436057	0.1334484	0.1538462	0.147382	0.1501969	0.1010383	0.0554667	0.0492701	0.0221649	0.0291005	0.0250627	0.0194118	0.0113314	0.0111845	0.0130624	0.0134397	0.0133683	0.0051724	0.006268	0.00454	0.0104371	0.0304771	0.0833746	0.1081478	0.2059165	0.2180241	0.2904825	0.2774585	0.3058266	0.2687454	0.2924343	0.3226032	0.3214582	
Snow Goose x Brant (hybrid)	0.0014134	0.0018298	0.0036242	0.0014695	0.0025353	0.0028562	0.0012494	0.0031085	0.0017281	2.687E-4	0.0012863	0.0019154	6.392E-4	5.918E-4	1.714E-4	1.248E-4	2.656E-4	4.034E-4	0.0015	0.0	0.0	0.0	0.0	0.0	0.0	0.0	0.0	0.0	0.0	0.0	0.0	0.0	0.0	0.0	0.0	0.0	0.0	0.0	0.0	1.933E-4	8.396E-4	0.0013219	0.0015964	0.0033454	0.0014848	0.001568	0.0048985	0.0022093	
Barnacle Goose	0.0	0.0	0.0	0.0	0.0	0.0	0.0	0.0	0.0	0.0	0.0	0.0	0.0	0.0	0.0	0.0	0.0	0.0	0.0	0.0	0.0	0.0	0.0	0.0	0.0	0.0	0.0	0.0	0.0	0.0	0.0	0.0	0.0	0.0	0.0	0.0	0.0	0.0	0.0	0.0046404	0.0	0.0	0.0	0.0	7.424E-4	0.0	0.0	0.0	
Cackling Goose	2.356E-4	0.0	2.788E-4	4.898E-4	7.244E-4	3.174E-4	0.0	0.0	8.641E-4	0.0	0.0	0.0	0.0	0.0	0.0	0.0	0.0	0.0	0.0	0.0	0.0	0.0	0.0	0.0	0.0	0.0	0.0	0.0	0.0	0.0	0.0	0.0	0.0	0.0	0.0	2.174E-4	0.0	0.0	0.0029361	0.0	5.598E-4	3.305E-4	0.006705	0.0044606	0.0014848	0.001176	0.0013996	2.762E-4	
Canada Goose	0.5043581	0.505032	0.4909395	0.5047759	0.5266208	0.4922247	0.5002499	0.5598384	0.6033986	0.5627519	0.5662465	0.5349121	0.5465587	0.5190373	0.520562	0.5247661	0.4357987	0.4084185	0.3766968	0.383649	0.3817891	0.2938667	0.263382	0.2427835	0.2612434	0.2468672	0.26	0.3201133	0.3482461	0.3773585	0.4111718	0.4137026	0.4341954	0.4408462	0.4573477	0.4316156	0.4281789	0.4359228	0.4343039	0.4112529	0.4139379	0.4315929	0.4565773	0.4800669	0.4940609	0.5248922	0.5069979	0.5026236	
Swan x Canada Goose (hybrid)	0.0	0.0	0.0	0.0	0.0	0.0	0.0	0.0	0.0	0.0	0.0	0.0	0.0	0.0	0.0	0.0	0.0	0.0	0.0	0.0	0.0	0.0	0.0	0.0	0.0	0.0	0.0	0.0	0.0	0.0	0.0	0.0	0.0	5.223E-4	0.0	2.174E-4	0.0	0.0	4.894E-4	1.933E-4	0.0	0.0	0.0	0.0	0.0	0.0	0.0	0.0	
Domestic goose sp. x Canada Goose (hybrid)	0.0	0.0	0.0	0.0	0.0	0.0	0.0	0.0	0.0	0.0	0.0	0.0	0.0	0.0	0.0	0.0	0.0	0.0	0.0	0.0	0.0	5.333E-4	0.0	0.0	6.614E-4	0.0	0.0	0.0	0.0	0.0	0.0	0.0	2.874E-4	0.0	2.389E-4	4.349E-4	0.0	0.0	0.0	9.667E-4	0.0	0.0	0.0015	5.576E-4	3.712E-4	0.0	0.0	0.0	
Snow x Canada Goose (hybrid)	0.0	0.0	0.0	0.0	0.0	0.0	0.0	0.0	0.0	0.0	0.0	0.0	0.0	0.0	1.714E-4	0.0	0.0	0.0	0.0	0.0	0.0	0.0	0.0	0.0	0.0	0.0	0.0	0.0	0.0	0.0	0.0	0.0	0.0	0.0	0.0	0.0	0.0	0.0	0.0	0.0	0.0	0.0	0.0	0.0	0.0	0.0	0.0	0.0	
Cackling/Canada Goose	0.0018846	0.0021348	8.364E-4	9.797E-4	7.244E-4	0.0019042	4.998E-4	0.0015542	0.0020161	0.001075	7.718E-4	0.0	0.0	0.0	0.0	0.0	0.0	0.0	0.0	0.0	0.0	0.0	0.0	0.0	0.0	0.0	0.0	0.0	0.0	0.0	0.0	0.0	0.0	0.0	0.0	0.0	2.498E-4	2.474E-4	0.0012234	5.8E-4	8.396E-4	9.914E-4	0.0035121	0.0019515	0.0029696	0.004312	0.0031491	0.0027617	
Branta sp.	0.0	0.0	0.0	0.0	0.0	0.0	0.0	0.0	0.0	0.0	0.0	0.0	0.0	0.0	0.0	0.0	0.0	0.0	0.0	0.0	0.0	0.0	0.0	5.155E-4	0.0	0.0	0.0	0.0	0.0	0.0	0.0	0.0	0.0	0.0	0.0	0.0	0.0	0.0	0.0	0.0	0.0	0.0015	0.0	0.0	0.0	0.0	0.0	0.0	
Mute Swan	0.2513545	0.2488564	0.2456091	0.2275288	0.2426657	0.2351634	0.2223888	0.2446379	0.2540323	0.2531578	0.2793928	0.274421	0.3198381	0.3026238	0.283756	0.2849657	0.2283893	0.2208176	0.2024887	0.2295143	0.2164537	0.1824	0.149635	0.1654639	0.1600529	0.1290727	0.1311765	0.1351679	0.1464159	0.165941	0.1877362	0.1735498	0.212069	0.2034474	0.2109916	0.2020004	0.194604	0.1848095	0.1964766	0.1757541	0.2043101	0.2005948	0.1896552	0.1859493	0.2097253	0.2226578	0.1983905	0.2123723	
Black Swan	0.0	0.0	0.0	0.0	0.0	0.0	0.0	0.0	0.0	0.0	0.0	0.0	0.0	0.0	0.0	0.0	0.0	0.0	0.0	0.0	0.0	0.0	0.0	0.0	0.0	0.0	0.0	0.0	0.0	0.0	0.0	0.0	0.0	0.0	0.0	0.0	0.0	0.0	2.447E-4	0.0	0.0	0.0	0.0	0.0	0.0	0.0	0.0	0.0	
Tundra Swan	0.0	0.0	0.0	0.0015	0.0032597	0.0	0.0	0.0018651	0.0	2.687E-4	0.0	3.483E-4	0.0	0.0	0.0	0.0	0.0	0.0	0.0	0.0	0.0	0.0	0.0	0.0	0.0	0.0	0.0	0.0	0.0	0.0	0.0	0.0	0.0	0.0	0.0	0.0	0.0	0.0	2.447E-4	1.933E-4	0.0	0.0	0.0	2.788E-4	0.0	0.0	0.0	0.0	
Whooper Swan	0.0	0.0	0.0	0.0	0.0	0.0	0.0	0.0	0.0	0.0	0.0	0.0	0.0	0.0	0.0	0.0	0.0	0.0	0.0	0.0	0.0	0.0	0.0	0.0	0.0015	0.0	0.0	0.0	0.0	0.0	0.0	0.0	0.0	0.0	0.0	0.0	0.0	0.0	0.0	0.0	0.0	0.0	0.0	0.0	0.0	0.0	0.0	0.0	
swan sp.	4.711E-4	6.099E-4	0.0	4.898E-4	3.622E-4	0.0	0.0014993	9.325E-4	8.641E-4	5.375E-4	0.0012863	1.741E-4	2.131E-4	0.0	0.0	0.0	0.0	0.0	0.0	0.0	0.0	0.0	0.0	0.0	0.0	0.0	0.0	0.0	0.0	0.0	0.0	0.0	0.0	0.0	0.0	0.0015	2.498E-4	0.0	2.447E-4	0.0	0.0	3.305E-4	6.386E-4	0.0013939	0.0011136	0.0	0.0	5.523E-4	
goose sp.	0.0011779	6.099E-4	2.788E-4	4.898E-4	0.0014488	9.521E-4	9.995E-4	6.217E-4	0.0011521	0.0026874	7.718E-4	6.965E-4	0.0012785	0.0011837	3.427E-4	1.248E-4	5.311E-4	4.034E-4	6.464E-4	3.75E-4	0.0015974	0.0010667	0.0	0.0	6.614E-4	0.0	0.0	0.0	5.084E-4	0.0	4.2E-4	9.549E-4	5.747E-4	2.612E-4	9.558E-4	6.523E-4	2.498E-4	0.0	0.0014681	0.0034803	0.0019591	0.0013219	0.0015964	0.0019515	0.0014848	0.001568	0.0017495	8.285E-4	
Muscovy Duck	7.067E-4	3.05E-4	8.364E-4	2.449E-4	0.0	0.0	0.0	3.108E-4	8.641E-4	0.001075	0.0012863	0.0	2.131E-4	0.0	0.0	0.0	3.984E-4	2.69E-4	1.616E-4	1.875E-4	3.994E-4	5.333E-4	0.0	0.0	0.0	0.0012531	5.882E-4	0.0032376	0.0	0.0014514	0.0	2.387E-4	2.874E-4	0.0	4.779E-4	2.174E-4	2.498E-4	2.474E-4	0.0	0.0	2.799E-4	0.0	0.0015	8.364E-4	0.0	0.0	3.499E-4	5.523E-4	
Wood Duck	0.0367491	0.0518451	0.0381935	0.0460446	0.0470844	0.060933	0.0682159	0.1081753	0.1595622	0.1679656	0.1818883	0.2141738	0.3047091	0.2882225	0.3055175	0.3140362	0.2477759	0.2201452	0.1850356	0.1415713	0.1122204	0.1109333	0.0845499	0.0969072	0.0906085	0.0745614	0.0829412	0.0930797	0.1021861	0.121432	0.1558169	0.1618525	0.2005747	0.191695	0.1887694	0.1752555	0.1738696	0.1603167	0.1602643	0.1430781	0.1424573	0.1176471	0.0855683	0.0777809	0.0631032	0.0650725	0.0524843	0.0422535	
Mandarin Duck	0.0	0.0	0.0	4.898E-4	0.0	0.0	0.0	0.0	0.0	0.0	0.0	0.0	0.0	0.0	0.0	0.0	0.0	0.0	0.0	0.0	0.0	0.0	0.0	0.0	0.0	0.0	0.0	0.0	0.0	0.0	0.0	0.0	0.0	0.0	0.0	0.0	0.0	0.0	0.0	0.0	0.0	0.0	0.0	0.0	0.0	0.0	0.0	0.0	
Blue-winged Teal	0.0	0.0	0.0	0.0	0.0	0.0	0.0	0.0	0.0	2.687E-4	0.0054026	0.005572	0.030684	0.0295916	0.0128513	0.0232065	0.0051786	0.0021517	4.848E-4	1.875E-4	0.0	5.333E-4	0.0	0.0	0.0	0.0	0.0	0.0	5.084E-4	9.676E-4	4.2E-4	0.0047744	0.0074713	0.0052233	0.0081243	0.0067406	0.0047464	0.0039584	0.0036702	7.734E-4	5.598E-4	0.0016523	3.193E-4	0.0041818	3.712E-4	3.92E-4	0.0	0.0	
Northern Shoveler	0.2040047	0.2049405	0.191525	0.2094048	0.2307135	0.2291336	0.2141429	0.2384209	0.2597926	0.2163397	0.2323128	0.1702943	0.1676966	0.082462	0.0281014	0.0121023	9.295E-4	6.724E-4	1.616E-4	3.75E-4	0.0011981	0.0016	0.0	0.0	0.0	0.0	0.0	0.0	0.0	0.0015	8.4E-4	0.0076391	0.016954	0.0321233	0.0415771	0.0624049	0.0704472	0.0962395	0.1301688	0.1276102	0.1752029	0.171844	0.1653895	0.1647616	0.1870824	0.1948256	0.1784465	0.1883458	
Gadwall	0.1578327	0.1637694	0.1814887	0.2003429	0.1977544	0.157093	0.1384308	0.1495182	0.1650346	0.1198603	0.1139696	0.0990771	0.0705306	0.0428092	0.0286155	0.0218341	0.0156686	0.0217859	0.0208468	0.0352522	0.0467252	0.0378667	0.0498783	0.0195876	0.0185185	0.0100251	0.0094118	0.0064751	0.0061007	0.0096759	0.0037799	0.0057293	0.0086207	0.0057456	0.0083632	0.0102196	0.0127404	0.0160811	0.0266699	0.0286156	0.0640918	0.0730337	0.0983397	0.1195986	0.1139569	0.125441	0.1546536	0.1563104	
Eurasian Wigeon	0.0058893	0.0064044	0.007806	0.0095518	0.0083303	0.0126944	0.0092454	0.0130556	0.014977	0.0155872	0.0092616	0.0090545	0.0049009	5.918E-4	1.714E-4	0.0	0.0	0.0	0.0	0.0	0.0	0.0	0.0	0.0	0.0	0.0	0.0	0.0	0.0	0.0	0.0	0.0	0.0	0.0	0.0	2.174E-4	0.0	0.0	0.0012234	0.0030936	0.0011195	0.004957	0.0047893	0.0036242	0.0074239	0.00588	0.0090973	0.0044187	
American Wigeon	0.1097762	0.1296127	0.1279621	0.1484203	0.1553785	0.1450333	0.1271864	0.1476531	0.1546659	0.1206665	0.1101106	0.08358	0.0496484	0.027027	0.0111378	0.003743	0.0	1.345E-4	0.0011312	1.875E-4	0.0	5.333E-4	0.0	0.0	0.0	0.0	0.0	0.0	0.0	0.0	0.0	0.0	0.0011494	0.0026116	0.0057348	0.0086975	0.0144891	0.0207818	0.0276486	0.0494973	0.0713686	0.0991408	0.0980204	0.1045442	0.1187825	0.1321051	0.1494052	0.1320077	
Eurasian x American Wigeon (hybrid)	0.0021201	0.0015249	0.003903	0.0041636	0.0025353	0.0012694	9.995E-4	0.0027976	0.0025922	5.375E-4	0.0	1.741E-4	0.0	0.0	0.0	0.0	0.0	0.0	0.0	0.0	0.0	0.0	0.0	0.0	0.0	0.0	0.0	0.0	0.0	0.0	0.0	0.0	0.0	0.0	0.0	0.0	0.0	0.0	0.0	1.933E-4	0.0019591	0.0016523	0.00447	0.003903	0.0022272	0.00588	0.0048985	0.0013808	
Eurasian/American Wigeon	0.0	0.0	0.0	0.0	3.622E-4	0.0	0.0	0.0	2.88E-4	0.0	0.0	1.741E-4	2.131E-4	0.0	0.0	0.0	0.0	0.0	0.0	0.0	0.0	0.0	0.0	0.0	0.0	0.0	0.0	0.0	0.0	0.0	0.0	0.0	0.0	0.0	0.0	0.0	0.0	0.0	0.0	0.0	0.0	0.0	9.579E-4	0.0	0.0	0.0	0.0	0.0	
Mallard	0.4954064	0.4800244	0.4672428	0.4817536	0.4831583	0.4735005	0.4625187	0.5138328	0.530818	0.5235152	0.5487523	0.5383946	0.5834221	0.5762478	0.5764222	0.5775421	0.5264905	0.5092792	0.4801228	0.5002813	0.4884185	0.4538667	0.4190998	0.3587629	0.3220899	0.2637845	0.2352941	0.2363416	0.2516523	0.2636672	0.2805544	0.2793029	0.3094828	0.3167929	0.3139785	0.3426832	0.3354984	0.3406729	0.3599217	0.3642691	0.4217744	0.4500991	0.4466794	0.4482855	0.4554566	0.4900039	0.4622113	0.4675504	
Muscovy Duck x Mallard (hybrid)	0.0	0.0	0.0	0.0	0.0	0.0	0.0	0.0	0.0	0.0	0.0	1.741E-4	0.0	0.0	0.0	0.0	0.0	0.0	0.0	0.0	0.0	0.0	0.0	0.0	0.0	0.0	0.0	0.0	0.0	0.0	0.0	0.0	0.0	0.0	0.0	0.0	0.0	0.0	0.0	0.0	0.0	0.0	0.0	0.0	0.0	0.0	0.0	0.0	
Gadwall x Mallard (hybrid)	0.0	0.0	0.0	0.0	0.0	0.0	0.0	0.0	0.0	0.0	0.0	0.0	0.0	0.0	0.0	0.0	0.0	0.0	0.0	0.0	0.0	0.0	0.0	0.0	0.0	0.0	0.0	0.0	0.0	0.0	0.0	0.0	0.0	0.0	0.0	0.0	0.0	0.0	0.0	0.0	0.0	0.0	0.0	0.0	0.0	3.92E-4	0.0	0.0	
American Black Duck	0.3415783	0.3711497	0.395874	0.3779084	0.3799348	0.3373532	0.3050975	0.3671122	0.359159	0.2905133	0.2876254	0.2554414	0.2049861	0.1558493	0.1303975	0.0913288	0.0754216	0.0645508	0.0615708	0.0744422	0.0858626	0.0826667	0.0930657	0.0829897	0.0800265	0.0776942	0.0788235	0.0906516	0.0874428	0.1078858	0.098278	0.0899976	0.1083333	0.1128232	0.1285544	0.1463362	0.1603797	0.1669965	0.183264	0.203983	0.2513294	0.2941176	0.2895913	0.305269	0.296585	0.3528028	0.3824353	0.3496272	
Mallard x American Black Duck (hybrid)	0.0325088	0.0350717	0.0451631	0.0362479	0.0300616	0.0323707	0.0304848	0.0376127	0.0400346	0.0341306	0.0339594	0.0296013	0.0257831	0.0147958	0.0183345	0.0164691	0.0095605	0.0092792	0.0098578	0.0065629	0.0095847	0.0037333	0.0079075	0.0030928	0.0072751	0.0031328	0.0064706	0.0036423	0.0025419	0.0043541	0.0058799	0.0019098	0.0054598	0.0057456	0.0040621	0.0063057	0.0057457	0.0089065	0.0083191	0.0141145	0.0179121	0.0214805	0.0239464	0.0253694	0.0252413	0.0321443	0.0262421	0.031483	
Mallard/American Black Duck	0.0047114	0.0051845	0.0061333	0.0080823	0.0047084	0.0069819	0.0042479	0.0071495	0.0054724	0.0077936	0.0097762	0.0074874	0.0085233	0.0049319	0.0039411	0.0043668	0.0041163	0.0032275	0.0029089	0.0041253	0.0027955	0.0037333	0.0060827	0.0030928	0.0079365	0.0081454	0.0111765	0.0097127	0.0101678	0.0087083	0.0088198	0.005968	0.0066092	0.0057456	0.0040621	0.0067406	0.0057457	0.0044532	0.0031808	0.0069606	0.0086762	0.0115664	0.0102171	0.0128241	0.013363	0.0086241	0.0090973	0.0091135	
White-cheeked Pintail	0.0	0.0	0.0	0.0	0.0	0.0	0.0	0.0	0.0	0.0	0.0	0.0	0.0	0.0	0.0	0.0	0.0	0.0	0.0	0.0	0.0	0.0	0.0	0.0	0.0	0.0	0.0	0.0	0.0	0.0	0.0	0.0	0.0	0.0	0.0	0.0	0.0	0.0	0.0	0.0	0.0	0.0	0.0	0.0	0.0	3.92E-4	0.0	0.0	
Northern Pintail	0.0087161	0.010674	0.0128241	0.0129807	0.0105034	0.0082513	0.0084958	0.0074604	0.0080645	0.0077936	0.0051454	0.004179	0.0029832	0.0031564	8.568E-4	0.0012477	1.328E-4	0.0	0.0	1.875E-4	0.0	0.0	0.0	0.0	0.0	0.0	0.0	0.0	0.0	0.0	0.0	0.0	5.747E-4	2.612E-4	7.168E-4	4.349E-4	0.0017487	0.0027214	0.0017127	0.0025135	0.0013994	0.010575	0.0140485	0.0080848	0.0063103	0.0086241	0.0174948	0.0091135	
Mallard x Northern Pintail (hybrid)	0.0	0.0	0.0	2.449E-4	0.0	0.0	0.0	0.0	0.0	0.0	0.0	0.0	0.0	0.0	0.0	0.0	0.0	0.0	0.0	0.0	0.0	0.0	0.0	0.0	0.0	0.0	0.0	0.0	0.0	0.0	0.0	0.0	0.0	0.0	0.0	0.0	0.0	0.0	0.0	0.0	0.0	0.0	0.0	0.0	0.0	0.0	0.0	0.0	
Green-winged Teal	0.0094229	0.010674	0.0119877	0.0129807	0.0144875	0.0174548	0.0144928	0.0158533	0.0264977	0.0295619	0.0282995	0.030646	0.0245046	0.0130203	0.0082248	0.0039925	0.0015934	0.0010758	3.232E-4	3.75E-4	0.0011981	0.0	0.0	0.0	0.0013228	0.0	0.0	4.047E-4	5.084E-4	9.676E-4	0.00126	0.0031034	0.008046	0.0078349	0.0145759	0.0189172	0.0354734	0.039337	0.021287	0.0365429	0.0375035	0.0353602	0.0312899	0.0242543	0.0167038	0.0145041	0.0171449	0.0107705	
Anas sp.	0.0	0.0	0.0	0.0	0.0	0.0	0.0	0.0	0.0	0.0	0.0	0.0	0.0	0.0	0.0	0.0	0.0	0.0	0.0	0.0	0.0	0.0	6.083E-4	0.0	0.0	0.0	0.0	0.0	0.0	0.0	0.0	0.0	0.0	0.0	0.0	2.174E-4	0.0	0.0	0.0	0.0	0.0	0.0	0.0	0.0	0.0	0.0	0.0	0.0	
teal sp.	0.0	0.0	0.0	0.0	0.0	0.0	0.0	0.0	0.0	0.0	0.0	0.0	0.0	0.0	0.0	0.0	0.0	0.0	0.0	0.0	0.0	0.0	0.0	0.0	0.0	0.0	0.0	0.0	0.0	0.0	0.0	0.0	2.874E-4	0.0	0.0	0.0	2.498E-4	2.474E-4	2.447E-4	0.0	0.0	0.0	0.0	0.0	0.0	0.0	0.0	0.0	
dabbling duck sp.	7.067E-4	9.149E-4	0.0011151	9.797E-4	0.0018109	3.174E-4	0.0014993	0.0	0.0	0.0013437	0.0010291	0.0010448	4.262E-4	3.946E-4	6.854E-4	6.238E-4	2.656E-4	5.379E-4	6.464E-4	1.875E-4	0.0	0.0	0.0	0.0010309	0.0013228	0.0018797	0.0017647	8.094E-4	0.0040671	4.838E-4	8.4E-4	0.0021485	0.0017241	5.223E-4	9.558E-4	0.0013046	9.993E-4	2.474E-4	9.787E-4	9.667E-4	0.0011195	3.305E-4	9.579E-4	5.576E-4	7.424E-4	7.84E-4	0.0010497	0.001657	
Canvasback	0.0021201	0.0060994	0.0052969	0.0056331	0.0083303	0.0057125	0.0047476	0.0046627	0.0074885	0.0032249	0.0015436	6.965E-4	0.0	0.0015	0.0	0.0	0.0	0.0	0.0	0.0	0.0	0.0	0.0	0.0	0.0	0.0	0.0	0.0	0.0	0.0	0.0	0.0	0.0	0.0	0.0	0.0	0.0	0.0	0.0	0.0	0.0	0.0	0.0	2.788E-4	3.712E-4	0.003528	0.0118964	0.001657	
Redhead	0.0051826	0.0033547	0.0114302	0.0171443	0.0217313	0.007934	0.0087456	0.0077712	0.0103687	0.0067186	0.0084898	0.0034825	2.131E-4	0.0	0.0	0.0	0.0	4.034E-4	3.232E-4	5.625E-4	3.994E-4	0.0010667	0.0018248	5.155E-4	0.0	0.0	0.0	0.0	0.0	0.0	0.0	0.0	0.0	0.0	0.0	0.0	0.0	0.0	0.0	0.0011601	2.799E-4	0.0	3.193E-4	0.0025091	3.712E-4	0.001568	0.0	0.0052472	
Ring-necked Duck	0.0188457	0.0128088	0.0086423	0.0210629	0.0213691	0.0403047	0.0257371	0.0696301	0.1175115	0.104273	0.1170569	0.0924604	0.0747922	0.0240679	0.0054832	0.0056145	7.967E-4	0.0014793	0.0011312	7.5E-4	7.987E-4	0.0010667	0.0018248	0.0056701	0.0013228	0.0	0.0	0.0	0.0	0.0	0.0	0.0	0.0	2.612E-4	0.0021505	0.0047836	0.0059955	0.0071747	0.0083191	0.0116009	0.0209908	0.032386	0.0258621	0.0236967	0.0289532	0.0266562	0.0349895	0.0168462	
Greater Scaup	0.1257951	0.1503507	0.1753555	0.1692383	0.1658819	0.1567756	0.145927	0.1414361	0.1451613	0.0983607	0.0859275	0.0553718	0.0328148	0.0171631	0.0101097	0.0047411	0.0027885	0.0025551	0.0021008	0.0041253	0.0027955	0.0026667	0.0054745	0.0020619	0.0059524	0.0	0.0035294	0.0060704	0.0040671	9.676E-4	0.0021	4.774E-4	0.0014368	5.223E-4	0.0014337	8.698E-4	0.0042468	0.0027214	0.0014681	0.004447	0.0058774	0.0128883	0.0191571	0.0289936	0.0415739	0.0666405	0.109867	0.1231704	
Lesser Scaup	0.0786808	0.0869167	0.0945079	0.0754347	0.0775081	0.0720406	0.061969	0.067765	0.0717166	0.0429992	0.0496527	0.02786	0.020456	0.0063129	0.0047978	0.0022458	2.656E-4	5.379E-4	8.08E-4	0.0	0.0	0.0	0.0	0.0	0.0	0.0	0.0	0.0	0.0	0.0	0.00126	2.387E-4	0.0	7.835E-4	0.0011947	2.174E-4	0.0	2.474E-4	2.447E-4	0.0013534	0.0061573	0.0125578	0.0159642	0.0281572	0.0337788	0.0548804	0.0584325	0.0505385	
Greater/Lesser Scaup	0.0277974	0.0326319	0.0479509	0.0455547	0.0492575	0.0399873	0.0387306	0.0400995	0.0403226	0.0268745	0.0236686	0.0158454	0.0112934	0.0076938	0.0023989	6.238E-4	3.984E-4	1.345E-4	0.0	1.875E-4	3.994E-4	0.0	0.0	0.0	0.0	0.0	0.0	0.0	0.0	0.0	4.2E-4	0.0	0.0	0.0	0.0	2.174E-4	2.498E-4	2.474E-4	2.447E-4	9.667E-4	0.0019591	0.0033047	0.006705	0.0094787	0.0167038	0.0211682	0.0251924	0.0372825	
Aythya sp.	4.711E-4	0.0	2.788E-4	7.348E-4	0.0	3.174E-4	4.998E-4	0.0	5.76E-4	2.687E-4	0.0	1.741E-4	0.0	0.0	0.0	0.0	0.0	0.0	0.0	0.0	0.0	0.0	6.083E-4	0.0	0.0	0.0	0.0	0.0	0.0	0.0	0.0	0.0	0.0	0.0	0.0	0.0	0.0	0.0	0.0	0.0	0.0	0.0	0.0	0.0	3.712E-4	3.92E-4	3.499E-4	0.0	
King Eider	0.0	0.0	0.0011151	0.0014695	0.0018109	0.0031736	9.995E-4	6.217E-4	0.0	0.0	0.0	0.0	0.0	0.0	0.0	0.0	0.0013278	8.069E-4	0.0015	0.0	0.0	0.0	0.0	0.0	0.0	0.0	0.0	0.0	0.0	0.0	0.0	0.0011936	0.0	0.0	0.0	0.0	0.0	0.0	0.0	0.0	0.0015	0.0	0.0	0.0044606	0.0	0.0	0.0146956	0.0063518	
Common Eider	0.0058893	0.0073193	0.0080848	0.0046534	0.0090547	0.0050778	0.0029985	0.0015542	5.76E-4	0.0016125	2.573E-4	3.483E-4	0.0	0.0	0.0	1.248E-4	0.0	0.0	1.616E-4	0.0011251	0.0	0.0010667	0.0012165	5.155E-4	0.0	6.266E-4	0.0	4.047E-4	0.0	0.0	0.0	0.0	5.747E-4	0.0	0.0	0.0	0.0	0.0019792	9.787E-4	0.003867	0.0053177	0.005618	0.0063857	0.0111514	0.0059391	0.0109761	0.0094472	0.008285	
King/Common Eider	0.0	0.0	0.0	0.0	0.0	0.0	0.0	0.0	2.88E-4	0.0	0.0	0.0	0.0	0.0	0.0	0.0	0.0	0.0	0.0	0.0	0.0	0.0	0.0	0.0	0.0	0.0	0.0	0.0	0.0	0.0	0.0	0.0	0.0	0.0	0.0	0.0	0.0	0.0	0.0	0.0	0.0	0.0	0.0	0.0	0.0	0.0	0.0	0.0	
Harlequin Duck	0.0084806	0.0027447	0.0091999	0.0041636	0.0018109	0.0012694	0.0022489	0.0037302	0.0031682	0.0059124	0.0015436	0.0010448	0.0	0.0013809	0.0	1.248E-4	1.328E-4	0.0015	0.0	0.0	0.0	0.0	0.0	0.0	0.0	0.0	0.0	0.0	0.0	0.0	0.0	0.0	0.0	0.0	0.0	0.0	0.0	0.0	0.0	0.0	5.598E-4	3.305E-4	0.0	0.0011151	0.0	0.0	0.0	0.0013808	
Surf Scoter	0.0292108	0.0332418	0.0342905	0.0296351	0.0358566	0.0491907	0.0209895	0.0242462	0.0109447	0.0217683	0.0092616	0.0118405	0.0059663	0.0037483	0.0010281	9.981E-4	0.001859	0.0016138	1.616E-4	0.0026252	0.004393	0.0026667	0.0036496	0.0030928	0.0033069	0.0012531	0.0	0.0012141	0.0	9.676E-4	0.0	2.387E-4	2.874E-4	2.612E-4	0.0	0.0013046	0.0042468	0.0027214	0.0039149	0.0100541	0.0139938	0.0214805	0.0172414	0.025927	0.0196733	0.0211682	0.0146956	0.0287213	
White-winged Scoter	0.0089517	0.0140287	0.0094787	0.0063679	0.0094169	0.0072993	0.0064968	0.0055953	0.0025922	0.0034937	0.0015436	0.0017413	0.0014916	0.0	0.0	0.0	6.639E-4	4.034E-4	0.0	3.75E-4	0.0	0.0015	0.0	0.0	0.0	0.0	0.0	0.0	0.0010168	0.0029028	0.0	0.0	0.0	0.0	0.0016726	0.0021744	0.0019985	0.002474	0.0034255	0.0065739	0.0103554	0.0191672	0.01341	0.0097575	0.0100223	0.0098001	0.0038488	0.009942	
Black Scoter	0.0289753	0.0350717	0.032339	0.0244918	0.0322347	0.0390352	0.0244878	0.0214486	0.0115207	0.024187	0.0108052	0.0149748	0.0066056	0.0047347	0.0015422	0.0013724	0.0031868	0.0026896	0.001616	0.0048753	0.0047923	0.0053333	0.0079075	0.0051546	0.0079365	0.0087719	0.0070588	0.0129502	0.0167768	0.0183841	0.0096598	0.0076391	0.0077586	0.0023505	7.168E-4	0.0015221	0.0089933	0.003711	0.0026915	0.0063805	0.0184719	0.02115	0.0210728	0.0256482	0.0267261	0.0270482	0.0248425	0.031483	
Surf/Black Scoter	0.0011779	0.0054895	0.0027878	0.0034289	0.0065194	0.003491	0.0029985	0.0031085	8.641E-4	0.00215	0.0012863	0.0017413	6.392E-4	3.946E-4	0.0	3.743E-4	1.328E-4	0.0	0.0	1.875E-4	7.987E-4	0.0	0.0	0.0	0.0	0.0	0.0	0.0	0.0	0.0	0.0	0.0	0.0	0.0	0.0	2.174E-4	7.494E-4	9.896E-4	2.447E-4	0.0036736	0.0030786	0.0033047	0.0038314	0.0030666	0.001856	0.001176	0.0020994	0.0038663	
Common/Black Scoter	2.356E-4	0.0	0.0	0.0	0.0	0.0	0.0	0.0	0.0	0.0	0.0	0.0	0.0	0.0	0.0	0.0	0.0	0.0	0.0	0.0	0.0	0.0	0.0	0.0	0.0	0.0	0.0	0.0	0.0	0.0	0.0	0.0	0.0	0.0	0.0	0.0	0.0	0.0	0.0	0.0	0.0	0.0	0.0	0.0	0.0	0.0	0.0	0.0	
scoter sp.	0.0040047	0.0073193	0.006412	0.0039187	0.005795	0.0066646	0.0032484	0.0055953	0.0028802	0.0053749	0.0018009	0.0026119	0.0029832	0.0013809	3.427E-4	2.495E-4	5.311E-4	2.69E-4	0.0	0.0	0.0	0.0	0.0	0.0	0.0	0.0	0.0	0.0	0.0	0.0	0.0	0.0	0.0	0.0	0.0	2.174E-4	0.0027479	0.001237	7.34E-4	0.0046404	0.0053177	0.0152016	0.0076628	0.0100362	0.0081663	0.00588	0.003499	0.004971	
Long-tailed Duck	0.0836278	0.1015554	0.1221076	0.1058046	0.1035857	0.0888607	0.0792104	0.073982	0.0529954	0.0513303	0.0367893	0.0365663	0.0166205	0.0084829	0.0022276	7.486E-4	0.001859	4.034E-4	0.0014544	0.0048753	0.0035942	0.0032	0.0054745	0.0036082	0.0033069	0.0081454	0.0088235	0.0012141	0.0	0.0	8.4E-4	0.0	0.0	0.0	0.0	0.0	0.0	0.0	0.0	0.0015468	0.0025189	0.0082617	0.006705	0.0217452	0.0270973	0.0333203	0.0594822	0.0693179	
Bufflehead	0.36702	0.400427	0.4658489	0.4339946	0.4310033	0.3748017	0.3618191	0.3891825	0.3842166	0.3184628	0.2927708	0.2444715	0.1847432	0.1410535	0.0693968	0.025078	0.0070376	0.003631	0.0012928	0.0018751	0.0011981	0.0021333	0.0	0.0	0.0	0.0012531	0.0	0.0	0.0	0.0	4.2E-4	0.0	0.0	0.0	0.0	2.174E-4	0.0	2.474E-4	0.0097871	0.0290023	0.1217464	0.2002644	0.2238186	0.2748815	0.2884187	0.3226186	0.3628411	0.3579122	
Common Goldeneye	0.0421673	0.0500152	0.0638417	0.0771492	0.065556	0.0580768	0.0514743	0.0463164	0.0374424	0.0161247	0.0115771	0.005572	0.002557	1.973E-4	0.0	0.0	1.328E-4	0.0	0.0	1.875E-4	0.0	0.0	0.0	0.0	0.0	0.0	0.0	0.0	0.0	0.0	0.0	0.0	0.0	0.0	0.0	0.0	0.0	0.0	0.0	0.0	0.0	6.609E-4	0.002235	0.0036242	0.0074239	0.0105841	0.0360392	0.0403204	
Barrow's Goldeneye	0.0	0.0	0.0	4.898E-4	3.622E-4	6.347E-4	7.496E-4	3.108E-4	0.0014401	8.062E-4	0.0	0.0	0.0	1.973E-4	0.0	0.0	0.0	0.0	0.0	0.0	0.0	0.0	0.0	0.0	0.0	0.0	0.0	0.0	0.0	0.0	0.0	0.0	0.0	0.0	0.0	0.0	0.0	0.0	0.0	0.0	0.0	0.0	0.0	0.0	0.0014848	0.0	3.499E-4	0.0	
Common/Barrow's Goldeneye	0.0	0.0	0.0	0.0	0.0	0.0	0.0	0.0	0.0	0.0	0.0	0.0	0.0	0.0	0.0	0.0	0.0	0.0	0.0	0.0	0.0	0.0	0.0	0.0	0.0	0.0	0.0	0.0	0.0	0.0	0.0	0.0	0.0	0.0	0.0	0.0	0.0	0.0	0.0	0.0	0.0	0.0	0.0	0.0	0.0	0.0	0.0	2.762E-4	
Hooded Merganser	0.0859835	0.0917963	0.078896	0.0803331	0.1086563	0.1104411	0.1064468	0.1283805	0.15553	0.1112604	0.0959609	0.0832318	0.0581717	0.0400473	0.0233036	0.0099813	3.984E-4	6.724E-4	0.001616	0.0015001	0.0011981	0.0016	0.0018248	5.155E-4	0.0	0.0018797	0.0	8.094E-4	0.0	4.838E-4	0.0	2.387E-4	2.874E-4	5.223E-4	2.389E-4	4.349E-4	0.0	7.422E-4	0.0022021	0.0117943	0.0358242	0.0492399	0.0635377	0.0699749	0.0679287	0.1117209	0.1109167	0.0718034	
Common Merganser	0.0270907	0.0161635	0.0139392	0.0159197	0.0362188	0.0434783	0.0329835	0.0662108	0.0875576	0.0607364	0.0676614	0.0471879	0.0317494	0.0100612	0.0058259	0.001622	2.656E-4	4.034E-4	3.232E-4	0.0	0.0	0.0	0.0	0.0	0.0	0.0	0.0	0.0	0.0	0.0	0.0	0.0	0.0	0.0	0.0	0.0	0.0	0.0	2.447E-4	0.0	0.0016793	6.609E-4	3.193E-4	0.0013939	0.0014848	0.00196	0.0080476	0.006628	
Red-breasted Merganser	0.2414605	0.2781336	0.3512685	0.3076169	0.2969938	0.2748334	0.2483758	0.2626671	0.2534562	0.2410642	0.2274247	0.2018109	0.1506499	0.1025843	0.0608293	0.0366812	0.0220422	0.0121033	0.0100194	0.0082505	0.0079872	0.0064	0.0060827	0.0046392	0.005291	0.0075188	0.0070588	0.0076892	0.0055923	0.0043541	0.0033599	0.0011936	5.747E-4	5.223E-4	2.389E-4	2.174E-4	7.494E-4	0.0019792	0.0012234	0.0054138	0.0117548	0.0383344	0.0542784	0.1237803	0.142539	0.1748334	0.2428272	0.2375035	
Common/Red-breasted Merganser	0.0011779	3.05E-4	5.576E-4	0.0012246	0.0025353	9.521E-4	9.995E-4	9.325E-4	0.0031682	0.0053749	0.0036017	0.0022636	0.0012785	0.0013809	5.141E-4	4.991E-4	1.328E-4	4.034E-4	9.696E-4	0.0	3.994E-4	0.0	0.0	0.0	0.0	0.0	0.0	0.0	0.0	0.0	0.0	0.0	0.0	0.0	0.0	0.0	0.0	0.0	0.0	0.0	0.0	0.0015	6.386E-4	0.0	0.0011136	3.92E-4	0.0	2.762E-4	
merganser sp.	0.0	0.0	0.0	0.0	0.0	0.0	0.0	0.0	0.0	0.0	0.0	0.0	0.0	0.0	0.0	0.0	0.0	0.0	0.0	0.0	0.0	0.0	0.0	0.0	0.0	0.0	0.0	0.0	0.0	0.0	0.0	0.0	0.0	0.0	0.0	0.0	0.0	0.0	0.0	0.0	0.0	0.0	0.0	2.788E-4	0.0	0.0	0.0	0.0	
Ruddy Duck	0.2310954	0.2168344	0.2071369	0.2165075	0.2408548	0.2421454	0.2218891	0.2446379	0.2684332	0.2332706	0.2510934	0.2247954	0.2763691	0.2420596	0.1838588	0.1116656	0.0438189	0.0271651	0.0142211	0.0155635	0.0175719	0.0112	0.013382	0.0087629	0.0112434	0.0050125	0.0082353	0.0076892	0.0122013	0.0053217	0.0071399	0.0083552	0.012931	0.0112301	0.0133811	0.037182	0.0649513	0.1204849	0.1397113	0.1430781	0.1897565	0.1910112	0.2046616	0.2104823	0.2268003	0.245394	0.2109867	0.1958023	
duck sp.	0.0047114	0.0036597	0.0061333	0.0066128	0.0065194	0.0053951	0.0029985	0.0049736	0.0057604	0.0051062	0.0051454	0.0048755	0.0036224	0.0049319	0.0035984	0.0028696	0.0021246	0.0020172	0.0019392	0.0016876	0.0039936	0.0026667	0.0042579	0.0025773	0.005291	0.0037594	0.0041176	0.0040469	0.0030503	0.0033866	0.0025199	0.0047744	0.0028736	0.0039175	0.0035842	0.0036965	0.0049963	0.0061851	0.0041595	0.0063805	0.006717	0.0089227	0.0086207	0.0094787	0.0040831	0.0062721	0.0055983	0.008285	
waterfowl sp.	0.0	0.0	2.788E-4	0.0	0.0	0.0	2.499E-4	0.0	0.0	5.375E-4	0.0	5.224E-4	2.131E-4	1.973E-4	0.0	0.0	0.0	0.0	0.0	0.0	0.0	0.0	0.0	0.0	0.0	0.0	0.0	0.0	0.0	0.0	0.0	0.0	0.0	0.0	0.0	0.0	0.0	0.0	2.447E-4	3.867E-4	0.0	3.305E-4	0.0	0.0	3.712E-4	0.0	0.0	2.762E-4	
Helmeted Guineafowl	0.0	0.0	0.0	0.0	0.0	0.0	0.0	0.0	0.0	0.0	0.0	0.0	0.0	0.0	0.0	0.0	0.0	0.0	0.0	0.0	0.0	0.0	0.0	0.0	0.0	0.0	0.0	0.0	0.0	0.0	0.0	0.0	0.0	0.0	0.0	0.0	2.498E-4	0.0	0.0	0.0	0.0	0.0	0.0	0.0	0.0	0.0	0.0	0.0	
Northern Bobwhite	0.0	0.0	0.0	0.0	0.0	0.0	0.0	0.0	0.0	0.0	0.0	0.0	0.0	1.973E-4	0.0	0.0	0.0	0.0	0.0	0.0	0.0	0.0	0.0	0.0	0.0	0.0	0.0	0.0	0.0	0.0	0.0	0.0	0.0	0.0	0.0	0.0	0.0	0.0	0.0	0.0	0.0	0.0	0.0015	0.0	0.0	0.0	0.0	5.523E-4	
Wild Turkey	2.356E-4	9.149E-4	0.0	0.0	0.0015	0.0	0.0	0.0	0.0	0.0	0.0	0.0	0.0	0.0	0.0	0.0	0.0	1.345E-4	0.0015	5.625E-4	0.0	0.0	0.0015	0.0056701	0.0066138	0.0012531	0.0011765	0.0036423	5.084E-4	4.838E-4	0.0015	2.387E-4	0.0	0.0	0.0015	0.0	0.0	0.0	0.0	0.0	0.0	0.0	0.0	0.0	0.0	3.92E-4	0.0013996	0.0013808	
Ring-necked Pheasant	0.0014134	0.0015249	0.0030666	0.0036738	0.0018109	0.0019042	0.001999	0.0043519	0.0089286	0.0091373	0.0159506	0.0177608	0.0181121	0.0175577	0.020048	0.019713	0.0110211	0.0146584	0.0142211	0.0140634	0.0235623	0.032	0.0285888	0.0201031	0.0132275	0.0175439	0.0147059	0.0109268	0.0045755	0.0072569	0.0054599	0.0038195	0.0043103	0.003134	0.0021505	0.0052185	0.0034974	0.0042058	0.0024468	0.0029002	0.0047579	0.0062789	0.0028736	0.0058545	0.003712	0.0062721	0.0115465	0.001657	
Indian Peafowl	0.0	0.0	0.0	0.0	0.0	0.0	0.0	0.0	0.0	0.0	0.0	0.0	0.0	0.0	0.0	0.0	1.328E-4	1.345E-4	0.0	0.0	0.0	0.0	0.0	0.0	0.0	0.0	0.0	0.0	0.0	0.0	0.0	0.0	0.0	0.0	0.0	0.0	0.0	0.0	0.0	0.0	0.0	0.0	0.0	0.0	0.0	0.0	0.0	0.0	
Red Junglefowl	0.0	0.0	0.0	0.0	0.0	0.0	0.0	0.0	0.0	0.0	0.0	0.0	0.0	0.0	0.0	0.0	0.0	0.0	0.0	0.0	0.0	0.0	0.0	0.0	0.0	0.0	0.0	8.094E-4	0.0	0.0	0.0	0.0	0.0	0.0	0.0	0.0	0.0	0.0	0.0	0.0	0.0	0.0	0.0	0.0	0.0	0.0	0.0	0.0	
Red-legged Partridge	0.0	0.0	0.0	0.0	0.0	0.0	0.0	0.0	0.0	0.0	0.0	0.0	0.0	0.0	0.0	0.0	0.0	0.0	0.0	0.0	0.0	0.0	0.0	0.0	0.0	0.0	0.0	0.0	0.0	0.0	0.0015	0.0	0.0	0.0	0.0	0.0	0.0	0.0	0.0	0.0	0.0	0.0	0.0	0.0	0.0	0.0	0.0	0.0	
Chukar	0.0	0.0	0.0	0.0	0.0	0.0	2.499E-4	0.0	0.0	0.0	0.0	1.741E-4	0.0	0.0	0.0	0.0	0.0	0.0	0.0011312	5.625E-4	7.987E-4	5.333E-4	0.0012165	0.0010309	0.0013228	0.0012531	0.0011765	8.094E-4	0.0	4.838E-4	0.0	0.0	0.0	0.0	2.389E-4	2.174E-4	0.0	0.0	4.894E-4	0.0015	0.0	0.0	0.0	0.0	0.0	3.92E-4	0.0015	0.0	
Rock Pigeon	0.4770318	0.4998475	0.450237	0.4557923	0.463238	0.4557283	0.4302849	0.4808828	0.4758065	0.4614351	0.4695138	0.4777991	0.5184317	0.5227856	0.5203907	0.5325016	0.5109547	0.545858	0.5315126	0.5636602	0.571885	0.5722667	0.5437956	0.5850515	0.6071429	0.5733083	0.6064706	0.6402266	0.6298932	0.6255443	0.6073079	0.5722129	0.5729885	0.553147	0.5467145	0.5596869	0.5301024	0.521524	0.4981649	0.4976798	0.4965015	0.4976867	0.4913793	0.4956788	0.4959169	0.4892199	0.5052484	0.4669981	
Columba sp.	0.0	0.0	0.0	0.0	0.0	0.0	0.0	0.0	0.0	0.0	0.0	1.741E-4	0.0	0.0	0.0	0.0	0.0	0.0	0.0	0.0	0.0	0.0	0.0	0.0	0.0	0.0	0.0	0.0	0.0	0.0	0.0	0.0	0.0	0.0	0.0	0.0	0.0	0.0	0.0	0.0	0.0	0.0	0.0	0.0	0.0	0.0	0.0	0.0	
African Collared-Dove	0.0	0.0	0.0	0.0	0.0	0.0	0.0	0.0	0.0	0.0	0.0	0.0	0.0	0.0	0.0	0.0	0.0	2.69E-4	0.0	0.0	0.0	0.0	0.0	0.0030928	6.614E-4	0.0	0.0	8.094E-4	0.0015	0.0	0.0	0.0	2.874E-4	0.0	0.0	2.174E-4	0.0	2.474E-4	2.447E-4	0.0	0.0	0.0	0.0	0.0	3.712E-4	0.0	0.0	0.0	
Streptopelia sp.	0.0	0.0	0.0	0.0	0.0	0.0	0.0	0.0	0.0	0.0	0.0	0.0	0.0	0.0	0.0	0.0	0.0	0.0	0.0	0.0	0.0	0.0	0.0	0.0015464	0.0	0.0	0.0	0.0	0.0	0.0	0.0	0.0	5.747E-4	0.0	0.0	0.0	0.0	0.0	0.0	0.0	0.0	0.0	0.0	0.0	0.0	0.0	0.0	0.0	
White-winged Dove	0.0	0.0	0.0	0.0	0.0	0.0	0.0	0.0	0.0	0.0	0.0	0.0	0.0	0.0	0.0	0.0	0.0	0.0	0.0	0.0	0.0	0.0	0.0	0.0	0.0	0.0	0.0	4.047E-4	0.0	4.838E-4	0.0	0.0	0.0	0.0	2.389E-4	0.0	0.0	0.0	0.0	0.0	0.0	0.0	0.0	2.788E-4	0.0	0.0	0.0	0.0	
Mourning Dove	0.3842167	0.3571211	0.2952328	0.3477835	0.3502354	0.4030467	0.4002999	0.4479329	0.4729263	0.5391024	0.5690764	0.5942887	0.6285958	0.6516078	0.6711789	0.7039301	0.6912761	0.6846423	0.6604719	0.6426027	0.6162141	0.6154667	0.5967153	0.6159794	0.6395503	0.6259398	0.6317647	0.6280858	0.5902389	0.6666667	0.700546	0.6767725	0.6954023	0.6866022	0.6879331	0.6464449	0.6022983	0.5752103	0.5730365	0.5386698	0.5079765	0.4775281	0.4833972	0.4954001	0.5	0.4813799	0.4709587	0.4062414	
pigeon/dove sp.	0.0	0.0	0.0	0.0	0.0	0.0	0.0	0.0	0.0	0.0	0.0	1.741E-4	0.0	0.0	0.0	0.0	0.0	0.0	0.0	0.0	0.0	0.0	6.083E-4	0.0	0.0	0.0	0.0	0.0	0.0	9.676E-4	4.2E-4	2.387E-4	5.747E-4	2.612E-4	0.0	0.0	0.0	0.0	0.0	1.933E-4	0.0	0.0	0.0	0.0	0.0	3.92E-4	0.0	0.0015	
Yellow-billed Cuckoo	0.0	0.0	0.0	0.0	0.0	0.0	0.0	0.0	0.0	0.0	0.0	0.0	2.131E-4	0.0	1.714E-4	0.0023706	0.0094277	0.0131791	0.0200388	0.0172511	0.0083866	0.0058667	0.0042579	0.0128866	0.0165344	0.0031328	0.0035294	0.0028329	0.0030503	0.0038703	0.0088198	0.016233	0.020977	0.0394359	0.0212664	0.0354425	0.0329753	0.0188026	0.013702	0.004447	0.0055975	0.0	3.193E-4	0.0	0.0	0.0	0.0	0.0	
Black-billed Cuckoo	0.0	0.0	0.0	0.0	0.0	0.0	0.0	0.0	0.0	0.0	0.0	0.0	0.0	0.0	0.0	7.486E-4	0.0050458	0.0133136	0.0161603	0.0052503	0.0027955	0.0010667	0.0018248	0.0046392	0.0019841	0.0075188	0.0017647	0.0020235	0.0015	0.0029028	0.0046199	0.004297	0.0048851	0.0101854	0.0066906	0.0036965	0.0042468	0.001237	0.0034255	1.933E-4	0.0	0.0	0.0	0.0	0.0	0.0	0.0	0.0	
Yellow-billed/Black-billed Cuckoo	0.0	0.0	0.0	0.0	0.0	0.0	0.0	0.0	0.0	0.0	0.0	0.0	0.0	0.0	0.0	0.0	2.656E-4	8.069E-4	0.0014544	0.0016876	7.987E-4	5.333E-4	0.0	5.155E-4	0.0	6.266E-4	0.0011765	4.047E-4	5.084E-4	0.0	0.0021	0.0014323	8.621E-4	0.0018282	4.779E-4	6.523E-4	0.0012491	0.0014844	2.447E-4	0.0	0.0	0.0	0.0	0.0	0.0	0.0	0.0	0.0	
Coccyzus sp.	0.0	0.0	0.0	0.0	0.0	0.0	0.0	0.0	0.0	0.0	0.0	0.0	0.0	0.0	0.0	0.0	0.0	0.0	0.0	0.0	3.994E-4	0.0	0.0	0.0	0.0	0.0	0.0	0.0	0.0	0.0	0.0	0.0	0.0	5.223E-4	0.0	0.0	0.0	0.0	0.0	0.0	0.0	0.0	0.0	0.0	0.0	0.0	0.0	0.0	
cuckoo sp. (Cuculidae sp.)	0.0	0.0	0.0	0.0	0.0	0.0	0.0	0.0	0.0	0.0	0.0	0.0	0.0	0.0	0.0	0.0	0.0	0.0	0.0	0.0	0.0	0.0	0.0	0.0	0.0	0.0	0.0	0.0	0.0	0.0	0.0	0.0	0.0	0.0	0.0	0.0	0.0	0.0015	0.0	0.0	0.0	0.0	0.0	0.0	0.0	0.0	0.0	0.0	
Common Nighthawk	0.0	0.0	0.0	0.0	0.0	0.0	0.0	0.0	0.0	0.0	0.0	0.0	0.0	0.0	1.714E-4	0.0	0.0019918	0.0115654	0.0226244	0.0056254	0.0015974	0.0016	0.0012165	5.155E-4	0.0019841	0.0015	5.882E-4	8.094E-4	5.084E-4	0.002419	0.0096598	0.0477441	0.0511494	0.0660747	0.0561529	0.0397913	0.0357232	0.0274617	0.0097871	1.933E-4	0.0	0.0	0.0	0.0	0.0	0.0	0.0	0.0	
nighthawk sp.	0.0	0.0	0.0	0.0	0.0	0.0	0.0	0.0	0.0	0.0	0.0	0.0	0.0	0.0	0.0	0.0	0.0	0.0	0.0	0.0	0.0	0.0	0.0	0.0	0.0	0.0	0.0	0.0	0.0	0.0	0.0	0.0	0.0	0.0	0.0	0.0	0.0015	0.0	0.0	0.0	0.0	3.305E-4	0.0	0.0	0.0	0.0	0.0	0.0	
Chuck-will's-widow	0.0	0.0	0.0	0.0	0.0	0.0	0.0	0.0	0.0	0.0	0.0	0.0	2.131E-4	0.0	0.0	3.743E-4	0.0114195	9.414E-4	3.232E-4	0.0	0.0	0.0	0.0	0.0	0.0	0.0	0.0	0.0	0.0	0.0	0.0	0.0	0.0	0.0	0.0	0.0	0.0	0.0	0.0	0.0	0.0	0.0	0.0	0.0	0.0	0.0	0.0	0.0	
Eastern Whip-poor-will	0.0	0.0	0.0	0.0	0.0	0.0	0.0	0.0	0.0	0.0	0.0	0.0	2.131E-4	1.973E-4	0.0073681	0.0036182	0.0031868	0.0037655	4.848E-4	0.0	0.0	0.0	0.0	0.0	0.0	0.0	0.0	0.0	0.0	0.0	0.0	0.0	0.0	7.835E-4	0.0	0.0023918	0.0	0.0	2.447E-4	0.0	0.0	0.0	0.0	0.0	0.0	0.0	0.0	0.0	
nightjar sp.	0.0	0.0	0.0	0.0	0.0	0.0	0.0	0.0	0.0	0.0	0.0	0.0	0.0	0.0	0.0	0.0	1.328E-4	0.0	0.0	0.0	0.0	0.0	0.0	0.0	0.0	0.0	0.0	0.0	0.0	0.0	0.0	0.0	0.0	0.0	0.0	0.0	2.498E-4	0.0	0.0	0.0	0.0	0.0	0.0	0.0	0.0	0.0	0.0	0.0	
Chimney Swift	0.0	0.0	0.0	0.0	0.0	0.0	0.0	0.0	0.0	0.0	0.0	1.741E-4	0.0010654	0.0104557	0.0935572	0.2739863	0.4166777	0.4679935	0.5177763	0.495406	0.4632588	0.4581333	0.4349148	0.4417526	0.4510582	0.4486216	0.3758824	0.384055	0.3889171	0.4344461	0.4183116	0.3845787	0.3566092	0.3314181	0.3309438	0.3122418	0.2588059	0.1667491	0.0582334	0.0193349	0.0055975	0.0	0.0	0.0	0.0	0.0	0.0	0.0	
Chimney/Vaux's Swift	0.0	0.0	0.0	0.0	0.0	0.0	0.0	0.0	0.0	0.0	0.0	0.0	0.0	0.0	0.0	0.0	0.0	0.0	0.0	0.0	0.0	0.0	0.0	0.0	0.0	0.0	0.0	0.0	0.0	0.0	0.0	0.0	0.0	0.0	0.0	0.0	0.0	0.0	2.447E-4	0.0	0.0	0.0	0.0	0.0	0.0	0.0	0.0	0.0	
Ruby-throated Hummingbird	0.0	0.0	0.0	0.0	0.0	0.0	0.0	0.0	0.0	0.0	0.0	0.0	2.131E-4	0.0015	8.568E-4	0.0210855	0.0625415	0.0905056	0.0782159	0.0429402	0.0151757	0.0154667	0.0188564	0.0159794	0.0165344	0.0131579	0.0217647	0.0169972	0.0238943	0.0469279	0.0751785	0.1188828	0.1594828	0.2010969	0.2031063	0.1167645	0.0222333	0.0069273	9.787E-4	5.8E-4	0.0015	0.0	0.0	0.0	0.0	0.0	0.0	0.0	
Rufous Hummingbird	0.0	0.0	0.0	0.0	0.0	0.0228499	0.0297351	0.0211377	0.0126728	0.0094061	0.0056599	0.0033084	0.0023439	3.946E-4	1.714E-4	0.0	0.0	0.0	0.0	0.0	0.0	0.0	0.0	0.0	0.0	0.0	0.0	0.0	0.0	0.0	0.0	0.0	0.0	0.0	0.0	0.0	0.0	0.0	0.0	0.0	0.0	0.0	0.0	0.0	0.0	0.0	0.0	0.0	
Rufous/Allen's Hummingbird	0.0	0.0	0.0	0.0	0.0	0.0	2.499E-4	0.0	0.0	0.0	0.0	0.0	0.0	0.0	0.0	0.0	0.0	0.0	0.0	0.0	0.0	0.0	0.0	0.0	0.0	0.0	0.0	0.0	0.0	0.0	0.0	0.0	0.0	0.0	0.0	0.0	0.0	0.0	0.0	0.0	0.0	0.0	0.0	0.0	0.0	0.0	0.0	0.0	
hummingbird sp.	0.0	0.0	0.0	0.0	0.0	0.0	0.0	0.0	0.0	0.0	0.0	0.0	0.0	0.0	0.0	3.743E-4	9.295E-4	2.69E-4	0.0	0.0	0.0	0.0	0.0	0.0	6.614E-4	6.266E-4	0.0	0.0	0.0	0.0	4.2E-4	0.0	2.874E-4	0.0010447	2.389E-4	4.349E-4	9.993E-4	2.474E-4	0.0	0.0	0.0	0.0	0.0	0.0	0.0	0.0	0.0	0.0	
King Rail	0.0	0.0	0.0	0.0	0.0	0.0	0.0	0.0	0.0	0.0	0.0	0.0	0.0	0.0	0.0	0.0	0.0	0.0	0.0	3.75E-4	0.0	0.0	0.0	0.0	0.0	0.0	0.0	0.0	0.0	0.0	0.0	0.0	0.0	0.0	0.0	0.0	0.0	0.0	0.0	0.0	0.0	0.0	0.0	0.0	0.0	0.0	0.0	0.0	
Clapper Rail	0.0	3.05E-4	2.788E-4	0.0	3.622E-4	9.521E-4	0.0	3.108E-4	0.0	0.001075	0.0012863	0.0022636	0.0044747	0.007102	0.0142221	0.0193387	0.0241668	0.035503	0.0447641	0.0900056	0.1098243	0.0976	0.0809002	0.0628866	0.0833333	0.108396	0.1276471	0.1286928	0.1057448	0.1219158	0.0823184	0.0675579	0.0431034	0.0235048	0.0119474	0.0232659	0.0317262	0.0133597	0.0063616	0.0098608	0.0039183	0.005618	0.0031928	8.364E-4	0.001856	0.001568	0.0024493	0.0011047	
large rail sp.	0.0	0.0	0.0	0.0	0.0	0.0	0.0	0.0	0.0	0.0	0.0	0.0	0.0	0.0	0.0	0.0	0.0	0.0	0.0	1.875E-4	0.0	0.0	0.0	0.0	0.0	0.0	0.0	0.0	0.0	0.0	0.0	0.0	0.0	0.0	0.0	0.0	0.0	0.0	0.0	0.0	2.799E-4	0.0	0.0	0.0	0.0	0.0	0.0	0.0	
Virginia Rail	0.0	0.0	0.0	0.0	0.0	0.0	0.0	0.0	0.0	0.0	0.0	1.741E-4	0.0015	1.973E-4	3.427E-4	0.0049906	1.328E-4	2.69E-4	6.464E-4	0.0015001	0.0	0.0	0.0	0.0	0.0	0.0	0.0	0.0	0.0	0.0	0.0	0.0	0.0	2.612E-4	0.0107527	0.0013046	0.0089933	0.001237	0.0012234	0.0013534	0.0	0.0	0.0015	0.0	0.0	0.0	0.0015	2.762E-4	
Rallus sp.	0.0	0.0	0.0	0.0	0.0	0.0	0.0	0.0	0.0	0.0	0.0	0.0	0.0	0.0	0.0	0.0	0.0	0.0	0.0	0.0	0.0	0.0	0.0	0.0	0.0	0.0	0.0	0.0	0.0	0.0	0.0	0.0	0.0	0.0	0.0	0.0	2.498E-4	0.0	0.0	0.0	0.0	0.0	0.0	0.0	0.0	0.0	0.0	0.0	
Sora	0.0	0.0	0.0	0.0	0.0	0.0	0.0	0.0	0.0	0.0	2.573E-4	0.0	0.0	0.0	3.427E-4	0.0022458	1.328E-4	0.0	0.0	0.0	0.0	0.0	0.0	0.0010309	6.614E-4	6.266E-4	0.0	0.0	0.0	0.0	0.0	0.0035808	0.0091954	0.0010447	4.779E-4	0.0026093	0.007994	0.0047006	0.0034255	5.8E-4	2.799E-4	0.0	0.0	0.0013939	0.0	0.0	0.0	2.762E-4	
Common Gallinule	9.423E-4	3.05E-4	5.576E-4	4.898E-4	7.244E-4	0.0	0.0	3.108E-4	0.0	0.0	0.0	8.706E-4	2.131E-4	3.946E-4	0.0	1.248E-4	1.328E-4	0.0	3.232E-4	5.625E-4	3.994E-4	0.0	0.0	0.0	0.0	0.0	0.0	0.0016188	0.0	0.0	4.2E-4	9.549E-4	8.621E-4	0.0013058	0.0016726	0.0045662	9.993E-4	7.422E-4	0.0014681	0.0048337	0.0019591	0.0076008	0.0092593	8.364E-4	0.0	3.92E-4	0.0031491	0.0011047	
American Coot	0.2108363	0.1796279	0.1580708	0.1650747	0.1742122	0.1859727	0.1766617	0.2008082	0.2200461	0.2004837	0.213275	0.2143479	0.2601747	0.2308148	0.1684373	0.0865876	0.0215111	0.0158687	0.0132515	0.0125633	0.0131789	0.0112	0.0091241	0.0139175	0.0092593	0.0100251	0.0088235	0.0157831	0.0152517	0.0193517	0.0184796	0.0193364	0.0215517	0.0363019	0.0293907	0.0343553	0.0442168	0.0707571	0.091265	0.1109822	0.1533725	0.1530073	0.1554917	0.1672707	0.2000742	0.1940416	0.1707488	0.1789561	
Purple Gallinule	0.0	0.0	0.0	0.0	0.0	0.0	0.0	0.0	0.0	0.0	0.0	0.0	0.0	0.0	0.0	0.0	6.639E-4	0.0014793	0.0011312	9.376E-4	0.0	0.0	0.0	0.0	0.0	0.0	0.0	0.0	0.0	0.0	0.0	0.0	0.0	0.0	0.0	0.0	0.0	2.474E-4	0.0396379	0.0148879	0.0111951	0.0	0.0	0.0	0.0	0.0	0.0	0.0	
rail/crake sp.	0.0	3.05E-4	0.0	0.0	0.0	0.0	0.0	0.0	0.0	0.0	0.0	0.0	0.0	0.0	0.0	0.0	0.0	0.0	0.0	0.0	0.0	0.0	0.0	0.0	0.0	0.0	0.0	0.0	0.0	0.0	0.0	0.0	0.0	0.0	0.0	0.0	0.0	2.474E-4	0.0	0.0	2.799E-4	0.0	0.0	0.0	0.0	0.0	0.0	0.0	
Sandhill Crane	0.0	0.0	0.0	0.0	0.0	0.0	0.0	9.325E-4	0.0	0.0	0.0	0.0	0.0	0.0	0.0	0.0	3.984E-4	2.69E-4	0.0	0.0	0.0	0.0	0.0	0.0	0.0	0.0	0.0015	0.0	0.0	0.0	0.0	0.0	0.0	0.0	0.0	0.0	0.0	0.0	0.0	0.0	0.0	0.0	3.193E-4	0.0	7.424E-4	0.0	0.0	0.0	
Black-necked Stilt	0.0	0.0	0.0	0.0	0.0	0.0	0.0	0.0	0.0	0.0	0.0	0.0	0.0	0.0	0.0	0.0	1.328E-4	0.0015	0.0015	1.875E-4	0.0055911	0.0015	0.0	0.0	0.0015	0.0	0.0	0.0	0.0	0.0	0.0	0.0	0.0	2.612E-4	0.0	0.0	0.0	0.0	0.0	0.0	0.0	0.0	0.0	0.0	0.0	0.0	0.0	0.0	
American Avocet	0.0	0.0	0.0	0.0	0.0	0.0	0.0	0.0	0.0	0.0	0.0	0.0	0.0	0.0	0.0	0.0	0.0	0.0	0.0	0.0	0.0	0.0	0.0	0.0	0.0	0.0	0.0	0.0012141	0.0122013	0.0014514	0.0	0.0	0.0015	0.0	0.0	0.0015	0.0	0.0	0.0	0.0	0.0	0.0	0.0	0.0	0.0040831	0.003528	0.0	0.0	
American Oystercatcher	0.0011779	0.0015249	0.0011151	4.898E-4	7.244E-4	6.347E-4	7.496E-4	9.325E-4	0.0031682	0.024187	0.0702341	0.0847989	0.0737268	0.0733873	0.0555175	0.0477854	0.04435	0.0594406	0.0809632	0.1661354	0.201278	0.1850667	0.1946472	0.1618557	0.1640212	0.2017544	0.2494118	0.2286524	0.2257245	0.2036768	0.152457	0.1112437	0.0729885	0.041264	0.0248507	0.0354425	0.0504622	0.0373577	0.020553	0.0351895	0.0246292	0.0313946	0.0252235	0.0250906	0.0122494	0.0105841	0.0076977	0.0063518	
Black-bellied Plover	0.0070671	0.0067094	0.0119877	0.0100416	0.0090547	0.0076166	0.0092454	0.0034193	8.641E-4	0.0032249	0.0018009	0.0020895	0.002557	0.0025646	0.0018849	0.0039925	0.0065064	0.0146584	0.0302198	0.0583161	0.0419329	0.0170667	0.0036496	0.0046392	0.0019841	0.0031328	0.0052941	0.0190206	0.0696492	0.1059507	0.102478	0.0780616	0.0428161	0.023766	0.0179211	0.0339204	0.0414689	0.0408214	0.0300954	0.0500773	0.0285474	0.031725	0.0217114	0.0234179	0.0200445	0.0152881	0.0143457	0.0091135	
American Golden-Plover	0.0	0.0	0.0	0.0	0.0	0.0	0.0	0.0	0.0	0.0	0.0	0.0	0.0	0.0	0.0	0.0	0.0	1.345E-4	0.0	0.0	0.0	0.0	0.0	0.0	0.0	0.0	0.0	0.0	0.0	0.0	0.00168	9.549E-4	0.0031609	0.0028728	0.0021505	0.0050011	0.0054959	0.0091539	0.0053829	0.0139211	0.0033585	0.004957	3.193E-4	0.0	0.0	0.0	0.0	0.0	
golden-plover sp.	0.0	0.0	0.0	0.0	0.0	0.0	0.0	0.0	0.0	0.0	0.0	0.0	0.0	0.0	0.0	0.0	0.0	0.0	0.0	0.0	0.0	0.0	0.0	0.0	0.0	0.0	0.0	0.0	0.0	0.0	0.0	0.0	0.0	0.0	0.0	0.0	0.0	0.0	0.0	1.933E-4	0.0	0.0	0.0	0.0	0.0	0.0	0.0	0.0	
Killdeer	0.0129564	0.0137237	0.022024	0.0222875	0.0220934	0.0260235	0.033983	0.0494249	0.0711406	0.0889546	0.0939028	0.078008	0.0628596	0.0680608	0.0568883	0.0495321	0.0373124	0.0482786	0.0534906	0.080255	0.1002396	0.1077333	0.1064477	0.1005155	0.1097884	0.1340852	0.1570588	0.14569	0.1087951	0.1161103	0.0869383	0.0646932	0.045977	0.0250718	0.0227001	0.0319635	0.0287285	0.0316675	0.034255	0.0317092	0.0218304	0.0251157	0.0255428	0.024533	0.0115071	0.0188162	0.0230931	0.0173985	
Common Ringed Plover	0.0	0.0	0.0	0.0	0.0	0.0	0.0	0.0	0.0	0.0	0.0	0.0	0.0	0.0	0.0	0.0	0.0	0.0	0.0	0.0	0.0	0.0	0.0	0.0	0.0	0.0	0.0	0.0	0.0	0.0	0.0	0.0	0.0	0.0	2.389E-4	0.0	0.0	0.0	0.0	0.0	0.0	0.0	0.0	0.0	0.0	0.0	0.0	0.0	
Semipalmated Plover	0.0	3.05E-4	0.0	9.797E-4	3.622E-4	0.0	2.499E-4	3.108E-4	2.88E-4	5.375E-4	0.0	3.483E-4	0.0	1.973E-4	0.0	0.0013724	0.0090293	0.0278375	0.0607628	0.0819426	0.0587061	0.0213333	0.0091241	0.0056701	0.0026455	0.0181704	0.1070588	0.1934439	0.26182	0.2675375	0.2238555	0.1644784	0.1002874	0.0564116	0.0253286	0.0308763	0.0207344	0.01905	0.0117446	0.0137278	8.396E-4	0.0013219	0.0	0.0	0.0	0.0	3.499E-4	0.0	
Piping Plover	0.0	0.0	0.0	0.0	0.0	0.0	0.0	0.0	0.0	0.0	7.718E-4	5.224E-4	0.0012785	9.864E-4	3.427E-4	2.495E-4	0.0014606	0.0018827	0.0021008	0.0056254	0.0019968	0.0016	6.083E-4	0.0	0.0019841	0.0068922	0.0170588	0.0449211	0.0589731	0.0449927	0.0256195	0.0140845	8.621E-4	0.0	2.389E-4	0.0	0.0	9.896E-4	0.0012234	7.734E-4	2.799E-4	0.0	0.0	2.788E-4	0.0	0.0	0.0	0.0	
small plover sp.	0.0	0.0	0.0	0.0	0.0	0.0	0.0	0.0	0.0	0.0	0.0	0.0	0.0	0.0	0.0	0.0	0.0	0.0	0.0	0.0	0.0	0.0	0.0	0.0	0.0	0.0	0.0	0.0	0.0	4.838E-4	0.0	0.0	0.0	0.0	0.0	2.174E-4	0.0	0.0	0.0	0.0	0.0	0.0	0.0	0.0	0.0	0.0	0.0	0.0	
plover sp.	0.0	0.0	0.0	0.0	0.0	0.0	0.0	0.0	0.0	0.0	0.0	0.0	0.0	0.0	0.0	0.0	0.0	0.0	0.0	0.0	0.0	0.0	0.0	0.0	0.0	0.0	0.0	0.0	0.0	0.0	4.2E-4	0.0	0.0	0.0	0.0	0.0	0.0	0.0	0.0	0.0	0.0	0.0	0.0	0.0	0.0	0.0	0.0	0.0	
Upland Sandpiper	0.0	0.0	0.0	0.0	0.0	0.0	0.0	0.0	0.0	0.0	0.0	0.0	0.0	0.0	3.427E-4	3.743E-4	2.656E-4	0.0	0.0	0.0	0.0	0.0	0.0	0.0	0.0	0.0	0.0	4.047E-4	0.0	0.0014514	4.2E-4	2.387E-4	0.0	0.0	2.389E-4	0.0017395	0.0	0.0	0.0	0.0	0.0	0.0	0.0	0.0	0.0	0.0	0.0	0.0	
Hudsonian Whimbrel	0.0	0.0	0.0	0.0	0.0	0.0	0.0	0.0	0.0	0.0	0.0	0.0	0.0	0.0	0.0	0.0	0.0	2.69E-4	3.232E-4	0.0020626	3.994E-4	0.0026667	0.0018248	0.0	0.0039683	0.0031328	0.0047059	0.0190206	0.0142349	0.0072569	0.0117598	0.0081165	0.0034483	0.0033951	0.0016726	0.0015221	0.0012491	2.474E-4	2.447E-4	0.0	0.0	0.0	0.0	0.0	0.0	0.0	0.0	0.0	
Hudsonian Godwit	0.0	0.0	0.0	0.0	0.0	0.0	0.0	0.0	0.0	0.0	0.0	0.0	0.0	0.0	0.0	0.0	0.0	0.0	0.0	0.0	0.0	0.0	0.0	0.0	0.0	0.0	0.0	0.0	0.0	0.0	0.0	7.162E-4	8.621E-4	2.612E-4	0.0	0.0	0.0015	0.0	2.447E-4	0.0017401	0.0015	0.0	3.193E-4	0.0	0.0	0.0	0.0	0.0	
Marbled Godwit	0.0	0.0	0.0	0.0	0.0	0.0	0.0	0.0	0.0	0.0	0.0	0.0	0.0	0.0	0.0	0.0	0.0	0.0	0.0	9.376E-4	0.0	0.0	0.0	0.0	0.0	0.0	0.0	8.094E-4	5.084E-4	0.0048379	0.00168	0.0026259	5.747E-4	0.0	2.389E-4	2.174E-4	4.996E-4	4.948E-4	4.894E-4	1.933E-4	0.0	3.305E-4	3.193E-4	0.0	0.0	0.0	6.998E-4	0.0	
Short-billed Dowitcher	0.0	0.0	0.0	0.0	0.0	0.0	0.0	0.0	0.0	0.0	0.0	0.0	0.0	1.973E-4	1.714E-4	0.0013724	0.0039835	0.006724	0.0138979	0.0303769	0.0131789	0.0042667	6.083E-4	0.0015464	0.0251323	0.0557644	0.1058824	0.1274788	0.1225216	0.1296565	0.0823184	0.0477441	0.0215517	0.0080961	0.0023895	6.523E-4	4.996E-4	2.474E-4	2.447E-4	1.933E-4	0.0	0.0	0.0	0.0	0.0	0.0	0.0	0.0	
Long-billed Dowitcher	0.0	0.0	0.0	0.0	0.0	0.0	0.0	0.0	5.76E-4	5.375E-4	0.0012863	8.706E-4	0.0	0.0	0.0	0.0	0.0	0.0	0.0	0.0	0.0	0.0	0.0	0.0	0.0	0.0	0.0	0.0	5.084E-4	9.676E-4	4.2E-4	0.0	2.874E-4	2.612E-4	0.0	0.0	2.498E-4	0.0	0.0	1.933E-4	0.0013994	0.0033047	3.193E-4	0.0	0.0	3.92E-4	3.499E-4	0.0	
Short-billed/Long-billed Dowitcher	0.0	0.0	0.0	0.0	0.0	0.0	0.0	0.0	0.0	0.0	0.0	0.0	0.0	0.0	0.0	1.248E-4	5.311E-4	1.345E-4	0.0015	3.75E-4	0.0	0.0	0.0	0.0	0.0026455	0.0012531	0.0041176	0.0020235	0.0025419	0.002419	0.0021	0.0014323	5.747E-4	0.0	0.0	2.174E-4	0.0012491	4.948E-4	2.447E-4	5.8E-4	0.0	0.0	0.0	0.0	0.0	0.0	0.0	0.0	
American Woodcock	0.0051826	0.0085392	0.0055757	0.0051433	0.0018109	0.0041257	0.011994	0.0208269	0.0348502	0.0825047	0.0527399	0.030646	0.0117196	0.0078911	0.0087389	0.0047411	0.0046475	0.003631	0.0017776	0.0011251	0.0023962	0.0016	0.0048662	0.0072165	0.0026455	0.0018797	5.882E-4	0.0028329	0.0015252	0.002419	4.2E-4	0.0011936	0.0020115	0.001567	9.558E-4	6.523E-4	0.0017487	0.0054429	0.0181062	0.0440835	0.0324657	0.0330469	0.0335249	0.0189573	0.0118782	0.0066641	0.0094472	0.0024855	
Wilson's Snipe	0.0014134	9.149E-4	8.364E-4	0.0012246	0.0032597	0.0025389	0.0057471	0.0024868	0.0028802	0.0064499	0.0069462	0.0296013	0.015342	0.0114421	0.0090816	0.0144729	0.0015934	9.414E-4	0.0	0.0	0.0	0.0	0.0	0.0	0.0	0.0	0.0	0.0	5.084E-4	0.0	0.0	0.0	5.747E-4	0.0	7.168E-4	0.0013046	0.0029978	0.0047006	0.0022021	0.0073473	0.002239	0.0029742	0.0015964	0.0011151	0.001856	0.001176	0.0010497	2.762E-4	
Wilson's Phalarope	0.0	0.0	0.0	0.0	0.0	0.0	0.0	0.0	0.0	0.0	0.0	0.0	0.0	0.0	0.0	0.0	0.0	0.0	0.0	0.0015	0.0	0.0	0.0	0.0	6.614E-4	0.0	0.0	0.0015	5.084E-4	0.0015	0.0	4.774E-4	5.747E-4	0.0	0.0015	0.0	0.0	0.0	0.0	0.0	0.0	0.0	0.0	0.0	0.0	0.0	0.0	0.0	
Red Phalarope	0.0	0.0	0.0	0.0	0.0	0.0	0.0	0.0	0.0	0.0	0.0	0.0	0.0	0.0	0.0	0.0	0.0	0.0	0.0	0.0	0.0	0.0	0.0	0.0	0.0	0.0	0.0	0.0	0.0	0.0	0.0	0.0	0.0	0.0	0.0	0.0	0.0	0.0	0.0	3.867E-4	0.0	0.0	0.0	0.0	0.0	0.0	0.0	0.0	
Red-necked Phalarope	0.0	0.0	0.0	0.0	0.0	0.0	0.0	0.0	0.0	0.0	0.0	0.0	0.0	0.0	0.0	0.0	0.0	0.0	4.848E-4	9.376E-4	0.0	0.0	0.0	0.0	0.0	0.0	0.0	0.0	0.0	9.676E-4	0.00126	7.162E-4	0.0015	0.0086184	0.0	0.0	2.498E-4	0.0	0.0	0.0	0.0	0.0	0.0	0.0	0.0	0.0	0.0	0.0	
phalarope sp.	0.0	0.0	0.0	0.0	0.0	0.0	0.0	0.0	0.0	0.0	0.0	0.0	0.0	0.0	0.0	0.0	0.0	0.0	0.0	0.0	0.0	0.0	0.0	0.0	0.0	0.0	0.0	0.0	5.084E-4	0.0	0.0	0.0015	0.0	0.0	0.0	0.0	0.0	0.0	0.0	0.0	0.0	0.0	0.0	0.0	0.0	0.0	0.0	0.0	
Spotted Sandpiper	2.356E-4	6.099E-4	8.364E-4	7.348E-4	7.244E-4	3.174E-4	0.0	0.0	0.0	0.0	0.0	0.0	0.0014916	0.0051292	0.0104524	0.0596382	0.1525694	0.215035	0.2058824	0.1411963	0.0535144	0.008	0.006691	0.0118557	0.0436508	0.0802005	0.1270588	0.1537839	0.1820031	0.2148041	0.1936161	0.1427548	0.1048851	0.0618961	0.046595	0.0369646	0.0194854	0.0066799	0.0056276	0.0027069	0.0	0.0	0.0	5.576E-4	0.0	0.0	0.0013996	0.0013808	
Solitary Sandpiper	0.0	0.0	0.0	0.0	0.0	0.0	0.0	0.0	0.0	0.0	0.0	0.0	0.0	0.003551	0.00634	0.0379289	0.063471	0.0739645	0.0311894	0.0024377	3.994E-4	5.333E-4	0.0	0.0	0.0	0.0012531	0.0129412	0.0190206	0.0233859	0.0212869	0.0335993	0.0243495	0.0327586	0.028467	0.0224612	0.0097847	0.0074944	0.0047006	0.0	0.0015468	2.799E-4	0.0	0.0	0.0	0.0	0.0	0.0	0.0	
Lesser Yellowlegs	0.0	0.0	0.0	0.0	0.0	0.0	0.0	0.0	0.0	0.0	0.0	0.0	8.523E-4	0.0015782	0.0058259	0.0066126	0.0075687	0.0071275	0.0035553	0.0015001	3.994E-4	0.0	0.0	5.155E-4	0.0079365	0.0194236	0.0352941	0.0368272	0.0508388	0.0551524	0.047879	0.0439246	0.020977	0.0088796	0.004779	0.005436	0.0012491	0.001237	2.447E-4	1.933E-4	5.598E-4	0.0	3.193E-4	0.0	0.0	3.92E-4	0.0	0.0	
Willet	0.0	0.0	2.788E-4	0.0	0.0	0.0	0.0	0.0	0.0	0.0	0.0	0.0	2.131E-4	5.918E-4	0.0089102	0.0323144	0.0395698	0.0511027	0.0672269	0.1410088	0.1589457	0.1546667	0.1654501	0.1298969	0.1177249	0.1246867	0.1135294	0.0744638	0.0574479	0.0541848	0.0340193	0.0176653	0.0086207	0.0044398	0.0052569	0.0028267	0.0012491	4.948E-4	2.447E-4	1.933E-4	0.0	6.609E-4	0.0	0.0	3.712E-4	0.0015	0.0	0.0	
Spotted Redshank	0.0011779	3.05E-4	5.576E-4	2.449E-4	0.0015	0.0	2.499E-4	0.0015	0.0	0.0	0.0015	0.0	0.0	0.0	0.0	0.0	0.0	0.0	0.0	0.0	0.0	0.0	0.0	0.0	0.0	0.0	0.0	0.0	0.0	0.0	0.0	0.0	0.0	0.0	0.0	0.0	0.0	0.0	0.0	0.0	0.0	0.0	0.0	0.0	0.0015	3.92E-4	6.998E-4	2.762E-4	
Greater Yellowlegs	0.0073027	0.0121988	0.006412	0.0080823	0.0061572	0.0053951	0.0064968	0.0027976	0.0028802	0.0053749	0.0079753	0.0174125	0.0353718	0.0386664	0.0340987	0.0366812	0.0350551	0.0309306	0.0137363	0.0106882	0.0055911	0.0032	0.0042579	0.0072165	0.0363757	0.0588972	0.1123529	0.1246459	0.1423488	0.1432027	0.1129777	0.0923848	0.0683908	0.044398	0.0281959	0.0410959	0.0437172	0.0403266	0.0293614	0.0481439	0.0442205	0.0508923	0.0402299	0.024533	0.0267261	0.0258722	0.0209937	0.0113228	
Lesser/Greater Yellowlegs	0.0015	0.0	0.0	0.0	0.0	0.0	0.0	0.0	0.0	0.0	0.0	0.0	2.131E-4	3.946E-4	1.714E-4	0.0011229	0.0010623	0.0021517	1.616E-4	0.0024377	0.0	0.0	0.0	0.0	6.614E-4	0.0018797	0.0088235	0.0089033	0.0081342	0.0062893	0.0083998	0.0038195	0.0025862	0.001567	0.0016726	0.0023918	0.0034974	0.001237	0.0	0.0019335	2.799E-4	6.609E-4	0.0	2.788E-4	3.712E-4	0.0	0.0	0.0	
Tringa sp.	0.0	0.0	0.0	0.0	0.0	0.0	0.0	0.0	0.0	0.0	0.0	0.0	0.0	1.973E-4	0.0	1.248E-4	0.0	0.0	0.0	1.875E-4	0.0	0.0	0.0	0.0	0.0	0.0012531	5.882E-4	4.047E-4	5.084E-4	0.0014514	4.2E-4	7.162E-4	2.874E-4	0.0	0.0	0.0	0.0	0.0	0.0	0.0	0.0	0.0	0.0	0.0	0.0	0.0	0.0	0.0	
Ruddy Turnstone	0.003298	0.0027447	0.0036242	0.0051433	0.0010866	0.0031736	0.0012494	0.0	5.76E-4	5.375E-4	2.573E-4	1.741E-4	4.262E-4	0.0	1.714E-4	1.248E-4	0.0013278	0.0083378	0.0255333	0.0571911	0.0379393	0.0074667	0.0030414	0.0010309	0.0	0.0	0.0064706	0.0696074	0.1576004	0.1601355	0.1251575	0.0601576	0.0201149	0.0052233	0.0031063	0.0052185	0.0044966	0.003711	0.0036702	0.0098608	0.0036384	0.0109055	0.0086207	0.010315	0.0063103	0.002744	0.0017495	0.0022093	
Red Knot	0.0	0.0	0.0	2.449E-4	0.0	0.0	0.0	0.0	0.0	2.687E-4	0.0	0.0	4.262E-4	0.0015	1.714E-4	0.0	7.967E-4	0.0018827	0.0056561	0.0189387	0.0111821	0.0016	6.083E-4	0.0	0.0013228	0.0	0.0015	0.0048563	0.0020336	9.676E-4	0.0046199	0.0071616	0.0031609	0.0018282	4.779E-4	0.0013046	0.0012491	0.0047006	0.0036702	0.0106342	0.0019591	0.0092531	0.0051086	0.0033454	0.0022272	0.001176	6.998E-4	8.285E-4	
Ruff	0.0	0.0	0.0	0.0	0.0	0.0	0.0	0.0	0.0	0.0	0.0	0.0	0.0	0.0	0.0	0.0	0.0	0.0	0.0	1.875E-4	0.0	0.0	0.0	0.0	0.0	0.0	0.0	0.0	0.0	0.0	0.0	0.0	0.0	0.0	0.0	0.0	0.0	0.0	0.0	0.0	0.0	0.0	0.0	0.0	0.0	0.0	0.0	0.0	
Broad-billed Sandpiper	0.0	0.0	0.0	0.0	0.0	0.0	0.0	0.0	0.0	0.0	0.0	0.0	0.0	0.0	0.0	0.0	0.0	0.0	0.0	0.0	0.0	0.0	0.0	0.0	0.0	0.0	0.0	0.0	0.0	0.0	0.0	0.0015	0.0	0.0	0.0	0.0	0.0	0.0	0.0	0.0	0.0	0.0	0.0	0.0	0.0	0.0	0.0	0.0	
Curlew Sandpiper	0.0	0.0	0.0	0.0	0.0	0.0	0.0	0.0	0.0	0.0	0.0	0.0	0.0	0.0	0.0	0.0	0.0	0.0	0.0	0.0015	0.0	0.0	0.0	0.0	0.0	0.0	0.0	0.0	0.0	0.0	0.0	0.0	0.0	0.0	0.0	0.0	0.0	0.0	0.0	0.0	0.0	0.0	0.0	0.0	0.0	0.0	0.0	0.0	
Stilt Sandpiper	0.0	0.0	0.0	0.0	0.0	0.0	0.0	0.0	0.0	0.0	0.0	0.0	0.0	0.0	0.0	0.0	0.0	0.0	0.0	0.0	0.0	0.0	0.0	0.0	0.0	0.0	0.0017647	0.0024282	0.0055923	9.676E-4	0.00168	0.0035808	2.874E-4	2.612E-4	2.389E-4	0.0	0.0	0.0	0.0	0.0	0.0	0.0	0.0	0.0	0.0	0.0	0.0	0.0	
Buff-breasted Sandpiper	0.0	0.0	0.0	0.0	0.0	0.0	0.0	0.0	0.0	0.0	0.0	0.0	0.0	0.0	0.0	0.0	0.0	0.0	0.0	0.0	0.0	0.0	0.0	0.0	0.0	0.0	0.0	0.0	0.0	0.0	0.0	0.0052519	0.0048851	0.0013058	9.558E-4	0.0	0.0	0.0	0.0	0.0	0.0	0.0	0.0	0.0	0.0	0.0	0.0	0.0	
Sanderling	0.024735	0.0341568	0.0473934	0.0409013	0.02318	0.0193589	0.0107446	0.0049736	0.0040323	0.0018812	0.0036017	8.706E-4	0.0014916	0.0011837	0.0011995	0.002121	0.003054	0.0084723	0.019554	0.063379	0.0447284	0.0069333	0.0018248	0.0010309	0.0	6.266E-4	0.0282353	0.1226224	0.1530249	0.1514272	0.1163377	0.0818811	0.0405172	0.0167145	0.0074074	0.0106545	0.0134899	0.0136071	0.0066063	0.0214617	0.0167926	0.0208196	0.0188378	0.014218	0.0096511	0.0141121	0.0129461	0.0229218	
Dunlin	0.0094229	0.0125038	0.0139392	0.0159197	0.0054328	0.007934	0.0102449	0.0055953	8.641E-4	0.0029562	0.0033445	0.0026119	0.0038355	0.0011837	0.0022276	0.0012477	0.0031868	0.0055137	0.0116354	0.0435027	0.0319489	0.0037333	0.0018248	0.0	6.614E-4	6.266E-4	0.0	4.047E-4	0.0	0.0	0.0	0.0	0.0	7.835E-4	0.0015	0.0058708	0.0124906	0.0143493	0.0114999	0.0311292	0.0167926	0.0284204	0.0185185	0.0242543	0.018931	0.0160721	0.0164451	0.0127037	
Purple Sandpiper	0.0426384	0.0433059	0.0373571	0.0374724	0.0275263	0.0253888	0.0154923	0.0167858	0.0164171	0.014781	0.0097762	0.0102734	0.005114	0.0051292	0.0015422	0.0013724	0.0033196	0.0026896	0.0014544	0.0011251	3.994E-4	0.0	0.0	0.0	0.0	0.0	0.0	0.0	0.0	0.0	0.0	0.0	0.0	0.0	0.0	0.0015	0.0	0.0	0.0	3.867E-4	8.396E-4	0.004957	0.0102171	0.0262057	0.0330364	0.0348883	0.0279916	0.029826	
Baird's Sandpiper	0.0	0.0	0.0	0.0	0.0	0.0	0.0	0.0	0.0	0.0	0.0	0.0	0.0	0.0	0.0	0.0	0.0	0.0	0.0	0.0	0.0	0.0	0.0	0.0	0.0	0.0	0.0	0.0	0.0122013	4.838E-4	8.4E-4	0.0202912	0.0037356	0.0013058	2.389E-4	0.0015	0.0019985	0.0014844	0.0	0.0	0.0	0.0	0.0	0.0	0.0	0.0	0.0	0.0	
White-rumped Sandpiper	0.0	0.0	0.0	0.0	0.0	0.0	0.0	0.0	0.0	0.0	0.0	0.0	0.0	0.0	0.0	2.495E-4	2.656E-4	4.034E-4	0.002424	0.0135008	0.0327476	0.0261333	0.0091241	0.0	0.0	0.0	0.0011765	0.0048563	0.0086426	0.01403	0.0109198	0.010265	0.0051724	0.0026116	7.168E-4	0.003479	0.0057457	0.0019792	4.894E-4	0.0011601	5.598E-4	6.609E-4	0.0	0.0	0.0	0.0	0.0	0.0	
Dunlin x White-rumped Sandpiper (hybrid)	0.0	0.0	0.0	0.0	0.0	0.0	0.0	0.0	0.0	0.0	0.0	0.0	0.0	0.0	0.0	0.0	0.0	0.0	0.0	0.0	0.0	0.0	0.0	0.0	0.0	0.0	0.0	0.0	0.0	0.0	0.0	0.0	0.0	0.0	0.0	0.0	0.0	0.0	0.0	0.0	2.799E-4	0.0	0.0	0.0	0.0	0.0	0.0	0.0	
Least Sandpiper	0.0	0.0	0.0	0.0	0.0	0.0	0.0	0.0	0.0	0.0	0.0	0.0	0.0	1.973E-4	0.0	0.0044916	0.0196521	0.0399408	0.0586619	0.0526908	0.0067891	0.0	0.0	0.0015464	0.0257937	0.1196742	0.2094118	0.218535	0.1881037	0.1702951	0.152457	0.1310575	0.0744253	0.0305563	0.0124253	0.0095673	0.0034974	9.896E-4	2.447E-4	1.933E-4	0.0	0.0	0.0	0.0	0.0	0.0	0.0	0.0	
Pectoral Sandpiper	0.0	0.0	0.0	0.0	0.0	0.0	0.0	0.0	0.0	0.0	0.0	1.741E-4	0.0	0.0	0.0015	0.0	3.984E-4	1.345E-4	6.464E-4	0.0	0.0	0.0	0.0	0.0	6.614E-4	0.0018797	0.0052941	0.0157831	0.0116929	0.0101597	0.0088198	0.005968	0.008046	0.003134	0.0014337	0.005436	0.0024981	0.004948	4.894E-4	0.0011601	8.396E-4	0.0	0.0	0.0	0.0	0.0	0.0	0.0	
Western Sandpiper	0.0	0.0	0.0	0.0	0.0	0.0	0.0	0.0	0.0	0.0	0.0	0.0	0.0	0.0	0.0	0.0	0.0	0.0	0.0	0.0	3.994E-4	0.0	0.0	0.0	0.0	0.0037594	0.0217647	0.0012141	0.0015252	0.002419	0.0033599	0.0064455	0.0031609	0.0020893	0.0015	0.0	0.0	0.0	0.0	0.0	0.0	0.0	0.0	0.0	0.0	0.0	0.0	0.0	
Semipalmated Sandpiper	0.0	0.0	0.0	0.0	0.0	0.0	0.0	0.0	0.0	0.0	0.0	0.0	0.0	0.0	0.0015	0.0	0.0035852	0.0121033	0.0394312	0.1095068	0.1273962	0.0645333	0.0182482	0.0036082	0.0026455	0.0363409	0.1476471	0.2027519	0.2374174	0.2249637	0.1902562	0.1389353	0.0738506	0.0308174	0.0095579	0.0093499	0.0069948	0.0042058	9.787E-4	5.8E-4	2.799E-4	0.0	0.0	0.0	0.0	0.0	0.0	0.0	
Western/Semipalmated Sandpiper	0.0	0.0	0.0	0.0	0.0	0.0	0.0	0.0	0.0	0.0	0.0	0.0	0.0	0.0	0.0	0.0	0.0	0.0	0.0	1.875E-4	0.0	0.0	0.0	0.0	0.0	0.0018797	5.882E-4	0.0048563	0.0035587	0.002419	0.00126	0.0031034	0.0017241	5.223E-4	2.389E-4	0.0	0.0	0.0	0.0	0.0	0.0	0.0	0.0	0.0	0.0	0.0	0.0	0.0	
peep sp.	0.0	0.0	0.0	0.0	0.0	0.0	0.0	0.0	0.0	0.0015	0.0	0.0	0.0	0.0	1.714E-4	7.486E-4	0.0043819	0.003631	0.0061409	0.0075005	0.0107827	0.0042667	0.0024331	0.0020619	0.0039683	0.0119048	0.0376471	0.038446	0.0279614	0.0198355	0.0184796	0.0195751	0.012931	0.0101854	0.0016726	0.0047836	9.993E-4	0.0014844	7.34E-4	1.933E-4	5.598E-4	0.0	0.0	2.788E-4	0.0	0.0	0.0	0.0	
Calidris sp.	2.356E-4	0.0	0.0	0.0	0.0	0.0	0.0	0.0	0.0	0.0	0.0	0.0	0.0	0.0	0.0	1.248E-4	0.0	0.0	3.232E-4	0.0	0.0	0.0	0.0	0.0	0.0	0.0	0.0	4.047E-4	5.084E-4	0.0	4.2E-4	4.774E-4	5.747E-4	2.612E-4	0.0	2.174E-4	2.498E-4	0.0	0.0	0.0	0.0	0.0	0.0	0.0	0.0	3.92E-4	3.499E-4	0.0	
large shorebird sp.	0.0	0.0	0.0	0.0	0.0	0.0	0.0	0.0	0.0	0.0	0.0	0.0	0.0	0.0	0.0	0.0	0.0	0.0	0.0	0.0	0.0	0.0	0.0	0.0	0.0	0.0	0.0	0.0	0.0	0.0	0.0	0.0	0.0	0.0	0.0	0.0	0.0	0.0	0.0	1.933E-4	0.0	0.0	0.0	0.0	0.0	0.0	0.0	0.0	
shorebird sp.	0.0018846	0.0012199	0.0016727	0.0022043	7.244E-4	6.347E-4	0.0014993	0.0012434	5.76E-4	0.001075	5.145E-4	8.706E-4	8.523E-4	0.0015782	0.0011995	0.0036182	0.0025229	0.0021517	0.0033937	0.0041253	0.0035942	0.0037333	0.0024331	0.0010309	0.0059524	0.0194236	0.0194118	0.0105221	0.0152517	0.0106434	0.0113398	0.0093101	0.0094828	0.0041786	0.0014337	0.0041313	0.0044966	0.0034636	0.0019574	0.0034803	0.0013994	0.0016523	0.0019157	0.0033454	0.0011136	0.002352	0.0010497	0.0019332	
Parasitic Jaeger	0.0	0.0	0.0	0.0	0.0	0.0	0.0	0.0	0.0	0.0	0.0	0.0	0.0	0.0	0.0	0.0	0.0	0.0	0.0	0.0	0.0	0.0	0.0	0.0	0.0	0.0	0.0	0.0	0.0	0.0	0.0	0.0	0.0	5.223E-4	0.0	2.174E-4	7.494E-4	4.948E-4	2.447E-4	1.933E-4	2.799E-4	0.0016523	0.0	0.0	0.0	0.0	0.0	0.0	
jaeger sp.	0.0	0.0	0.0	0.0	0.0	0.0	0.0	0.0	0.0	0.0	0.0	0.0	0.0	0.0	0.0	0.0	0.0	0.0	0.0	0.0	0.0	0.0	0.0	0.0	0.0	0.0	0.0	0.0	0.0	0.0	0.0	0.0	0.0	0.0	0.0	0.0	0.0	0.0	0.0	3.867E-4	0.0	0.0	0.0	0.0	0.0	0.0	0.0	0.0	
Razorbill	0.0087161	0.0146386	0.0150544	0.0129807	0.0123144	0.0190416	0.0154923	0.0090146	0.0034562	0.0032249	0.0010291	3.483E-4	0.0	0.0	0.0	0.0	0.0	0.0	0.0	0.0	0.0	0.0	0.0	0.0	0.0	0.0	0.0	0.0	0.0	0.0	0.0	0.0	0.0	0.0	0.0	0.0	0.0	0.0	0.0	0.0	0.0	0.0	0.0	0.0	0.0	0.0	6.998E-4	0.0027617	
Dovekie	0.0	6.099E-4	0.0025091	0.0	0.0	0.0	0.0	0.0	0.0	0.0	0.0	0.0	0.0	0.0	0.0	0.0	0.0	0.0	0.0	0.0	0.0	0.0	0.0	0.0	0.0	0.0	0.0	0.0	0.0	0.0	0.0	0.0	0.0	0.0	0.0	0.0	0.0	0.0	0.0	0.0	0.0	0.0	3.193E-4	0.0	0.0	0.0	6.998E-4	0.0	
Thick-billed Murre	0.0	0.0036597	0.0036242	2.449E-4	0.0028975	0.0190416	0.0087456	0.0	2.88E-4	0.0	0.0	0.0	0.0	0.0	0.0	0.0	0.0	0.0	0.0	0.0	0.0	0.0	0.0	0.0	0.0	0.0	0.0	0.0	0.0	0.0	0.0	0.0	0.0	0.0	0.0	0.0	0.0	0.0	0.0	0.0	0.0	0.0	0.0	0.0	0.0	0.0	0.0015	0.0	
large alcid sp.	0.0	0.0	0.0	2.449E-4	7.244E-4	3.174E-4	0.0	0.0	0.0	0.0	0.0	0.0	0.0	0.0	0.0	0.0	0.0	0.0	0.0	0.0	0.0	0.0	0.0	0.0	0.0	0.0	0.0	0.0	0.0	0.0	0.0	0.0	0.0	0.0	0.0	0.0	0.0	0.0	0.0	0.0	0.0	0.0	0.0	0.0	0.0	0.0	0.0	0.0	
alcid sp.	2.356E-4	6.099E-4	2.788E-4	0.0	3.622E-4	3.174E-4	0.0	3.108E-4	0.0	0.0	0.0	0.0	0.0	0.0	0.0	0.0	0.0	0.0	0.0	0.0	0.0	0.0	0.0	0.0	0.0	0.0	0.0	0.0	0.0	0.0	0.0	0.0	0.0	0.0	0.0	0.0	0.0	0.0	0.0	0.0	0.0	0.0	0.0	0.0	0.0	0.0	0.0	2.762E-4	
Little Gull	0.0021201	0.0	0.0	0.0	0.0	0.0	0.0	0.0	0.0	0.0	0.0	0.0015	0.0	0.0	0.0	0.0	0.0	0.0	0.0	0.0	0.0035942	5.333E-4	0.0	0.0	0.0	0.0	5.882E-4	0.0	0.0	0.0	0.0	0.0	0.0	0.0	0.0	0.0	0.0	0.0	0.0	0.0	0.0	0.0	0.0	0.0	0.0	0.0	0.0	0.0	
Black-legged Kittiwake	0.0	0.0	0.0	0.0	0.0	0.0	0.0	0.0	0.0	0.0	0.0	0.0	0.0	0.0	0.0	0.0	0.0	0.0	0.0	0.0	0.0	0.0	0.0	0.0	0.0	0.0	0.0	0.0	0.0	0.0	0.0	0.0	0.0	0.0	0.0	0.0	0.0	0.0	0.0	0.0013534	5.598E-4	0.0	0.0	0.0	0.0	0.001568	0.0	0.0	
Sabine's Gull	0.0	0.0	0.0	0.0	0.0	0.0	0.0	0.0	0.0	0.0	0.0	0.0	0.0	0.0	0.0	0.0	0.0	0.0	0.0	0.0	0.0	0.0	0.0	5.155E-4	0.0	0.0	0.0	0.0	0.0	0.0	0.0	0.0	0.0	0.0	0.0	0.0	0.0	0.0	0.0	0.0	0.0	0.0	0.0	0.0	0.0	0.0	0.0	0.0	
Bonaparte's Gull	0.0336867	0.0225679	0.0178422	0.0173892	0.0126766	0.0038083	0.0027486	0.004041	0.0023041	0.0013437	0.0033445	0.0031343	0.0134242	0.0100612	0.0027416	0.002121	0.0046475	0.0045724	0.0035553	0.0020626	7.987E-4	5.333E-4	0.0	5.155E-4	0.0	0.0	0.0	4.047E-4	5.084E-4	0.0014514	4.2E-4	7.162E-4	8.621E-4	0.0	0.0	4.349E-4	9.993E-4	7.422E-4	4.894E-4	0.0081206	0.0047579	0.0072703	0.0063857	0.0108726	0.015219	0.0180321	0.0307908	0.0287213	
Black-headed Gull	0.0259128	0.0091491	0.0094787	0.0066128	0.0126766	0.0098381	0.0122439	0.0230028	0.0169931	0.0067186	0.0036017	0.0076615	2.131E-4	1.973E-4	5.141E-4	1.248E-4	1.328E-4	0.0	3.232E-4	1.875E-4	0.0	0.0	0.0	0.0	0.0	0.0	0.0	0.0	0.0	0.0	0.0	0.0	0.0	0.0	0.0	0.0	0.0	0.0	0.0	0.0	5.598E-4	6.609E-4	6.386E-4	0.0022303	0.0096511	0.0117601	0.0073478	0.0190555	
Gray-hooded Gull	0.0	0.0	0.0	0.0	0.0	0.0	0.0	0.0	0.0	0.0	0.0	0.0	0.0	0.0	0.0	0.0	0.0	0.0	0.0	0.0	0.0	0.0	0.0	0.0	0.0	0.0	0.0	0.0113314	0.0162684	0.0	0.0	0.0	0.0	0.0	0.0	0.0	0.0	0.0	0.0	0.0	0.0	0.0	0.0	0.0	0.0	0.0	0.0	0.0	
Chroicocephalus sp.	0.0	0.0	2.788E-4	0.0	0.0	0.0	0.0	0.0	0.0	0.0	0.0	0.0	0.0	0.0	0.0	0.0	0.0	0.0	0.0	0.0	0.0	0.0	0.0	0.0	0.0	0.0	0.0	0.0	0.0	0.0	0.0	0.0	0.0	0.0	0.0	0.0	0.0	0.0	0.0	0.0	0.0	0.0	0.0	0.0	0.0	0.0	0.0	0.0	
Laughing Gull	0.001649	0.0	0.0	0.0	3.622E-4	0.0	0.0	0.0	0.0	8.062E-4	0.0110625	0.0607696	0.1708928	0.3124877	0.3934202	0.4556457	0.4332758	0.4319527	0.3988365	0.4507782	0.4888179	0.4570667	0.4975669	0.5273196	0.5747354	0.6102757	0.6358824	0.6098745	0.6263345	0.5766812	0.5073499	0.403915	0.3304598	0.24889	0.2195938	0.2491846	0.2408194	0.2196932	0.1800832	0.195669	0.1628883	0.2038995	0.1190932	0.064678	0.0334076	0.0192082	0.0055983	0.0013808	
Franklin's Gull	0.0	0.0	0.0	0.0	0.0	0.0	0.0	0.0	0.0	0.0	0.0	0.0	0.0	0.0	0.0	0.0	0.0	0.0	0.0	0.0086255	3.994E-4	0.0	0.0	0.0	0.0	0.0	0.0	0.0	0.0	0.0	0.0	0.0	0.0	0.0	0.0015	0.0	0.0	0.0	0.0	0.0	0.0015	0.0013219	0.0	0.0	0.0	0.0	0.0	0.0	
Laughing/Franklin's Gull	0.0	0.0	0.0	0.0	0.0	0.0	0.0	0.0	0.0	0.0	0.0	0.0	0.0	0.0	0.0	0.0	0.0	0.0	0.0	0.0	0.0	0.0	0.0	0.0	0.0	0.0	0.0	0.0	0.0	0.0	0.0	0.0	0.0	0.0	0.0	0.0	0.0	0.0	0.0	0.0	0.0	3.305E-4	0.0	0.0	0.0	0.0	0.0	0.0	
Common Gull	7.067E-4	0.0027447	0.0013939	0.0039187	0.0010866	0.0050778	0.0037481	0.0037302	0.0020161	8.062E-4	0.0	0.0	0.0	9.864E-4	0.0	0.0	0.0	0.0	0.0	0.0	0.0	0.0	0.0	0.0	0.0	0.0	0.0	0.0	0.0	0.0	0.0	0.0	0.0	0.0	0.0	0.0	0.0	0.0	0.0	0.0	0.0	0.0	0.0	0.0	0.0	3.92E-4	0.0020994	0.0019332	
Short-billed Gull	0.0	0.0	0.003903	0.0031839	0.0014488	3.174E-4	2.499E-4	0.0	5.76E-4	5.375E-4	5.145E-4	1.741E-4	0.0	0.0	0.0	0.0	0.0	0.0	0.0	0.0	0.0	0.0	0.0	0.0	0.0	0.0	0.0	0.0	0.0	0.0	0.0	0.0	0.0	0.0	0.0	0.0	0.0	0.0	0.0	0.0	0.0	0.0	0.0	0.0	7.424E-4	7.84E-4	0.0010497	0.0093897	
Ring-billed Gull	0.6308598	0.6492833	0.6621132	0.6529513	0.6501268	0.5963186	0.5547226	0.6254274	0.6016705	0.5415211	0.5315153	0.4717047	0.4225442	0.3622016	0.2698766	0.2253275	0.1696986	0.1783217	0.166128	0.1903244	0.1888978	0.1637333	0.1739659	0.1448454	0.1587302	0.1961153	0.2376471	0.2828814	0.3589222	0.3101113	0.2973541	0.2702316	0.237069	0.2063202	0.2064516	0.2609263	0.2810392	0.2968827	0.289699	0.3447409	0.4035824	0.5082617	0.5079821	0.5642598	0.5705271	0.6052528	0.6287614	0.6371168	
Black-headed x Ring-billed Gull (hybrid)	2.356E-4	9.149E-4	0.0	0.0	0.0	0.0	0.0	0.0	0.0	0.0	0.0	0.0	0.0	0.0	0.0	0.0	0.0	0.0	0.0	0.0	0.0	0.0	0.0	0.0	0.0	0.0	0.0	0.0	0.0	0.0	0.0	0.0	0.0	0.0	0.0	0.0	0.0	0.0	0.0	0.0	0.0	0.0	0.0	0.0	0.0	0.0	0.0	8.285E-4	
American Herring Gull	0.5724382	0.5864593	0.6007806	0.5824149	0.5657371	0.519835	0.4790105	0.5517563	0.5181452	0.4791723	0.4638539	0.4314818	0.409333	0.4002762	0.33122	0.3181535	0.2830965	0.2868478	0.2803814	0.3438965	0.375	0.3589333	0.392944	0.4015464	0.4080688	0.4573935	0.4841176	0.4658033	0.4839858	0.4755685	0.4367913	0.3886369	0.3439655	0.2891094	0.2962963	0.3535551	0.35998	0.3629391	0.3542941	0.4097061	0.4354884	0.5353602	0.5284163	0.5681628	0.560876	0.5676205	0.5920224	0.5752555	
Great Black-backed Gull	0.3908127	0.410186	0.4159465	0.4019104	0.3777617	0.3208505	0.2833583	0.3130246	0.2926267	0.2480516	0.2503216	0.2375065	0.2017899	0.1714342	0.1202879	0.0990643	0.0897623	0.1027434	0.1199095	0.1985749	0.2388179	0.2309333	0.2402676	0.2252577	0.2440476	0.2807018	0.3182353	0.31121	0.3355363	0.3125302	0.2599748	0.2251134	0.1859195	0.137895	0.1271207	0.1626441	0.1741194	0.1679861	0.1521899	0.1927688	0.2104674	0.2894911	0.2717114	0.3320323	0.3207127	0.3375147	0.3824353	0.3822149	
Glaucous Gull	0.0063604	0.0076243	0.0052969	0.0102866	0.0079681	0.0041257	0.0034983	0.0015	0.0014401	0.0037624	0.0046308	0.001393	0.0038355	0.0019728	0.0013708	2.495E-4	9.295E-4	0.0	0.0	0.0	3.994E-4	5.333E-4	0.0	0.0	0.0	0.0	0.0	0.0	0.0	0.0	0.0	0.0	0.0	0.0	0.0	0.0	0.0	0.0	0.0	0.0	0.0	0.0	0.0	0.0	7.424E-4	7.84E-4	0.0076977	0.013256	
American Herring x Glaucous Gull (hybrid)	0.0	9.149E-4	5.576E-4	4.898E-4	0.0	3.174E-4	0.0	0.0012434	0.0	0.0	0.0	0.0	0.0	0.0	1.714E-4	0.0	0.0	0.0	0.0	0.0	0.0	0.0	0.0	0.0	0.0	0.0	0.0	0.0	0.0	0.0	0.0	0.0	0.0	0.0	0.0	0.0	0.0	0.0	0.0	0.0	0.0	0.0	0.0	0.0	0.0	0.0	0.0	0.0	
Lesser Black-backed Gull	0.019788	0.0158585	0.0161695	0.012001	0.0119522	0.0098381	0.0062469	0.0096363	0.0037442	0.0051062	0.0033445	0.0050496	0.0044747	0.0027619	0.0022276	0.0017467	0.0023901	6.724E-4	0.0014544	0.0011251	0.0023962	0.0016	6.083E-4	0.0025773	0.0039683	0.0025063	0.0017647	0.0060704	0.0122013	0.0014514	0.00126	0.0021485	0.0014368	0.001567	9.558E-4	0.0032616	0.0054959	0.0059377	0.0026915	0.0052204	0.0083963	0.0148711	0.0063857	0.0094787	0.0111359	0.0121521	0.0045486	0.01657	
American Herring x Lesser Black-backed Gull (hybrid)	0.0	9.149E-4	0.0	0.0	0.0	0.0	0.0	0.0	0.0	0.0	0.0	0.0	0.0	0.0	0.0	0.0	0.0	0.0	0.0	0.0	0.0	0.0	0.0	0.0	0.0	0.0	0.0	0.0	0.0	0.0	0.0	0.0	0.0	0.0	0.0	0.0	0.0	0.0	0.0	0.0	0.0	0.0	0.0	0.0	0.0015	3.92E-4	0.0	2.762E-4	
Herring complex/Lesser Black-backed Gull	0.0	3.05E-4	0.0	0.0	0.0	0.0	0.0	0.0	0.0	0.0	0.0	0.0	0.0	0.0	0.0	0.0	0.0	0.0	0.0	0.0	0.0	0.0	0.0	0.0	0.0	0.0	0.0	0.0	0.0	0.0	0.0	0.0	0.0	0.0	0.0	0.0	0.0	0.0	0.0	0.0	0.0	0.0	0.0	0.0	0.0	0.0	0.0	2.762E-4	
California Gull	0.0	0.0	2.788E-4	0.0	0.0	0.0	0.0	0.0	0.0	0.0	0.0	0.0	0.0	0.0	0.0	0.0	0.0	0.0	0.0	0.0	0.0	0.0	0.0	0.0	0.0	0.0	0.0	0.0	0.0	0.0	0.0	0.0	0.0	0.0	0.0	0.0	0.0	0.0	0.0	0.0	0.0	0.0	0.0	0.0	0.0	0.0	0.0	0.0	
Iceland Gull	0.0171967	0.0219579	0.025927	0.023757	0.0137631	0.0152333	0.0114943	0.0146099	0.0031682	0.0029562	0.006689	0.0074874	0.0049009	0.0043401	0.0017135	4.991E-4	3.984E-4	0.0010758	0.0012928	0.0013126	0.0011981	5.333E-4	6.083E-4	5.155E-4	0.0	6.266E-4	0.0	0.0	0.0	0.0	0.0	0.0	0.0	0.0	0.0	0.0	0.0	0.0	0.0	0.0	0.0	0.0	0.0012771	0.0050181	0.0048255	0.0082321	0.0220434	0.0160177	
white-winged gull sp.	0.0	0.0	0.0	0.0	0.0	0.0	0.0	0.0	0.0	0.0	0.0	1.741E-4	2.131E-4	1.973E-4	0.0	0.0	0.0	0.0	0.0	0.0	0.0	0.0	0.0	0.0	0.0	0.0	0.0	0.0	0.0	0.0	0.0	0.0	0.0	0.0	0.0	0.0	0.0	0.0	0.0	0.0	0.0	0.0	0.0	0.0	0.0	0.0	0.0	0.0	
Larus sp.	0.0221437	0.0231778	0.0203513	0.0289003	0.0235422	0.020311	0.015992	0.0258004	0.0256336	0.0306369	0.0203242	0.0233328	0.0193906	0.0171631	0.0133653	0.0089832	0.0082326	0.007262	0.0069489	0.0088131	0.0119808	0.0042667	0.0048662	0.0113402	0.0085979	0.0093985	0.0164706	0.0113314	0.0111845	0.0087083	0.0109198	0.0105037	0.0066092	0.0086184	0.0095579	0.0110894	0.007994	0.0086591	0.0127233	0.0143078	0.020431	0.02115	0.0287356	0.028436	0.0319228	0.0313603	0.0269419	0.0386634	
gull sp.	0.0421673	0.0365965	0.0448843	0.04482	0.0434625	0.0453824	0.0509745	0.0416537	0.0423387	0.0429992	0.0375611	0.0433571	0.0349457	0.0398501	0.0327279	0.0266999	0.0227061	0.0217859	0.0192308	0.0183761	0.0231629	0.0282667	0.0170316	0.0242268	0.0284392	0.0294486	0.0229412	0.0299474	0.0289781	0.0309627	0.0306594	0.0298401	0.0356322	0.0295116	0.0346476	0.0384866	0.0392206	0.0415636	0.0403719	0.0448569	0.050098	0.0690681	0.0584291	0.0669083	0.0612472	0.0482164	0.0458362	0.0544049	
Black Skimmer	0.003298	0.0018298	2.788E-4	0.0	0.0	0.0	0.0	0.0	0.0	0.0	0.0	0.0	0.0	0.0	3.427E-4	0.0033687	0.0094277	0.020979	0.0339367	0.0601913	0.0467252	0.0501333	0.0565693	0.0824742	0.1137566	0.1510025	0.1905882	0.1732092	0.1677682	0.1528786	0.1075178	0.0658868	0.0298851	0.0188039	0.0102748	0.0119591	0.0192356	0.0158337	0.0110105	0.0185615	0.0207109	0.0284204	0.0124521	0.0147756	0.0033408	0.004312	0.0017495	0.0022093	
Sooty Tern	0.0	0.0	0.0	0.0	0.0	0.0	0.0	0.0	0.0	0.0	0.0	0.0	0.0	0.0	0.0	0.0	0.0	0.0	0.0	0.0	0.0	0.0	0.0	0.0	0.0	0.0	0.0	0.0	0.0015252	0.0	0.0	2.387E-4	0.0	0.0	0.0	0.0	0.0	0.0	0.0	0.0	0.0	0.0	0.0	0.0	0.0	0.0	0.0	0.0	
Bridled Tern	0.0	0.0	0.0	0.0	0.0	0.0	0.0	0.0	0.0	0.0	0.0	0.0	0.0	0.0	0.0	0.0	0.0	0.0	0.0	0.0	0.0	0.0	0.0	0.0	0.0	0.0	0.0	0.0	0.0	0.0	0.0	7.162E-4	0.0	0.0	0.0	0.0	0.0	0.0	0.0	0.0	0.0	0.0	0.0	0.0	0.0	0.0	0.0	0.0	
Least Tern	0.0	0.0	0.0	0.0	0.0	0.0	0.0	0.0	0.0	0.0	0.0	0.0	0.0	0.0	0.0	1.248E-4	0.0055769	0.0267617	0.0515514	0.1213201	0.1477636	0.1349333	0.149635	0.1561856	0.1884921	0.2180451	0.2411765	0.1950627	0.1743772	0.1427189	0.0911382	0.0436858	0.0066092	2.612E-4	2.389E-4	0.0	0.0	0.0	0.0	0.0	0.0	0.0	0.0	0.0	0.0	0.0	0.0	0.0	
Gull-billed Tern	0.0	0.0	0.0	0.0	0.0	0.0	0.0	0.0	0.0	0.0	0.0	0.0	0.0	0.0	0.0	1.248E-4	2.656E-4	1.345E-4	3.232E-4	9.376E-4	0.0011981	0.0010667	0.006691	0.0036082	0.0033069	0.0056391	0.0064706	0.0109268	0.0218607	0.0145138	0.0050399	7.162E-4	2.874E-4	0.0	7.168E-4	0.0	0.0	0.0	0.0	0.0	0.0	0.0	0.0	0.0	0.0	0.0	0.0	0.0	
Caspian Tern	0.0	0.0	0.0	0.0	0.0	0.0	0.0	0.0	2.88E-4	0.0	0.0	0.0	0.0	0.0	1.714E-4	0.0043668	0.0042491	8.069E-4	9.696E-4	3.75E-4	0.0019968	0.0010667	0.0012165	0.0010309	6.614E-4	0.0031328	0.0052941	0.0016188	0.0050839	0.0091921	0.0062999	0.0112199	0.0123563	0.0054845	0.0040621	0.005436	0.0069948	0.0029688	2.447E-4	5.8E-4	0.0	0.0	0.0	0.0	0.0	0.0	0.0	0.0	
Black Tern	0.0	0.0	0.0	0.0	0.0	0.0	0.0	0.0	0.0	0.0	0.0	0.0	0.0	0.0	0.0	0.0	1.328E-4	0.0	1.616E-4	0.0	0.0	0.0	0.0	0.0	0.0	0.0	0.0	4.047E-4	0.0061007	4.838E-4	0.0021	0.0047744	0.0020115	7.835E-4	9.558E-4	2.174E-4	7.494E-4	4.948E-4	0.0	0.0	0.0	0.0	0.0	0.0	0.0	0.0	0.0	0.0	
Forster's Tern	0.0	0.0	0.0	0.0	0.0	0.0	0.0	0.0	0.0	0.0	0.0	0.0	8.523E-4	0.0215033	0.0428376	0.0496569	0.049927	0.070737	0.0887201	0.1320083	0.1573482	0.1232	0.1605839	0.1515464	0.1666667	0.1917293	0.1811765	0.1533792	0.1398068	0.1248186	0.102478	0.0761518	0.045977	0.0363019	0.0255675	0.0454447	0.0544592	0.0440376	0.0210423	0.0419567	0.0123146	0.0181758	0.0025543	0.0011151	0.0	0.0	0.0	0.0	
Arctic Tern	0.0	0.0	0.0	0.0	0.0	0.0	0.0	0.0	0.0	0.0	0.0	0.0	0.0	0.0	0.0	0.0	0.0	0.0	0.0021008	0.0	0.0	0.0	0.0	0.0	0.0	0.0	0.0	0.0	0.0	0.0	0.0	0.0	0.0	0.0	0.0	0.0	0.0	0.0	0.0	0.0	0.0	0.0	0.0	0.0	0.0	0.0	0.0	0.0	
Common Tern	0.0	0.0	0.0	0.0	0.0	0.0	0.0	0.0	0.0	0.0	0.0	0.0	0.0	3.946E-4	3.427E-4	0.0018715	0.0215111	0.0555406	0.0900129	0.1543221	0.1709265	0.1637333	0.2037713	0.2515464	0.2731481	0.2988722	0.3541176	0.3626062	0.3584138	0.3159168	0.2528349	0.1816663	0.1057471	0.0436145	0.0255675	0.021309	0.0117412	0.0081643	0.0024468	0.0029002	0.0013994	3.305E-4	0.0	2.788E-4	0.0	0.0	0.0	0.0	
Forster's/Common Tern	0.0	0.0	0.0	0.0	0.0	0.0	0.0	0.0	0.0	0.0	0.0	0.0	0.0	1.973E-4	5.141E-4	0.0018715	0.001859	0.0018827	0.0050097	0.0082505	0.0159744	0.0117333	0.0103406	0.0103093	0.0165344	0.0119048	0.0211765	0.0157831	0.0127097	0.0130624	0.0088198	0.0054906	0.0057471	0.0026116	0.0021505	0.0032616	0.0024981	0.002474	9.787E-4	5.8E-4	2.799E-4	0.0	0.0	0.0	0.0	0.0	0.0	0.0	
Common/Arctic Tern	0.0	0.0	0.0	0.0	0.0	0.0	0.0	0.0	0.0	0.0	0.0	0.0	0.0	0.0	0.0	0.0	0.0	0.0	0.0	1.875E-4	0.0	0.0	0.0	0.0	0.0	0.0	0.0	0.0	0.0	0.0	0.0	0.0	0.0	0.0	0.0	0.0	0.0	0.0	0.0	1.933E-4	0.0	0.0	0.0	0.0	0.0	0.0	0.0	0.0	
Roseate Tern	0.0	0.0	0.0	0.0	0.0	0.0	0.0	0.0	0.0	0.0	0.0	0.0	0.0	0.0	0.0	0.0	0.0	1.345E-4	4.848E-4	5.625E-4	0.0	0.0	0.0	5.155E-4	0.0019841	0.0	0.0	0.0012141	5.084E-4	4.838E-4	0.0	4.774E-4	2.874E-4	5.223E-4	0.0	0.0	0.0	0.0	0.0	0.0	0.0	0.0	0.0	0.0	0.0	0.0	0.0	0.0	
Sterna sp.	0.0	0.0	0.0	0.0	0.0	0.0	0.0	0.0	0.0	0.0	0.0	0.0	0.0	3.946E-4	0.0	3.743E-4	0.0021246	0.003631	0.0067873	0.0108757	0.0119808	0.0096	0.0164234	0.0164948	0.0178571	0.0137845	0.0188235	0.0169972	0.0142349	0.0125786	0.0109198	0.0116973	0.008046	0.0060068	0.0043011	0.0028267	0.0054959	4.948E-4	2.447E-4	9.667E-4	2.799E-4	0.0013219	0.0	0.0	0.0	0.0	0.0	0.0	
Sandwich Tern	0.0	0.0	0.0	0.0	0.0	0.0	0.0	0.0	0.0	0.0	0.0	0.0	0.0	0.0	0.0	0.0	0.0	0.0	0.0	0.0	3.994E-4	0.0	0.0	0.0	0.0	0.0	0.0	0.0	5.084E-4	0.0	0.0	2.387E-4	0.0	0.0	0.0	0.0	0.0	0.0	0.0	0.0	0.0	0.0	0.0	0.0	0.0	0.0	0.0	0.0	
Royal Tern	0.0	0.0	0.0	0.0	0.0	0.0	0.0	0.0	0.0	0.0	0.0	0.0	0.0	0.0	0.0	0.0	0.0	1.345E-4	6.464E-4	9.376E-4	0.0019968	0.0026667	0.0030414	0.0051546	0.0066138	0.0056391	0.0135294	0.0113314	0.024911	0.04209	0.0340193	0.046073	0.0359195	0.0229825	0.0169654	0.0376169	0.0472146	0.0519545	0.0252019	0.0400232	0.0151134	0.0168539	0.0047893	0.0036242	0.0	0.0	0.0	0.0	
large tern sp.	0.0	0.0	0.0	0.0	0.0	0.0	0.0	0.0	0.0	0.0	0.0	0.0	0.0	0.0	0.0	0.0	0.0	1.345E-4	1.616E-4	1.875E-4	0.0	0.0	0.0	0.0	0.0	0.0	5.882E-4	0.0	0.0	0.0	8.4E-4	0.0	0.0	5.223E-4	0.0	2.174E-4	4.996E-4	2.474E-4	0.0	0.0	0.0	0.0	0.0	0.0	0.0	0.0	0.0	0.0	
tern sp.	0.0	0.0	0.0	0.0	0.0	0.0	0.0	0.0	0.0	0.0	0.0	0.0	0.0	1.973E-4	5.141E-4	8.734E-4	0.0022573	0.0016138	0.0027473	0.0018751	0.0019968	0.0010667	0.0012165	0.0046392	0.005291	0.004386	0.0017647	0.0080939	0.0071174	0.0043541	0.0029399	0.0033421	0.0017241	0.0018282	0.0021505	0.0021744	0.0017487	7.422E-4	9.787E-4	7.734E-4	0.0011195	9.914E-4	0.0	0.0	0.0	0.0	0.0	0.0	
gull/tern sp.	0.0	0.0	0.0	0.0	0.0	0.0	0.0	0.0	0.0	0.0	0.0	0.0	0.0	0.0	0.0	0.0	2.656E-4	0.0	3.232E-4	0.0	3.994E-4	0.0	0.0012165	0.0	0.0013228	0.0012531	5.882E-4	0.0012141	0.0	4.838E-4	0.0	2.387E-4	8.621E-4	0.0	2.389E-4	6.523E-4	7.494E-4	2.474E-4	0.0	5.8E-4	2.799E-4	9.914E-4	0.0	0.0	0.0	0.0	0.0	0.0	
Pied-billed Grebe	0.0760895	0.0606892	0.05046	0.0531472	0.0572256	0.0590289	0.0557221	0.0699409	0.0800691	0.0830422	0.0944173	0.1147484	0.1235883	0.0905504	0.0263879	0.0173425	0.0042491	0.0021517	0.0011312	3.75E-4	7.987E-4	0.0	0.0015	0.0015	0.0	0.0	0.0	8.094E-4	0.0025419	4.838E-4	0.0033599	0.004297	0.0149425	0.0216767	0.0193548	0.0367471	0.0262303	0.0311727	0.0291167	0.0738592	0.1041142	0.0998017	0.1056833	0.0928352	0.1158129	0.1046648	0.0874738	0.0648992	
Horned Grebe	0.0534747	0.0625191	0.10092	0.1058046	0.1097428	0.0999683	0.1169415	0.1050668	0.1103111	0.0908358	0.0946746	0.0858436	0.0677605	0.0380746	0.0125086	0.0038677	0.0017262	6.724E-4	1.616E-4	1.875E-4	3.994E-4	0.0	0.0	0.0015	0.0	0.0	0.0	0.0	0.0	0.0	0.0	0.0	0.0	2.612E-4	0.0	0.0	0.0	7.422E-4	0.0017127	0.007734	0.0103554	0.0155321	0.0143678	0.0231391	0.0300668	0.0364563	0.0615815	0.0488815	
Red-necked Grebe	0.0075383	0.010064	0.0086423	0.0095518	0.0130388	0.0057125	0.009995	0.0052844	0.016129	0.0107498	0.0159506	0.0200244	0.0185382	0.0084829	0.0022276	0.0012477	5.311E-4	5.379E-4	6.464E-4	0.0	0.0	0.0	0.0	0.0	0.0	0.0	0.0	0.0	0.0	0.0	0.0	0.0	0.0015	0.0	0.0	0.0	0.0	0.0017318	0.0	5.8E-4	5.598E-4	0.0016523	0.0015964	0.0058545	0.0029696	0.00392	0.0087474	0.004971	
Eared Grebe	2.356E-4	0.0	0.0027878	0.0061229	0.0014488	0.0015868	0.0052474	9.325E-4	0.0060484	0.0013437	0.0010291	0.0	0.0	0.0	0.0	0.0	0.0	0.0	0.0	0.0	0.0	0.0	0.0	0.0	0.0	0.0	0.0	0.0	0.0	0.0	0.0	0.0	0.0	0.001567	0.0	6.523E-4	2.498E-4	2.474E-4	0.0	3.867E-4	0.0015	0.0015	3.193E-4	0.0015	0.0	0.0	0.0	0.0	
Western Grebe	0.0	0.0	5.576E-4	0.0	0.0	0.0	2.499E-4	0.0	0.0	0.0	0.0	0.0	0.0	0.0	0.0	0.0	0.0	0.0034965	0.0	0.0	0.0	0.0	0.0	0.0	0.0	0.0	0.0	0.0	0.0	0.0	0.0	0.0	0.0	0.0	0.0	0.0	0.0	0.0	0.0	0.0	0.0	0.0	0.0	0.0	0.0	0.0	0.0	0.0	
grebe sp.	0.0	0.0	0.0	2.449E-4	3.622E-4	0.0	0.0	0.0	2.88E-4	2.687E-4	2.573E-4	1.741E-4	2.131E-4	0.0	0.0	0.0	0.0	0.0	0.0	0.0	0.0	0.0	0.0	0.0	0.0	0.0	0.0	0.0	0.0	0.0	0.0	0.0	0.0	0.0	0.0	0.0	0.0	2.474E-4	0.0	1.933E-4	0.0	0.0	0.0	0.0	0.0	0.0	0.0	0.0	
Red-billed Tropicbird	0.0	0.0	0.0	0.0	0.0	0.0	0.0	0.0	0.0	0.0	0.0	0.0	0.0	0.0	0.0	0.0	0.0	0.0	0.0	0.0	0.0	0.0015	0.0	0.0	0.0	0.0	0.0	0.0	0.0	0.0	0.0	0.0	0.0	0.0	0.0	0.0	0.0	0.0	0.0	0.0	0.0	0.0	0.0	0.0	0.0	0.0	0.0	0.0	
tropicbird sp.	0.0	0.0	0.0	0.0	0.0	0.0	0.0	0.0	0.0	0.0	0.0	0.0	0.0	0.0	0.0	0.0	0.0	0.0	0.0	0.0	0.0	0.0	0.0	0.0	0.0	0.0	0.0	0.0	0.0	0.0	0.0	0.0	0.0	0.0	0.0	0.0	0.0	0.0	0.0	1.933E-4	0.0	0.0	0.0	0.0	0.0	0.0	0.0	0.0	
Red-throated Loon	0.0796231	0.0939311	0.1176471	0.1102131	0.1300254	0.1075849	0.0932034	0.0997824	0.0996544	0.0951357	0.0959609	0.098903	0.1088856	0.0798974	0.0536326	0.0628821	0.034524	0.0326789	0.0193924	0.007688	0.0047923	0.0016	0.0024331	0.0	0.0	0.0	0.0	8.094E-4	0.0	0.0	0.0	0.0	0.0	0.0	0.0	0.0	0.0	0.001237	0.0014681	0.0108275	0.0198713	0.0449438	0.0453384	0.0579872	0.0553081	0.0505684	0.0650805	0.0809169	
Pacific Loon	0.0	0.0	0.0100362	0.0063679	0.0	0.0	0.0	0.0	0.0	0.0	0.0	0.0	0.0	0.0	0.0	0.0	0.0	0.0	0.0	0.0	0.0	0.0	0.0	0.0	0.0	0.0	0.0	0.0	0.0	0.0	0.0	0.0	0.0	0.0	0.0	0.0	0.0	0.0	0.0	0.0	0.0	0.0	0.0	0.0	0.0	0.0015	0.0	0.0	
Common Loon	0.1484099	0.1601098	0.1923613	0.164095	0.1510322	0.1377341	0.1161919	0.1230961	0.094182	0.0911045	0.0995626	0.1107435	0.1007884	0.0862103	0.0586018	0.046413	0.0471385	0.0367133	0.0286037	0.0225014	0.0115815	0.008	0.006691	0.0082474	0.0152116	0.0150376	0.0170588	0.0105221	0.0172852	0.0145138	0.0142797	0.005968	0.0048851	0.0039175	0.0021505	0.0084801	0.0144891	0.0131123	0.0102765	0.0266821	0.0478589	0.0902181	0.0970626	0.133259	0.1250928	0.127009	0.1441568	0.1369787	
loon sp.	0.0011779	0.0039646	0.0027878	0.0044085	0.0047084	0.0041257	0.0017491	0.0024868	0.0028802	0.0018812	0.0010291	0.0012189	0.0017047	0.0019728	0.0010281	7.486E-4	0.0011951	4.034E-4	3.232E-4	0.0	0.0	0.0	0.0	0.0	0.0	0.0	0.0	8.094E-4	0.0	0.0	0.0	0.0	0.0	0.0	4.779E-4	0.0	4.996E-4	7.422E-4	4.894E-4	0.0023202	0.0019591	0.0036352	0.0025543	0.0044606	0.0048255	7.84E-4	0.0020994	0.0030378	
Wilson's Storm-Petrel	0.0	0.0	0.0	0.0	0.0	0.0	0.0	0.0	0.0	0.0	0.0	0.0	0.0	0.0	0.0	0.0	0.0	0.0	0.0	0.0	0.0019968	5.333E-4	0.0	0.0015	6.614E-4	0.0018797	5.882E-4	4.047E-4	0.0061007	0.0014514	0.0015	7.162E-4	2.874E-4	0.0	0.0	0.0	2.498E-4	0.0	0.0	3.867E-4	0.0	0.0	0.0	0.0	0.0	0.0	0.0	0.0	
Leach's Storm-Petrel	0.0	0.0	0.0	0.0	0.0	0.0	0.0	0.0	0.0	0.0	0.0	0.0	0.0	0.0	0.0	0.0	0.0	0.0	0.0	0.0	0.0	0.0	0.0	0.0	0.0	0.0	0.0	0.0	0.0	0.0	0.0	2.387E-4	0.0	0.0	0.0	0.0	0.0	0.0	0.0	1.933E-4	0.0	0.0	0.0	0.0	0.0	0.0	0.0	0.0	
storm-petrel sp. (white-rumped)	0.0	0.0	0.0	0.0	0.0	0.0	0.0	0.0	0.0	0.0	0.0	0.0	0.0	0.0	0.0	0.0	0.0	0.0	0.0	0.0	0.0	0.0	0.0	0.0	0.0	0.0	0.0	0.0	5.084E-4	0.0	0.0	2.387E-4	0.0	0.0	0.0	0.0	0.0	0.0	0.0	0.0	0.0	0.0	0.0	0.0	0.0	0.0	0.0	0.0	
storm-petrel sp.	0.0	0.0	0.0	0.0	0.0	0.0	0.0	0.0	0.0	0.0	0.0	0.0	0.0	0.0	0.0	0.0	0.0	0.0	0.0	0.0	0.0	0.0	0.0	0.0	0.0	0.0	0.0	0.0	0.0	0.0	0.0	2.387E-4	0.0	0.0	0.0	0.0	2.498E-4	0.0	0.0	1.933E-4	0.0	0.0	0.0	0.0	0.0	0.0	0.0	0.0	
Cory's/Scopoli's Shearwater	0.0	0.0	0.0	0.0	0.0	0.0	0.0	0.0	0.0	0.0	0.0	0.0	0.0	0.0	0.0	0.0	0.0	0.0	0.0	0.0	0.0	0.0	0.0	0.0	0.0	0.0	0.0	0.0	0.0	0.0	0.0	0.0	0.0	0.0	0.0	0.0	0.0	0.0	0.0	3.867E-4	0.0	0.0	0.0	0.0	0.0	0.0	0.0	0.0	
Great Shearwater	0.0	0.0	0.0	0.0	0.0	0.0	0.0	0.0	0.0	0.0	0.0	0.0	0.0	0.0	0.0	0.0	0.0	0.0	0.0	0.0	0.0	0.0	0.0	0.0	0.0	0.0	0.0	0.0	0.0	0.0	0.0	2.387E-4	0.0	0.0	0.0	0.0	0.0	0.0	0.0	0.0	0.0	0.0	0.0	0.0	0.0	0.0	0.0	0.0	
small shearwater sp.	0.0	0.0	0.0	0.0	0.0	0.0	0.0	0.0	0.0	0.0	0.0	0.0	0.0	0.0	0.0	0.0	0.0	0.0	0.0	0.0	0.0	0.0	0.0	0.0	0.0	0.0	0.0	0.0	5.084E-4	0.0	0.0	0.0	0.0	0.0	0.0	0.0	0.0	0.0	0.0	0.0	0.0	0.0	0.0	0.0	0.0	0.0	0.0	0.0	
shearwater sp.	0.0	0.0	0.0	0.0	0.0	0.0	0.0	0.0	0.0	0.0	0.0	0.0	0.0	0.0	0.0	0.0	0.0	0.0	0.0	0.0	0.0	0.0	0.0	0.0	0.0	0.0	0.0	0.0	0.0	0.0	0.0	0.0	0.0	0.0	0.0	0.0	0.0	0.0	0.0	3.867E-4	0.0	0.0	0.0	0.0	0.0	0.0	0.0	0.0	
Northern Gannet	0.023086	0.0253126	0.0203513	0.0097967	0.0025353	0.0120597	0.0094953	0.0121231	0.0063364	0.0118248	0.0141497	0.0327355	0.0347326	0.0246597	0.0087389	0.0014972	7.967E-4	6.724E-4	4.848E-4	1.875E-4	0.0	0.0	0.0	0.0	0.0	0.0	0.0	0.0	0.0	0.0	0.0	0.0	0.0	0.0	0.0	0.0	7.494E-4	2.474E-4	7.34E-4	0.0075406	0.0120347	0.0214805	0.0098978	0.0144968	0.0233853	0.0121521	0.0160952	0.0179508	
Brown Booby	0.0	0.0	0.0	0.0	0.0	0.0	0.0	0.0	0.0	0.0	0.0	0.0	0.0	0.0	0.0	0.0	0.0	0.0	0.0	0.0	0.0	0.0	0.0	5.155E-4	0.0	0.0	0.0	0.0	0.0015	0.0	0.0	0.0	0.0	0.0	0.0	0.0	2.498E-4	0.0	2.447E-4	1.933E-4	0.0	0.0	3.193E-4	2.788E-4	0.0	0.0	0.0	0.0	
sulid sp.	0.0	0.0	0.0	0.0	0.0	0.0	0.0	0.0	0.0	0.0	0.0	0.0	0.0	0.0	0.0	0.0	0.0	0.0	0.0	0.0	0.0	0.0	0.0	0.0	0.0	0.0	0.0	0.0	0.0	0.0	0.0	0.0	0.0	0.0	0.0	0.0	0.0	2.474E-4	0.0	0.0	0.0	3.305E-4	0.0	0.0	0.0	0.0	0.0	0.0	
Anhinga	0.0	0.0	0.0	0.0	0.0	0.0	0.0	0.0	0.0	0.0	0.0	0.0	0.0	0.0	0.0	0.0249532	0.0080999	0.0044379	0.0	0.0	0.0	0.0	0.0	0.0	0.0	0.0	0.0	0.0	0.0	0.0	0.0	0.0	0.0	0.0	0.0	0.0	0.0	0.0	0.0	0.0	0.0	0.0	0.0	0.0	0.0	0.0	0.0	0.0	
Great Cormorant	0.0501767	0.0512351	0.0585447	0.0563311	0.0608475	0.0523643	0.03998	0.0497358	0.0506912	0.0416555	0.0383329	0.0316908	0.0147027	0.007102	0.0020562	3.743E-4	2.656E-4	5.379E-4	1.616E-4	0.0	0.0	5.333E-4	0.0	0.0	0.0013228	0.0	0.0	0.0	0.0	0.0	4.2E-4	0.0	0.0	0.0057456	0.0095579	0.0147858	0.0104921	0.0267194	0.0154147	0.0297757	0.0282676	0.0389954	0.0354406	0.0493449	0.047513	0.0442964	0.0661302	0.0516432	
Double-crested Cormorant	0.2108363	0.2354376	0.2138277	0.1978937	0.1966679	0.1789908	0.153923	0.1610196	0.1578341	0.1574845	0.1960381	0.2693714	0.3198381	0.4052081	0.3983893	0.4078603	0.3396627	0.334723	0.312702	0.3873992	0.4041534	0.3941333	0.4324818	0.4407216	0.4358466	0.4636591	0.4858824	0.466208	0.4839858	0.4697629	0.4216716	0.3747911	0.3497126	0.3060851	0.3127838	0.3409437	0.3502373	0.3485898	0.3498899	0.3706497	0.3411699	0.3896233	0.3221584	0.2902147	0.249072	0.2261858	0.2361791	0.1861364	
Great/Double-crested Cormorant	2.356E-4	0.0012199	8.364E-4	2.449E-4	7.244E-4	6.347E-4	0.0	3.108E-4	0.0011521	8.062E-4	0.0010291	3.483E-4	6.392E-4	3.946E-4	1.714E-4	0.0	0.0	0.0	0.0	0.0	0.0	0.0	0.0	0.0	0.0	0.0	0.0	0.0	0.0	0.0	0.0	0.0	0.0	0.0	0.0	4.349E-4	7.494E-4	9.896E-4	2.447E-4	7.734E-4	2.799E-4	0.0013219	0.0019157	8.364E-4	0.0029696	0.001568	0.0010497	2.762E-4	
Neotropic Cormorant	0.0	0.0	0.0	0.0	0.0	0.0	0.0	0.0	0.0	0.0	0.0	0.0	0.0	0.0	0.0	0.0	0.0	0.0	0.0	0.0	0.0	0.0	0.0	5.155E-4	0.0	0.0	0.0	0.0	0.0	0.0	0.0	0.0	0.0	0.0	0.0	0.0	0.0	0.0	0.0	0.0	0.0	0.0	0.0	0.0	0.0	0.0	0.0	0.0	
cormorant sp.	0.009894	0.0076243	0.0066908	0.0097967	0.0068816	0.0095208	0.0042479	0.0049736	0.0060484	0.0051062	0.0054026	0.0064426	0.0053271	0.0059183	0.0018849	0.0014972	0.0010623	5.379E-4	0.0019392	7.5E-4	3.994E-4	0.0010667	0.0	0.0010309	0.0	6.266E-4	5.882E-4	0.0	0.0	0.0	0.0	0.0	0.0	7.835E-4	9.558E-4	4.349E-4	0.0019985	9.896E-4	0.0031808	0.0040603	0.0041982	0.0095836	0.0057471	0.0083635	0.0074239	0.003528	0.0094472	0.0104943	
White Ibis	0.0	0.0	0.0	0.0	0.0	0.0	0.0	0.0	0.0	0.0	0.0	0.0	0.0	1.973E-4	0.0	0.0	0.0	0.0	0.0	0.0	0.0	0.0	0.0	0.0	0.0	0.0	5.882E-4	0.0	0.0010168	0.0	0.0	0.0	0.0	0.0	0.0	0.0	0.0	2.474E-4	0.0	0.0	0.0	0.0	0.0	0.0	0.0	0.0	0.0	0.0	
Glossy Ibis	0.0	0.0	0.0	0.0	0.0	0.0	0.0	0.0	0.0	0.0	0.0	6.965E-4	0.0017047	0.0100612	0.0082248	0.011728	0.0131457	0.0188273	0.02117	0.0410651	0.0467252	0.0453333	0.0620438	0.0443299	0.0277778	0.0482456	0.0470588	0.029138	0.0305033	0.0174165	0.0050399	0.0031034	0.0014368	0.0010447	4.779E-4	2.174E-4	2.498E-4	2.474E-4	0.0	1.933E-4	0.0	0.0	0.0	0.0	0.0	0.0	0.0	0.0	
White-faced Ibis	0.0	0.0	0.0	0.0	0.0	0.0	0.0	0.0	0.0	0.0	0.0	0.0	0.0	0.0	0.0	1.248E-4	0.0	0.0015	0.0	0.0015	7.987E-4	5.333E-4	0.0015	0.0	0.0	0.0	0.0	0.0	0.0	0.0	0.0	0.0	0.0015	0.0	0.0	0.0	0.0	0.0	0.0	0.0	0.0	0.0	0.0	0.0	0.0	0.0	0.0	0.0	
Glossy/White-faced Ibis	0.0	0.0	0.0	0.0	0.0	0.0	0.0	0.0	0.0	0.0	0.0	1.741E-4	0.0	0.0	0.0	0.0	0.0	1.345E-4	1.616E-4	0.0	0.0	0.0	0.0	0.0	0.0	6.266E-4	0.0	4.047E-4	5.084E-4	0.0	0.0	0.0	0.0	0.0	0.0	0.0	0.0	0.0	0.0	0.0	0.0	0.0	0.0	0.0	0.0	0.0	0.0	0.0	
American Bittern	0.0	3.05E-4	0.0	4.898E-4	3.622E-4	0.0	0.0	0.0	0.0	0.0	0.0	0.0034825	0.0161943	0.0047347	0.0049692	0.0144729	6.639E-4	5.379E-4	4.848E-4	0.0	0.0	0.0	0.0	5.155E-4	0.0	0.0	5.882E-4	0.0	0.0	0.0	0.0	0.0	0.0	7.835E-4	9.558E-4	0.0010872	7.494E-4	0.0044532	0.0124786	0.0036736	0.0120347	0.0016523	0.0019157	0.0013939	0.0	0.0015	0.0017495	2.762E-4	
Least Bittern	0.0	0.0	0.0	0.0	0.0	0.0	0.0	0.0	0.0	0.0	0.0	0.0	0.0	0.0169659	0.006854	0.0262009	0.0022573	0.0010758	0.0098578	1.875E-4	0.0023962	0.0	0.0012165	0.0139175	0.0019841	6.266E-4	0.0029412	0.0012141	5.084E-4	0.0	0.0	0.0	0.0	0.0	0.0	0.0023918	0.0	0.0	0.0	0.0	0.0	0.0	0.0	0.0	0.0	0.0	0.0	0.0	
Yellow-crowned Night Heron	0.0	0.0	0.0	0.0	0.0	0.0	0.0	0.0	0.0	0.0	0.0	0.0066168	0.0040486	0.0061156	0.0051405	0.0127261	0.0185898	0.0340237	0.0489657	0.071817	0.1070288	0.1061333	0.122871	0.1231959	0.1283069	0.1641604	0.1976471	0.1715904	0.1464159	0.1465893	0.1049979	0.0868942	0.0612069	0.0470097	0.0332139	0.0378343	0.0254809	0.0212766	0.0078297	0.0059938	0.0016793	6.609E-4	3.193E-4	0.0	0.0	0.0	0.0	0.0	
Black-crowned Night Heron	0.0042403	0.0042696	0.0069696	0.0061229	0.0047084	0.0082513	0.0029985	0.0024868	0.0020161	0.0032249	0.0069462	0.0261188	0.0583848	0.0871967	0.111035	0.1364941	0.118311	0.1285637	0.1297673	0.183574	0.2404153	0.2330667	0.2250608	0.2505155	0.2420635	0.2531328	0.2517647	0.2076083	0.1535333	0.1330431	0.1125577	0.0983528	0.0982759	0.093497	0.0812425	0.0734942	0.0681989	0.0492331	0.0455102	0.0353828	0.0218304	0.0224719	0.0255428	0.0197937	0.013363	0.0160721	0.0146956	0.0063518	
Yellow-crowned/Black-crowned Night Heron	0.0	0.0	0.0	0.0	0.0	0.0	0.0	0.0	0.0	0.0	0.0	0.0	0.0	0.0	0.0	0.0	0.0	0.0	1.616E-4	0.0	3.994E-4	0.0016	0.0	0.0	6.614E-4	6.266E-4	0.0011765	4.047E-4	0.0	4.838E-4	4.2E-4	4.774E-4	5.747E-4	2.612E-4	0.0	0.0	4.996E-4	2.474E-4	0.0	0.0	0.0	0.0	0.0	0.0	0.0	0.0	0.0	0.0	
Little Blue Heron	0.0	0.0	0.0	0.0	0.0	0.0	0.0	0.0	0.0	0.0	5.145E-4	0.0	0.0040486	0.0033537	0.0018849	0.0033687	0.0034524	0.0044379	0.0096962	0.0183761	0.0207668	0.0272	0.0298054	0.0329897	0.0291005	0.0388471	0.0470588	0.0392554	0.034062	0.0198355	0.0151197	0.0140845	0.029023	0.0208932	0.0289128	0.0080452	0.0027479	0.001237	4.894E-4	0.0015	0.0	0.0	0.0	0.0	0.0	0.0	0.0	0.0	
Tricolored Heron	0.0	0.0	0.0	0.0	0.0	0.0	0.0	0.0	0.0	0.0	0.0	0.0	2.131E-4	5.918E-4	0.0	4.991E-4	1.328E-4	5.379E-4	0.0017776	0.0022501	0.0015974	5.333E-4	0.0048662	0.0	0.0015	0.0012531	0.0023529	0.0012141	5.084E-4	4.838E-4	4.2E-4	2.387E-4	5.747E-4	2.612E-4	2.389E-4	2.174E-4	0.0	0.0	0.0	0.0	0.0	0.0	0.0	0.0	0.0	0.0	0.0	0.0	
Snowy Egret	0.0	0.0	0.0	0.0	0.0	0.0	0.0	0.0	0.0	0.0	0.0	0.0050496	0.0234392	0.0566187	0.0512337	0.0460387	0.0419599	0.056213	0.0719134	0.1374461	0.1693291	0.1610667	0.176399	0.1592784	0.1607143	0.1973684	0.2335294	0.2059895	0.1977631	0.1761006	0.1331373	0.1012175	0.0824713	0.0524941	0.0422939	0.0504457	0.0322258	0.0279565	0.0149254	0.0150812	0.0047579	0.0046266	6.386E-4	0.0011151	0.0	0.0	0.0	0.0	
Western Reef-Heron	0.0	0.0	0.0	0.0	0.0	0.0	0.0	0.0	0.0	0.0	0.0	0.0	0.0	0.0	0.0	0.0	0.0	0.0	0.0	0.0	0.0	0.0	0.0	0.0	0.0	0.0050125	0.0052941	0.0016188	0.0030503	4.838E-4	4.2E-4	0.0	0.0	0.0	0.0	0.0	0.0	0.0	0.0	0.0	0.0	0.0	0.0	0.0	0.0	0.0	0.0	0.0	
Green Heron	9.423E-4	3.05E-4	2.788E-4	0.0	0.0	0.0	0.0	0.0	0.0	0.0	0.0	0.0015	0.0085233	0.0254488	0.0877313	0.1885215	0.2091356	0.190156	0.1557854	0.1353835	0.1194089	0.0981333	0.0930657	0.0917526	0.0978836	0.0989975	0.0882353	0.1060299	0.1255719	0.121432	0.1541369	0.1418	0.170977	0.1384173	0.1216249	0.0878452	0.0487135	0.0143493	0.0066063	0.0025135	0.0030786	0.0026438	3.193E-4	0.0	0.0	0.0015	3.499E-4	0.0	
Western Cattle-Egret	0.0	0.0	0.0	0.0	0.0	0.0	0.0	0.0	0.0	0.0	0.0	0.012537	0.0040486	9.864E-4	1.714E-4	3.743E-4	2.656E-4	0.0010758	6.464E-4	3.75E-4	0.0015974	5.333E-4	0.0	0.0025773	0.0	0.0015	5.882E-4	0.0	5.084E-4	0.0	0.0029399	2.387E-4	0.0	0.0	0.0	0.0	0.0	2.474E-4	0.0	0.0065739	0.0	0.0039656	0.0102171	8.364E-4	0.0	0.0	0.0	0.0	
Great Egret	0.0	0.0018298	0.0	2.449E-4	0.0	0.0	0.0	0.0	5.76E-4	0.0018812	0.0156933	0.0689535	0.163648	0.2604064	0.2359493	0.2497817	0.2358253	0.2266003	0.2330317	0.2709544	0.3194888	0.3248	0.3315085	0.3175258	0.3174603	0.3621554	0.3535294	0.325779	0.314184	0.2573778	0.2146157	0.193841	0.1462644	0.096631	0.088411	0.1093716	0.1144142	0.0959921	0.05701	0.0630317	0.0352645	0.0327165	0.0204342	0.0086423	0.0033408	0.001176	0.0020994	5.523E-4	
Great Blue Heron	0.1427562	0.1448612	0.1159744	0.1053147	0.0840275	0.0821961	0.0957021	0.0801989	0.0817972	0.0771298	0.0861847	0.1171861	0.1342425	0.1304005	0.1127485	0.116282	0.1033063	0.080823	0.0749838	0.0881305	0.0658946	0.0746667	0.093674	0.1123711	0.1626984	0.2449875	0.2570588	0.2727641	0.2592781	0.2530237	0.2746745	0.2415851	0.2824713	0.2723949	0.2497013	0.2396173	0.2238321	0.242949	0.231955	0.2184841	0.2325777	0.241573	0.2215837	0.1895735	0.1770601	0.2085457	0.1889433	0.1471969	
heron sp.	0.0	0.0	0.0	0.0	0.0	0.0	0.0015	0.0	0.0	0.0	0.0	5.224E-4	0.0	0.0	1.714E-4	4.991E-4	2.656E-4	1.345E-4	6.464E-4	9.376E-4	7.987E-4	0.0026667	0.0	0.0020619	0.0013228	6.266E-4	5.882E-4	0.0012141	0.0	0.0	0.0	2.387E-4	0.0	2.612E-4	2.389E-4	2.174E-4	2.498E-4	2.474E-4	2.447E-4	9.667E-4	0.0	0.0	0.0	0.0	0.0	3.92E-4	0.0	0.0	
white egret sp.	0.0	0.0	0.0	0.0	0.0	0.0	0.0	0.0	0.0	0.0	0.0	3.483E-4	4.262E-4	0.0015782	3.427E-4	6.238E-4	0.0017262	9.414E-4	8.08E-4	0.0013126	0.0015974	5.333E-4	0.0018248	0.0041237	6.614E-4	0.0037594	0.0041176	0.0024282	0.0035587	0.002419	8.4E-4	0.0021485	0.0011494	5.223E-4	2.389E-4	2.174E-4	0.0	0.0	0.0	0.0	2.799E-4	0.0	0.0	0.0	0.0	0.0	0.0	0.0	
American White Pelican	2.356E-4	0.0	0.0	0.0	0.0	0.0	0.0	0.0	0.0	0.0	0.0	0.0	0.0	0.0	0.0	0.0	0.0034524	0.0	0.0	0.0	0.0	0.0	0.0024331	0.0	0.0	0.0	0.0	0.0015	0.0	9.676E-4	0.0	0.0015	0.0	0.0	2.389E-4	0.0	0.0	0.0	0.0	0.0	0.0	0.0	0.0	0.0015	0.0	0.0	3.499E-4	0.0	
Brown Pelican	0.0	3.05E-4	0.0	0.0	0.0	0.0	0.0	0.0	0.0	0.0	0.0	0.0	0.0	0.0	0.0	0.0	0.0	0.0	0.0	0.0	0.0	0.0	0.0	0.0	0.0019841	0.0025063	0.0141176	0.0	5.084E-4	0.0	0.0	2.387E-4	0.0	0.0	0.0	4.349E-4	0.0	7.422E-4	0.0	5.8E-4	0.0047579	0.004957	0.0041507	0.0052969	0.0077951	0.00392	0.0	0.0015	
Black Vulture	0.0018846	0.0018298	8.364E-4	0.0019593	0.0018109	0.004443	4.998E-4	0.0027976	0.0046083	0.0059124	0.0036017	0.0048755	0.0046878	0.0047347	0.0039411	0.0046163	0.0022573	0.0017483	0.0040401	0.0026252	3.994E-4	0.0021333	0.0	0.0015464	6.614E-4	0.0012531	0.0	0.0	0.0	0.0	8.4E-4	0.0014323	0.0020115	0.0010447	4.779E-4	4.349E-4	2.498E-4	4.948E-4	0.0026915	3.867E-4	0.0016793	9.914E-4	9.579E-4	0.0025091	0.001856	3.92E-4	3.499E-4	0.0015	
Turkey Vulture	0.0087161	0.010979	0.0097575	0.0115111	0.0126766	0.0225325	0.0212394	0.0282872	0.0429147	0.0739049	0.0730641	0.0856695	0.0856595	0.0826593	0.0776217	0.0723643	0.0555039	0.0646853	0.0496122	0.0275642	0.0319489	0.0245333	0.0206813	0.0175258	0.015873	0.0162907	0.0088235	0.0105221	0.0096594	0.0212869	0.0184796	0.0128909	0.0212644	0.019065	0.0365591	0.0202218	0.0212341	0.0321623	0.035723	0.0257154	0.0291072	0.0231328	0.0229885	0.0183998	0.0089087	0.0141121	0.0073478	0.004971	
new world vulture sp.	0.0	0.0	0.0	0.0	0.0	0.0	0.0	3.108E-4	0.0	0.0	0.0	1.741E-4	0.0	0.0	0.0	0.0	1.328E-4	0.0	0.0	0.0	0.0	0.0	0.0	0.0	0.0	0.0	0.0	0.0	0.0	0.0	0.0	0.0	0.0	0.0	0.0	0.0	0.0	0.0	0.0	0.0	0.0	0.0	0.0	0.0	0.0	0.0015	0.0	0.0	
Osprey	0.0	0.0	0.0	0.0	0.0	0.0	0.0	0.0	0.0017281	0.0059124	0.0565989	0.160195	0.2277861	0.2641547	0.2073338	0.169058	0.1451334	0.1523669	0.1326761	0.184324	0.1932907	0.1829333	0.2189781	0.1819588	0.1904762	0.2111529	0.2111765	0.2322946	0.2226741	0.2486696	0.2713146	0.230604	0.2522989	0.232959	0.2112306	0.2020004	0.1736198	0.1313706	0.056276	0.0336427	0.0162329	0.0059484	0.0047893	0.0033454	7.424E-4	0.0	0.0	0.0	
Swallow-tailed Kite	0.0	0.0	0.0	0.0	0.0	0.0	0.0	0.0	0.0	0.0	0.0	0.0	0.0	1.973E-4	0.0015422	0.0	1.328E-4	0.0	0.0	0.0	0.0	0.0	0.0	0.0	0.0	0.0	0.0	0.0	0.0	0.0	0.0	0.0	0.0	0.0	0.0	0.0	0.0	0.0	0.0	0.0	0.0	0.0	0.0	0.0	0.0	0.0	0.0	0.0	
Golden Eagle	0.0	0.0	0.0	0.0	0.0	0.0	0.0	0.0	0.0	0.0	0.0	0.0	4.262E-4	0.0	0.0	0.0	0.0	0.0	0.0	0.0	0.0	0.0	0.0	0.0	0.0	0.0	0.0	0.0	0.0	0.0	0.0	0.0	0.0	0.0	0.0	0.0	0.0	0.0	2.447E-4	0.0015	0.0	0.0	9.579E-4	0.0	0.0	0.0	0.0	0.0	
Sharp-shinned Hawk	0.0174323	0.0234828	0.0211876	0.0203282	0.0213691	0.0171374	0.0149925	0.016475	0.0178571	0.0198871	0.0195524	0.0184573	0.0174728	0.0157822	0.0157642	0.0106051	0.0053114	0.0029586	3.232E-4	3.75E-4	0.0	0.0	0.0	0.0	0.0	0.0	0.0	0.0	0.0	0.0	0.0	0.0011936	0.0071839	0.028467	0.065233	0.0750163	0.0724457	0.0984661	0.1079031	0.1057618	0.0747271	0.0693985	0.057152	0.0518539	0.0363771	0.0431203	0.0489853	0.028169	
Cooper's Hawk	0.1189635	0.1186337	0.1006412	0.1058046	0.1072075	0.1053634	0.0887056	0.1038234	0.0982143	0.1037356	0.0699768	0.0632074	0.0637119	0.0615506	0.0495202	0.04267	0.0411632	0.0353685	0.0208468	0.0191262	0.0167732	0.0133333	0.0194647	0.0226804	0.0165344	0.0256892	0.0252941	0.0356131	0.0289781	0.0343493	0.0356993	0.0329434	0.0574713	0.0632019	0.1039427	0.1074147	0.1438921	0.170955	0.2091999	0.2134571	0.1869577	0.1883675	0.1835888	0.1806524	0.155902	0.1752254	0.1738978	0.1394642	
Sharp-shinned/Cooper's Hawk	0.0044759	0.0045746	0.0013939	0.0031839	0.0043463	0.0050778	0.0027486	0.004041	0.0037442	0.00215	0.0059172	0.0048755	0.0036224	0.0043401	0.0022276	0.0032439	0.0046475	0.0022862	0.0021008	7.5E-4	0.0	0.0	0.0015	5.155E-4	6.614E-4	0.0	0.0	0.0	5.084E-4	0.0019352	8.4E-4	0.0011936	0.0022989	0.0052233	0.00908	0.0095673	0.0142393	0.0141019	0.0188402	0.012761	0.0100756	0.0115664	0.011175	0.0080848	0.0070527	0.0070561	0.0055983	0.004971	
American Goshawk	0.0	0.0	5.576E-4	0.0015	3.622E-4	0.0015	0.0	6.217E-4	2.88E-4	0.0037624	0.0115771	0.0015671	4.262E-4	0.0	0.0	0.0	0.0	0.0	0.0	0.0	0.0	0.0	0.0	0.0	0.0	0.0	0.0	0.0	0.0	0.0	0.0	0.0	0.0	0.0	0.0	0.0	2.498E-4	4.948E-4	4.894E-4	0.0	8.396E-4	9.914E-4	0.0012771	0.0011151	0.0014848	0.0015	0.0	0.0015	
Cooper's Hawk/American Goshawk	0.0	0.0	0.0	0.0	3.622E-4	0.0	0.0	0.0	0.0	0.0	0.0	1.741E-4	2.131E-4	0.0	0.0	0.0	0.0	0.0	0.0	0.0	0.0	0.0	0.0	0.0	0.0	0.0	0.0	0.0	0.0	0.0	0.0	0.0	0.0	0.0	0.0	0.0	0.0	0.0	0.0	0.0	0.0	0.0	0.0	0.0	3.712E-4	0.0	0.0	2.762E-4	
Accipitrine hawk sp. (former Accipiter sp.)	0.0028269	0.0030497	0.0027878	0.0014695	7.244E-4	0.0015868	0.0032484	0.0037302	0.0025922	0.0037624	0.0025727	0.0026119	0.002557	0.003551	0.0011995	0.0014972	0.0021246	0.0016138	0.0014544	0.0011251	3.994E-4	0.0	0.0	0.0010309	6.614E-4	0.0	0.0	4.047E-4	0.0	0.0014514	8.4E-4	9.549E-4	0.0017241	0.0078349	0.0071685	0.006958	0.0097427	0.0061851	0.0066063	0.0063805	0.0072768	0.0072703	0.0092593	0.0052969	0.0040831	0.004704	0.0027992	0.0030378	
Northern Harrier	0.0315665	0.0308021	0.0395874	0.041881	0.0383919	0.0342748	0.0307346	0.0273547	0.0239055	0.0247245	0.0246977	0.0212433	0.0189644	0.0155849	0.0089102	0.0069869	0.0045147	0.0030931	0.002424	0.0015001	0.0015974	0.0026667	0.0024331	0.0015464	6.614E-4	0.0	0.0011765	0.0012141	0.0010168	4.838E-4	0.0033599	0.0140845	0.0068966	0.0114913	0.0205496	0.0297891	0.0339745	0.0398318	0.0406166	0.0510441	0.038623	0.0561798	0.0737548	0.0624477	0.0337788	0.0478244	0.0657803	0.0403204	
Bald Eagle	0.0089517	0.0195181	0.0161695	0.0159197	0.0275263	0.0155506	0.0202399	0.0373018	0.0270737	0.0228433	0.0187806	0.0161936	0.0151289	0.0203196	0.0305003	0.0218341	0.022175	0.0082033	0.0084034	0.0050628	0.0019968	0.0016	0.0018248	0.0020619	0.0	0.0012531	0.0011765	0.0028329	5.084E-4	0.0029028	0.0071399	0.0038195	0.0135057	0.0193262	0.0203106	0.0171776	0.0157382	0.0296883	0.0217764	0.017208	0.0193115	0.0188367	0.0162835	0.0150544	0.0055679	0.0137201	0.0143457	0.0102182	
Mississippi Kite	0.0	0.0	0.0	0.0	0.0	0.0	0.0	0.0	0.0	0.0	0.0	0.0	0.0	0.0	0.0	0.0	3.984E-4	0.0026896	0.0025856	3.75E-4	3.994E-4	0.0	0.0	0.0	6.614E-4	0.0	0.0	0.0	0.0	0.0	0.0	0.0	0.0	0.0	2.389E-4	0.0	0.0	0.0	0.0	0.0	0.0	0.0	0.0	0.0	0.0	0.0	0.0	0.0	
Broad-winged Hawk	0.0	0.0	0.0011151	0.0	0.0	0.0	0.0	0.0	0.0	0.0	0.0	0.0	4.262E-4	0.0023673	0.0041124	0.0101061	0.0069048	0.007262	0.012605	0.0039377	0.0011981	0.0010667	0.0	0.0	6.614E-4	0.0	0.0	4.047E-4	0.0	0.0014514	0.0021	0.0019098	0.0057471	0.0125359	0.018638	0.0291368	0.0052461	0.0076695	0.0039149	0.0011601	5.598E-4	0.0	0.0	0.0	0.0	0.0	3.499E-4	0.0	
Red-shouldered Hawk	0.0136631	0.010979	0.006412	0.0083272	0.0137631	0.0098381	0.0102449	0.0105689	0.0112327	0.0131685	0.0087471	0.0078356	0.0121457	0.0033537	0.0025703	0.0031192	5.311E-4	5.379E-4	6.464E-4	0.0	0.0	0.0	0.0	0.0	0.0	0.0	0.0	4.047E-4	0.0	0.0	4.2E-4	0.0	8.621E-4	2.612E-4	2.389E-4	4.349E-4	7.494E-4	0.0056903	0.0090531	0.0179814	0.0223901	0.0274289	0.048212	0.0253694	0.0200445	0.0176401	0.0241428	0.0157415	
Zone-tailed Hawk	0.0	0.0	0.0	0.0	0.0	0.0	0.0	0.0	0.0	0.0	0.0	0.0	8.523E-4	0.0	0.0	0.0	0.0	0.0	0.0	0.0	0.0	0.0	0.0	0.0	0.0	0.0	0.0	0.0	0.0	0.0	0.0	0.0	0.0	0.0	0.0	0.0	0.0	0.0	0.0	0.0	0.0	0.0	0.0	0.0	0.0	0.0	0.0	0.0	
Swainson's Hawk	0.0	0.0	0.0	0.0	3.622E-4	0.0	0.0069965	0.020516	0.0293779	0.0042999	0.0043736	3.483E-4	2.131E-4	0.0	0.0	0.0	0.0	0.0	0.0	0.0	0.0	0.0	0.0	0.0	0.0	0.0	0.0	0.0	0.0	0.0	0.0	0.0	0.0	0.0	0.0	0.0	0.0	0.0	0.0	0.0	0.0	0.0	0.0	0.0	0.0	0.0	0.0	0.0	
Red-tailed Hawk	0.2287397	0.210125	0.197937	0.2062209	0.2299891	0.2297683	0.2226387	0.2580044	0.3176843	0.3200752	0.3174685	0.289744	0.3096101	0.2965082	0.2919808	0.2968185	0.2554774	0.2590102	0.2230123	0.1903244	0.1557508	0.1584	0.1186131	0.0953608	0.0978836	0.10401	0.0876471	0.0991501	0.1082867	0.1243348	0.1541369	0.1728336	0.2066092	0.2564638	0.2941458	0.2374429	0.2305771	0.2701633	0.289699	0.2909899	0.2958298	0.3073364	0.3445083	0.3105659	0.2750557	0.2567621	0.2638209	0.2267329	
Rough-legged Hawk	7.067E-4	0.0015	0.0022303	7.348E-4	0.0036219	0.0050778	0.0064968	0.0074604	0.0034562	0.001075	0.0015436	5.224E-4	0.0	1.973E-4	0.0	1.248E-4	1.328E-4	0.0	0.0	1.875E-4	0.0	0.0	0.0	0.0	0.0	0.0	0.0	0.0	0.0	0.0	0.0	0.0	0.0	0.0	0.0	0.0	0.0	0.0	0.0	1.933E-4	5.598E-4	0.0	3.193E-4	2.788E-4	7.424E-4	3.92E-4	0.0038488	0.0024855	
Buteo sp.	0.0011779	0.0033547	0.0025091	0.0024492	0.0032597	0.0022215	0.0034983	0.0027976	0.0020161	0.0029562	0.0018009	0.0038308	0.0027701	0.0043401	0.0023989	0.0028696	0.003718	0.0014793	0.0025856	0.0020626	7.987E-4	5.333E-4	0.0	0.0015	6.614E-4	0.0	5.882E-4	8.094E-4	0.0010168	0.0	0.00168	9.549E-4	0.0011494	0.0026116	0.0043011	0.0032616	0.0022483	0.0027214	0.0031808	0.004447	0.0039183	0.0036352	0.0047893	0.006412	0.0040831	0.00392	0.003499	0.0019332	
Buteo/eagle sp.	0.0	0.0	0.0	0.0	0.0	0.0	0.0	0.0	0.0	0.0	0.0	0.0	0.0	0.0	0.0	1.248E-4	0.0	0.0	0.0	0.0	0.0	0.0	0.0	0.0	0.0	0.0	0.0	0.0	0.0	0.0	0.0	0.0	0.0	0.0	0.0	0.0	0.0	0.0	0.0	0.0	0.0	0.0	0.0	0.0	0.0	0.0	0.0	0.0	
hawk sp.	0.0025913	0.0015249	0.0033454	0.0036738	0.0032597	0.0031736	0.0029985	0.0037302	0.0040323	0.0029562	0.0030872	0.0033084	0.0034093	0.003551	0.0025703	0.001622	0.0015934	0.0014793	0.0014544	0.0026252	0.0031949	0.0026667	6.083E-4	0.0010309	0.0013228	0.0018797	0.0011765	0.0016188	0.0020336	0.0014514	0.00168	0.001671	0.0011494	0.0023505	0.0040621	0.0045662	0.0027479	0.0034636	0.0051382	0.0040603	0.0030786	0.0042961	0.0054278	0.0075272	0.0033408	0.005488	0.0020994	0.0035902	
eagle sp.	0.0	0.0	0.0	0.0	0.0	0.0	0.0	0.0	0.0	0.0	0.0	0.0	0.0	0.0	0.0	0.0	0.0	0.0	0.0	0.0	0.0	0.0	0.0	0.0	0.0	0.0	0.0	0.0	0.0	0.0	0.0	0.0	0.0	0.0	0.0	0.0	0.0	0.0	0.0	0.0	0.0	6.609E-4	3.193E-4	5.576E-4	0.0	0.0	0.0	0.0	
American Barn Owl	0.0011779	0.0015249	0.0011151	7.348E-4	7.244E-4	9.521E-4	9.995E-4	0.0027976	0.0011521	8.062E-4	7.718E-4	8.706E-4	6.392E-4	3.946E-4	3.427E-4	2.495E-4	2.656E-4	4.034E-4	4.848E-4	5.625E-4	7.987E-4	5.333E-4	0.0030414	0.0015464	0.0	6.266E-4	0.0	0.0012141	0.0010168	9.676E-4	0.0	2.387E-4	8.621E-4	0.0013058	0.0016726	0.0013046	4.996E-4	9.896E-4	2.447E-4	1.933E-4	5.598E-4	0.0016523	9.579E-4	2.788E-4	7.424E-4	0.001568	0.0052484	0.0011047	
Eastern Screech-Owl	0.0	0.0	0.0	0.0	0.0	0.0	0.0	0.0	0.0	0.0	0.0	0.0	0.0	0.0	0.0	0.0	0.0	0.0	0.0	0.0	0.0	0.0	0.0	0.0	0.0	0.0	0.0	0.0	0.0	0.0	0.0	0.0	0.0	0.0	0.0	0.0	0.0	0.0	0.0	0.0	0.0	0.0	0.0	0.0	0.0	0.0	0.0	2.762E-4	
Snowy Owl	0.0094229	0.0051845	0.0080848	0.0083272	0.0036219	0.003491	0.0034983	0.0021759	0.0040323	0.0042999	0.0012863	0.0022636	0.0	0.0	0.0	0.0	0.0	0.0	0.0	0.0	3.994E-4	0.0	0.0	0.0	0.0	0.0	0.0	0.0	0.0	0.0	0.0	0.0	0.0	0.0	0.0	0.0	0.0	0.0	0.0	0.0	0.0	9.914E-4	0.0	0.003903	0.0081663	0.0101921	0.0111966	0.014913	
Great Horned Owl	0.0096584	0.0073193	0.0055757	0.0073475	0.0076059	0.0031736	0.0034983	0.0068387	0.0072005	0.0077936	0.0074608	0.0076615	0.0066056	0.0059183	0.0066827	0.0049906	0.0017262	0.0025551	6.464E-4	5.625E-4	3.994E-4	0.0016	0.0024331	5.155E-4	0.0013228	6.266E-4	0.0	0.0	0.0	0.0	4.2E-4	4.774E-4	8.621E-4	2.612E-4	7.168E-4	0.0010872	0.0012491	9.896E-4	7.34E-4	3.867E-4	0.0016793	0.0016523	0.0031928	0.0027878	0.0033408	0.0062721	0.0097971	0.0046948	
Barred Owl	0.0025913	0.0030497	0.0027878	0.002939	0.0032597	0.0038083	0.001999	0.0012434	0.0	0.0	0.0	0.0	0.0	1.973E-4	0.0	0.0	0.0	0.0	0.0	0.0	0.0	0.0	0.0	0.0	0.0	0.0	0.0	0.0	0.0	0.0	0.0	0.0	0.0	0.0	0.0	0.0	0.0	0.0	0.0	0.0	0.0	0.0	0.0	2.788E-4	0.0	3.92E-4	0.0	0.0019332	
Long-eared Owl	0.0023557	0.0027447	0.0019515	0.0026941	0.0025353	0.0019042	7.496E-4	0.0018651	2.88E-4	5.375E-4	5.145E-4	0.0	2.131E-4	0.0	0.003427	1.248E-4	0.0	0.0	0.0	0.0	0.0	0.0	0.0	0.0	0.0	0.0	0.0	0.0	0.0	0.0	0.0	0.0	0.0	0.0	0.0	0.0	0.0	0.0	0.0012234	0.0	0.0	3.305E-4	3.193E-4	0.0022303	0.0033408	0.003528	0.0027992	0.0030378	
Short-eared Owl	2.356E-4	3.05E-4	0.0015	2.449E-4	0.0	3.174E-4	0.0037481	0.0031085	0.0028802	0.00215	2.573E-4	1.741E-4	0.0031962	3.946E-4	0.0	0.0	0.0	0.0	0.0	0.0	0.0	0.0	0.0	0.0	0.0	0.0	0.0	0.0	0.0	0.0	0.0	0.0	0.0	0.0	0.0	0.0	0.0	0.0	4.894E-4	7.734E-4	5.598E-4	0.0013219	3.193E-4	0.0019515	0.001856	0.0015	0.0013996	0.001657	
Northern Saw-whet Owl	0.011543	0.0182983	0.0108726	0.008817	0.0061572	0.0019042	0.0012494	0.0012434	5.76E-4	0.0029562	0.0010291	0.0015	0.0	0.0	0.0	0.0	0.0	0.0	0.0	0.0	0.0	0.0	0.0	0.0	0.0	0.0	0.0	0.0	5.084E-4	0.0	0.0	0.0	0.0	0.0	0.0	0.0	0.0	2.474E-4	0.0	1.933E-4	0.0	3.305E-4	0.0019157	0.0033454	0.0033408	0.002352	0.0094472	0.0055233	
owl sp.	2.356E-4	3.05E-4	5.576E-4	0.0	0.0	0.0	0.0	6.217E-4	0.0	2.687E-4	0.0	0.0	0.0	0.0	1.714E-4	0.0	0.0	0.0	0.0	0.0	0.0	0.0	6.083E-4	0.0	0.0	0.0	0.0	0.0	0.0	0.0	0.0	2.387E-4	0.0	2.612E-4	0.0	0.0	0.0	0.0	0.0	0.0	0.0	0.0	0.0	5.576E-4	3.712E-4	0.0	0.0015	0.0	
Belted Kingfisher	0.0273263	0.0308021	0.0306663	0.0262062	0.0228178	0.0168201	0.0262369	0.020516	0.0282258	0.0349368	0.0367893	0.0901968	0.1947582	0.1994476	0.2150446	0.1923893	0.1244191	0.0812265	0.0294118	0.015376	0.0071885	0.0053333	0.0048662	0.0072165	0.0066138	0.0369674	0.0229412	0.0287333	0.0411795	0.053701	0.0869383	0.0833134	0.0807471	0.1013319	0.1378734	0.1578604	0.1521359	0.1081148	0.0856374	0.0649652	0.0596138	0.0538665	0.0648148	0.0482297	0.0423163	0.0399843	0.0363891	0.028169	
Yellow-bellied Sapsucker	0.0994111	0.0853919	0.0585447	0.0673524	0.0756972	0.0774357	0.0757121	0.0957414	0.0864055	0.1093792	0.1206586	0.1729061	0.2565523	0.2462024	0.2164154	0.0959451	0.03386	0.0064551	0.0017776	0.0013126	0.0	0.0015	0.0	5.155E-4	0.0	0.0	0.0	0.0	0.0	0.0	8.4E-4	4.774E-4	8.621E-4	0.0015	0.0074074	0.0917591	0.2383213	0.3112321	0.2654759	0.1788476	0.1441366	0.1192994	0.1411239	0.1432952	0.1314031	0.1387691	0.1294612	0.1110191	
sapsucker sp.	0.0	0.0	0.0	0.0	0.0	0.0	0.0	0.0	0.0	0.0	0.0	0.0	0.0	0.0	0.0015	0.0	0.0	0.0	0.0	0.0	0.0	0.0	0.0	0.0	0.0	0.0	0.0	0.0	0.0	0.0	0.0	0.0	0.0	0.0	0.0	0.0	0.0	0.0	0.0	0.0	0.0	0.0	0.0	0.0	0.0	0.0	0.0	0.0	
Red-headed Woodpecker	0.0075383	0.010979	0.0144968	0.0097967	0.0097791	0.0063472	0.0067466	0.0096363	0.0095046	0.0180059	0.0120916	0.0161936	0.0087364	0.0074965	0.006854	0.0078603	0.0046475	0.0055137	0.0030705	9.376E-4	3.994E-4	0.0	0.0	0.0118557	0.0138889	0.0	0.0	0.0	0.0	0.0	0.0	4.774E-4	0.0	0.0067903	0.00454	0.005436	0.003997	0.0056903	0.0095425	0.0059938	0.0120347	0.0135492	0.0105364	0.0080848	0.0059391	0.004704	0.0048985	0.0038663	
Red-bellied Woodpecker	0.251119	0.2293382	0.1973794	0.2074455	0.2198479	0.2240559	0.2288856	0.2558284	0.2721774	0.320344	0.3272447	0.3334494	0.3722566	0.3797593	0.3843386	0.4299439	0.4311512	0.3890533	0.3372657	0.2763923	0.2080671	0.1637333	0.127129	0.1216495	0.1236772	0.1027569	0.0947059	0.1129098	0.1225216	0.1543299	0.2041159	0.2174743	0.2724138	0.324889	0.3565114	0.3370298	0.3692231	0.3904008	0.3998043	0.370843	0.3753149	0.3321216	0.3451469	0.3122386	0.2887899	0.2869463	0.2662701	0.2656725	
Downy Woodpecker	0.3104829	0.2967368	0.2567605	0.277737	0.285766	0.290384	0.2778611	0.2984147	0.327765	0.3619995	0.3720093	0.3628765	0.3939911	0.4059972	0.4059287	0.4023706	0.35241	0.3066165	0.2412734	0.2111382	0.1729233	0.1493333	0.1545012	0.185567	0.2162698	0.2130326	0.2270588	0.1999191	0.2058973	0.2520561	0.2973541	0.3105753	0.3603448	0.3758161	0.3933094	0.3435529	0.3315014	0.3109847	0.3058478	0.2913766	0.3148615	0.2927958	0.3240741	0.3141901	0.3199703	0.3461388	0.3481456	0.3170395	
Hairy Woodpecker	0.0525324	0.042086	0.0393086	0.0406564	0.0358566	0.0384005	0.0402299	0.0447622	0.0506912	0.0518678	0.0563417	0.0616403	0.0756446	0.0747682	0.0752228	0.083219	0.0709069	0.066568	0.0520362	0.0416276	0.0351438	0.0256	0.013382	0.0134021	0.0092593	0.0156642	0.0135294	0.0149737	0.0137265	0.0270924	0.0340193	0.0432084	0.0557471	0.0592844	0.065233	0.0508806	0.0522108	0.0549233	0.0423293	0.0404099	0.0461797	0.0423001	0.0446999	0.0532478	0.0612472	0.0490004	0.0584325	0.0433582	
Downy/Hairy Woodpecker	0.0028269	0.0024398	0.0016727	0.0014695	3.622E-4	0.0028562	0.0024988	0.0018651	0.0014401	0.0024187	0.0018009	0.0019154	0.0031962	9.864E-4	0.0018849	0.002121	0.001859	0.0017483	0.0022624	0.0018751	0.0015974	0.0021333	6.083E-4	0.0	0.0026455	0.0031328	0.0011765	4.047E-4	0.0015252	0.0015	0.0021	0.0011936	0.0025862	0.0018282	0.0019116	0.0017395	9.993E-4	0.0044532	0.0012234	9.667E-4	0.0013994	0.0026438	0.0019157	0.0011151	0.001856	0.002352	0.0010497	0.0011047	
Pileated Woodpecker	0.0	0.0	0.0	0.0	0.0	0.0	0.0	0.0	0.0	0.0	0.0	0.0	0.0	0.0	0.0	2.495E-4	0.0	0.0	0.0	0.0	0.0	0.0	0.0	0.0	0.0	0.0	0.0	0.0	0.0	0.0	0.0	0.0	0.0	0.0	0.0	0.0	0.0	0.0	0.0	0.0	0.0	0.0	0.0	0.0	0.0	0.0	0.0	0.0	
Northern Flicker	0.0654888	0.0664837	0.0574296	0.0543718	0.0467222	0.0450651	0.0454773	0.0438297	0.0498272	0.065305	0.137381	0.2892217	0.4687833	0.5255474	0.5041124	0.4369308	0.3141681	0.2365519	0.1646736	0.1308832	0.0978435	0.0944	0.0979319	0.0927835	0.0925926	0.122807	0.1317647	0.1428571	0.1494662	0.1867441	0.2612348	0.2618763	0.2968391	0.3920084	0.5677419	0.6051316	0.5725706	0.5158337	0.4482506	0.3449343	0.2490904	0.2233972	0.1966794	0.1614162	0.1224944	0.1172089	0.1375087	0.084507	
woodpecker sp.	7.067E-4	3.05E-4	8.364E-4	7.348E-4	0.0018109	9.521E-4	0.0012494	6.217E-4	0.0014401	0.001075	0.0023154	0.0017413	0.0042617	0.0029592	0.0032557	0.0023706	0.0026557	0.0025551	0.0021008	0.0016876	3.994E-4	0.0021333	0.0012165	0.0036082	0.0013228	0.0012531	0.0023529	0.0016188	0.0030503	0.0019352	0.0025199	9.549E-4	0.0014368	0.001567	9.558E-4	0.0021744	0.0027479	0.0047006	0.0026915	0.0015468	5.598E-4	0.0026438	0.0019157	0.0019515	7.424E-4	3.92E-4	6.998E-4	0.001657	
American Kestrel	0.0746761	0.0805124	0.0688598	0.065638	0.0785947	0.0761663	0.0627186	0.0786447	0.0728687	0.0967482	0.1062516	0.122584	0.1259322	0.1296114	0.1173749	0.0927012	0.0764839	0.0586337	0.0410472	0.0335646	0.034345	0.0512	0.0456204	0.0520619	0.0621693	0.0814536	0.0823529	0.0857952	0.0762583	0.0986938	0.1159177	0.1205538	0.1511494	0.2065814	0.2164875	0.1980865	0.2193355	0.2308263	0.22437	0.2240913	0.186398	0.199273	0.2008301	0.1728464	0.1377134	0.121913	0.1340098	0.1165424	
Merlin	0.03298	0.0323269	0.0289936	0.0259613	0.0253531	0.0241193	0.0287356	0.0317066	0.0331221	0.041118	0.0306149	0.0383075	0.033241	0.0280134	0.0224469	0.0268247	0.0127473	0.0064551	0.0019392	0.0013126	0.0	0.0	0.0	0.0	0.0	6.266E-4	5.882E-4	4.047E-4	5.084E-4	0.0029028	0.00126	0.0081165	0.0244253	0.042831	0.0637993	0.0780604	0.0891831	0.0962395	0.1061904	0.1007347	0.0780856	0.0839392	0.0667305	0.0649568	0.0549369	0.0380243	0.0535339	0.0317592	
Peregrine Falcon	0.0400471	0.0359866	0.0351268	0.0352682	0.0409272	0.0288797	0.0217391	0.0264221	0.031106	0.0233808	0.0262413	0.0235069	0.0217345	0.0260406	0.0185058	0.0222084	0.0208472	0.0220549	0.0148675	0.0170636	0.0159744	0.0138667	0.0127737	0.0242268	0.0376984	0.0401003	0.0364706	0.0271145	0.052364	0.0425738	0.0436791	0.0393889	0.0462644	0.0436145	0.051374	0.0576212	0.0684487	0.068283	0.0513824	0.0568445	0.0486986	0.0617978	0.0581098	0.0596599	0.0400891	0.0423363	0.0584325	0.0417012	
large falcon sp.	0.0	0.0	0.0	0.0	0.0	0.0	0.0	0.0	0.0	0.0	2.573E-4	0.0	0.0	0.0	0.0	0.0	0.0	0.0	0.0	0.0	0.0	0.0	0.0	0.0	0.0	0.0	0.0	0.0	0.0	0.0	0.0	0.0	2.874E-4	0.0	0.0	0.0	0.0	0.0	0.0	1.933E-4	0.0	0.0	0.0	2.788E-4	0.0	0.0	0.0	0.0	
small falcon sp.	7.067E-4	3.05E-4	2.788E-4	2.449E-4	0.0	3.174E-4	4.998E-4	3.108E-4	5.76E-4	2.687E-4	2.573E-4	3.483E-4	4.262E-4	5.918E-4	5.141E-4	2.495E-4	2.656E-4	1.345E-4	1.616E-4	0.0015	0.0	0.0	0.0	5.155E-4	0.0	0.0	0.0	0.0	0.0	4.838E-4	0.0	4.774E-4	0.0	7.835E-4	7.168E-4	0.0013046	2.498E-4	2.474E-4	2.447E-4	7.734E-4	0.0	6.609E-4	0.0012771	5.576E-4	0.0	3.92E-4	3.499E-4	0.0015	
falcon sp.	2.356E-4	3.05E-4	0.0	0.0015	0.0	0.0	0.0	6.217E-4	0.0015	0.0	0.0	3.483E-4	4.262E-4	0.0	5.141E-4	3.743E-4	0.0	0.0	1.616E-4	0.0	0.0	5.333E-4	0.0	0.0	0.0	0.0	5.882E-4	4.047E-4	5.084E-4	0.0	4.2E-4	4.774E-4	2.874E-4	0.0010447	4.779E-4	6.523E-4	4.996E-4	4.948E-4	0.0015	3.867E-4	8.396E-4	6.609E-4	0.0	2.788E-4	3.712E-4	0.0	0.0010497	5.523E-4	
diurnal raptor sp.	0.0011779	0.0039646	0.0036242	0.0022043	0.0021731	0.0038083	0.001999	0.0031085	0.0025922	0.0034937	0.0028299	0.0029601	0.0021308	0.0029592	0.003427	0.0043668	0.0034524	0.0024207	0.0025856	0.0016876	0.0023962	0.0010667	6.083E-4	0.0015464	6.614E-4	0.0025063	0.0017647	0.0012141	0.0	9.676E-4	0.0041999	0.0028646	0.0020115	0.0057456	0.0081243	0.0104371	0.0059955	0.0076695	0.0085637	0.007734	0.0053177	0.0059484	0.0047893	0.0075272	0.0040831	0.0078401	0.0055983	0.0046948	
Cockatiel	0.0	0.0	0.0	0.0	0.0	0.0	0.0	0.0	0.0	0.0	0.0	0.0	0.0	0.0	0.0	0.0	0.0	0.0	0.0	0.0	3.994E-4	0.0	0.0015	0.0	0.0	0.0	0.0	0.0	0.0	0.0	0.0	0.0	0.0	0.0	0.0	0.0	0.0	0.0	0.0	0.0	0.0	0.0	0.0	0.0	0.0011136	0.0	0.0	0.0	
corella/white cockatoo sp.	0.0	0.0	0.0	0.0	0.0	0.0	0.0	0.0	0.0	0.0	0.0	0.0	0.0	0.0	0.0	0.0	0.0	0.0	1.616E-4	0.0	0.0	0.0	0.0	0.0	0.0	0.0	0.0	0.0	0.0	0.0	0.0	0.0	0.0	0.0	0.0	0.0	0.0	0.0	0.0	0.0	0.0	0.0	0.0	0.0	0.0	0.0	0.0	0.0	
Rose-ringed Parakeet	0.0	0.0	0.0	0.0	0.0	0.0	0.0	0.0	0.0	0.0	0.0	0.0	0.0	0.0	0.0	0.0	0.0	0.0	0.0	0.0	0.0	0.0	0.0	0.0	0.0	0.0	0.0	0.0	0.0	0.0	0.0	0.0	0.0	0.0	0.0	0.0	0.0	0.0	0.0	0.0	5.598E-4	0.0	0.0	0.0	0.0	0.0	0.0	0.0	
Budgerigar	0.0	0.0	0.0	0.0	0.0	0.0	0.0	0.0	0.0	0.0	0.0	0.0	0.0	7.891E-4	3.427E-4	3.743E-4	5.311E-4	0.0	1.616E-4	7.5E-4	7.987E-4	5.333E-4	0.0018248	0.0010309	0.0	0.0012531	0.0011765	0.0012141	0.0010168	9.676E-4	0.0021	7.162E-4	2.874E-4	5.223E-4	0.0021505	0.0015221	2.498E-4	0.0014844	7.34E-4	5.8E-4	2.799E-4	0.0	3.193E-4	5.576E-4	0.0	0.0	0.0	0.0	
Rosy-faced Lovebird	0.0	0.0	0.0	0.0	0.0	0.0	0.0	0.0	0.0	0.0	0.0	0.0	0.0	0.0	0.0	0.0	0.0	0.0	0.0	0.0	0.0015	0.0	0.0	0.0	0.0	0.0	0.0	0.0	0.0	0.0	0.0	0.0	0.0	0.0	2.389E-4	0.0	0.0	0.0	0.0	0.0	5.598E-4	0.0	0.0	0.0	0.0	0.0	0.0	0.0	
Yellow-collared Lovebird	0.0	0.0	0.0	0.0	0.0	0.0	0.0	0.0	0.0	0.0	0.0	0.0	0.0	0.0	0.0	0.0	0.0	0.0	0.0	0.0	0.0	0.0	0.0	0.0	0.0	0.0	0.0	0.0	0.0	0.0	0.0	0.0	2.874E-4	0.0	0.0	0.0	0.0	0.0	0.0	0.0	0.0	0.0	0.0	0.0	0.0	0.0	0.0	0.0	
Monk Parakeet	0.0391048	0.0369015	0.0379147	0.032819	0.0296994	0.0311012	0.0422289	0.0559528	0.063076	0.1104542	0.0967327	0.0945499	0.092052	0.0925232	0.1029815	0.0960699	0.0857788	0.0862023	0.0903361	0.0911307	0.1054313	0.1056	0.0948905	0.0783505	0.0813492	0.0783208	0.0652941	0.0740591	0.061515	0.0686986	0.0797984	0.0699451	0.087931	0.1133455	0.1194743	0.0895847	0.0814389	0.0999505	0.0964032	0.0989946	0.0890008	0.0816259	0.0740741	0.07109	0.0515961	0.0493924	0.0346396	0.0433582	
White-winged Parakeet	0.0	0.0	0.0	0.0	0.0	0.0	0.0	0.0	0.0	0.0	0.0	0.0	0.0	0.0	0.0	0.0	0.0	0.0	0.0	0.0	0.0	0.0	0.0	0.0	0.0	0.0	0.0	0.0	0.0	9.676E-4	0.0	0.0	0.0	0.0	0.0	0.0	0.0	0.0	0.0	0.0	0.0	0.0	0.0	0.0	0.0	0.0	0.0	0.0	
Yellow-headed Amazon	0.0	0.0	0.0	0.0	0.0	0.0	0.0	0.0	0.0	0.0	0.0	0.0	0.0	0.0	0.0	0.0	0.0	0.0	0.0	0.0	0.0	0.0	0.0	0.0	0.0	0.0	0.0	0.0	0.0	0.0	0.0	0.0	0.0	0.0	0.0	0.0	0.0	0.0	0.0	0.0	0.0	0.0	0.0	0.0	0.0	0.0	3.499E-4	0.0	
Blue-and-yellow Macaw	0.0	0.0	0.0	0.0	0.0	0.0	0.0	0.0	0.0	0.0	0.0	0.0	0.0	0.0	0.0	0.0	0.0	0.0	0.0	0.0	0.0	0.0	0.0	0.0	0.0	6.266E-4	0.0	0.0	0.0	0.0	0.0	0.0	0.0	0.0	0.0	0.0	0.0	0.0	0.0	0.0	0.0	0.0	0.0	0.0	0.0	0.0	0.0	0.0	
Mitred Parakeet	0.0	0.0	0.0	0.0	0.0	0.0	0.0	0.0	0.0	0.0	0.0	0.0015	0.0	0.0	0.0	0.0	0.0	0.0	0.0	0.0	0.0	0.0	0.0	0.0	0.0	0.0	0.0	0.0	0.0	0.0	0.0	0.0	0.0	0.0	0.0	0.0	0.0	0.0	0.0	0.0	0.0	0.0	0.0	0.0	0.0	0.0	0.0	0.0	
parakeet sp.	0.0	0.0	0.0	0.0	0.0	0.0	0.0	0.0	0.0	0.0	0.0	0.0	0.0	0.0	0.0	0.0	0.0	0.0	0.0	0.0	0.0	0.0	0.0	0.0	0.0	0.0	0.0	0.0	0.0	0.0	0.0	0.0	0.0	0.0	0.0	0.0	0.0	0.0	0.0	0.0	0.0	0.0	0.0	0.0	0.0	0.0	0.0	2.762E-4	
parrot sp.	0.0	0.0	0.0	0.0	0.0	0.0	0.0	0.0	0.0	0.0	0.0	0.0	0.0	0.0	0.0	0.0	0.0	0.0	0.0	0.0	0.0	0.0	0.0	0.0	0.0015	0.0	0.0	0.0	0.0	0.0	0.0	0.0	0.0	0.0	0.0	0.0	0.0	0.0	0.0	0.0	0.0	0.0	0.0	0.0	0.0	0.0	0.0	0.0	
Olive-sided Flycatcher	0.0	0.0	0.0	0.0	0.0	0.0	0.0	0.0	0.0	0.0	0.0	0.0	0.0	0.0	0.0	1.248E-4	3.984E-4	0.0068585	0.0345831	0.0386274	0.0123802	5.333E-4	0.0	0.0	0.0	0.0	0.0	0.0016188	0.0015252	0.0048379	0.0226795	0.0214848	0.0454023	0.0402194	0.0172043	0.0039139	2.498E-4	4.948E-4	0.0	0.0	0.0	0.0	0.0	0.0	0.0	0.0	0.0	0.0	
Eastern Wood-Pewee	0.0	0.0	0.0	0.0	0.0	0.0	0.0	0.0	0.0	0.0	0.0	0.0	0.0	0.0	1.714E-4	1.248E-4	0.0132784	0.0703335	0.1971558	0.207388	0.1385783	0.0608	0.0419708	0.0273196	0.0178571	0.0131579	0.0070588	0.005261	0.0111845	0.0232221	0.0667787	0.1465744	0.2227011	0.3199269	0.3099164	0.2652751	0.1886085	0.0588817	0.0173722	0.0021268	8.396E-4	0.0	0.0	0.0	0.0	0.0	0.0	0.0	
Western/Eastern Wood-Pewee	0.0	0.0	0.0	0.0	0.0	0.0	0.0	0.0	0.0	0.0	0.0	0.0	0.0	0.0	0.0	0.0	0.0	0.0	0.0	0.0	0.0	0.0	0.0	0.0	0.0	0.0	0.0	0.0	0.0	0.0	0.0	0.0	0.0	5.223E-4	0.0	4.349E-4	0.0	2.474E-4	0.0	0.0	0.0	0.0	0.0	0.0	0.0	0.0	0.0	0.0	
pewee sp. (Contopus sp.)	0.0	0.0	0.0	0.0	0.0	0.0	0.0	0.0	0.0	0.0	0.0	0.0	0.0	0.0	0.0	0.0	0.0	0.0	0.0	0.0	0.0	0.0	0.0	0.0	0.0	0.0	0.0	0.0	0.0	0.0	0.0	0.0	2.874E-4	0.0	0.0	0.0	0.0	0.0	0.0	0.0	0.0	0.0	0.0	0.0	0.0	0.0	0.0	0.0	
Yellow-bellied Flycatcher	0.0	0.0	0.0	0.0	0.0	0.0	0.0	0.0	0.0	0.0	0.0	0.0	0.0	0.0	0.0	0.0	0.0	5.379E-4	0.0072721	0.0159385	0.0075879	0.0	0.0	0.0	0.0	0.0	0.0	0.0	0.0	0.0014514	0.0100798	0.0133683	0.0192529	0.0154087	0.0062127	0.0041313	0.0014989	4.948E-4	0.0	1.933E-4	0.0	0.0	0.0	0.0	0.0	0.0	0.0	0.0	
Acadian Flycatcher	0.0	0.0	0.0	0.0	0.0	0.0	0.0	0.0	0.0	0.0	0.0	0.0	0.0	0.0	0.0	0.0	1.328E-4	9.414E-4	0.0067873	0.0200638	0.0227636	0.0368	0.0206813	0.0206186	0.0092593	0.0062657	0.0064706	0.0080939	0.0045755	0.0029028	0.00126	2.387E-4	8.621E-4	0.0010447	7.168E-4	0.0	0.0	0.0	0.0	0.0	0.0	0.0	0.0	0.0	0.0	0.0	0.0	0.0	
Alder Flycatcher	0.0	0.0	0.0	0.0	0.0	0.0	0.0	0.0	0.0	0.0	0.0	0.0	0.0	0.0	0.0	0.0	0.0	0.0	0.0033937	0.0112507	0.0031949	5.333E-4	0.0	0.0	0.0	0.0	0.0	0.0	0.0	0.0	0.0021	0.0028646	0.0014368	0.0018282	2.389E-4	0.0	0.0	0.0	0.0	0.0	0.0	0.0	0.0	0.0	0.0	0.0	0.0	0.0	
Willow Flycatcher	0.0	0.0	0.0	0.0	0.0	0.0	0.0	0.0	0.0	0.0	0.0	0.0	0.0	0.0	0.0	0.0	0.0	0.0092792	0.0531674	0.1081943	0.1485623	0.1264	0.1210462	0.0927835	0.0793651	0.0996241	0.1029412	0.0938891	0.0549059	0.0449927	0.0314994	0.0296013	0.0017241	0.0010447	2.389E-4	6.523E-4	0.0	0.0	0.0	0.0	0.0	0.0	0.0	0.0	0.0	0.0	0.0	0.0	
Alder/Willow Flycatcher (Traill's Flycatcher)	0.0	0.0	0.0	0.0	0.0	0.0	0.0	0.0	0.0	0.0	0.0	0.0	0.0	0.0	0.0	0.0	0.0	0.0018827	0.0106658	0.0142509	0.004393	0.0026667	0.0024331	0.0010309	0.0013228	0.0025063	0.0011765	4.047E-4	0.0015252	0.0077407	0.0159597	0.0338983	0.0321839	0.0276835	0.0081243	0.003479	0.0012491	2.474E-4	0.0	0.0	0.0	0.0	0.0	0.0	0.0	0.0	0.0	0.0	
Least Flycatcher	0.0	0.0	0.0	0.0	0.0	0.0	0.0	0.0	0.0	0.0	0.0	0.0	0.0	1.973E-4	0.0	0.0043668	0.0523171	0.0839161	0.0827408	0.0337521	0.0023962	0.0	0.0	0.0	0.0	0.0	0.0	0.0	0.0	0.002419	0.0142797	0.0424922	0.0425287	0.0389136	0.0241338	0.0076104	0.0014989	2.474E-4	4.894E-4	5.8E-4	8.396E-4	0.0	3.193E-4	5.576E-4	0.0	0.0	0.0	0.0	
Empidonax sp.	0.0	0.0	0.0	0.0	0.0	0.0	0.0	0.0	0.0	0.0	0.0	0.0	2.131E-4	1.973E-4	0.0	3.743E-4	0.0047802	0.0130446	0.033775	0.0363773	0.0159744	0.0085333	0.0030414	0.0020619	0.0013228	0.0025063	0.0023529	0.0032376	0.0081342	0.030479	0.0571189	0.0938171	0.0939655	0.1000261	0.0802867	0.0471842	0.0067449	0.0019792	0.0015	0.0	0.0	0.0	0.0	0.0	3.712E-4	0.0	0.0	0.0	
Eastern Phoebe	0.0108363	0.0060994	0.0072484	0.0078374	0.0039841	0.004443	0.0082459	0.0037302	0.0095046	0.0631551	0.1957808	0.4337454	0.5414447	0.4018544	0.1795751	0.0529008	0.0266897	0.0211135	0.0193924	0.0091881	0.0075879	0.0037333	0.0024331	0.0036082	0.005291	0.0068922	0.0047059	0.005261	0.0111845	0.0188679	0.0205796	0.0269754	0.0491379	0.0621572	0.2133811	0.407045	0.5156133	0.5121227	0.4837289	0.3571152	0.2141058	0.0657634	0.0296935	0.0203513	0.0129918	0.0117601	0.0115465	0.0085612	
Say's Phoebe	0.0	0.0	0.0	0.0	0.0	0.0	0.0	0.0	0.0	0.0	0.0	0.0	0.0	0.0	0.0	0.0019963	0.0	0.0	0.0	0.0	0.0	0.0	0.0	0.0	0.0	0.0	0.0	0.0	0.0	0.0	0.0	0.0	0.0	0.0	0.0	0.0015	0.0	0.0	0.0	0.0	0.0	0.0	0.0	0.0	0.0	0.0	0.0	0.0	
Ash-throated Flycatcher	0.008245	0.0	0.0	0.0	0.0	0.0	0.0	0.0	0.0	0.0	0.0	0.0	0.0	0.0	0.0	0.0	0.0	0.0	0.0	0.0	0.0	0.0	0.0	0.0	0.0	0.0	0.0	0.0	0.0	0.0	0.0	0.0	0.0015	0.0	0.0	0.0	0.0	0.0	9.787E-4	0.0092807	0.0011195	0.0115664	0.0427842	0.0228603	0.0118782	0.001568	0.0073478	0.0118752	
Great Crested Flycatcher	0.0	0.0	0.0	0.0	0.0	0.0	0.0	0.0	0.0	0.0	0.0	0.0	0.0	0.0	0.0015422	0.0350593	0.1673085	0.1781872	0.166128	0.15976	0.1086262	0.0666667	0.0553528	0.0469072	0.0383598	0.0513784	0.0388235	0.0376366	0.0421962	0.0503145	0.0907182	0.1425161	0.1350575	0.1290154	0.0611708	0.0128289	0.0017487	2.474E-4	4.894E-4	0.0	0.0	0.0	0.0	0.0	0.0	0.0	0.0	0.0	
Myiarchus sp.	0.0	3.05E-4	0.0	0.0	0.0	0.0	0.0	0.0	0.0	0.0	0.0	0.0	0.0	0.0	0.0	0.0	0.0	0.0	0.0	0.0	0.0	0.0	0.0	0.0	0.0	0.0	0.0	0.0	0.0	0.0	0.0	0.0	0.0	0.0	0.0	0.0	0.0	0.0	0.0	0.0	2.799E-4	0.0	0.0	0.0	0.0	0.0	0.0	0.0	
Tropical/Couch's Kingbird	0.0	0.0	0.0	0.0	0.0	0.0	0.0	0.0	0.0	0.0	0.0	0.0	0.0	0.0	0.0	0.0	0.0	0.0	0.0	0.0	0.0	0.0	0.0	0.0	0.0	0.0150376	0.0	0.0	0.0	0.0	0.0	0.0	0.0	0.0	0.0	0.0	0.0	0.0	0.0	0.0	0.0	0.0	0.0	0.0	0.0	0.0	0.0	0.0	
Cassin's Kingbird	0.0073027	0.0	0.0	0.0	0.0	0.0	0.0	0.0	0.0	0.0	0.0	0.0	0.0	0.0	0.0	0.0	0.0	0.0	0.0	0.0	0.0	0.0	0.0	0.0	0.0	0.0	0.0	0.0	0.0	0.0	0.0	0.0	0.0	0.0	0.0	0.0	0.0	0.0	0.0	0.0	0.0	0.0	3.193E-4	0.0306663	0.0100223	0.002352	0.0013996	0.0057995	
Western Kingbird	0.0	0.0	0.0	0.0	0.0	0.0	0.0	0.0	0.0	0.0	0.0	0.0	0.0	0.0	0.0	0.0	0.0	0.0	0.0	0.0	0.0	0.0	0.0	0.0	0.0	0.0	0.0	0.0	0.0	0.0	0.0	0.0	0.0	0.0	0.0016726	6.523E-4	0.0	0.020287	0.0015	0.0011601	0.0030786	0.0155321	0.0	0.0	0.0	0.0	3.499E-4	0.0	
yellow-bellied kingbird sp.	0.0	0.0	0.0	0.0	0.0	0.0	0.0	0.0	0.0	0.0	0.0	0.0	0.0	0.0	0.0	0.0	0.0	0.0	0.0	1.875E-4	0.0	0.0	0.0	0.0	0.0	0.0	0.0	0.0	0.0	0.0	0.0	0.0	0.0	0.0	0.0	0.0	0.0	0.0	0.0	0.0	0.0	0.0	0.0	0.0	0.0	0.0	0.0	0.0	
Eastern Kingbird	0.0	0.0	0.0	0.0	0.0	0.0	0.0	0.0	0.0	0.0	0.0	0.0	2.131E-4	0.005721	0.016621	0.0573924	0.1740805	0.2516138	0.2926632	0.2402025	0.1749201	0.1402667	0.1259124	0.1448454	0.167328	0.1773183	0.1905882	0.2108458	0.2099644	0.2351234	0.251575	0.1816663	0.0896552	0.0493601	0.0243728	0.0041313	9.993E-4	4.948E-4	0.0	0.0	0.0	0.0	0.0	0.0	0.0	0.0	0.0	0.0	
Gray Kingbird	0.0	0.0	0.0	0.0	0.0	0.0	0.0	0.0	0.0	0.0	0.0	0.0	0.0	0.0	0.0	0.0	0.0	0.0	0.0	0.0	0.0	0.0	0.0	0.0	0.0	0.0	0.0	0.0	0.0	0.0	0.0	0.0015	0.0	0.0	0.0	0.0	0.0	0.0	0.0	0.0	0.0	0.0029742	0.0137292	0.0	0.0	0.0	0.0	0.0	
Scissor-tailed Flycatcher	0.0	0.0	0.0	0.0	0.0	0.0	0.0	0.0	0.0	0.0	0.0	0.0	0.0	0.0	8.568E-4	0.0	0.0	0.0	1.616E-4	0.0	0.0	0.0	0.0	0.0	0.0	0.0	0.0	0.0	0.0	0.0	0.0	0.0	0.0	0.0	0.0	0.0	0.0	0.0	0.0	0.0	0.0	0.0	0.0	0.0	0.0	0.0	0.0	0.0	
Fork-tailed Flycatcher	0.0	0.0	0.0	0.0	0.0	0.0	0.0	0.0	0.0	0.0	0.0	0.0	0.0	0.0	0.0	0.0	0.0	0.0	0.0	0.0	0.0	0.0	0.0	0.0	0.0	0.0	0.0015	0.0	0.0	0.0	0.0	0.0	0.0	0.0	0.0	0.0	0.0	0.0	0.0	0.0	0.0	0.0	0.0	0.0	0.0	0.0	0.0	0.0	
Tyrannus sp.	0.0	0.0	0.0	0.0	0.0	0.0	0.0	0.0	0.0	0.0	0.0	0.0	0.0	0.0	0.0	0.0	0.0	0.0	0.0	0.0	0.0	0.0	0.0	0.0	0.0	0.0	0.0	4.047E-4	0.0	0.0	0.0	0.0	0.0	0.0	0.0	0.0	0.0	0.0	2.447E-4	0.0	0.0	0.0	0.0	0.0	0.0	0.0	0.0	0.0	
new world flycatcher sp.	0.0	0.0	0.0	0.0	0.0	0.0	0.0	0.0	0.0	0.0	0.0	0.0	0.0	0.0	0.0	0.0	1.328E-4	0.0	0.0014544	0.0015001	3.994E-4	5.333E-4	0.0	0.0	0.0	6.266E-4	5.882E-4	8.094E-4	5.084E-4	0.002419	0.0025199	0.0014323	0.0025862	0.0023505	0.0026284	0.0021744	0.0012491	4.948E-4	2.447E-4	0.0	0.0	0.0	0.0	2.788E-4	3.712E-4	0.0	0.0	0.0	
White-eyed Vireo	4.711E-4	3.05E-4	2.788E-4	7.348E-4	0.0010866	0.0	0.0	0.0	0.0	0.0	0.0	1.741E-4	8.523E-4	0.007102	0.0301576	0.0444167	0.0637366	0.0568854	0.0379767	0.0223139	0.0155751	0.0165333	0.020073	0.0216495	0.0277778	0.018797	0.0152941	0.0178066	0.0167768	0.0241896	0.0272995	0.0257818	0.0387931	0.0336903	0.0305854	0.0163079	0.0069948	0.003711	0.0048936	0.0030936	0.0	3.305E-4	6.386E-4	0.0	0.0014848	3.92E-4	0.0010497	5.523E-4	
Yellow-throated Vireo	0.0	0.0	0.0	0.0	0.0	0.0	0.0	0.0	0.0	0.0	0.0	0.0	0.0	7.891E-4	0.010281	0.0316906	0.0632054	0.0476062	0.0234324	0.0026252	0.0011981	0.0	0.0	0.0	0.0	0.0	0.0	0.0	0.0	4.838E-4	4.2E-4	0.0033421	0.0083333	0.0091408	0.0081243	0.0030441	7.494E-4	4.948E-4	2.447E-4	1.933E-4	0.0	0.0	0.0	0.0	0.0	0.0	0.0	0.0	
Blue-headed Vireo	0.0	3.05E-4	0.0	0.0	0.0	0.0	0.0	0.0	0.0	0.0	0.0	0.0	0.0040486	0.0295916	0.1545579	0.2979414	0.3095206	0.2071006	0.083064	0.0075005	3.994E-4	0.0	0.0	0.0	6.614E-4	0.0	0.0	0.0	0.0	0.0	4.2E-4	4.774E-4	0.0011494	0.0125359	0.0544803	0.1102414	0.1623782	0.2011381	0.2155615	0.1144625	0.0556955	0.0171844	0.0095785	0.0036242	0.0033408	7.84E-4	0.0	0.0	
Cassin's/Blue-headed Vireo	0.0	0.0	0.0	0.0	0.0	0.0	0.0	0.0	0.0	0.0	0.0	0.0	0.0	0.0	0.0	0.0	0.0	0.0	0.0	0.0	0.0	0.0	0.0	0.0	0.0	0.0	0.0	0.0	0.0	0.0	0.0	0.0	0.0	0.0	0.0	0.0	0.0	0.0	2.447E-4	1.933E-4	0.0	0.0	0.0	0.0	0.0	0.0	0.0	0.0	
solitary vireo sp.	0.0	0.0	0.0	0.0	0.0	0.0	0.0	0.0	0.0	0.0	0.0	0.0	0.0	0.0	0.0	1.248E-4	2.656E-4	0.0	0.0	0.0	0.0	0.0	0.0	0.0	0.0	0.0	0.0	0.0	0.0	0.0	0.0	0.0	0.0	0.0	0.0	0.0	0.0	0.0	0.0	1.933E-4	0.0	0.0	0.0	0.0	0.0	0.0	0.0	0.0	
Philadelphia Vireo	0.0	0.0	0.0	0.0	0.0	0.0	0.0	0.0	0.0	0.0	0.0	0.0	0.0	0.0	0.0	0.0	0.0015	4.034E-4	3.232E-4	7.5E-4	0.0	0.0	0.0	0.0	0.0	0.0	0.0	0.0	5.084E-4	0.0	0.0	0.0038195	0.0051724	0.0266388	0.0492234	0.0130463	0.0052461	0.0014844	4.894E-4	5.8E-4	2.799E-4	0.0	6.386E-4	0.0	0.0	0.0	0.0	0.0	
Eastern Warbling Vireo	0.0	0.0	0.0	0.0	0.0	0.0	0.0	0.0	0.0	0.0	0.0	0.0	0.0	1.973E-4	0.0046265	0.1409857	0.332094	0.3657881	0.3884939	0.3515845	0.2879393	0.2490667	0.2153285	0.193299	0.1832011	0.1842105	0.1558824	0.1323351	0.1123538	0.1388486	0.1684166	0.1845309	0.2488506	0.1705406	0.0774194	0.0141335	0.0014989	4.948E-4	2.447E-4	0.0	5.598E-4	0.0	0.0	0.0	0.0	0.0	0.0	0.0	
Philadelphia/Eastern Warbling Vireo	0.0	0.0	0.0	0.0	0.0	0.0	0.0	0.0	0.0	0.0	0.0	0.0	0.0	0.0	0.0	0.0	1.328E-4	5.379E-4	8.08E-4	1.875E-4	0.0	0.0	0.0	0.0	0.0	0.0	0.0	0.0	0.0	0.0	0.0	7.162E-4	0.0014368	0.0057456	0.0054958	0.0047836	0.0017487	0.0	0.0	0.0	0.0	0.0	0.0	0.0	0.0	0.0	0.0	0.0	
Red-eyed Vireo	0.0	0.0	0.0	0.0	0.0	0.0	0.0	0.0	0.0	0.0	0.0	0.0	0.0	0.0	0.0039411	0.0167187	0.1372992	0.2451587	0.3358112	0.271892	0.1557508	0.0672	0.0498783	0.0438144	0.0343915	0.0463659	0.0358824	0.0279239	0.0401627	0.0657958	0.1356573	0.2098353	0.3227011	0.4322277	0.4334528	0.3270276	0.2240819	0.1150421	0.0337656	0.0090874	0.0033585	0.0013219	0.0	0.0	0.0	0.0	0.0	0.0	
Philadelphia/Red-eyed Vireo	0.0	0.0	0.0	0.0	0.0	0.0	0.0	0.0	0.0	0.0	0.0	0.0	0.0	0.0	0.0	0.0	0.0	0.0	0.0	0.0015	0.0	0.0	0.0	0.0	0.0	0.0	0.0	0.0	0.0	0.0	4.2E-4	0.0	8.621E-4	5.223E-4	4.779E-4	6.523E-4	2.498E-4	2.474E-4	0.0	3.867E-4	0.0	0.0	0.0	0.0	0.0	0.0	0.0	0.0	
vireo sp.	0.0	0.0	0.0	0.0	0.0	0.0	0.0	0.0	0.0	0.0	0.0	0.0	2.131E-4	1.973E-4	1.714E-4	9.981E-4	0.0021246	0.0029586	0.002424	0.0033752	0.0015974	0.0	0.0	0.0	0.0	0.0	0.0	0.0	5.084E-4	9.676E-4	8.4E-4	0.0038195	0.0043103	0.0070514	0.0059737	0.0043488	2.498E-4	2.474E-4	4.894E-4	0.0	0.0	0.0	0.0	0.0	0.0	0.0	0.0	0.0	
Loggerhead Shrike	0.0	0.0	0.0	0.0	0.0	0.0	0.0	0.0	0.0	0.0	0.0	1.741E-4	2.131E-4	0.0	1.714E-4	0.0	0.0	0.0	0.0	1.875E-4	0.0	0.0	0.0	0.0	0.0	0.0	0.0	0.0	0.0	0.0	0.0	0.0	0.0	0.0	0.0015	2.174E-4	0.0	0.0	0.0	0.0	0.0	0.0	0.0	0.0	0.0	0.0	0.0	0.0	
Northern Shrike	2.356E-4	0.0015249	5.576E-4	2.449E-4	0.0015	0.0	0.0032484	3.108E-4	0.0014401	0.0	0.003859	1.741E-4	2.131E-4	5.918E-4	3.427E-4	0.0	0.0	0.0	0.0	0.0	0.0	0.0	0.0	0.0	0.0	0.0	0.0	0.0	0.0	0.0	0.0	0.0	0.0	0.0	0.0	0.0	0.0	0.0	0.0	0.0	2.799E-4	0.0	3.193E-4	2.788E-4	0.0	3.92E-4	0.0038488	0.0019332	
Blue Jay	0.35053	0.347057	0.2904934	0.3228019	0.3310395	0.3741669	0.3718141	0.3702207	0.4023618	0.450954	0.4708001	0.5091416	0.5665885	0.5699349	0.5589445	0.5811603	0.5553047	0.4959656	0.4392372	0.3465217	0.2623802	0.2613333	0.1970803	0.1948454	0.2202381	0.2218045	0.2082353	0.238365	0.2364006	0.2854378	0.3422932	0.3778945	0.4439655	0.51345	0.5703704	0.6073059	0.6222833	0.6249381	0.6354294	0.5759861	0.5734677	0.4844679	0.4747765	0.446334	0.4242762	0.4135633	0.3855843	0.3661972	
Black-billed Magpie	0.0	0.0	0.0	0.0	0.0	0.0	0.0	0.0	0.0	0.0	2.573E-4	0.0	0.0	0.0	0.0	0.0	0.0	0.0	0.0	0.0	0.0	0.0	0.0	0.0	0.0	0.0	0.0	0.0	0.0	0.0	0.0	0.0	0.0	0.0	0.0	0.0	0.0	0.0	0.0	0.0	0.0	0.0	0.0	0.0	0.0	0.0	0.0	0.0	
American Crow	0.2252061	0.2412321	0.2347365	0.2637766	0.2712785	0.2589654	0.2618691	0.2934411	0.3038594	0.3353937	0.3154103	0.2833014	0.2358832	0.2138489	0.1982522	0.1908921	0.1954588	0.201049	0.1745314	0.1921995	0.1797125	0.1829333	0.1648418	0.185567	0.1845238	0.1879699	0.1929412	0.1521651	0.1769192	0.1693275	0.1742965	0.1589878	0.1801724	0.1974406	0.2227001	0.2611437	0.2682988	0.2931717	0.2999755	0.3110982	0.2849146	0.2782551	0.291507	0.3033175	0.2835932	0.2834183	0.2890133	0.2510356	
Fish Crow	0.0621908	0.073803	0.0677446	0.0898849	0.1035857	0.0917169	0.0922039	0.1364625	0.1670507	0.1631282	0.1625933	0.1412154	0.1208182	0.128625	0.1098355	0.0918278	0.0824592	0.0687197	0.0735294	0.0793175	0.0870607	0.0773333	0.0748175	0.0737113	0.0978836	0.0745614	0.0782353	0.0566572	0.052364	0.0377358	0.0272995	0.0095488	0.0103448	0.0094019	0.0097969	0.0067406	0.0094929	0.0163286	0.0146807	0.0340294	0.050098	0.0525446	0.0689655	0.0722052	0.0764662	0.0823207	0.0864241	0.0814692	
American/Fish Crow	0.0	9.149E-4	0.0	2.449E-4	0.0014488	0.0022215	4.998E-4	3.108E-4	0.0011521	0.0013437	0.0018009	0.001393	0.0017047	7.891E-4	5.141E-4	0.0014972	0.0011951	8.069E-4	9.696E-4	0.0018751	0.0023962	0.0021333	0.0015	0.0015464	0.0019841	0.0012531	0.0029412	8.094E-4	5.084E-4	0.0	8.4E-4	0.0	5.747E-4	0.0015	7.168E-4	0.0013046	4.996E-4	0.001237	0.0	5.8E-4	0.0016793	9.914E-4	0.0028736	0.0025091	3.712E-4	7.84E-4	0.0010497	0.001657	
crow sp.	0.0254417	0.031717	0.0298299	0.023757	0.0336834	0.0330054	0.027986	0.0354367	0.0383065	0.0478366	0.0447646	0.0433571	0.0387812	0.0404419	0.0347841	0.0361822	0.03386	0.0254169	0.0332902	0.0375023	0.0411342	0.0378667	0.0346715	0.0273196	0.0396825	0.033208	0.0329412	0.0327803	0.0208439	0.0193517	0.0247795	0.0176653	0.0132184	0.0148864	0.0124253	0.0173951	0.0242318	0.020287	0.0232444	0.0303558	0.0285474	0.0376735	0.041507	0.0418177	0.0345212	0.0286162	0.0374388	0.0256835	
Common Raven	0.0233216	0.0262275	0.0234179	0.0286554	0.0340456	0.0311012	0.0329835	0.0413429	0.0599078	0.0593926	0.0416774	0.0379593	0.0362242	0.03768	0.0376971	0.030942	0.0302749	0.027972	0.028927	0.0221264	0.0179712	0.0128	0.020073	0.0128866	0.0251323	0.0150376	0.0223529	0.01983	0.024911	0.0266086	0.0365393	0.0303175	0.0267241	0.0402194	0.0425329	0.035225	0.0314764	0.0482434	0.0513824	0.0440835	0.0369437	0.0383344	0.0446999	0.0370783	0.0467706	0.0333203	0.0353394	0.0287213	
crow/raven sp.	0.0011779	0.0012199	5.576E-4	7.348E-4	3.622E-4	9.521E-4	0.0012494	3.108E-4	0.0011521	0.0016125	0.0020581	0.0033084	0.0017047	0.0011837	0.0011995	0.001622	9.295E-4	0.0017483	0.0017776	0.0020626	0.0031949	0.0021333	0.0018248	0.0010309	0.0019841	0.0012531	5.882E-4	8.094E-4	5.084E-4	9.676E-4	4.2E-4	4.774E-4	2.874E-4	7.835E-4	9.558E-4	0.0015221	4.996E-4	0.001237	0.0019574	9.667E-4	0.0011195	0.0023133	3.193E-4	5.576E-4	7.424E-4	0.001176	0.0013996	0.0024855	
corvid sp.	0.0	0.0	0.0	0.0	0.0	0.0	0.0	0.0	0.0	0.0	0.0	0.0	0.0	0.0	0.0	0.0	0.0	0.0	0.0	0.0	3.994E-4	0.0	0.0	5.155E-4	0.0	0.0	0.0	0.0	0.0	0.0	0.0	2.387E-4	0.0	0.0	0.0	0.0	0.0	0.0	2.447E-4	1.933E-4	0.0	0.0	0.0	0.0	0.0	0.0	0.0	0.0	
Black-capped Chickadee	0.2315665	0.2329979	0.2129914	0.2189566	0.2097066	0.2116788	0.1974013	0.227852	0.2439516	0.2751948	0.2688449	0.277207	0.2912849	0.234563	0.1770048	0.1144105	0.0695791	0.0584992	0.0468649	0.0354397	0.0319489	0.0218667	0.0291971	0.0252577	0.0224868	0.0263158	0.0164706	0.023877	0.0310117	0.0343493	0.0575388	0.0560993	0.0548851	0.0509271	0.0480287	0.0417482	0.0457157	0.0650668	0.1103499	0.1825213	0.2401343	0.2653668	0.2761814	0.2433789	0.2156644	0.247746	0.2172848	0.2104391	
Carolina/Black-capped Chickadee	0.0	0.0	0.0	0.0	0.0	0.0	0.0	0.0	0.0	0.0	0.0	1.741E-4	0.0	0.0	0.0	0.0	0.0	0.0	0.0	0.0	0.0	0.0	0.0	0.0	0.0	0.0	0.0	0.0	0.0	0.0	0.0	0.0	0.0	0.0	0.0	0.0	0.0	0.0	0.0	0.0	0.0	0.0	0.0	0.0	0.0	0.0	0.0	0.0	
Boreal Chickadee	0.0	0.0	0.0	0.0	0.0	0.0	0.0	0.0	0.0	0.0	0.0	0.0	0.0	0.0	0.0	0.0	0.0	0.0	0.0	0.0	0.0	0.0	0.0	0.0	0.0	0.0	0.0	0.0	0.0	0.0	0.0	0.0	0.0	0.0	0.0	0.0	0.0	0.0	0.0	0.0	0.0	3.305E-4	0.0	0.0	0.0	0.0	0.0	0.0	
chickadee sp.	0.0	0.0	0.0	0.0	0.0	0.0	0.0	0.0	0.0	0.0	0.0	0.0	0.0	0.0	0.0	0.0	0.0	0.0	0.0	0.0	0.0	0.0	0.0	0.0	0.0	0.0	0.0	0.0	0.0	0.0	0.0	0.0	0.0	0.0	0.0	0.0	0.0	0.0	0.0	1.933E-4	0.0	0.0	0.0	0.0	0.0	0.0	0.0	0.0	
Tufted Titmouse	0.2157833	0.1875572	0.1711737	0.1805045	0.1785585	0.1939067	0.1824088	0.1998757	0.219182	0.2545015	0.2418317	0.2597945	0.2646495	0.2379167	0.1967101	0.1630692	0.1233568	0.0979021	0.0646412	0.0596287	0.0319489	0.0256	0.0225061	0.0128866	0.0171958	0.0162907	0.0094118	0.0076892	0.0106762	0.0159652	0.0277194	0.0307949	0.0247126	0.0214155	0.0169654	0.0219613	0.0294779	0.0851064	0.1974553	0.2525135	0.2630842	0.2197621	0.2448914	0.2389183	0.2115813	0.2355939	0.2025892	0.2027064	
parid sp.	0.0	0.0	0.0	0.0	0.0	0.0	0.0	0.0	0.0	0.0	0.0	0.0	0.0	0.0	0.0	0.0	0.0	0.0	0.0	0.0	0.0	0.0	0.0	0.0	0.0	0.0	0.0	0.0	0.0	0.0	0.0	0.0	0.0	0.0	0.0	0.0	0.0	0.0	0.0	1.933E-4	0.0	0.0	0.0	0.0	0.0	0.0	0.0	0.0	
Horned Lark	0.0200236	0.0219579	0.0242543	0.0171443	0.0318725	0.0358616	0.0207396	0.0220703	0.0184332	0.0166622	0.0090044	0.0052238	2.131E-4	1.973E-4	0.0	2.495E-4	0.0	1.345E-4	3.232E-4	0.0	0.0	0.0	0.0	0.0	0.0	0.0	5.882E-4	0.0	0.0	0.0	4.2E-4	0.0	2.874E-4	0.0	0.0	0.0013046	0.0014989	7.422E-4	7.34E-4	0.0027069	0.0041982	0.0135492	0.0207535	0.0281572	0.0237565	0.0215602	0.0311407	0.0207125	
Bank Swallow	0.0	0.0	0.0	0.0	0.0	0.0	0.0	0.0	0.0	0.0	0.0	0.0	0.0015	1.973E-4	0.0035984	0.011728	0.0164653	0.0240721	0.0179379	0.0208138	0.0255591	0.0165333	0.0218978	0.0201031	0.0330688	0.0526316	0.0670588	0.0785107	0.0518556	0.0430576	0.0302394	0.0169492	0.0048851	0.0028728	2.389E-4	0.0	0.0	0.0	0.0	0.0	0.0	0.0	0.0	0.0	0.0	0.0	0.0	0.0	
Tree Swallow	0.0023557	0.0057944	0.0066908	0.0066128	0.0072438	0.0066646	0.0032484	0.0024868	0.0054724	0.0091373	0.0246977	0.0611179	0.1924142	0.1680805	0.1836875	0.1776669	0.1256141	0.1393222	0.1069813	0.1226327	0.1421725	0.1189333	0.1246959	0.1216495	0.1322751	0.1491228	0.1394118	0.1517604	0.1311642	0.1359458	0.0877782	0.0847458	0.0422414	0.0318621	0.0157706	0.0376169	0.0657007	0.0420584	0.0384145	0.0402166	0.0111951	0.0122274	0.0181992	0.0069696	0.0025984	0.0098001	0.0073478	0.009942	
Purple Martin	0.0	0.0	0.0	0.0	0.0	0.0	0.0	0.0	0.0	0.0	0.0	0.0015671	0.0059663	0.0	0.0015422	0.0024953	0.0026557	0.0014793	0.0019392	0.0030002	0.0019968	0.0	0.0012165	0.0015464	6.614E-4	0.0018797	5.882E-4	0.0012141	0.0040671	0.0125786	0.0083998	0.0083552	0.0017241	0.0015	0.0	0.0	0.0	0.0	0.0	0.0	0.0	0.0	0.0	0.0	0.0	0.0	0.0	0.0	
Gray-breasted Martin	0.0	0.0	0.0	0.0	0.0	0.0	0.0	0.0	0.0	0.0	0.0	0.0	0.038355	0.0	0.0	0.0	0.0	0.0	0.0	0.0	0.0	0.0	0.0	0.0	0.0	0.0	0.0	0.0	0.0	0.0	0.0	0.0	0.0	0.0	0.0	0.0	0.0	0.0	0.0	0.0	0.0	0.0	0.0	0.0	0.0	0.0	0.0	0.0	
new world martin sp. (Progne sp.)	0.0	0.0	0.0	0.0	0.0	0.0	0.0	0.0	0.0	0.0	0.0	0.0	0.0038355	0.0	0.0	0.0	0.0	0.0	0.0	0.0	0.0	0.0	0.0	0.0	0.0	0.0	0.0	0.0	0.0010168	0.0	0.0	0.0	0.0	0.0	0.0	0.0	0.0	0.0	0.0	0.0	0.0	0.0	0.0	0.0	0.0	0.0	0.0	0.0	
Northern Rough-winged Swallow	0.0	0.0	0.0	0.0	0.0	0.0	0.0	0.0	0.0	0.0	0.0	0.0024378	0.035798	0.0459657	0.0986977	0.1333749	0.1080866	0.116326	0.0675501	0.0656291	0.0227636	0.0144	0.0091241	0.0185567	0.0231481	0.0206767	0.0152941	0.0250911	0.0198271	0.0058055	0.0046199	0.0035808	0.0	2.612E-4	0.0	6.523E-4	0.0	2.474E-4	2.447E-4	1.933E-4	0.0	0.0	0.0	0.0	3.712E-4	0.0	0.0	0.0	
Barn Swallow	0.0	0.0	0.0	0.0	0.0	0.0	0.0	0.0	0.0	0.0	0.0	0.0053979	0.0622203	0.0828566	0.2232694	0.3270119	0.3585181	0.4144701	0.4358436	0.479655	0.4732428	0.4682667	0.4738443	0.4840206	0.5033069	0.5288221	0.5241176	0.5224605	0.5358414	0.5510402	0.4943301	0.3115302	0.1327586	0.0540611	0.0081243	0.0047836	4.996E-4	9.896E-4	0.0012234	5.8E-4	5.598E-4	0.0	0.0035121	0.0	0.0	0.0	0.0	0.0	
Cliff Swallow	0.0	0.0	0.0	0.0	0.0	0.0	0.0	0.0	0.0	0.0	0.0	5.224E-4	6.392E-4	0.0	5.141E-4	9.981E-4	0.0022573	0.0079344	0.002424	0.0048753	0.0055911	0.0037333	0.0060827	0.0061856	0.0072751	0.0062657	0.0041176	0.0044516	0.0035587	0.0077407	0.0058799	0.0031034	0.0011494	2.612E-4	4.779E-4	0.0	0.0	0.0	0.0	0.0	2.799E-4	0.0	0.0	0.0	0.0	0.0	0.0	0.0	
Barn x Cliff Swallow (hybrid)	0.0	0.0	0.0	0.0	0.0	0.0	0.0	0.0	0.0	0.0	0.0	0.0	0.0	0.0	0.0	0.0	0.0	0.0	0.0	0.0	0.0	0.0	0.0	0.0	0.0	0.0	0.0	0.0	0.0	0.0	4.2E-4	0.0	0.0	0.0	0.0	0.0	0.0	0.0	0.0	0.0	0.0	0.0	0.0	0.0	0.0	0.0	0.0	0.0	
Cave Swallow	0.0	0.0	0.0	0.0	0.0	0.0	0.0	0.0	0.0	0.0	0.0	0.0	0.0	0.0	0.0	0.0	0.0	0.0	0.0	0.0	0.0	0.0	0.0	0.0	0.0	0.0	0.0	0.0	0.0	0.0	0.0	0.0	0.0	0.0	0.0	0.0	0.0	0.0	0.0	0.0	0.0016793	0.0039656	0.0108557	0.0061333	0.0	0.0	0.0	0.0	
Petrochelidon sp.	0.0	0.0	0.0	0.0	0.0	0.0	0.0	0.0	0.0	0.0	0.0	0.0	0.0	0.0	0.0	0.0	0.0	0.0	0.0	0.0	0.0	0.0	0.0	0.0	0.0	0.0	0.0	0.0	0.0	0.0	0.0	0.0	0.0	0.0	0.0	0.0	0.0	0.0	0.0	0.0	0.0	3.305E-4	0.0	0.0	0.0	0.0	0.0	0.0	
swallow sp.	2.356E-4	0.0	0.0	0.0015	3.622E-4	0.0	0.0	0.0	2.88E-4	2.687E-4	0.0	0.0010448	0.0072448	0.0108503	0.0114805	0.0121023	0.0126145	0.0126412	0.0124434	0.0103131	0.0087859	0.008	0.0072993	0.0097938	0.0125661	0.023183	0.0188235	0.0210441	0.0213523	0.0198355	0.0167997	0.0159943	0.008046	0.0070514	0.0031063	0.0058708	0.0022483	0.0014844	0.0012234	0.0011601	0.0027988	0.0029742	0.0041507	8.364E-4	3.712E-4	3.92E-4	0.0	2.762E-4	
Ruby-crowned Kinglet	0.042874	0.0448307	0.0278784	0.0227774	0.0257153	0.0171374	0.0192404	0.034815	0.0334101	0.0384305	0.0455364	0.066864	0.1557639	0.3712764	0.5094243	0.4445415	0.31855	0.1457773	0.0205236	9.376E-4	0.0015974	0.0	6.083E-4	0.0	0.0	0.0	0.0	0.0	0.0	0.0	4.2E-4	9.549E-4	0.0017241	0.0114913	0.1080048	0.2633181	0.4181864	0.5452746	0.620504	0.5177881	0.3789533	0.1966292	0.149106	0.1062169	0.0924276	0.0850647	0.0720784	0.0428059	
Golden-crowned Kinglet	0.0294464	0.0240927	0.0200725	0.0220426	0.0206447	0.023802	0.0194903	0.0304632	0.030818	0.0472991	0.1077952	0.2610134	0.3786491	0.304202	0.1417066	0.0198378	0.0027885	6.724E-4	1.616E-4	0.0	0.0	0.0	0.0	0.0	0.0	0.0	0.0	0.0	0.0	0.0	0.0	0.0	0.0	0.0	0.00454	0.0669711	0.2860355	0.4465611	0.4800587	0.4158933	0.3602015	0.230998	0.1599617	0.0880959	0.0690423	0.0568405	0.0472358	0.0356255	
Ruby-crowned/Golden-crowned Kinglet	0.0	0.0	2.788E-4	0.0	0.0	0.0	0.0	0.0	5.76E-4	5.375E-4	5.145E-4	6.965E-4	0.0034093	0.0019728	0.0022276	0.0012477	6.639E-4	0.0	0.0	0.0	0.0	0.0	0.0	0.0	0.0	0.0	0.0	0.0	0.0	0.0	0.0	0.0	0.0	2.612E-4	0.0	0.0013046	0.003997	0.0061851	0.0100318	0.0071539	0.004478	0.0036352	0.0035121	0.0013939	0.0029696	0.001176	0.0	0.0011047	
White-breasted Nuthatch	0.2073027	0.1909119	0.1580708	0.1753613	0.1800072	0.1786734	0.1636682	0.193037	0.2096774	0.2416017	0.2279393	0.2268849	0.2203281	0.1710397	0.12183	0.0797255	0.0573629	0.0447821	0.0290886	0.0198762	0.0079872	0.0048	0.0091241	0.007732	0.0112434	0.0068922	0.0123529	0.0109268	0.0162684	0.0232221	0.0302394	0.0393889	0.0324713	0.0488378	0.0530466	0.086758	0.1371471	0.2261257	0.2297529	0.2231245	0.2124265	0.1959683	0.2238186	0.2146641	0.2097253	0.2112897	0.1903429	0.1949738	
Red-breasted Nuthatch	0.0365135	0.0414761	0.0351268	0.0360029	0.03477	0.0285624	0.031984	0.0354367	0.0331221	0.053749	0.0517108	0.0370886	0.030684	0.0345236	0.0445511	0.0541485	0.0703758	0.0391339	0.0168067	0.0011251	3.994E-4	0.0	0.0012165	0.0041237	0.0079365	0.0062657	0.0029412	0.0024282	0.0030503	0.0038703	0.0352793	0.0709	0.108046	0.1407678	0.1529271	0.1345945	0.1473895	0.1373083	0.1397113	0.1067285	0.0881612	0.0693985	0.0807791	0.0744355	0.0660728	0.0544884	0.0514346	0.0436344	
nuthatch sp.	7.067E-4	9.149E-4	8.364E-4	2.449E-4	0.0	3.174E-4	7.496E-4	0.0	2.88E-4	2.687E-4	7.718E-4	5.224E-4	4.262E-4	1.973E-4	5.141E-4	3.743E-4	5.311E-4	0.0012103	9.696E-4	0.0	0.0	0.0	0.0	5.155E-4	0.0	0.0	0.0	0.0016188	0.0010168	4.838E-4	0.0	0.0014323	8.621E-4	0.0013058	0.0014337	0.0010872	0.0012491	0.002474	0.0019574	0.0011601	0.0019591	6.609E-4	0.0012771	0.0019515	3.712E-4	3.92E-4	0.0010497	5.523E-4	
Brown Creeper	0.0567727	0.0365965	0.038751	0.0391869	0.0402028	0.0374484	0.0422289	0.0394778	0.0420507	0.0497178	0.0717777	0.1412154	0.2384402	0.2398895	0.1333105	0.0286962	0.0047802	9.414E-4	1.616E-4	0.0015	0.0	0.0	0.0	0.0	0.0	0.0	0.0	0.0	0.0	0.0	0.0	0.0	0.0	0.0	0.0040621	0.0387041	0.1021734	0.1509154	0.1541473	0.1307038	0.1083123	0.0763384	0.0747126	0.0624477	0.0631032	0.0615445	0.0584325	0.0475007	
Blue-gray Gnatcatcher	0.0	0.0	0.0	0.0	0.0	0.0	0.0	0.0	0.0	0.0	0.0	0.0033084	0.0743661	0.1895837	0.2609664	0.2709919	0.2230779	0.1342119	0.0499354	0.0223139	0.0115815	0.0106667	0.0042579	0.0051546	0.0046296	0.0031328	0.0023529	0.0068798	0.0162684	0.0628931	0.1209576	0.103366	0.091092	0.1055106	0.0571087	0.0195695	0.0069948	9.896E-4	0.0014681	1.933E-4	0.0013994	0.0026438	0.0028736	0.0025091	0.001856	0.0	0.0	0.0	
Northern House Wren	4.711E-4	0.0	0.0	0.0	0.0	0.0	0.0	0.0015542	0.0014401	0.0	7.718E-4	0.0	0.0019177	0.0110475	0.0661412	0.2537742	0.3763112	0.3391608	0.3130252	0.2728296	0.2244409	0.1930667	0.1922141	0.1958763	0.1871693	0.1904762	0.1652941	0.1481182	0.1077783	0.1311079	0.151197	0.1176892	0.1350575	0.1634892	0.2198327	0.182431	0.1731202	0.1420089	0.0795204	0.0218484	0.004478	0.0026438	0.0015964	0.0022303	0.001856	0.00196	0.0024493	5.523E-4	
Winter Wren	0.0308598	0.0256176	0.0189573	0.0193485	0.0202825	0.0107902	0.0142429	0.0158533	0.0172811	0.014781	0.0174942	0.0367404	0.0656297	0.0530677	0.0433516	0.0284467	0.0096933	0.0014793	0.0	0.0	0.0	0.0	0.0	0.0	0.0	0.0	0.0	0.0	0.0	0.0	0.0	0.0	8.621E-4	0.0018282	0.0129032	0.0350076	0.07994	0.1476992	0.1487644	0.1508121	0.1105514	0.0690681	0.0597063	0.0415389	0.0434298	0.0501764	0.0374388	0.0226457	
Pacific/Winter Wren	2.356E-4	0.0	0.0	0.0	0.0	0.0	0.0	0.0	0.0	0.0	0.0	6.965E-4	2.131E-4	1.973E-4	0.0	0.0	1.328E-4	0.0	0.0	0.0	0.0	0.0	0.0	0.0	0.0	0.0	0.0	0.0	0.0	0.0	0.0	0.0	0.0	0.0	0.0	2.174E-4	0.0	0.0	0.0	1.933E-4	8.396E-4	0.0	0.0	0.0	0.0	0.0	0.0	0.0	
Sedge Wren	0.0	0.0	0.0	0.0	0.0	0.0	0.0	0.0	0.0	0.0	0.0	0.0	0.0	0.0	0.0	0.0	0.0	0.0	0.0	0.0	0.0	0.0	0.0	0.0	0.0	0.0	0.0	0.0	0.0	0.0	0.0	0.0	0.0	0.0	0.0	0.0	0.0	4.948E-4	0.0	0.0	0.0	0.0	0.0012771	2.788E-4	0.0	0.0	0.0	0.0	
Marsh Wren	4.711E-4	0.0	0.0019515	0.0014695	0.0032597	0.0047604	9.995E-4	0.0027976	0.0023041	0.0032249	0.0051454	0.0015671	0.0027701	0.009272	0.0044551	0.0072364	0.0062409	0.0190963	0.0177763	0.0200638	0.0315495	0.0368	0.0389294	0.0386598	0.0376984	0.047619	0.0370588	0.0376366	0.0213523	0.0120948	0.0130197	0.0078778	0.0109195	0.0133194	0.0126643	0.0173951	0.0182363	0.0158337	0.0051382	0.0110209	0.0025189	9.914E-4	0.0019157	0.0011151	0.0011136	0.00196	0.0027992	2.762E-4	
Carolina Wren	0.1392226	0.1247332	0.108726	0.1207446	0.1256791	0.125357	0.1184408	0.1442338	0.1428571	0.1521096	0.1703113	0.171339	0.189218	0.2045768	0.2047635	0.2087336	0.1898818	0.17617	0.1523917	0.1507594	0.1305911	0.1178667	0.1040146	0.1149485	0.1435185	0.1591479	0.1611765	0.16552	0.1698017	0.2060958	0.248215	0.2456434	0.2715517	0.2501959	0.2322581	0.2111329	0.2170872	0.1853043	0.1869342	0.1686002	0.172684	0.1497026	0.1596424	0.1536103	0.1455085	0.1756174	0.1679496	0.1242751	
Bewick's Wren	0.0	0.0	0.0	0.0	0.0	0.0	0.0	0.0	0.0	0.0	0.0	0.0	0.0	0.0	0.0011995	2.495E-4	0.0	1.345E-4	0.0	0.0	0.0	0.0	0.0	0.0	0.0	0.0	0.0	0.0	0.0	0.0	0.0	0.0	0.0	0.0	0.0	0.0	0.0	0.0	0.0	0.0	0.0	0.0	0.0	0.0	0.0	0.0	0.0	0.0	
wren sp.	2.356E-4	3.05E-4	0.0	0.0	3.622E-4	6.347E-4	0.0	0.0	0.0	0.0	2.573E-4	1.741E-4	4.262E-4	1.973E-4	0.0023989	0.0024953	0.0019918	0.0016138	4.848E-4	1.875E-4	0.0	0.0	0.0	0.0	0.0	0.0	0.0011765	0.0	0.0	4.838E-4	4.2E-4	0.0	2.874E-4	0.0010447	0.0035842	0.005436	0.0064951	0.0089065	0.0070957	0.0040603	2.799E-4	3.305E-4	6.386E-4	2.788E-4	7.424E-4	3.92E-4	3.499E-4	2.762E-4	
European Starling	0.4555948	0.4681305	0.3900195	0.4376684	0.4592539	0.4681054	0.4625187	0.5206714	0.5506912	0.6011825	0.628248	0.6653317	0.7236309	0.7614914	0.74366	0.7700561	0.7478423	0.7462345	0.7448287	0.7464842	0.7519968	0.7333333	0.7104623	0.7010309	0.6832011	0.6422306	0.6641176	0.6677459	0.6487036	0.6618287	0.652247	0.6237766	0.620977	0.6072081	0.5949821	0.6046967	0.597302	0.5601188	0.5446538	0.5235886	0.5141338	0.510575	0.488825	0.4995818	0.4732739	0.4692278	0.5087474	0.4493234	
Gray Catbird	0.0367491	0.0430009	0.0253694	0.0318393	0.0217313	0.0209457	0.0214893	0.0242462	0.0192972	0.0128998	0.0100334	0.0104475	0.0072448	0.0112448	0.0282728	0.3271366	0.7284557	0.7483862	0.6868132	0.6225389	0.5559105	0.5562667	0.5225061	0.5221649	0.5244709	0.504386	0.5076471	0.475516	0.446365	0.5166909	0.5728685	0.5722129	0.6189655	0.6333246	0.6628435	0.6444879	0.5728204	0.5086591	0.3388794	0.2070766	0.1077526	0.0779907	0.0648148	0.0599387	0.0504826	0.0509604	0.0482855	0.0361779	
Brown Thrasher	0.0011779	0.0015	0.0019515	7.348E-4	0.0032597	0.0015868	0.0014993	0.0027976	0.0023041	0.0042999	0.0033445	0.0052238	0.0134242	0.0465575	0.0829335	0.0914535	0.0698446	0.0480097	0.0460569	0.056066	0.0439297	0.0421333	0.0596107	0.0525773	0.0522487	0.0457393	0.0376471	0.0352084	0.034062	0.0270924	0.0331793	0.0358081	0.0454023	0.0582397	0.0812425	0.0741466	0.0644517	0.0366155	0.0168828	0.008314	0.0053177	0.0016523	0.0019157	0.0022303	0.0025984	0.003528	0.0024493	0.0019332	
Northern Mockingbird	0.2704358	0.2820982	0.2383607	0.2730835	0.2756248	0.2757855	0.2723638	0.3046316	0.3162442	0.3781242	0.4175457	0.4126763	0.3959088	0.4067863	0.3977039	0.35733	0.3291728	0.3423884	0.3527796	0.4031502	0.4692492	0.4944	0.4708029	0.4695876	0.4708995	0.5087719	0.5258824	0.5163901	0.4702593	0.4886309	0.4691306	0.4323228	0.4045977	0.4142074	0.418399	0.4272668	0.4671496	0.4621475	0.464644	0.4419954	0.3879093	0.3919365	0.3885696	0.3797045	0.345954	0.3535868	0.3617915	0.293013	
mimid sp.	0.0	0.0	0.0	0.0	0.0	0.0	0.0	0.0	0.0	0.0	0.0	0.0	0.0	0.0	0.0	1.248E-4	0.0	0.0	0.0	0.0	3.994E-4	0.0	0.0	0.0	0.0	0.0	0.0	0.0	0.0	0.0	0.0	0.0	0.0	0.0	0.0	0.0	0.0	0.0	0.0	0.0	0.0	0.0	0.0	0.0	0.0	0.0	0.0	0.0	
Eastern Bluebird	0.0025913	0.0012199	0.0030666	9.797E-4	0.0025353	6.347E-4	4.998E-4	0.0021759	0.0103687	0.0083311	0.0061744	0.0094028	0.0140635	0.0059183	0.0046265	0.0022458	0.004913	0.0025551	0.0017776	0.0015001	0.0011981	0.0	6.083E-4	0.0	0.0	0.0	0.0	0.0	0.0	0.0	0.0	2.387E-4	0.0	0.0	0.0	2.174E-4	4.996E-4	0.0101435	0.0097871	0.0423434	0.0702491	0.0588235	0.043742	0.0253694	0.0059391	0.0066641	0.0045486	0.0019332	
Varied Thrush	0.0171967	3.05E-4	5.576E-4	0.0014695	0.005795	0.0019042	0.0067466	0.0034193	2.88E-4	0.0085998	0.0056599	0.0026119	2.131E-4	0.0	0.0	0.0	0.0	0.0	0.0	0.0	0.0	0.0	0.0	0.0	0.0	0.0	0.0	0.0	0.0	0.0	0.0	0.0	0.0	0.0	0.0	0.0	0.0	0.0	0.0	0.0270688	0.0369437	0.0072703	0.0	0.0	0.0	0.0	0.0	0.0024855	
Veery	0.0	0.0	0.0	0.0	0.0	0.0	0.0	0.0	0.0	0.0	0.0	0.0	0.0	1.973E-4	1.714E-4	0.0622583	0.2731377	0.3082302	0.2099224	0.0506282	0.0015974	0.0	0.0	0.0	0.0	0.0	0.0	0.0	0.0	9.676E-4	0.0151197	0.1131535	0.2557471	0.2927657	0.2038232	0.0891498	0.0157382	0.0039584	7.34E-4	5.8E-4	0.0	0.0	0.0	0.0	0.0	0.0	0.0010497	0.0	
Gray-cheeked Thrush	0.0	0.0	0.0	0.0	0.0	0.0	0.0	0.0	0.0	0.0	0.0	0.0	0.0	0.0	0.0	0.0	0.0083654	0.0220549	0.0702973	0.055316	0.0027955	0.0	0.0	0.0	0.0	0.0	0.0	0.0	0.0	0.0	0.0	7.162E-4	0.0017241	0.0130582	0.0258065	0.0450098	0.0417187	0.0212766	0.0063616	7.734E-4	0.0	0.0	0.0	0.0	0.0	0.0	0.0	0.0	
Bicknell's Thrush	0.0	0.0	0.0	0.0	0.0	0.0	0.0	0.0	0.0	0.0	0.0	0.0	0.0	0.0	0.0	0.0	0.0	4.034E-4	0.0106658	0.0045003	0.0	0.0	0.0	0.0	0.0	0.0	0.0	0.0	0.0	0.0	0.0	0.0	0.0	0.0	0.0	0.0	0.0	0.0	4.894E-4	0.0	0.0	0.0	0.0	0.0	0.0	0.0	0.0	0.0	
Gray-cheeked/Bicknell's Thrush	0.0	0.0	0.0	0.0	0.0	0.0	0.0	0.0	0.0	0.0	0.0	0.0	0.0	0.0	1.714E-4	0.0	0.0011951	0.0037655	0.0116354	0.0065629	7.987E-4	0.0	0.0	0.0	0.0	0.0	0.0	0.0	0.0	0.0	0.0	0.0	0.0	0.0010447	0.0031063	0.0045662	0.0019985	0.001237	2.447E-4	7.734E-4	0.0	0.0	0.0	0.0	0.0	0.0	0.0	0.0	
Swainson's Thrush	0.0	0.0	0.0	0.0	0.0	0.0	0.0	0.0	0.0	0.0	0.0	0.0	0.0	0.0	0.0013708	0.0028696	0.0865755	0.2236417	0.3206206	0.1942621	0.0359425	0.0016	6.083E-4	0.0	0.0	0.0	0.0	0.0	0.0	0.0	0.00126	0.0093101	0.0456897	0.2003134	0.2967742	0.2696238	0.1928554	0.1434933	0.0853927	0.0110209	5.598E-4	0.0	9.579E-4	2.788E-4	3.712E-4	3.92E-4	0.0	0.0	
Hermit Thrush	0.0409894	0.0292772	0.0287148	0.0262062	0.0220934	0.0323707	0.0292354	0.0251787	0.0216014	0.0236496	0.0275277	0.0560683	0.2286384	0.4042217	0.4314599	0.4052402	0.2969061	0.1367671	0.0245637	0.0024377	0.0035942	0.0015	0.0	5.155E-4	0.0	0.0	0.0	0.0	0.0	0.0	0.0	2.387E-4	2.874E-4	0.0010447	9.558E-4	0.0130463	0.0607045	0.2135082	0.4301444	0.5154679	0.4735516	0.3317911	0.25894	0.1605799	0.1150705	0.0987848	0.0703289	0.0370064	
Catharus sp.	0.0	0.0	0.0	0.0	0.0	0.0	0.0	0.0	0.0	0.0	0.0	0.0	2.131E-4	0.0	0.0	2.495E-4	0.0039835	0.0053792	0.0067873	0.0056254	0.0015974	0.0	0.0	0.0	0.0	0.0	0.0	0.0	0.0	0.0	4.2E-4	0.0026259	0.0057471	0.0033951	0.0069295	0.012394	0.0057457	0.0056903	9.787E-4	9.667E-4	2.799E-4	0.0	0.0	0.0	0.0	0.0	0.0	0.0	
Wood Thrush	0.0	0.0	0.0	0.0	0.0	0.0	0.0	0.0	0.0	0.0	0.0	0.0	0.0	0.0	0.0035984	0.0804741	0.2773868	0.2633136	0.1633807	0.0765048	0.0367412	0.0224	0.0152068	0.0216495	0.015873	0.0100251	0.0117647	0.0048563	0.0025419	0.0058055	0.0104998	0.0140845	0.0166667	0.0399582	0.051135	0.0702327	0.0432176	0.0237506	0.0066063	7.734E-4	0.0	0.0	0.0	0.0	0.0	0.0	0.0	0.0	
American Robin	0.2539458	0.274169	0.236688	0.2779819	0.2980804	0.3008569	0.3275862	0.3761268	0.4570853	0.5944639	0.6760998	0.7179175	0.7720009	0.7893076	0.8082591	0.8179663	0.7872792	0.7824099	0.7650291	0.7359835	0.6865016	0.7157333	0.6806569	0.6871134	0.6825397	0.6585213	0.6458824	0.5884257	0.5302491	0.5665215	0.6329273	0.6459776	0.683046	0.6999217	0.720908	0.6660144	0.6375219	0.6209797	0.5979936	0.5593581	0.5337252	0.4729015	0.4418902	0.3721773	0.3188567	0.3116425	0.3002099	0.2507595	
thrush sp.	0.0	0.0	0.0	0.0	0.0	0.0	0.0	0.0	0.0	0.0	0.0	0.0	0.0	0.0	1.714E-4	2.495E-4	5.311E-4	1.345E-4	0.0	0.0	0.0	0.0	0.0	0.0	0.0	6.266E-4	5.882E-4	0.0	0.0	0.0	0.0	0.0	2.874E-4	5.223E-4	4.779E-4	2.174E-4	2.498E-4	2.474E-4	0.0	0.0	0.0	0.0	0.0	0.0	0.0	0.0	0.0	0.0	
Northern Wheatear	0.0	0.0	0.0	0.0	0.0	0.0	0.0	0.0	0.0	0.0	0.0	0.0	0.0	0.0	0.0	0.0	0.0	0.0	0.0	0.0	0.0	0.0	0.0	0.0	0.0	0.0	0.0	0.0	0.0	0.0	0.0	0.0	0.0	0.0	0.0	0.0	0.0099925	4.948E-4	0.0	0.0	0.0	0.0	0.0	0.0	0.0	0.0	0.0	0.0	
Bohemian Waxwing	0.0	0.0	0.0	0.0	0.0	0.0	0.0	0.0	0.0	0.0	0.0	0.0	0.0	0.0	0.0	0.0	0.0	0.0	0.0	0.0	0.0	0.0	0.0	0.0	0.0	0.0	0.0	0.0	0.0	0.0	0.0	0.0	0.0	0.0	0.0	0.0	0.0	0.0	0.0	0.0	0.0	0.0	0.0	0.0	0.0	0.0	0.0	2.762E-4	
Cedar Waxwing	0.0096584	0.0128088	0.0105938	0.01494	0.017385	0.0291971	0.0344828	0.0351259	0.0449309	0.0435367	0.0553126	0.0484068	0.0432559	0.0487276	0.0450651	0.0568933	0.0762183	0.1525013	0.3012282	0.3926495	0.423722	0.3973333	0.3400243	0.3231959	0.3148148	0.3026316	0.2435294	0.2343181	0.2226741	0.2418965	0.2435951	0.2196228	0.2178161	0.2259075	0.2289128	0.1643836	0.1204097	0.0920336	0.0694886	0.0680588	0.1189477	0.1080635	0.0951469	0.0719264	0.0519673	0.0321443	0.0374388	0.0121513	
Northern Red Bishop	0.0	0.0	0.0	0.0	0.0	0.0	0.0	0.0	0.0	0.0	0.0	0.0	0.0	0.0	0.0	0.0	0.0	0.0	0.0	0.0	0.0	0.0	0.0	0.0	0.0015	6.266E-4	0.0	0.0	0.0	4.838E-4	8.4E-4	0.0	0.0	0.0	0.0	0.0028267	0.0017487	7.422E-4	0.0034255	0.0032869	0.0013994	0.0013219	3.193E-4	2.788E-4	0.0	0.0	0.0	0.0	
Yellow-crowned Bishop	0.0	0.0	0.0	0.0	0.0	0.0	0.0	0.0	0.0	0.0	0.0	0.0	0.0	0.0	0.0	0.0	0.0	0.0	0.0	0.0	0.0	0.0	0.0	0.0	0.0	0.0	0.0	0.0	0.0	0.0	0.0	0.0	0.0	0.0	0.0	0.0	0.0	4.948E-4	0.0	0.0	0.0	0.0	0.0	0.0	0.0	0.0	0.0	0.0	
Scaly-breasted Munia	0.0	0.0	0.0	0.0	0.0	0.0	0.0	0.0	0.0	0.0	0.0	0.0	0.0	0.0	0.0	0.0	0.0	0.0	0.0	0.0	0.0	0.0	0.0	5.155E-4	0.0	0.0	0.0	0.0	0.0	0.0	0.0	0.0	0.0	0.0	0.0	0.0	0.0	0.0	0.0	0.0	0.0	0.0	0.0	0.0	0.0	0.0	0.0	0.0	
Orange-cheeked Waxbill	0.0	0.0	0.0	0.0	0.0	0.0	0.0	0.0	0.0	0.0	0.0	0.0	0.0	0.0	0.0	0.0	0.0	0.0	0.0	0.0	0.0	0.0	0.0	0.0	0.0	0.0	0.0	0.0	0.0	0.0	0.0	0.0	0.0	0.0	0.0	0.0	0.0	2.474E-4	0.0	0.0	0.0	0.0	0.0	0.0	0.0	0.0	0.0	0.0	
House Sparrow	0.4888104	0.4580665	0.4162253	0.4677933	0.4936617	0.5264995	0.5367316	0.5557973	0.561924	0.5955388	0.6189864	0.633641	0.6737694	0.7184849	0.7272104	0.777043	0.7690878	0.7740721	0.7543633	0.7487343	0.7420128	0.7594667	0.7390511	0.7530928	0.7896825	0.7299499	0.7405882	0.7365439	0.6980173	0.670537	0.6640067	0.6292671	0.6376437	0.6095586	0.6367981	0.6288324	0.6142893	0.6041564	0.6041106	0.566512	0.5785055	0.5297422	0.4993614	0.5263451	0.5363771	0.5096041	0.5283415	0.4794256	
Eastern Yellow Wagtail	0.0	0.0	0.0	0.0	0.0	0.0	0.0	0.0	0.0	0.0	0.0	0.0	0.0	0.0	0.0	0.0	0.0	0.0	0.0	0.0	0.0	0.0	0.0	0.0	0.0	0.0	0.0	0.0	0.0	0.0	0.0	0.0	2.874E-4	0.0	0.0	0.0	0.0	0.0	0.0	0.0	0.0	0.0	0.0	0.0	0.0	0.0	0.0	0.0	
American Pipit	0.0073027	0.0076243	0.0122665	0.0100416	0.005795	0.0050778	0.0049975	0.0052844	0.0031682	0.0040312	0.0028299	0.0022636	0.0023439	9.864E-4	1.714E-4	4.991E-4	7.967E-4	1.345E-4	1.616E-4	0.0	3.994E-4	0.0	0.0	0.0	0.0	0.0	0.0	0.0	0.0	0.0	0.0	0.0	0.0	2.612E-4	0.0019116	0.0106545	0.0149888	0.0262246	0.0303401	0.0386698	0.0414218	0.0502313	0.0354406	0.0250906	0.0100223	0.0160721	0.016795	0.0104943	
Evening Grosbeak	0.0	0.0	0.0	0.0	0.0	0.0	0.0	0.0	0.0	0.0	0.0	1.741E-4	0.0	3.946E-4	0.0214188	0.0036182	0.0073031	0.0051103	4.848E-4	1.875E-4	0.0	0.0	0.0	0.0	0.0	0.0	0.0	0.0	0.0	0.0	0.0	0.0	0.0	0.0	0.0	2.174E-4	0.0	0.0	2.447E-4	0.0034803	0.0019591	9.914E-4	0.0092593	0.0022303	0.0081663	0.001568	0.0013996	8.285E-4	
Pine Grosbeak	2.356E-4	0.0	0.0	0.0	0.0	0.0	0.0	0.0	0.0	0.0	0.0	0.0	0.0	0.0	0.0	0.0	0.0	0.0	0.0	0.0	0.0	0.0	0.0	0.0	0.0	0.0	0.0	0.0	0.0	0.0	0.0	0.0	0.0	0.0	0.0	0.0	0.0	0.0	0.0	1.933E-4	2.799E-4	9.914E-4	0.0	2.788E-4	0.0	0.0	0.0	0.0	
House Finch	0.195053	0.1622446	0.1497073	0.1638501	0.1575516	0.1475722	0.1654173	0.1650606	0.1414171	0.1564096	0.1605351	0.1582796	0.1342425	0.141448	0.1622687	0.1760449	0.1847032	0.1757665	0.1698449	0.1518845	0.1661342	0.1658667	0.1642336	0.1809278	0.1607143	0.1741855	0.1705882	0.1752327	0.159634	0.189163	0.1692566	0.1441872	0.1146552	0.1190911	0.1106332	0.109589	0.1321509	0.1288966	0.1561047	0.1583527	0.1690456	0.1632518	0.2139208	0.2040703	0.1822569	0.1826735	0.2095871	0.1806131	
Purple Finch	0.0101296	0.0027447	0.0025091	0.0063679	0.0072438	0.0053951	0.003998	0.0049736	0.0051843	0.00215	0.003859	0.0036566	0.0125719	0.0120339	0.0224469	0.0339364	0.0358518	0.0231307	0.0059793	9.376E-4	0.0	0.0	0.0	0.0	0.0	0.0	0.0	4.047E-4	0.0	0.0	0.0	7.162E-4	2.874E-4	0.0057456	0.0210275	0.0234834	0.030727	0.0598714	0.1000734	0.1386311	0.1463756	0.1040978	0.1181354	0.0886535	0.0534521	0.0333203	0.0192442	0.0096658	
House/Purple Finch	4.711E-4	9.149E-4	2.788E-4	0.0012246	0.0014488	0.0015868	0.0024988	3.108E-4	0.0017281	2.687E-4	0.0012863	6.965E-4	0.0012785	9.864E-4	0.0010281	9.981E-4	0.0011951	0.0010758	0.0014544	3.75E-4	7.987E-4	5.333E-4	6.083E-4	5.155E-4	0.0013228	6.266E-4	0.0	8.094E-4	0.0010168	0.0015	4.2E-4	7.162E-4	8.621E-4	7.835E-4	4.779E-4	2.174E-4	2.498E-4	9.896E-4	0.0017127	0.0017401	0.0025189	0.0026438	0.0028736	0.0019515	7.424E-4	0.002744	6.998E-4	5.523E-4	
Purple/Cassin's Finch	0.0	0.0	0.0	0.0	0.0	0.0	0.0	0.0	0.0	0.0	0.0	0.0	0.0	0.0	0.0	0.0	0.0	0.0	0.0	0.0	0.0	0.0	0.0	0.0	0.0	0.0	0.0	0.0	0.0	0.0	0.0	0.0	0.0	0.0	0.0	0.0	0.0	0.0	0.0	0.0	0.0	0.0	3.193E-4	0.0	0.0	0.0	0.0	0.0	
European Greenfinch	0.0	0.0	0.0	0.0	0.0	0.0	2.499E-4	0.0	0.0	0.0	0.0	0.0	0.0	0.0	0.0	0.0	1.328E-4	0.0	0.0	0.0	0.0	0.0	0.0	0.0	0.0	0.0	0.0	0.0	0.0	0.0	0.0	0.0	0.0	0.0	0.0	0.0	0.0	0.0	0.0	0.0	0.0	0.0	0.0	0.0	0.0	0.0	0.0	2.762E-4	
Yellow-fronted Canary	0.0	0.0	0.0	0.0	0.0	0.0	0.0	0.0	0.0	0.0	0.0	0.0	0.0	0.0	0.0	0.0	0.0	0.0	0.0	0.0	0.0	0.0	0.0	0.0	0.0	0.0	0.0	0.0	0.0	0.0	0.0	0.0	0.0	0.0	0.0	2.174E-4	0.0	0.0	0.0	1.933E-4	0.0	0.0	0.0	0.0	0.0	0.0	0.0	0.0	
Redpoll	0.011543	0.0036597	0.0016727	0.002939	0.0010866	0.0031736	0.0074963	0.0074604	0.0054724	0.0298307	0.0198096	0.0053979	2.131E-4	0.0	0.0	0.0	0.0	0.0	0.0	0.0	0.0	0.0	0.0	0.0	0.0	0.0	0.0	0.0	0.0	0.0	0.0	0.0	0.0	0.0	0.0	0.0	0.0	0.0	0.0	0.0	0.0013994	3.305E-4	9.579E-4	5.576E-4	3.712E-4	0.00196	0.0020994	0.0052472	
Red Crossbill	9.423E-4	0.0018298	0.0	2.449E-4	0.0	3.174E-4	0.0	0.0	0.0	2.687E-4	2.573E-4	0.0	0.0	0.0	1.714E-4	2.495E-4	0.0	0.0	0.0	0.0	0.0	0.0	0.0	0.0	0.0	0.0	0.0	0.0	0.0	0.0	0.0	0.0	2.874E-4	0.0	0.0	0.0	0.0	0.0	2.447E-4	0.0	8.396E-4	0.0019828	0.0063857	0.0089211	0.0014848	0.00392	0.0024493	0.0041425	
White-winged Crossbill	0.0054181	0.0036597	0.0011151	0.0012246	0.0018109	0.0022215	0.0024988	0.0021759	0.0014401	0.001075	0.0046308	0.0031343	4.262E-4	0.0011837	0.0032557	9.981E-4	1.328E-4	0.0	0.0	0.0	0.0	0.0	0.0	0.0	0.0	0.0	0.0	0.0	0.0	0.0	0.0	0.0	0.0	0.0	0.0	0.0	0.0	0.0	0.0	0.0	0.0019591	6.609E-4	0.0019157	0.0055757	0.0014848	0.001568	0.0017495	0.003314	
European Goldfinch	0.0120141	0.0131138	0.0097575	0.0122459	0.0123144	0.0184069	0.0249875	0.0289089	0.0342742	0.0408492	0.043221	0.0379593	0.0394204	0.0388637	0.0185058	0.0174672	0.0151374	0.0150619	0.0138979	0.0129383	0.0055911	0.0122667	0.0079075	0.0092784	0.005291	0.0018797	0.0035294	0.0012141	0.0055923	0.0038703	0.0021	0.0038195	8.621E-4	0.0018282	9.558E-4	0.0015221	0.003997	0.0017318	0.0022021	0.0015468	5.598E-4	0.0016523	0.002235	0.0025091	0.0085375	0.0074481	0.0087474	0.0088373	
Pine Siskin	0.028033	0.0262275	0.0161695	0.0142052	0.0119522	0.0171374	0.0169915	0.0220703	0.0241935	0.0319807	0.0280422	0.0257705	0.0185382	0.0078911	0.00634	0.0054897	0.0082326	0.010893	0.0037169	1.875E-4	0.0	0.0	0.0	0.0	0.0	0.0	0.0	0.0	0.0	0.0	0.0	0.0	0.0	0.0	0.0	4.349E-4	0.0049963	0.0432954	0.0450208	0.0639985	0.0694095	0.0598149	0.0644955	0.054363	0.0215293	0.0199922	0.0122463	0.019884	
American Goldfinch	0.1623086	0.1561452	0.1407862	0.1481754	0.1579138	0.1507458	0.1356822	0.1473422	0.1517857	0.174953	0.1952663	0.1739509	0.1532069	0.1629513	0.216244	0.3298815	0.3625017	0.3261162	0.2157401	0.1695106	0.1297923	0.128	0.1253041	0.1412371	0.1560847	0.1904762	0.1947059	0.218535	0.2191154	0.2810837	0.3389332	0.3428026	0.3247126	0.2985114	0.2661888	0.2420091	0.2330752	0.2627412	0.2642525	0.246133	0.2762385	0.3357568	0.3927203	0.3741288	0.2976986	0.254018	0.2127362	0.1654239	
Red Siskin	4.711E-4	0.0	0.0	0.0015	3.622E-4	0.0	0.0	0.0	0.0	0.0	0.0	0.0	0.0	0.0	0.0	0.0	0.0	0.0	0.0	0.0	0.0	0.0	0.0	0.0	0.0	0.0	0.0	0.0	0.0	0.0	0.0	0.0	0.0	0.0	0.0	0.0	0.0	2.474E-4	0.0	0.0	0.0	3.305E-4	0.0	0.0	0.0	0.0	0.0	0.0	
Spinus sp.	0.0	0.0	0.0	0.0	0.0	0.0	0.0	0.0	0.0	0.0	0.0	0.0	0.0	0.0	0.0	0.0	0.0	0.0	0.0	0.0	0.0	0.0	0.0	0.0	0.0	0.0	0.0	0.0	0.0	0.0	0.0	0.0	0.0	0.0	0.0	0.0	0.0	0.0	0.0	0.0	2.799E-4	0.0	0.0	0.0	0.0	0.0	0.0	0.0	
Acanthis/Spinus sp.	0.0	0.0	0.0	0.0	0.0	3.174E-4	0.0	0.0	2.88E-4	0.0	2.573E-4	0.0	0.0	0.0	1.714E-4	0.0	0.0	0.0	1.616E-4	0.0	0.0	0.0	0.0	0.0	0.0	0.0	0.0	0.0	0.0	0.0	0.0	0.0	0.0	0.0	0.0	0.0	0.0	0.0	4.894E-4	0.0	8.396E-4	0.0013219	0.0019157	5.576E-4	3.712E-4	0.0	3.499E-4	0.0	
finch sp.	4.711E-4	3.05E-4	2.788E-4	4.898E-4	3.622E-4	9.521E-4	7.496E-4	6.217E-4	8.641E-4	2.687E-4	2.573E-4	5.224E-4	2.131E-4	9.864E-4	6.854E-4	3.743E-4	6.639E-4	6.724E-4	1.616E-4	1.875E-4	0.0	0.0	0.0	0.0	0.0	0.0	0.0	8.094E-4	5.084E-4	0.0	0.0	9.549E-4	5.747E-4	2.612E-4	0.0011947	0.0013046	4.996E-4	0.0017318	0.0029361	0.0029002	0.0058774	0.0039656	0.0047893	0.0044606	0.0014848	7.84E-4	0.0	8.285E-4	
Lapland Longspur	4.711E-4	6.099E-4	5.576E-4	9.797E-4	0.0152119	0.015868	0.0027486	0.0012434	5.76E-4	0.0	5.145E-4	0.0	0.0	0.0015	0.0	0.0	0.0	0.0	0.0	0.0	0.0	0.0	0.0	0.0	0.0	0.0	0.0	0.0	0.0	0.0	0.0	0.0	0.0	0.0	0.0	0.0	4.996E-4	0.0	0.0	0.0025135	2.799E-4	3.305E-4	6.386E-4	0.0030666	0.0011136	3.92E-4	0.0024493	5.523E-4	
Chestnut-collared Longspur	0.0	0.0	0.0	0.0	0.0	0.0	0.0	0.0	0.0	0.0	0.0	0.0	0.0	0.0	0.0	0.0015	0.0	0.0	0.0	0.0	0.0	0.0	0.0	0.0	0.0	0.0	0.0	0.0	0.0	0.0	0.0	0.0	0.0	0.0	0.0	0.0	0.0	0.0	0.0	0.0	0.0	0.0	0.0	0.0	0.0	0.0	0.0	0.0	
Snow Bunting	0.0037691	0.0082342	0.0025091	0.0048984	0.0032597	0.004443	0.0054973	0.0052844	0.0028802	2.687E-4	5.145E-4	0.0	0.0	0.0	0.0	1.248E-4	0.0	0.0	0.0	0.0	0.0	0.0	0.0	0.0	0.0	0.0	0.0	0.0	0.0	0.0	0.0	0.0	0.0	0.0	0.0	0.0	0.0	0.0	0.0	5.8E-4	0.0019591	0.0082617	0.0204342	0.010315	0.003712	0.003528	0.0048985	0.0046948	
Bachman's Sparrow	0.0	0.0	0.0	0.0	0.0	0.0	0.0	0.0	0.0	0.0	0.0	0.0	0.0	0.0	1.714E-4	1.248E-4	0.0	0.0	0.0	0.0	0.0	0.0	0.0	0.0	0.0	0.0	0.0	0.0	0.0	0.0	0.0	0.0	0.0	0.0	0.0	0.0	0.0	0.0	0.0	0.0	0.0	0.0	0.0	0.0	0.0	0.0	0.0	0.0	
Grasshopper Sparrow	0.0	0.0	0.0	0.0	0.0	0.0	0.0	0.0	0.0	0.0	0.0	0.0	2.131E-4	0.0019728	0.0	0.0012477	0.0045147	1.345E-4	4.848E-4	0.0015	0.0	0.0	0.0	0.0	0.0	0.0	0.0	4.047E-4	0.0	0.0	0.0	0.0031034	0.0	0.0	2.389E-4	0.0045662	0.0034974	0.0	0.006851	0.0013534	0.0053177	9.914E-4	0.0025543	0.0	3.712E-4	0.0	0.0	0.0	
Chipping Sparrow	0.013192	0.0143336	0.010315	0.0117561	0.0123144	0.0076166	0.0069965	0.0096363	0.0077765	0.0180059	0.0234114	0.0604214	0.1849563	0.3071612	0.3812543	0.4135995	0.3785686	0.2467725	0.1523917	0.0939434	0.086262	0.072	0.0729927	0.0505155	0.0641534	0.0676692	0.0541176	0.0574666	0.0564311	0.0566038	0.0802184	0.0675579	0.075	0.0901019	0.1146953	0.1098065	0.1766175	0.3104899	0.3736237	0.3540217	0.2331374	0.1421018	0.0820562	0.0412601	0.0408315	0.0305762	0.0262421	0.014913	
Clay-colored Sparrow	0.0	0.0	0.0	0.0	0.0	0.0	0.0	0.0	0.0	5.375E-4	0.0018009	0.0	0.0	0.0	0.0	0.0	0.0	0.0013448	3.232E-4	1.875E-4	0.0	0.0053333	0.0	0.0	0.0	0.0	0.0	0.0	0.0	0.0	0.0	0.0	0.0060345	0.0054845	0.0172043	0.0197869	0.0169873	0.0123701	0.0166381	0.0059938	0.0013994	6.609E-4	6.386E-4	0.0019515	0.0	0.0015	0.0073478	0.0013808	
Field Sparrow	0.0127208	0.0152486	0.0086423	0.0093069	0.0090547	0.0082513	0.0069965	0.0068387	0.0066244	0.0169309	0.0272704	0.0391781	0.084381	0.1219175	0.1473612	0.106675	0.046209	0.027972	0.0137363	0.0150009	0.0159744	0.0154667	0.0218978	0.0252577	0.0224868	0.018797	0.0170588	0.01983	0.0162684	0.0261248	0.0188996	0.0105037	0.0117816	0.0114913	0.0107527	0.0128289	0.035973	0.1212271	0.1967213	0.179041	0.0901203	0.0389954	0.0303321	0.0253694	0.017075	0.0160721	0.0230931	0.0118752	
Spizella sp.	0.0	0.0	0.0	0.0	0.0	0.0	0.0	0.0	0.0	0.0	0.0	0.0	4.262E-4	3.946E-4	1.714E-4	0.0	0.0	1.345E-4	0.0	1.875E-4	3.994E-4	0.0	0.0	0.0	0.0	0.0	0.0	4.047E-4	0.0	0.0	0.0	2.387E-4	0.0	0.0	7.168E-4	8.698E-4	4.996E-4	0.0014844	0.0014681	3.867E-4	5.598E-4	6.609E-4	3.193E-4	5.576E-4	7.424E-4	0.0	0.0	0.0	
Lark Sparrow	0.0	0.0	0.0	0.0	0.0	0.0	0.0	0.0	0.0	0.0	0.0	0.0	0.0	1.973E-4	0.0	0.0	2.656E-4	0.0	0.0011312	7.5E-4	0.0	0.0	0.0	0.0	0.0	0.0	0.0	0.0	5.084E-4	0.0	4.2E-4	0.0021485	0.0060345	0.0164534	0.0028674	0.0043488	0.003997	0.0210292	0.0066063	7.734E-4	0.0	6.609E-4	3.193E-4	0.0052969	0.003712	0.003136	6.998E-4	0.0	
Lark Bunting	0.0	0.0	0.0	0.0	0.0	0.0	0.0	0.0	0.0	0.0	0.0	0.0	0.0	0.0	0.0	0.0	0.0	0.0	0.0	0.0	0.0015	0.0	0.0	0.0	0.0	0.0	0.0	0.0	0.0	0.0	0.0	0.0	0.0020115	0.0	0.0	0.0	0.0	0.0	0.0	0.0	0.0	0.0	0.0	0.0	0.0	0.0	0.0	0.0	
American Tree Sparrow	0.0226148	0.0335468	0.036242	0.0352682	0.0398406	0.0418915	0.0382309	0.041032	0.0354263	0.0287557	0.0275277	0.023681	0.0168336	0.0051292	8.568E-4	1.248E-4	3.984E-4	0.0	0.0	0.0	0.0	0.0	0.0	0.0	0.0	0.0	0.0	0.0	0.0	0.0	0.0	0.0	0.0	0.0	0.0	0.0	0.0	0.0	0.0015	0.0015468	0.0047579	0.0148711	0.0172414	0.0267633	0.0345212	0.0368483	0.0542337	0.0259597	
Spizella sp./American Tree Sparrow	0.0	0.0	0.0	2.449E-4	0.0	0.0	0.0	0.0	2.88E-4	0.0	0.0	0.0	0.0	1.973E-4	0.0	1.248E-4	0.0	0.0	0.0	0.0	0.0	0.0	0.0	0.0	0.0	0.0	0.0	0.0	0.0	0.0	0.0	0.0	0.0	0.0	0.0	0.0	0.0	0.0	0.0	0.0	0.0	0.0	0.0	0.0	0.0	0.0	0.0	0.0	
Fox Sparrow	0.0883392	0.0875267	0.0822414	0.1036003	0.1130025	0.0904475	0.0934533	0.0994716	0.1345046	0.1709218	0.1535889	0.1561901	0.1148519	0.0428092	0.010281	0.0018715	1.328E-4	4.034E-4	4.848E-4	0.0	0.0	0.0	0.0	0.0	0.0	0.0	0.0	0.0	0.0	0.0	0.0	0.0	0.0	0.0	0.0	0.0	0.0	0.0017318	0.0034255	0.0243619	0.0498181	0.1047588	0.1692209	0.1918037	0.1703786	0.1489612	0.1375087	0.091135	
Dark-eyed Junco	0.157126	0.1466911	0.1360468	0.1508695	0.1546541	0.1577277	0.1596702	0.1722101	0.2217742	0.3286751	0.3385644	0.3726275	0.4174302	0.3870586	0.280329	0.1033063	0.0139424	0.0028241	0.0014544	7.5E-4	0.0	0.0	0.0	0.0	0.0	0.0	0.0	0.0	0.0	0.0	0.0	2.387E-4	0.0	0.001567	0.0129032	0.0424005	0.162628	0.3250866	0.444091	0.5102475	0.5009796	0.4811633	0.4699872	0.3953164	0.3374165	0.2834183	0.246676	0.1930406	
White-crowned Sparrow	9.423E-4	0.0012199	0.0013939	4.898E-4	0.0010866	3.174E-4	2.499E-4	9.325E-4	8.641E-4	0.0013437	0.0025727	0.0010448	0.0010654	0.0029592	0.002913	0.0062383	0.0489975	0.0552717	0.0164835	7.5E-4	0.0	0.0	0.0	0.0	0.0	0.0	0.0	0.0	0.0	0.0	0.0	0.0	0.0	2.612E-4	7.168E-4	0.0126114	0.0604547	0.1298862	0.1446048	0.1133024	0.0383431	0.0194977	0.0124521	0.0114302	0.0103935	0.0133281	0.0055983	0.0011047	
Harris's Sparrow	0.0	0.0	0.0	0.0	0.0	0.0	0.0	0.0	0.0	0.0	0.0	0.0	2.131E-4	0.0	0.0	0.0	0.0	0.0	0.0	0.0	0.0	0.0	0.0	0.0	0.0	0.0	0.0	0.0	0.0	0.0	0.0	0.0	0.0	0.0	0.0	0.0	0.0	0.0	0.0	0.0	0.0	0.0	0.0	0.0	0.0	0.0	0.0	0.0	
White-throated Sparrow	0.4209658	0.4175053	0.3604684	0.3852559	0.4074611	0.3887655	0.3738131	0.3972645	0.4043779	0.4471916	0.4566504	0.4724012	0.5307905	0.6115605	0.6833448	0.7137867	0.6644536	0.5005379	0.2034583	0.0508157	0.0259585	0.0165333	0.0237226	0.0278351	0.0165344	0.0156642	0.01	0.0076892	0.0086426	0.0087083	0.0075598	0.0081165	0.008046	0.0083573	0.0855436	0.2972385	0.5231077	0.650668	0.7063861	0.6945089	0.663588	0.6292135	0.6184547	0.5648174	0.5289532	0.5162681	0.4888034	0.4380006	
Dark-eyed Junco x White-throated Sparrow (hybrid)	0.0	0.0	0.0	0.0	0.0	0.0	0.0	0.0	0.0	0.0	0.0	0.0	0.0	0.0	0.0	0.0	0.0	0.0	0.0	0.0	0.0	0.0	0.0	0.0	0.0	0.0	0.0	0.0	0.0	0.0	0.0	0.0	0.0	0.0	0.0	0.0	0.0	0.0	0.0	0.0	2.799E-4	0.0	0.0	0.0	0.0	0.0	0.0	0.0	
White-crowned/White-throated Sparrow	0.0	0.0	0.0	0.0	0.0	0.0	0.0	0.0	0.0	0.0	0.0	0.0	0.0	0.0	0.0	1.248E-4	0.0	0.0	0.0	0.0	0.0	0.0	0.0	0.0	0.0	0.0	0.0	0.0	0.0	0.0	0.0	0.0	0.0	0.0	0.0	0.0	0.0	0.0	0.0	0.0	0.0	0.0	0.0	0.0	0.0	0.0	0.0	0.0	
Vesper Sparrow	0.0	0.0	0.0	0.0	0.0	0.0	0.0	0.0	0.0	0.0	0.0	8.706E-4	0.0040486	0.0043401	0.0111378	0.0026201	2.656E-4	1.345E-4	0.0	0.0	0.0	0.0	0.0	0.0	0.0	0.0	0.0	0.0	0.0	0.0	0.0	0.0	0.0	0.0	0.0	0.0	4.996E-4	0.0141019	0.0506484	0.0440835	0.0165127	0.0046266	0.0015964	8.364E-4	0.0	3.92E-4	0.0	2.762E-4	
LeConte's Sparrow	0.0	0.0	0.0	0.0	0.0	0.0	0.0	0.0	0.0	0.0	0.0	0.0	0.0	0.0	0.0	0.0	0.0	0.0	0.0	0.0	0.0	0.0	0.0	0.0	0.0	0.0	0.0	0.0	0.0	0.0	0.0	0.0	0.0	0.0	0.0	0.0	9.993E-4	4.948E-4	0.0	0.0	0.0	0.0	0.0	0.0041818	0.0051967	0.0	0.0	0.0	
Seaside Sparrow	0.0	0.0	0.0	0.0	0.0	0.0	0.0	0.0	0.0	0.0	2.573E-4	3.483E-4	4.262E-4	3.946E-4	0.0032557	0.0023706	0.006772	0.0057827	0.0056561	0.0099381	0.009984	0.0064	0.0072993	0.0061856	0.005291	0.0062657	0.0047059	0.0060704	0.0101678	0.0222545	0.0176396	0.0107424	0.0149425	0.0052233	0.0040621	0.0102196	0.0187359	0.0061851	0.0026915	0.0029002	2.799E-4	0.0016523	0.0012771	8.364E-4	3.712E-4	7.84E-4	0.0010497	2.762E-4	
Nelson's Sparrow	0.0	0.0	0.0	0.0	0.0	0.0	0.0	0.0	0.0	0.0	0.0	0.0	0.0	0.0	0.0	2.495E-4	2.656E-4	6.724E-4	0.0035553	0.0116257	0.0191693	0.0032	0.0012165	0.0	0.0	0.0	0.0	0.0	5.084E-4	0.0	0.0	0.0	0.0	0.0	2.389E-4	0.0145684	0.03997	0.0356259	0.0134573	0.0228152	0.0072768	0.004957	0.0038314	0.0022303	0.0	3.92E-4	0.0013996	0.0	
Saltmarsh Sparrow	0.0	0.0	0.0	0.0	0.0	0.0	0.0	0.0	0.0	0.0	0.0	0.0	0.0	0.0	0.0	2.495E-4	0.001859	0.0038999	0.0019392	0.0046878	0.0047923	0.0042667	0.0024331	0.0025773	0.0039683	0.0012531	0.0017647	0.005261	0.0055923	0.0087083	0.0062999	0.0033421	0.0045977	0.0088796	0.0054958	0.0191346	0.0272296	0.0153389	0.0058723	0.0061872	0.0025189	9.914E-4	0.0	0.0	7.424E-4	0.0	3.499E-4	0.0	
Nelson's/Saltmarsh Sparrow (Sharp-tailed Sparrow)	0.0	0.0	0.0	0.0	0.0	0.0	0.0	0.0	0.0	0.0	0.0	0.0	0.0	0.0	0.0	0.0	0.0	1.345E-4	1.616E-4	3.75E-4	0.0015974	5.333E-4	0.0	0.0	0.0	0.0	0.0	0.0	0.0	4.838E-4	0.0	0.0	0.0	0.0	7.168E-4	0.0060883	0.0117412	0.0071747	0.0051382	0.0050271	0.0011195	9.914E-4	6.386E-4	2.788E-4	0.0	0.0015	3.499E-4	0.0	
Ammospiza sp.	0.0	0.0	0.0	0.0	0.0	0.0	0.0	0.0	0.0	0.0	0.0	0.0	0.0	0.0	0.0	0.0	0.0	1.345E-4	0.0	0.0	0.0	0.0	0.0	0.0	0.0	6.266E-4	0.0	0.0	5.084E-4	0.0	0.0	2.387E-4	2.874E-4	2.612E-4	0.0	6.523E-4	7.494E-4	7.422E-4	2.447E-4	3.867E-4	2.799E-4	0.0	0.0	2.788E-4	0.0	0.0	0.0	0.0	
Savannah Sparrow	0.0073027	0.0094541	0.0111514	0.0144502	0.0141253	0.0126944	0.0144928	0.0105689	0.0097926	0.0083311	0.0149215	0.015323	0.0430428	0.0706254	0.1274846	0.1155334	0.0957376	0.0703335	0.0316742	0.015376	0.0127796	0.0144	0.0212895	0.0231959	0.0284392	0.0250627	0.02	0.0105221	0.0132181	0.01403	0.0155397	0.0093101	0.0172414	0.0313398	0.0695341	0.1509024	0.2248314	0.2387432	0.2419868	0.2022428	0.0959978	0.0773298	0.0488506	0.0365208	0.0244989	0.0270482	0.0360392	0.0143607	
Henslow's Sparrow	0.0	0.0	0.0	0.0	0.0	0.0	0.0	0.0	0.0	0.0	0.0	0.0	0.0	0.0	0.0	0.0	0.0	2.69E-4	0.0	0.0	0.0	0.0	0.0	0.0	0.0	0.0	0.0	0.0	0.0	0.0	0.0	0.0	0.0	0.0	0.0	0.0	4.996E-4	2.474E-4	2.447E-4	0.0032869	0.0	0.0	0.0	0.0	0.0270973	0.0180321	0.0	0.0	
Song Sparrow	0.2937574	0.3141202	0.287148	0.3068822	0.3038754	0.3145033	0.2993503	0.3671122	0.4314516	0.5270089	0.588886	0.5944628	0.6111229	0.574275	0.5113091	0.4517779	0.3824193	0.3600054	0.3277311	0.392087	0.4345048	0.4181333	0.3941606	0.4010309	0.4239418	0.4692982	0.4876471	0.4666127	0.3950178	0.3850992	0.3091138	0.2494629	0.2626437	0.2303473	0.251135	0.3411611	0.4778916	0.5930233	0.6231955	0.6026682	0.5404422	0.4910773	0.4623244	0.4296069	0.3845583	0.3896511	0.396781	0.3104115	
Lincoln's Sparrow	2.356E-4	0.0	2.788E-4	2.449E-4	0.0	0.0	0.0	0.0	0.0	2.687E-4	0.0	0.0	2.131E-4	0.0	0.0	0.0027449	0.0171292	0.0477407	0.0441176	0.0129383	0.0011981	0.0	0.0	0.0	0.0	0.0	0.0	0.0	0.0	0.0	0.0	0.0	0.0020115	0.0091408	0.0592593	0.0871929	0.086685	0.1095992	0.0756056	0.0502707	0.0229499	0.0046266	0.0038314	0.0058545	0.0029696	0.004704	0.0024493	2.762E-4	
Swamp Sparrow	0.0522968	0.0448307	0.0379147	0.0453098	0.0449113	0.0403047	0.0214893	0.0301523	0.0288018	0.0338619	0.054798	0.082187	0.1736629	0.2485697	0.2254969	0.2417966	0.241535	0.168908	0.0872657	0.0120008	0.0039936	0.0021333	0.0012165	5.155E-4	0.0026455	0.0	0.0023529	0.0020235	0.0015252	0.0019352	0.0033599	0.0021485	0.004023	0.0049621	0.0310633	0.1500326	0.3307519	0.4027709	0.4343039	0.3932715	0.2748391	0.188037	0.1666667	0.1274045	0.1080178	0.121913	0.1035689	0.0648992	
Lincoln's/Swamp Sparrow	0.0	0.0	0.0	0.0	0.0	0.0	0.0	0.0	0.0	0.0	0.0	0.0	0.0	0.0	1.714E-4	1.248E-4	0.0	1.345E-4	0.0	0.0	0.0	0.0	0.0	0.0	0.0	0.0	0.0	0.0	0.0	0.0	0.0	0.0	0.0	5.223E-4	4.779E-4	8.698E-4	2.498E-4	0.0022266	9.787E-4	0.0	0.0	3.305E-4	0.0	0.0	0.0	0.0	0.0	0.0	
Eastern Towhee	0.011543	0.0134187	0.0091999	0.0132256	0.0112278	0.0088861	0.007996	0.0118122	0.0135369	0.0139747	0.0198096	0.0283824	0.0590241	0.179128	0.3522961	0.434685	0.3621033	0.1906939	0.0816096	0.0735046	0.0794728	0.0704	0.0748175	0.0814433	0.082672	0.0839599	0.0947059	0.1088628	0.0960854	0.081761	0.0625787	0.0350919	0.029023	0.0282058	0.0255675	0.0602305	0.1601299	0.2491341	0.2324443	0.1656999	0.0702491	0.0413087	0.032567	0.0287148	0.0252413	0.0258722	0.0192442	0.0171223	
new world sparrow sp.	0.0047114	0.0039646	0.0058545	0.0053882	0.0072438	0.007934	0.005997	0.0037302	0.0051843	0.0059124	0.0048881	0.0053979	0.0055402	0.0072993	0.0030843	0.0041173	0.0047802	0.0040344	0.0030705	0.0045003	0.0047923	0.0026667	0.0018248	5.155E-4	0.0019841	0.0018797	0.0023529	0.0032376	0.0040671	0.0091921	0.0058799	0.0081165	0.0074713	0.0078349	0.0071685	0.0173951	0.0207344	0.0210292	0.0234891	0.0206883	0.0103554	0.0135492	0.0102171	0.0080848	0.0059391	0.0070561	0.0059482	0.0057995	
Yellow-breasted Chat	0.0021201	0.0027447	0.0044606	0.0014695	0.0010866	9.521E-4	2.499E-4	0.0	0.0	0.0	0.0	0.0	0.0	1.973E-4	0.0015	0.0011229	0.0017262	0.0047068	0.0017776	3.75E-4	3.994E-4	0.0	0.0	0.0	0.0	0.0	0.0	0.0	0.0	0.0	0.0067199	0.0045357	0.0054598	0.0125359	0.013859	0.0117417	0.0137397	0.0051954	0.0026915	0.0040603	0.0036384	0.0039656	0.0015964	0.003903	0.003712	3.92E-4	0.0010497	0.0019332	
Yellow-headed Blackbird	0.0	0.0	0.0	0.0	0.0	0.0	0.0	0.0	0.0	0.0	0.0	0.0	0.0	0.0	0.0	0.0	0.0	0.0	0.0	0.0	0.0	0.0015	0.0	0.0	0.0	0.0	0.0	0.0	0.0	0.0015	0.0	0.0	0.0	0.0	0.0	0.0065232	0.0	0.0	0.0	0.0	0.0	0.0	0.0	0.0	0.0	0.0	0.0	0.0	
Bobolink	0.0	0.0	0.0	0.0	0.0	0.0	0.0	0.0	0.0	0.0	0.0	0.0	0.0	0.0	0.0	0.0012477	0.0057097	0.0133136	0.010181	0.0050628	0.0011981	0.0	6.083E-4	0.0	0.0	0.0050125	0.0123529	0.0109268	0.0137265	0.0174165	0.0247795	0.0570542	0.0468391	0.042831	0.0210275	0.019352	0.0099925	0.0079169	0.0024468	1.933E-4	2.799E-4	0.0	0.0	0.0	0.0	0.0	0.0	0.0	
Western Meadowlark	0.0	0.0	0.0	0.0	0.0	0.0	2.499E-4	0.0108797	0.0210253	0.0026874	0.0046308	0.0022636	6.392E-4	0.0	0.0	0.0	0.0	0.0	0.0	0.0	0.0	0.0	0.0	0.0	0.0	0.0	0.0	0.0	0.0	0.0	0.0	0.0	0.0	0.0	0.0	0.0	0.0	0.0	0.0	0.0	0.0	0.0	0.0	0.0	0.0	0.0	0.0	0.0	
Eastern Meadowlark	0.0014134	0.0015249	0.0022303	0.0017144	0.0047084	0.0041257	0.0024988	0.0015542	0.0034562	0.0077936	0.0051454	0.0078356	0.007671	0.0076938	0.0046265	0.0027449	7.967E-4	0.0010758	4.848E-4	5.625E-4	0.0	0.0016	6.083E-4	0.0	0.0	0.0	0.0017647	0.0	5.084E-4	0.0	0.0	0.0	0.0	2.612E-4	0.0	0.0013046	0.0057457	0.0173182	0.035723	0.0309358	0.0081164	0.0085922	0.0070243	0.0041818	7.424E-4	0.004704	0.0097971	0.0027617	
Western/Eastern Meadowlark	0.0	0.0	0.0	0.0	0.0	0.0	0.0	0.0	2.88E-4	0.0	0.0	0.0	0.0	0.0	0.0	0.0	0.0	0.0	0.0	0.0	0.0	0.0	0.0	0.0	0.0	0.0	0.0	0.0	0.0	0.0	0.0	0.0	0.0	0.0	0.0	0.0	0.0	0.0	0.0	0.0	0.0	0.0	0.0	0.0	0.0	0.0	0.0	0.0	
Orchard Oriole	0.0	0.0	0.0	0.0	0.0	0.0	0.0	0.0	0.0	0.0	0.0	0.0	0.0	0.0013809	0.0051405	0.0697442	0.1411499	0.1109467	0.0688429	0.0540034	0.034345	0.0410667	0.0377129	0.0242268	0.0178571	0.0156642	0.0164706	0.0157831	0.0122013	0.02806	0.0130197	0.0076391	0.0022989	7.835E-4	7.168E-4	8.698E-4	0.0	0.0	0.0	0.0	0.0	0.0	0.0	0.0	0.0	0.0	0.0	0.0	
Baltimore Oriole	0.0084806	0.0088442	0.0089211	0.0093069	0.0105034	0.0069819	0.0047476	0.0012434	0.0023041	8.062E-4	0.0018009	0.0017413	0.0023439	9.864E-4	0.0049692	0.1142857	0.4667375	0.517617	0.4749515	0.3497094	0.2591853	0.2586667	0.2195864	0.1546392	0.114418	0.0902256	0.0694118	0.0704168	0.1113371	0.1819061	0.2545149	0.2532824	0.2028736	0.1718464	0.120908	0.0730594	0.046715	0.0267194	0.0127233	0.0137278	0.0064372	0.0046266	0.0076628	0.0100362	0.013363	0.0117601	0.0083975	0.0069042	
new world oriole sp.	0.0	0.0	0.0	0.0	0.0	0.0	0.0	0.0	0.0	0.0	0.0	0.0	0.0	0.0	0.0	2.495E-4	0.0	0.0	0.0	3.75E-4	0.0	5.333E-4	0.0	0.0	6.614E-4	0.0	0.0	0.0	0.0	9.676E-4	0.0	2.387E-4	5.747E-4	0.0	0.0	0.0	0.0	0.0	0.0	0.0	5.598E-4	0.0	0.0	0.0	0.0	0.0	0.0	0.0	
Red-winged Blackbird	0.1206125	0.1354071	0.1120714	0.1165809	0.13908	0.1609013	0.1946527	0.260802	0.3381336	0.3937114	0.443787	0.4304371	0.4979757	0.5170645	0.5378684	0.5582034	0.5080335	0.4934104	0.4621849	0.5201575	0.524361	0.4965333	0.4969586	0.4515464	0.4662698	0.4705514	0.5205882	0.4625658	0.3772242	0.3439768	0.2675346	0.2024349	0.1551724	0.1073387	0.0843489	0.0967602	0.1201599	0.106383	0.1472963	0.1453983	0.1816401	0.2161269	0.2190294	0.183719	0.1521901	0.1438652	0.1343597	0.0938967	
Brown-headed Cowbird	0.0153121	0.0189082	0.0158907	0.020818	0.0090547	0.0092034	0.0177411	0.0208269	0.0420507	0.06853	0.0830975	0.121191	0.1725975	0.2282501	0.2709047	0.3033063	0.2739344	0.2423346	0.2113769	0.1882618	0.1421725	0.1269333	0.11618	0.1237113	0.1097884	0.0946115	0.0976471	0.0768919	0.070666	0.0807934	0.0831583	0.0880878	0.0649425	0.0530165	0.0363202	0.0339204	0.0452161	0.0383474	0.0628823	0.0547177	0.0472992	0.0568407	0.041507	0.0370783	0.0345212	0.0235202	0.023443	0.014913	
Rusty Blackbird	0.0080094	0.0121988	0.0033454	0.002939	0.0	0.0053951	0.0024988	0.0108797	0.0057604	0.014781	0.0200669	0.0363921	0.0583848	0.0749655	0.0443797	0.0402994	0.0136768	0.003631	4.848E-4	1.875E-4	0.0	0.0	0.0	0.0	0.0	0.0	0.0	0.0	0.0	0.0	0.0	0.0	0.0	0.0	4.779E-4	0.0023918	0.0069948	0.017813	0.0154147	0.017208	0.0237895	0.0208196	0.0252235	0.0153331	0.0241277	0.0141121	0.0153954	0.0071803	
Rusty/Brewer's Blackbird	0.0	0.0	0.0	0.0	0.0	0.0	0.0	0.0	0.0	0.0	0.0	0.0	0.0	0.0	0.0	0.0	0.0	0.0	0.0	0.0	0.0	0.0	0.0	0.0	0.0	0.0	0.0	0.0	0.0	0.0	0.0	0.0	0.0	0.0	0.0	0.0	0.0	0.0	0.0	0.0	0.0	3.305E-4	0.0	0.0	0.0	0.0	0.0	0.0	
Common Grackle	0.0188457	0.032022	0.028436	0.0301249	0.040565	0.0837829	0.113943	0.1784271	0.2543203	0.3090567	0.3648058	0.3811597	0.46303	0.5054251	0.5591158	0.6102308	0.5750896	0.5571544	0.5277957	0.495781	0.471246	0.4501333	0.4251825	0.4015464	0.3703704	0.3145363	0.2811765	0.2557669	0.2353838	0.2298016	0.2696346	0.2384817	0.2186782	0.1815095	0.1679809	0.1737334	0.2020984	0.1872835	0.1847321	0.1610596	0.1516933	0.1143424	0.0798212	0.0415389	0.0274684	0.0215602	0.0339398	0.0171223	
Boat-tailed Grackle	0.0	0.0	0.0	2.449E-4	0.0	0.0	2.499E-4	6.217E-4	0.0034562	0.0075249	0.021096	0.0337803	0.0419774	0.051884	0.0361549	0.0364317	0.0323994	0.0454545	0.062702	0.120195	0.1385783	0.1173333	0.11618	0.1051546	0.1097884	0.1209273	0.1382353	0.101983	0.0716828	0.0614417	0.0310794	0.0155168	0.0091954	0.0049621	0.0023895	0.0019569	0.0029978	9.896E-4	0.0014681	1.933E-4	0.0	0.0	3.193E-4	2.788E-4	0.0	0.0	3.499E-4	2.762E-4	
grackle sp.	0.0	0.0	0.0	0.0	0.0	0.0	4.998E-4	6.217E-4	8.641E-4	0.0	2.573E-4	0.0017413	4.262E-4	0.0019728	0.0022276	0.0014972	0.0013278	0.0017483	0.0011312	0.0030002	0.0027955	0.0032	6.083E-4	0.0020619	0.0033069	6.266E-4	0.0023529	0.0016188	0.0010168	9.676E-4	0.0015	2.387E-4	8.621E-4	0.0013058	2.389E-4	6.523E-4	7.494E-4	2.474E-4	9.787E-4	3.867E-4	5.598E-4	3.305E-4	6.386E-4	0.0	0.0	0.0	0.0	0.0	
blackbird sp.	0.0021201	0.0018298	8.364E-4	7.348E-4	0.0014488	0.0015868	0.0014993	0.0049736	0.0046083	0.0048374	0.0018009	0.0043531	0.0038355	0.0041428	0.0022276	0.0017467	0.0017262	5.379E-4	0.0012928	3.75E-4	0.0	5.333E-4	6.083E-4	5.155E-4	0.0019841	0.004386	0.0070588	0.0056657	0.0045755	0.0038703	0.00168	0.0035808	0.0017241	0.0010447	9.558E-4	0.0026093	0.003997	0.0054429	0.0129679	0.0146945	0.024909	0.0244547	0.0172414	0.0111514	0.0089087	0.005096	0.003499	0.0019332	
Ovenbird	4.711E-4	9.149E-4	0.0011151	0.0019593	7.244E-4	0.0	4.998E-4	0.0	2.88E-4	0.0	0.0	1.741E-4	0.0	0.0	0.0071967	0.1670618	0.4643474	0.5166756	0.3775048	0.1301331	0.0363419	0.0149333	0.0103406	0.0025773	0.0019841	0.0018797	5.882E-4	8.094E-4	0.0061007	0.0367683	0.1037379	0.1513488	0.1729885	0.2201619	0.2367981	0.1989563	0.1508868	0.0915388	0.0340103	0.012181	0.0072768	0.0069399	0.006705	0.0033454	0.0022272	0.001176	0.0013996	8.285E-4	
Worm-eating Warbler	0.0	0.0	0.0	0.0	0.0	0.0	0.0	0.0	0.0	0.0	0.0	0.0	0.0	3.946E-4	0.0094243	0.0395508	0.0872394	0.0404788	0.0150291	0.0030002	0.0	0.0	0.0	5.155E-4	6.614E-4	0.0	0.0	4.047E-4	0.0030503	0.0183841	0.0386392	0.0231559	0.0155172	0.0091408	0.0016726	0.0015221	0.0	4.948E-4	0.0	0.0	0.0	0.0	0.0	0.0	0.0	0.0	0.0	0.0	
Louisiana Waterthrush	0.0	0.0	0.0	0.0	0.0	0.0	0.0	0.0	0.0	0.0	0.0	0.0142783	0.0867249	0.1550602	0.1288554	0.0969432	0.0339928	0.0087413	0.0019392	3.75E-4	0.0	0.0	0.0	0.0	0.0	0.0012531	0.0111765	0.0149737	0.0172852	0.0227383	0.0092398	0.0066842	0.0020115	0.0013058	7.168E-4	0.0	0.0	0.0	0.0	0.0	0.0	0.0	0.0	0.0	0.0	0.0	0.0	0.0	
Northern Waterthrush	4.711E-4	6.099E-4	8.364E-4	0.0012246	0.0014488	0.0015868	0.001999	9.325E-4	0.0015	8.062E-4	2.573E-4	6.965E-4	4.262E-4	0.0019728	0.0370117	0.168559	0.3144337	0.3477676	0.3209438	0.1134446	0.0219649	0.0010667	0.0	5.155E-4	0.0	6.266E-4	0.0029412	0.0631323	0.1225216	0.1896468	0.2175556	0.2649797	0.2991379	0.2940716	0.2709677	0.2061318	0.1124157	0.0566551	0.0154147	0.0065739	0.0053177	0.0026438	0.002235	0.0016727	7.424E-4	0.001568	3.499E-4	5.523E-4	
Louisiana/Northern Waterthrush	0.0	0.0	0.0	0.0	0.0	0.0	0.0	0.0	0.0	0.0	0.0	0.0	2.131E-4	0.0	0.0023989	0.0073612	0.0095605	0.0029586	6.464E-4	3.75E-4	0.0	0.0	0.0	0.0	0.0	0.0	0.0011765	0.0056657	0.0076258	0.0067731	0.0037799	0.0028646	0.0014368	0.0010447	7.168E-4	2.174E-4	0.0	4.948E-4	7.34E-4	0.0	0.0	0.0	0.0	0.0	0.0	0.0	0.0	0.0	
Golden-winged Warbler	0.0	0.0	0.0	0.0	0.0	0.0	0.0	0.0	0.0	0.0	0.0	0.0	0.0	0.0	0.0	0.0	0.0010623	0.0047068	0.0	0.0	0.0	0.0	0.0	0.0	0.0	0.0	0.0	0.0	5.084E-4	4.838E-4	0.0050399	0.0054906	0.0028736	0.0020893	0.0043011	0.0013046	2.498E-4	0.0	0.0	3.867E-4	0.0	0.0	0.0	0.0	0.0	0.0	0.0	0.0	
Blue-winged Warbler	0.0	0.0	0.0	0.0	0.0	0.0	0.0	0.0	0.0	0.0	0.0	0.0	2.131E-4	3.946E-4	0.0027416	0.0489083	0.1193733	0.0506993	0.0087266	0.0011251	0.0	0.0	0.0	0.0	0.0	0.0	0.0	8.094E-4	0.0101678	0.0478955	0.0944981	0.0790165	0.05	0.0240272	0.0172043	0.0036965	0.0032476	2.474E-4	2.447E-4	0.0	0.0	0.0	0.0	0.0	0.0	0.0	0.0	0.0	
Golden-winged x Blue-winged Warbler (hybrid)	0.0	0.0	0.0	0.0	0.0	0.0	0.0	0.0	0.0	0.0	0.0	0.0	0.0	0.0	0.0	0.0	0.0	0.0025551	0.0	0.0	0.0	0.0	0.0	0.0	0.0	0.0	0.0	0.0	0.0	4.838E-4	0.0029399	7.162E-4	0.0	0.0	4.779E-4	0.0	0.0	4.948E-4	0.0	0.0	0.0	0.0	0.0	0.0	0.0	0.0	0.0	0.0	
Brewster's Warbler (hybrid)	0.0	0.0	0.0	0.0	0.0	0.0	0.0	0.0	0.0	0.0	0.0	0.0	0.0	0.0	3.427E-4	2.495E-4	1.328E-4	2.69E-4	0.0	0.0	0.0	0.0	0.0	0.0	0.0	0.0	0.0	0.0	0.0	0.0	0.00126	9.549E-4	0.0	0.0	0.0	0.0	0.0	0.0	0.0	0.0	0.0	0.0	0.0	0.0	0.0	0.0	0.0	0.0	
Lawrence's Warbler (hybrid)	0.0	0.0	0.0	0.0	0.0	0.0	0.0	0.0	0.0	0.0	0.0	0.0	0.0	0.0	0.0	7.486E-4	0.0	0.0012103	0.0	0.0	0.0	0.0	0.0	0.0	0.0	0.0	0.0	0.0	0.0	4.838E-4	0.0	2.387E-4	8.621E-4	0.0	0.0	0.0	0.0	0.0	0.0	0.0	0.0	0.0	0.0	0.0	0.0	0.0	0.0	0.0	
Golden-winged/Blue-winged Warbler	0.0	0.0	0.0	0.0	0.0	0.0	0.0	0.0	0.0	0.0	0.0	0.0	0.0	0.0	0.0	4.991E-4	0.0010623	9.414E-4	1.616E-4	0.0	0.0	0.0	0.0	0.0	0.0	0.0	0.0	0.0	5.084E-4	4.838E-4	0.0	4.774E-4	0.0	0.0	0.0	0.0	0.0	0.0	0.0	0.0	0.0	0.0	0.0	0.0	0.0	0.0	0.0	0.0	
Black-and-white Warbler	0.0011779	3.05E-4	5.576E-4	0.0	0.0	0.0	0.0	0.0	0.0	0.0	0.0	0.0	0.0038355	0.027027	0.1266278	0.3975047	0.5983269	0.5789403	0.4111183	0.0958185	0.014377	0.0074667	0.0012165	5.155E-4	0.0	0.0018797	0.0058824	0.0109268	0.0660905	0.1698113	0.2776144	0.3623777	0.4218391	0.5050927	0.5452808	0.4657534	0.3057707	0.1761504	0.0584781	0.0104408	0.0053177	0.0026438	3.193E-4	8.364E-4	0.0	0.001176	3.499E-4	8.285E-4	
Prothonotary Warbler	0.0	0.0	0.0	0.0	0.0	0.0	0.0	0.0	0.0	0.0	0.0	0.0	0.0	0.0140067	0.064599	0.0479102	0.030806	0.0134481	0.0069489	0.0026252	0.0	0.0	0.0	5.155E-4	0.0	0.0	0.0	0.0	0.0	0.0014514	0.0062999	0.0107424	2.874E-4	0.001567	0.0023895	2.174E-4	0.0	2.474E-4	0.0	0.0	0.0	0.0	0.0	0.0	0.0	0.0	0.0	0.0	
Swainson's Warbler	0.0	0.0	0.0	0.0	0.0	0.0	0.0	0.0	0.0	0.0	0.0	0.0	0.0	0.0	0.0370117	0.0131004	5.311E-4	0.0	0.0	0.0090006	0.0	0.0	0.0	0.0	0.0	0.0	0.0	0.0	0.0	0.0	0.0	0.0	0.0	0.0	0.0	0.0	0.0	0.0	0.0	0.0	0.0	0.0	0.0	0.0	0.0	0.0	0.0	0.0	
Tennessee Warbler	0.0015	0.0	0.0	0.0	0.0	0.0	0.0	0.0	0.0	0.0	0.0	0.0	0.0	0.0	0.0	0.0031192	0.019121	0.049489	0.0825792	0.0178136	0.0011981	0.0	0.0	0.0	0.0	0.0	0.0	0.0012141	0.0015252	0.0033866	0.0079798	0.0305562	0.062931	0.0822669	0.116368	0.1039356	0.0557082	0.0504701	0.0237338	0.008314	0.0041982	0.0013219	0.0012771	5.576E-4	3.712E-4	3.92E-4	0.0	0.0	
Orange-crowned Warbler	0.0122497	0.0112839	0.010315	0.008817	0.0065194	0.0060298	0.0044978	0.0049736	0.0031682	0.0034937	0.0056599	0.0034825	0.0046878	0.0084829	0.0058259	0.0062383	0.0038508	0.0014793	6.464E-4	0.0	0.0	0.0	0.0	0.0	0.0	0.0	0.0	0.0	0.0	0.0	0.0	0.0	5.747E-4	0.001567	2.389E-4	0.0030441	0.0062453	0.0158337	0.0229998	0.0168213	0.0232298	0.0287508	0.0453384	0.0345693	0.047513	0.0591925	0.0412876	0.0173985	
Nashville Warbler	0.001649	0.0012199	0.0044606	0.0017144	0.0010866	0.0	0.0	0.0	0.0	0.0	0.0	0.0	0.0	0.0	0.0027416	0.0365565	0.150976	0.1379774	0.053329	0.0045003	0.0011981	0.0	0.0	0.0	0.0	0.0	0.0	0.0	0.0	9.676E-4	0.0025199	0.0164717	0.0390805	0.0611126	0.0733572	0.084801	0.090682	0.0858486	0.048691	0.0226218	0.0086762	0.0095836	0.0076628	0.0089211	0.0066815	0.0101921	0.006648	0.0013808	
Connecticut Warbler	0.0	0.0	0.0	0.0	0.0	0.0	0.0	0.0	0.0	0.0	0.0	0.0	0.0	0.0	0.0	0.0	0.0	0.0	0.0	0.0	0.0	0.0	0.0	0.0	0.0	0.0	0.0	0.0	0.0	0.0	0.0	9.549E-4	0.0172414	0.0240272	0.0310633	0.0084801	0.0044966	0.0029688	0.0022021	0.0	0.0	0.0	0.0	0.0	0.0	0.0	0.0	0.0	
Mourning Warbler	0.0	0.0	0.0	0.0	0.0	0.0	0.0	0.0	0.0	0.0	0.0	0.0	0.0	0.0	0.0	0.0	0.0026557	0.0013448	0.0295734	0.048378	0.0295527	0.0037333	0.0024331	0.0	0.0	0.0	0.0	0.0	0.0	0.0033866	0.0046199	0.0105037	0.0060345	0.0073126	0.0064516	0.0039139	0.0012491	0.001237	0.0	0.0	0.0	0.0	0.0	0.0	0.0	0.0	0.0	0.0	
Kentucky Warbler	0.0	0.0	0.0	0.0	0.0	0.0	0.0	0.0	0.0	0.0	0.0	0.0	0.0	0.0	3.427E-4	0.0098565	0.0233701	0.0126412	0.0050097	0.0056254	3.994E-4	0.0016	0.0012165	0.0	0.0	0.0	0.0	0.0	0.0	0.0	0.0015	2.387E-4	0.0	0.0	0.0015	0.0	0.0	0.0	0.0	0.0	0.0	0.0	0.0	0.0	0.0	0.0	0.0	0.0	
Common Yellowthroat	0.001649	6.099E-4	2.788E-4	0.0	0.0	0.0	0.0	0.0	2.88E-4	0.0	0.0	0.0	0.0015	0.0023673	0.0174777	0.1137867	0.4701899	0.6211673	0.6157078	0.3887118	0.2440096	0.176	0.1417275	0.143299	0.146164	0.141604	0.1194118	0.0861999	0.0513472	0.0628931	0.1297774	0.2919551	0.4402299	0.5455733	0.5949821	0.5714286	0.5008743	0.4087086	0.2696354	0.1192962	0.0375035	0.0191672	0.0105364	0.0128241	0.0085375	0.0121521	0.0097971	0.0013808	
yellowthroat sp.	0.0	0.0	0.0	0.0	0.0	0.0	0.0	0.0	0.0	0.0	0.0	0.0	0.0	0.0	0.0	0.0	0.0	0.0	0.0	0.0	0.0	0.0	0.0	0.0	0.0	0.0	0.0	0.0	0.0	0.0	0.0	0.0	0.0	0.0	2.389E-4	0.0	0.0	0.0	0.0	0.0	0.0	0.0	0.0	0.0	0.0	0.0	0.0	0.0	
Hooded Warbler	0.0	0.0	0.0	0.0	0.0	0.0	0.0	0.0	0.0	0.0	0.0	0.0	0.0	0.0031564	0.0066827	0.0406737	0.0759527	0.0636095	0.0260181	0.0026252	0.0015974	0.0	0.0	0.0	0.0	0.0	0.0	0.0	0.0	0.0014514	0.0046199	0.0047744	0.0057471	0.0161922	0.0133811	0.0145684	0.0132401	0.0084117	0.0029361	0.0023202	0.0	0.0	6.386E-4	0.0	0.0	0.0	0.0	0.0	
American Redstart	2.356E-4	0.0	0.0	0.0	0.0	0.0	0.0	0.0	0.0	0.0	0.0	0.0	0.0	0.0	0.0	0.044292	0.299429	0.4940828	0.5609244	0.3463341	0.1561502	0.0549333	0.0389294	0.0257732	0.0191799	0.0137845	0.0182353	0.0388507	0.1042196	0.2046444	0.3317934	0.4862736	0.587931	0.6654479	0.6709677	0.5142422	0.3135149	0.1536368	0.0364571	0.0058005	0.0016793	0.0016523	0.0015964	0.0044606	0.0033408	0.004312	3.499E-4	8.285E-4	
Cape May Warbler	0.0	0.0	0.0	0.0	0.0	0.0	0.0	0.0	0.0	0.0	0.0	0.0	0.0	1.973E-4	0.0	0.0048659	0.0820608	0.1742873	0.092437	0.008063	3.994E-4	0.0	0.0	0.0	0.0	0.0	0.0	0.0	0.0015252	0.0038703	0.0319194	0.0580091	0.0887931	0.1143902	0.1283154	0.1143727	0.0567075	0.0373577	0.0132126	0.0050271	5.598E-4	3.305E-4	3.193E-4	2.788E-4	3.712E-4	0.0	0.0	0.0	
Cerulean Warbler	0.0	0.0	0.0	0.0	0.0	0.0	0.0	0.0	0.0	0.0	0.0	0.0	0.0	0.0	0.0	9.981E-4	0.0233701	0.0084723	0.0021008	3.75E-4	0.0	0.0	0.0	0.0	0.0	0.0	0.0	0.0	0.0010168	4.838E-4	0.00126	0.0	0.0	0.0	0.0	2.174E-4	0.0	0.0	0.0	0.0	0.0	0.0	0.0	0.0	0.0	0.0	0.0	0.0	
Northern Parula	2.356E-4	0.0	0.0	0.0	0.0	0.0	0.0	0.0	0.0	0.0	0.0	0.0	8.523E-4	0.012823	0.0358122	0.1993762	0.4980746	0.5515062	0.4369748	0.1132571	0.0175719	0.0048	0.0054745	0.0030928	6.614E-4	0.0012531	0.0017647	0.0016188	0.0010168	0.0043541	0.0121798	0.0625448	0.2215517	0.4178637	0.5075269	0.4411829	0.3392456	0.2219198	0.0861267	0.0170147	0.0069969	0.0023133	6.386E-4	0.0011151	0.0011136	0.001176	0.0010497	0.0011047	
Magnolia Warbler	0.0	0.0	0.0	0.0	0.0	0.0	0.0	0.0	0.0	0.0	0.0	0.0	0.0	3.946E-4	3.427E-4	0.0088584	0.1812508	0.4027703	0.4463478	0.1983874	0.043131	0.0058667	0.0012165	5.155E-4	6.614E-4	0.0	0.0	0.0	5.084E-4	0.0029028	0.0327593	0.1291478	0.2043103	0.3400366	0.4100358	0.3546423	0.2348239	0.1452251	0.0455102	0.0071539	0.0013994	0.0033047	6.386E-4	0.0011151	0.0	0.0	0.0	0.0	
Bay-breasted Warbler	0.0	0.0	0.0	0.0	0.0	0.0	0.0	0.0	0.0	0.0	0.0	0.0	0.0	0.0	0.0	4.991E-4	0.0204488	0.1104088	0.2464447	0.0654416	0.0023962	0.0	0.0	0.0	0.0	0.0	0.0	0.0	0.0010168	4.838E-4	0.00168	0.0081165	0.0344828	0.0906242	0.10681	0.0706675	0.0164876	0.0116279	0.0017127	7.734E-4	0.0	0.0	0.0	0.0	0.0	0.0	0.0	0.0	
Blackburnian Warbler	0.0	0.0	0.0	0.0	0.0	0.0	0.0	0.0	0.0	0.0	0.0	0.0	0.0	0.0	0.0	0.0097318	0.063471	0.1319258	0.1351002	0.0421901	0.0095847	0.0	0.0	0.0	0.0	0.0	0.0	0.0	5.084E-4	0.0033866	0.0239395	0.0365242	0.0362069	0.0574563	0.0635603	0.0402261	0.0124906	0.0047006	2.447E-4	0.0	0.0	0.0	0.0	0.0	0.0	0.0	0.0	0.0	
Northern Yellow Warbler	2.356E-4	6.099E-4	2.788E-4	0.0	0.0	0.0	0.0	0.0	0.0	0.0	0.0	0.0	0.0	7.891E-4	0.0311857	0.2415471	0.4555836	0.4557558	0.4049774	0.3242078	0.2683706	0.2272	0.2055961	0.1768041	0.1488095	0.1472431	0.1864706	0.2646702	0.2755465	0.2781809	0.2419152	0.2315588	0.2597701	0.2710891	0.2155317	0.1441618	0.0402198	0.0084117	0.0012234	0.0013534	0.0013994	9.914E-4	3.193E-4	0.0011151	0.0014848	7.84E-4	6.998E-4	0.0	
Chestnut-sided Warbler	0.0	0.0	0.0	0.0	0.0	0.0	0.0	0.0	0.0	0.0	0.0	0.0	0.0	0.0	0.0	0.007486	0.1118045	0.2344002	0.2310924	0.0650666	0.0039936	0.0010667	0.0	0.0	0.0	0.0	0.0	0.0	5.084E-4	0.0159652	0.0781184	0.149439	0.145977	0.1841212	0.1913978	0.1235051	0.030727	0.0113805	0.0012234	1.933E-4	0.0	0.0	0.0	0.0	0.0	0.0	0.0	0.0	
Blackpoll Warbler	0.0	0.0	0.0	0.0	0.0	0.0	0.0	0.0	0.0	0.0	0.0	0.0	0.0	0.0	0.0	0.0071117	0.1052981	0.2848306	0.5080802	0.3414588	0.0814696	0.0085333	0.0036496	0.0015	0.0015	0.0012531	5.882E-4	4.047E-4	0.0	4.838E-4	8.4E-4	0.0047744	0.0333333	0.14573	0.1995221	0.2744075	0.2240819	0.169718	0.0964032	0.0315159	0.0078366	0.0052875	0.0028736	2.788E-4	0.0	7.84E-4	0.0	0.0	
Bay-breasted/Blackpoll Warbler	0.0	0.0	0.0	0.0	0.0	0.0	0.0	0.0	0.0	0.0	0.0	0.0	0.0	0.0	0.0	0.0	0.0	0.0	0.0	0.0	0.0	0.0	0.0	0.0	0.0	0.0	0.0	0.0	0.0	0.0	0.0	4.774E-4	0.0054598	0.0086184	0.0109916	0.0093499	0.0062453	0.001237	0.0012234	1.933E-4	0.0	0.0	0.0	0.0	0.0	0.0	0.0	0.0	
Black-throated Blue Warbler	0.0	0.0	0.0	0.0	0.0	0.0	0.0	0.0	0.0	0.0	0.0	0.0	0.0	3.946E-4	3.427E-4	0.0674984	0.3676803	0.4655729	0.3209438	0.0583161	0.0075879	0.0010667	0.0012165	0.0	0.0	0.0	0.0	0.0	0.0015252	9.676E-4	0.0176396	0.0899976	0.1551724	0.2201619	0.325687	0.3213742	0.3057707	0.2622464	0.1460729	0.0473705	0.0081164	6.609E-4	6.386E-4	2.788E-4	0.001856	0.00196	3.499E-4	2.762E-4	
Palm Warbler	0.0028269	0.0042696	0.0036242	0.0053882	0.0021731	0.0019042	9.995E-4	0.0012434	0.0020161	0.0016125	0.0033445	0.0266411	0.2307692	0.4493983	0.4705278	0.3897692	0.1941309	0.0467994	0.0027473	7.5E-4	0.0	0.0	0.0	0.0	0.0	0.0	0.0	0.0	0.0	4.838E-4	4.2E-4	0.0019098	0.0272989	0.1237921	0.2891278	0.3737769	0.4149388	0.4388916	0.4612185	0.3257927	0.1351805	0.0578321	0.0220307	0.0147756	0.0077951	0.0086241	0.0115465	0.0069042	
Pine Warbler	0.018139	0.0125038	0.0075272	0.008817	0.0014488	6.347E-4	9.995E-4	0.0012434	0.0066244	0.0107498	0.0280422	0.1192756	0.296612	0.3493786	0.3103153	0.1751716	0.0423583	0.0048413	0.0011312	0.0011251	0.0015	0.0016	0.0024331	0.0041237	0.0026455	0.0018797	5.882E-4	4.047E-4	0.0030503	4.838E-4	0.0025199	0.0114586	0.0293103	0.0773048	0.125448	0.1476408	0.1456408	0.1452251	0.0971373	0.04157	0.0201511	0.0122274	0.0070243	0.0052969	0.0059391	0.00588	0.0115465	0.0110467	
Yellow-rumped Warbler	0.0475854	0.0591644	0.0579872	0.0494734	0.0438247	0.0431609	0.0382309	0.045073	0.0368664	0.051599	0.0717777	0.0935051	0.1777115	0.3047938	0.472584	0.5834061	0.5861107	0.4919311	0.283775	0.0348772	0.0015974	5.333E-4	0.0018248	0.0	0.0	6.266E-4	5.882E-4	0.0	0.0010168	0.0014514	0.0037799	0.0085939	0.0270115	0.0425699	0.1144564	0.2552729	0.4474144	0.591044	0.6672376	0.5580046	0.3666387	0.2445473	0.1781609	0.1346529	0.095026	0.0803606	0.0902729	0.0566142	
Yellow-throated Warbler	0.0	0.0	0.0	0.0	0.0	0.0	0.0	0.0	0.0	0.0	0.0	0.0	0.0	0.0262379	0.0536326	0.0165939	0.0061081	0.0029586	0.0027473	0.0	0.0015	0.0	6.083E-4	0.0	6.614E-4	0.0	0.0	0.0	0.0	0.002419	0.0	0.0	0.0	0.0	0.0	0.0	0.0	0.0	0.0	0.0	0.0	0.0	0.0	0.0	0.0	0.0	0.0	0.0	
Prairie Warbler	0.0	0.0	0.0	0.0	0.0	0.0	0.0	0.0	0.0	0.0	0.0	0.0	0.0015	0.0033537	0.0262166	0.1120399	0.2337007	0.1800699	0.0486425	0.0033752	0.0011981	0.0	0.0	0.0	6.614E-4	0.0	0.0	0.0016188	0.0010168	0.0038703	0.0134397	0.038434	0.0655172	0.096631	0.0872162	0.0543596	0.0259805	0.0094013	0.0046489	0.0015468	0.0	0.0	0.0	0.0	0.0	0.0	0.0	0.0	
Black-throated Gray Warbler	0.0	0.0	0.0	0.0	0.0	0.0	0.0	0.0	0.0	0.0	0.0	0.0	0.0	0.0	0.0	0.0061135	0.0	0.0	0.0	0.0	0.0	0.0	0.0	0.0	0.0	0.0	0.0	0.0	0.0	0.0	0.0	0.0	0.0	0.0	0.0	0.0	0.0	0.0	0.0	0.0	0.0	0.0	0.0	0.0	0.0	0.0	0.0	0.0	
Townsend's Warbler	0.0	0.0	0.0	0.0	0.0	0.0	0.0	0.0	0.0	0.0	0.0	0.0	0.0	0.0	0.0	3.743E-4	0.0	4.034E-4	0.0059793	0.0	0.0	0.0	0.0	0.0	0.0	0.0	0.0	0.0	0.0	0.0	0.0	0.0	0.0	0.0117524	0.0	0.0	0.0	2.474E-4	0.0	9.667E-4	0.0089561	0.0	0.0239464	0.0050181	0.0015	0.001568	0.0090973	0.0	
Black-throated Green Warbler	0.0	0.0	0.0	0.0	0.0	0.0	0.0	0.0	0.0	0.0	0.0	0.0	2.131E-4	0.0021701	0.0065113	0.0782283	0.2662329	0.3172405	0.2112153	0.0534408	0.0079872	0.0	6.083E-4	0.0	0.0	0.0	0.0	0.0	5.084E-4	0.0019352	0.0109198	0.040105	0.0931034	0.1851658	0.2348865	0.2207002	0.1716213	0.113805	0.0513824	0.0114076	0.0011195	0.0013219	0.0012771	5.576E-4	0.0011136	3.92E-4	6.998E-4	0.0	
Setophaga sp.	0.0	0.0	0.0	0.0	0.0	0.0	0.0	0.0	0.0	0.0	0.0	0.0	0.0	0.0	0.0	0.0	0.0	0.0	0.0	0.0	0.0	0.0	0.0	0.0	0.0	0.0	0.0	0.0	0.0	0.0	0.0	0.0	2.874E-4	0.0	2.389E-4	0.0	0.0	0.0	0.0	0.0	0.0	0.0	0.0	0.0	0.0	0.0	3.499E-4	0.0	
Canada Warbler	0.0	0.0	0.0	0.0	0.0	0.0	0.0	0.0	0.0	0.0	0.0	0.0	0.0	0.0	0.0	6.238E-4	0.0151374	0.1249328	0.2222043	0.1147572	0.0191693	5.333E-4	6.083E-4	0.0	0.0	6.266E-4	0.0	0.0	0.0050839	0.0338655	0.1192776	0.1191215	0.0933908	0.087229	0.0475508	0.0117417	0.0027479	7.422E-4	2.447E-4	0.0	0.0011195	0.0015	0.0	0.0022303	0.0	0.0	0.0	0.0	
Wilson's Warbler	0.0037691	9.149E-4	2.788E-4	0.0	0.0	0.0	0.0	0.0	0.0	0.0	0.0	0.0	0.0	0.0	1.714E-4	1.248E-4	0.0231045	0.1354223	0.1667744	0.0495031	0.0023962	0.0	6.083E-4	0.0	0.0	0.0	0.0	4.047E-4	0.0	0.0014514	0.0083998	0.0193364	0.0491379	0.1112562	0.097491	0.0663188	0.0234824	0.0108857	0.0044042	0.0046404	0.0036384	0.0052875	0.0083014	0.0069696	0.0144766	0.0086241	0.003499	0.004971	
Painted Redstart	0.0	0.0	0.0	0.0	0.0	0.0	0.0	0.0	0.0	0.0	0.0	0.0	0.0	0.0	0.0	0.0	0.0	0.0	0.0	0.0	0.0	0.0	0.0	0.0	0.0	0.0	0.0	0.0	0.0	0.0	0.0	0.0	0.0	0.0	0.0	0.0	0.0	0.0	0.0053829	0.0	0.0	0.0	0.0	0.0	0.0	0.0	0.0	0.0	
new world warbler sp.	4.711E-4	0.0	0.0	2.449E-4	0.0	0.0	0.0	0.0	0.0	0.0	0.0	3.483E-4	0.0021308	0.0041428	0.0054832	0.0112289	0.0142079	0.0134481	0.0153523	0.0101256	0.0031949	0.0016	0.0030414	0.0015464	0.0013228	0.0012531	0.0070588	0.0129502	0.0213523	0.025641	0.0398992	0.0506087	0.0488506	0.0705145	0.060693	0.055012	0.038721	0.0294409	0.0217764	0.0096674	0.0053177	0.0029742	0.0028736	0.0036242	3.712E-4	0.001568	0.0010497	0.0011047	
sparrow/warbler sp. (trilling song)	0.0	0.0	0.0	0.0	0.0	0.0	0.0	0.0	0.0	0.0	0.0	0.0	0.0	0.0	1.714E-4	0.0	0.0	0.0	0.0	0.0	0.0	0.0	0.0	0.0	0.0	0.0	0.0	0.0	0.0	0.0	0.0	0.0	0.0	0.0	0.0	0.0	0.0	0.0	0.0	0.0	0.0	0.0	0.0	0.0	0.0	0.0	0.0	0.0	
Summer Tanager	0.0	0.0	0.0	0.0	0.0	0.0	0.0	0.0	0.0	0.0	0.0	0.0	0.0	1.973E-4	0.0111378	0.0167187	0.0237684	0.0272996	0.0244021	0.0060004	0.0063898	5.333E-4	0.0018248	5.155E-4	0.0	0.0	0.0	0.0	0.0	0.0	4.2E-4	0.0011936	0.0	0.0010447	2.389E-4	4.349E-4	0.0017487	7.422E-4	0.0	0.0	0.0	0.0	0.0	0.0	0.0	0.0	0.0	0.0	
Hepatic/Summer Tanager	0.0	0.0	0.0	0.0	0.0	0.0	0.0	0.0	0.0	0.0	0.0	0.0	0.0	0.0	0.0	0.0015	0.0	0.0	0.0	0.0	0.0	0.0	0.0	0.0	0.0	0.0	0.0	0.0	0.0	0.0	0.0	0.0	0.0	0.0	0.0	0.0	0.0	0.0	0.0	0.0	0.0	0.0	0.0	0.0	0.0	0.0	0.0	0.0	
Scarlet Tanager	0.0	0.0	0.0	0.0	0.0	0.0	0.0	0.0	0.0	0.0	0.0	0.0	0.0	0.0	0.0013708	0.0328135	0.1889523	0.2954545	0.2716548	0.0731296	0.0059904	5.333E-4	0.0012165	5.155E-4	0.0	0.0	0.0015	0.0028329	0.0030503	0.0087083	0.0264595	0.0403438	0.0827586	0.1668843	0.1973716	0.1880844	0.1523857	0.0818902	0.0132126	0.0046404	0.0011195	3.305E-4	0.0	2.788E-4	0.0	0.0	0.0	0.0	
Summer/Scarlet Tanager	0.0	0.0	0.0	0.0	0.0	0.0	0.0	0.0	0.0	0.0	0.0	0.0	0.0	0.0	0.0	0.0015	0.0	1.345E-4	1.616E-4	0.0	0.0	0.0	0.0	0.0	0.0	0.0	0.0	0.0	0.0	0.0	0.0	0.0	0.0	0.0	0.0	0.0	0.0	0.0	0.0	0.0	0.0	0.0	0.0	0.0	0.0	0.0	0.0	0.0	
Western Tanager	0.0	0.0	0.0	0.0	0.0	0.0	0.0	0.0	0.0	0.0	0.0	0.0	2.131E-4	5.918E-4	1.714E-4	0.0	2.656E-4	1.345E-4	0.0	0.0011251	0.0	0.0	0.0	0.0	0.0	0.0	0.0	0.0	0.0	0.0	0.0	0.0	0.0	0.0	0.0	2.174E-4	0.0	0.0	0.0	0.0	0.0	6.609E-4	0.0431034	0.0061333	0.0	0.0	0.0	0.0	
tanager sp. (Piranga sp.)	0.0	0.0	0.0	0.0	0.0	0.0	0.0	0.0	0.0	0.0	0.0	0.0	0.0	0.0	0.0	0.0	0.0	0.0	1.616E-4	0.0	0.0	0.0	0.0	0.0	0.0	0.0	0.0	0.0	0.0	0.0	0.0	2.387E-4	0.0	0.0	0.0	2.174E-4	0.0	2.474E-4	0.0	0.0	0.0	0.0	0.0	0.0	0.0	0.0	0.0	0.0	
Northern Cardinal	0.4190813	0.4150656	0.3643713	0.4033799	0.4023904	0.4389083	0.46002	0.4709357	0.5020161	0.5638269	0.5986622	0.6277207	0.6741956	0.7001381	0.7147019	0.7145352	0.7003054	0.67227	0.6548158	0.5990999	0.5275559	0.5552	0.4993917	0.5268041	0.531746	0.5031328	0.4958824	0.5167948	0.4819522	0.5408805	0.5909282	0.5750776	0.6258621	0.6359363	0.6630824	0.6020874	0.5660754	0.5457694	0.5248348	0.503867	0.5079765	0.4748843	0.5092593	0.4867577	0.4736451	0.4829479	0.4576627	0.4241922	
Rose-breasted Grosbeak	0.0	0.0	0.0	0.0	0.0	0.0	0.0	0.0	0.0	0.0	0.0	0.0	0.0	0.0011837	0.0056546	0.0694947	0.2613199	0.2783755	0.1725921	0.0435027	0.0023962	0.0016	0.0	0.0	6.614E-4	0.0	0.0	8.094E-4	0.0015252	0.002419	0.0071399	0.0148007	0.0422414	0.14573	0.2367981	0.1815612	0.1011741	0.0326571	0.0058723	0.0019335	0.0011195	0.0	9.579E-4	0.0	0.0	0.0	0.0	0.0	
Rose-breasted/Black-headed Grosbeak	0.0	0.0	0.0	0.0	0.0	0.0	0.0	0.0	0.0	0.0	0.0	0.0	0.0	0.0	0.0	0.0	0.0	0.0	0.0	0.0	0.0	0.0	0.0	0.0	0.0	0.0	0.0	0.0	0.0	0.0	0.0	0.0	0.0	5.223E-4	0.0	0.0	0.0	0.0	0.0	0.0	0.0	0.0	0.0	0.0	0.0	0.0	0.0	0.0	
Blue Grosbeak	0.0	0.0	0.0	0.0	0.0	0.0	0.0	0.0	0.0	0.0	0.0	0.0	0.0	0.0088775	0.0207334	0.009607	0.0177931	0.0155998	0.0088882	0.007688	0.0027955	5.333E-4	6.083E-4	0.0015464	0.0	0.0025063	5.882E-4	4.047E-4	5.084E-4	0.0014514	8.4E-4	0.0011936	5.747E-4	0.0049621	0.0174432	0.0095673	0.0192356	0.0158337	0.0122339	0.007734	0.0019591	3.305E-4	0.0	0.0	0.0	0.0	0.0	0.0	
Indigo Bunting	0.0	0.0	0.0	0.0	0.0	0.0	0.0	0.0	0.0	0.0	0.0	0.0	0.0	0.0011837	0.0121659	0.0235808	0.1191077	0.1547875	0.104234	0.0594412	0.0415335	0.0288	0.0340633	0.021134	0.0224868	0.018797	0.0176471	0.0141643	0.0177936	0.0101597	0.0151197	0.0121747	0.0140805	0.0125359	0.0449223	0.1117634	0.1431426	0.1098466	0.0371911	0.0096674	0.0064372	3.305E-4	0.0028736	0.0	3.712E-4	0.0	0.0	0.0	
Lazuli/Indigo Bunting	0.0	0.0	0.0	0.0	0.0	0.0	0.0	0.0	0.0	0.0	0.0	0.0	0.0	0.0	0.0	0.0	0.0	0.0	1.616E-4	0.0	0.0	0.0	0.0	0.0	0.0	0.0	0.0	0.0	0.0	0.0	0.0	0.0	0.0	0.0	0.0	0.0	0.0	0.0	7.34E-4	0.0	0.0	0.0	0.0	0.0	0.0	0.0	0.0	0.0	
Painted Bunting	0.0268551	0.0054895	0.0	0.0012246	7.244E-4	0.0047604	0.0034983	0.0034193	0.0	0.0	7.718E-4	8.706E-4	4.262E-4	0.0	0.0	0.0	0.0	0.0	0.0	0.0	0.0	0.0	0.0	0.0	0.0	0.0	0.0	0.0	0.0	0.0	0.0	0.0	0.0	0.0	0.0	0.0	0.0	0.0	0.0	0.0	0.0	0.0	0.0	0.010315	0.0467706	0.0184241	0.0087474	0.0157415	
Dickcissel	0.0042403	0.0	0.0	0.0	0.0	0.0015	0.0	0.0	0.0	0.0	0.0	1.741E-4	0.0	0.0	0.0	0.0	0.0	0.0	1.616E-4	0.0	0.0	0.0	0.0	5.155E-4	0.0013228	0.0	0.0	0.0	5.084E-4	0.002419	0.0015	0.0033421	0.0025862	0.0091408	0.0057348	0.01783	0.0247315	0.0121227	0.0185955	0.0027069	0.0011195	0.0	3.193E-4	8.364E-4	0.0	3.92E-4	0.0	0.013256	
Saffron Finch	0.0	0.0	0.0	0.0	0.0	0.0	0.0	0.0	0.0	0.0	0.0	0.0	0.0	0.0	0.0	0.0	0.0	0.0	0.0	0.0	0.0	0.0	0.0	0.0	0.0	0.0	0.0	0.0	0.0	0.0	0.0	0.0	0.0	7.835E-4	0.0015	0.0	0.0	0.0	0.0	0.0	0.0	0.0	0.0	0.0	0.0	0.0	0.0	0.0	
passerine sp.	0.0037691	0.0027447	0.003903	0.005878	0.0025353	0.0025389	0.0022489	0.0034193	0.0048963	0.0045687	0.0028299	0.0031343	0.0023439	0.0037483	0.0044551	0.0036182	0.0055769	0.003631	0.0027473	0.0046878	0.0063898	0.0053333	0.0030414	0.006701	0.0046296	0.0025063	0.0064706	0.0060704	0.0081342	0.0072569	0.0100798	0.0136071	0.0103448	0.0091408	0.0129032	0.0145684	0.0112416	0.0150915	0.0134573	0.0133411	0.0151134	0.0125578	0.0108557	0.0105938	0.0063103	0.0074481	0.0027992	0.0052472	
bird sp.	0.0014134	0.0015249	0.003903	0.0022043	0.0036219	0.0028562	0.003998	0.0021759	0.0020161	0.0045687	0.0036017	0.0031343	0.0046878	0.0039456	0.0035984	0.0032439	0.0033196	0.0037655	0.0030705	0.0028127	0.0031949	0.0042667	0.0030414	0.0036082	0.005291	0.0056391	0.0070588	0.0072845	0.0040671	0.0048379	0.0058799	0.0054906	0.0048851	0.0039175	0.0038232	0.0047836	0.003997	0.0061851	0.0048936	0.0040603	0.0050378	0.0059484	0.0035121	0.0044606	0.0025984	0.001568	0.0041987	0.001657	

